n_features,cv_rmse
10,8.483361605689534
15,9.986582993079079
20,9.317003200100896
25,9.373557001597758
30,9.895761975018129
40,9.924355543234853
55,10.203629953487845
