n_features,cv_rmse
10,7.8826030800479
15,7.997966521946476
20,10.103532128838513
25,10.546584213931187
30,10.458069872984984
40,10.712845316217681
55,10.549928404603293
