Model,RMSE,MAE,MAPE(%),Validation_RMSE,Test_NRMSE(%),Test_R2,Validation_NRMSE(%),Validation_R2
TwoPointLinear,1.5124717605054785,1.2740023809523862,2.0383039119975224,,2.412476232392206,-0.24354332364530862,,
GradientBoosting,2.44513310609632,2.1321021980950245,3.438467266040467,,3.900122737842903,-2.250060029722102,,
Hybrid_TwoPointLinear0.7_GB0.3,1.343973576183037,1.1316652468931363,1.8161806354627243,2.301291231720948,2.143712295442218,0.018098708615642556,3.480329531269372,-0.5628172340568716
Hybrid_TwoPointLinear0.8_GB0.2,1.3473683460584047,1.1521675236154991,1.847580862819716,2.455235589618098,2.1491271414265354,0.013132035393796815,3.7131453902865235,-0.7788993146204717
Hybrid_TwoPointLinear0.9_GB0.1,1.405644600972426,1.2056028094267983,1.9304997157561707,2.6261444307486945,2.242080995881259,-0.07408197535985139,3.9716172771745746,-1.0351772587113448
