Experiment,Base,Residual,S2_Val_RMSE,S2_Test_RMSE,RoR_Strategy,RoR_Description,Final_Val_RMSE,Final_Test_RMSE
PatchTST+Transformer,PatchTST,Transformer,1.2580189891489477,2.275157846351851,C,"ElasticNet(a=0.01,l1=0.1,l=0.50)",1.244318720867258,2.357729226462246
LSTM+PatchTST,LSTM,PatchTST,1.2870315734139202,1.7377658379030019,G,AllFeatLGBM(l=0.50),1.2523960212911809,1.540244169948086
PatchTST+LSTM,PatchTST,LSTM,1.2839392886148753,2.791000642761998,G,AllFeatLGBM(l=0.50),1.2788750110997158,2.7255425739471457
