Model,RMSE,MAE,MAPE(%),NRMSE(%),R2
Random Walk (fixed-origin),1.8184309002768435,1.3833904761904787,2.2473962371258005,2.900498007116052,-0.797545847905673
ExpSmoothing (Baseline),4.175437464543447,4.085740722155354,6.527639500406068,6.660054029494426,-8.477424604837838
Baseline + NLinear,1.264817806548134,1.1352778673723627,1.8191574712327496,2.017454458511038,0.13035438165495306
Full Framework (B+NL+RoR),1.227534256088218,0.914364943033295,1.4707594412340828,1.9579851304267357,0.1808685286088767
