Model,RMSE,MAE,MAPE(%)
Random Walk (fixed-origin),1.8184309002768435,1.3833904761904787,2.2473962371258005
ExpSmoothing (Baseline),4.175437464543447,4.085740722155354,6.527639500406068
Baseline + NLinear,1.2648178065481341,1.1352778673723627,1.8191574712327494
Full Framework (B+NL+RoR),1.2275342560882179,0.914364943033295,1.4707594412340828
