Comparison,DM_statistic,p_value,d_bar
Random Walk vs ExpSmoothing,-7.923874557320337,7.153059042579134e-06,-14.127587081231354
ExpSmoothing vs +NLinear,9.628325587882927,1.0779886605244333e-06,15.834513936551774
+NLinear vs +NLinear+RoR,0.16795067067403327,0.8696701570004033,0.0929237338911788
Random Walk vs Full Framework,1.9525398269821284,0.0767846537271867,1.7998505892115972
ExpSmoothing vs Full Framework,8.596165354742016,3.2771562376252553e-06,15.927437670442954
