Setting,SettingKey,Target,TargetColumn,EvalSplit,Baseline,ResidualModel,Date,Actual,Prediction
Multivariate+Exogenous,exogenous,Brent Oil,Com_BrentCrudeOil,holdout,PatchTST,-,2025-10-27,64.5328598022461,65.51701354980469
Multivariate+Exogenous,exogenous,Brent Oil,Com_BrentCrudeOil,holdout,PatchTST,LightGBM,2025-10-27,64.5328598022461,70.92030334472656
Multivariate+Exogenous,exogenous,Brent Oil,Com_BrentCrudeOil,holdout,PatchTST,NLinear,2025-10-27,64.5328598022461,70.35225677490234
Multivariate+Exogenous,exogenous,Brent Oil,Com_BrentCrudeOil,holdout,PatchTST,XGBoost,2025-10-27,64.5328598022461,70.60419464111328
Multivariate+Exogenous,exogenous,Brent Oil,Com_BrentCrudeOil,holdout,PatchTST,iTransformer,2025-10-27,64.5328598022461,72.26675415039062
Multivariate+Exogenous,exogenous,Brent Oil,Com_BrentCrudeOil,holdout,PatchTST,-,2025-11-03,63.94032669067383,65.79097747802734
Multivariate+Exogenous,exogenous,Brent Oil,Com_BrentCrudeOil,holdout,PatchTST,LightGBM,2025-11-03,63.94032669067383,71.19426727294922
Multivariate+Exogenous,exogenous,Brent Oil,Com_BrentCrudeOil,holdout,PatchTST,NLinear,2025-11-03,63.94032669067383,69.17587280273438
Multivariate+Exogenous,exogenous,Brent Oil,Com_BrentCrudeOil,holdout,PatchTST,XGBoost,2025-11-03,63.94032669067383,72.13578796386719
Multivariate+Exogenous,exogenous,Brent Oil,Com_BrentCrudeOil,holdout,PatchTST,iTransformer,2025-11-03,63.94032669067383,72.02942657470703
Multivariate+Exogenous,exogenous,Brent Oil,Com_BrentCrudeOil,holdout,PatchTST,-,2025-11-10,63.92447280883789,66.9468765258789
Multivariate+Exogenous,exogenous,Brent Oil,Com_BrentCrudeOil,holdout,PatchTST,LightGBM,2025-11-10,63.92447280883789,70.6432113647461
Multivariate+Exogenous,exogenous,Brent Oil,Com_BrentCrudeOil,holdout,PatchTST,NLinear,2025-11-10,63.92447280883789,69.28367614746094
Multivariate+Exogenous,exogenous,Brent Oil,Com_BrentCrudeOil,holdout,PatchTST,XGBoost,2025-11-10,63.92447280883789,72.04292297363281
Multivariate+Exogenous,exogenous,Brent Oil,Com_BrentCrudeOil,holdout,PatchTST,iTransformer,2025-11-10,63.92447280883789,73.47563934326172
Multivariate+Exogenous,exogenous,Brent Oil,Com_BrentCrudeOil,holdout,PatchTST,-,2025-11-17,63.38262939453125,62.783565521240234
Multivariate+Exogenous,exogenous,Brent Oil,Com_BrentCrudeOil,holdout,PatchTST,LightGBM,2025-11-17,63.38262939453125,66.47990417480469
Multivariate+Exogenous,exogenous,Brent Oil,Com_BrentCrudeOil,holdout,PatchTST,NLinear,2025-11-17,63.38262939453125,64.39795684814453
Multivariate+Exogenous,exogenous,Brent Oil,Com_BrentCrudeOil,holdout,PatchTST,XGBoost,2025-11-17,63.38262939453125,65.00467681884766
Multivariate+Exogenous,exogenous,Brent Oil,Com_BrentCrudeOil,holdout,PatchTST,iTransformer,2025-11-17,63.38262939453125,69.28533172607422
Multivariate+Exogenous,exogenous,Brent Oil,Com_BrentCrudeOil,holdout,PatchTST,-,2025-11-24,62.65865707397461,64.98878479003906
Multivariate+Exogenous,exogenous,Brent Oil,Com_BrentCrudeOil,holdout,PatchTST,LightGBM,2025-11-24,62.65865707397461,70.39207458496094
Multivariate+Exogenous,exogenous,Brent Oil,Com_BrentCrudeOil,holdout,PatchTST,NLinear,2025-11-24,62.65865707397461,66.6493911743164
Multivariate+Exogenous,exogenous,Brent Oil,Com_BrentCrudeOil,holdout,PatchTST,XGBoost,2025-11-24,62.65865707397461,69.3340835571289
Multivariate+Exogenous,exogenous,Brent Oil,Com_BrentCrudeOil,holdout,PatchTST,iTransformer,2025-11-24,62.65865707397461,70.79972076416016
Multivariate+Exogenous,exogenous,Brent Oil,Com_BrentCrudeOil,holdout,PatchTST,-,2025-12-01,63.27702713012695,64.245361328125
Multivariate+Exogenous,exogenous,Brent Oil,Com_BrentCrudeOil,holdout,PatchTST,LightGBM,2025-12-01,63.27702713012695,69.64865112304688
Multivariate+Exogenous,exogenous,Brent Oil,Com_BrentCrudeOil,holdout,PatchTST,NLinear,2025-12-01,63.27702713012695,67.39730834960938
Multivariate+Exogenous,exogenous,Brent Oil,Com_BrentCrudeOil,holdout,PatchTST,XGBoost,2025-12-01,63.27702713012695,69.32665252685547
Multivariate+Exogenous,exogenous,Brent Oil,Com_BrentCrudeOil,holdout,PatchTST,iTransformer,2025-12-01,63.27702713012695,70.8753890991211
Multivariate+Exogenous,exogenous,Brent Oil,Com_BrentCrudeOil,holdout,PatchTST,-,2025-12-08,61.66008758544922,63.39339065551758
Multivariate+Exogenous,exogenous,Brent Oil,Com_BrentCrudeOil,holdout,PatchTST,LightGBM,2025-12-08,61.66008758544922,68.79667663574219
Multivariate+Exogenous,exogenous,Brent Oil,Com_BrentCrudeOil,holdout,PatchTST,NLinear,2025-12-08,61.66008758544922,67.23080444335938
Multivariate+Exogenous,exogenous,Brent Oil,Com_BrentCrudeOil,holdout,PatchTST,XGBoost,2025-12-08,61.66008758544922,67.75991821289062
Multivariate+Exogenous,exogenous,Brent Oil,Com_BrentCrudeOil,holdout,PatchTST,iTransformer,2025-12-08,61.66008758544922,70.10028076171875
Multivariate+Exogenous,exogenous,Brent Oil,Com_BrentCrudeOil,holdout,PatchTST,-,2025-12-15,60.13292694091797,67.65086364746094
Multivariate+Exogenous,exogenous,Brent Oil,Com_BrentCrudeOil,holdout,PatchTST,LightGBM,2025-12-15,60.13292694091797,73.05415344238281
Multivariate+Exogenous,exogenous,Brent Oil,Com_BrentCrudeOil,holdout,PatchTST,NLinear,2025-12-15,60.13292694091797,70.74104309082031
Multivariate+Exogenous,exogenous,Brent Oil,Com_BrentCrudeOil,holdout,PatchTST,XGBoost,2025-12-15,60.13292694091797,72.31184387207031
Multivariate+Exogenous,exogenous,Brent Oil,Com_BrentCrudeOil,holdout,PatchTST,iTransformer,2025-12-15,60.13292694091797,74.0374526977539
Multivariate+Exogenous,exogenous,Brent Oil,Com_BrentCrudeOil,holdout,PatchTST,-,2025-12-22,61.52321243286133,66.28759002685547
Multivariate+Exogenous,exogenous,Brent Oil,Com_BrentCrudeOil,holdout,PatchTST,LightGBM,2025-12-22,61.52321243286133,69.98392486572266
Multivariate+Exogenous,exogenous,Brent Oil,Com_BrentCrudeOil,holdout,PatchTST,NLinear,2025-12-22,61.52321243286133,69.1714096069336
Multivariate+Exogenous,exogenous,Brent Oil,Com_BrentCrudeOil,holdout,PatchTST,XGBoost,2025-12-22,61.52321243286133,69.95146179199219
Multivariate+Exogenous,exogenous,Brent Oil,Com_BrentCrudeOil,holdout,PatchTST,iTransformer,2025-12-22,61.52321243286133,73.43498992919922
Multivariate+Exogenous,exogenous,Brent Oil,Com_BrentCrudeOil,holdout,PatchTST,-,2025-12-29,60.96549987792969,66.968017578125
Multivariate+Exogenous,exogenous,Brent Oil,Com_BrentCrudeOil,holdout,PatchTST,LightGBM,2025-12-29,60.96549987792969,72.37130737304688
Multivariate+Exogenous,exogenous,Brent Oil,Com_BrentCrudeOil,holdout,PatchTST,NLinear,2025-12-29,60.96549987792969,69.38253021240234
Multivariate+Exogenous,exogenous,Brent Oil,Com_BrentCrudeOil,holdout,PatchTST,XGBoost,2025-12-29,60.96549987792969,71.3719711303711
Multivariate+Exogenous,exogenous,Brent Oil,Com_BrentCrudeOil,holdout,PatchTST,iTransformer,2025-12-29,60.96549987792969,73.50997924804688
Multivariate+Exogenous,exogenous,Brent Oil,Com_BrentCrudeOil,holdout,PatchTST,-,2026-01-05,62.07210159301758,66.48975372314453
Multivariate+Exogenous,exogenous,Brent Oil,Com_BrentCrudeOil,holdout,PatchTST,LightGBM,2026-01-05,62.07210159301758,70.18608856201172
Multivariate+Exogenous,exogenous,Brent Oil,Com_BrentCrudeOil,holdout,PatchTST,NLinear,2026-01-05,62.07210159301758,67.83246612548828
Multivariate+Exogenous,exogenous,Brent Oil,Com_BrentCrudeOil,holdout,PatchTST,XGBoost,2026-01-05,62.07210159301758,68.17472076416016
Multivariate+Exogenous,exogenous,Brent Oil,Com_BrentCrudeOil,holdout,PatchTST,iTransformer,2026-01-05,62.07210159301758,73.47206115722656
Multivariate+Exogenous,exogenous,Brent Oil,Com_BrentCrudeOil,holdout,PatchTST,-,2026-01-12,64.25517272949219,63.829219818115234
Multivariate+Exogenous,exogenous,Brent Oil,Com_BrentCrudeOil,holdout,PatchTST,LightGBM,2026-01-12,64.25517272949219,67.52555847167969
Multivariate+Exogenous,exogenous,Brent Oil,Com_BrentCrudeOil,holdout,PatchTST,NLinear,2026-01-12,64.25517272949219,65.28253173828125
Multivariate+Exogenous,exogenous,Brent Oil,Com_BrentCrudeOil,holdout,PatchTST,XGBoost,2026-01-12,64.25517272949219,65.52513122558594
Multivariate+Exogenous,exogenous,Brent Oil,Com_BrentCrudeOil,holdout,PatchTST,iTransformer,2026-01-12,64.25517272949219,70.98905181884766
Multivariate+Exogenous,exogenous,Brent Oil,Com_BrentCrudeOil,tscv,PatchTST,-,2023-10-30,84.9540023803711,76.37268829345703
Multivariate+Exogenous,exogenous,Brent Oil,Com_BrentCrudeOil,tscv,PatchTST,LightGBM,2023-10-30,84.9540023803711,73.04020690917969
Multivariate+Exogenous,exogenous,Brent Oil,Com_BrentCrudeOil,tscv,PatchTST,NLinear,2023-10-30,84.9540023803711,97.77095031738281
Multivariate+Exogenous,exogenous,Brent Oil,Com_BrentCrudeOil,tscv,PatchTST,XGBoost,2023-10-30,84.9540023803711,74.03736114501953
Multivariate+Exogenous,exogenous,Brent Oil,Com_BrentCrudeOil,tscv,PatchTST,iTransformer,2023-10-30,84.9540023803711,78.66802215576172
Multivariate+Exogenous,exogenous,Brent Oil,Com_BrentCrudeOil,tscv,PatchTST,-,2023-11-06,81.2959976196289,72.80133056640625
Multivariate+Exogenous,exogenous,Brent Oil,Com_BrentCrudeOil,tscv,PatchTST,LightGBM,2023-11-06,81.2959976196289,69.4688491821289
Multivariate+Exogenous,exogenous,Brent Oil,Com_BrentCrudeOil,tscv,PatchTST,NLinear,2023-11-06,81.2959976196289,92.15296936035156
Multivariate+Exogenous,exogenous,Brent Oil,Com_BrentCrudeOil,tscv,PatchTST,XGBoost,2023-11-06,81.2959976196289,69.6805648803711
Multivariate+Exogenous,exogenous,Brent Oil,Com_BrentCrudeOil,tscv,PatchTST,iTransformer,2023-11-06,81.2959976196289,73.82294464111328
Multivariate+Exogenous,exogenous,Brent Oil,Com_BrentCrudeOil,tscv,PatchTST,-,2023-11-13,80.66000366210938,71.2365951538086
Multivariate+Exogenous,exogenous,Brent Oil,Com_BrentCrudeOil,tscv,PatchTST,LightGBM,2023-11-13,80.66000366210938,67.90411376953125
Multivariate+Exogenous,exogenous,Brent Oil,Com_BrentCrudeOil,tscv,PatchTST,NLinear,2023-11-13,80.66000366210938,88.19073486328125
Multivariate+Exogenous,exogenous,Brent Oil,Com_BrentCrudeOil,tscv,PatchTST,XGBoost,2023-11-13,80.66000366210938,67.40402221679688
Multivariate+Exogenous,exogenous,Brent Oil,Com_BrentCrudeOil,tscv,PatchTST,iTransformer,2023-11-13,80.66000366210938,73.2446060180664
Multivariate+Exogenous,exogenous,Brent Oil,Com_BrentCrudeOil,tscv,PatchTST,-,2023-11-20,81.51799774169922,69.82986450195312
Multivariate+Exogenous,exogenous,Brent Oil,Com_BrentCrudeOil,tscv,PatchTST,LightGBM,2023-11-20,81.51799774169922,66.49738311767578
Multivariate+Exogenous,exogenous,Brent Oil,Com_BrentCrudeOil,tscv,PatchTST,NLinear,2023-11-20,81.51799774169922,85.10916137695312
Multivariate+Exogenous,exogenous,Brent Oil,Com_BrentCrudeOil,tscv,PatchTST,XGBoost,2023-11-20,81.51799774169922,66.02623748779297
Multivariate+Exogenous,exogenous,Brent Oil,Com_BrentCrudeOil,tscv,PatchTST,iTransformer,2023-11-20,81.51799774169922,71.60855865478516
Multivariate+Exogenous,exogenous,Brent Oil,Com_BrentCrudeOil,tscv,PatchTST,-,2023-11-27,80.5780029296875,70.71806716918945
Multivariate+Exogenous,exogenous,Brent Oil,Com_BrentCrudeOil,tscv,PatchTST,LightGBM,2023-11-27,80.5780029296875,70.77167510986328
Multivariate+Exogenous,exogenous,Brent Oil,Com_BrentCrudeOil,tscv,PatchTST,NLinear,2023-11-27,80.5780029296875,87.7723388671875
Multivariate+Exogenous,exogenous,Brent Oil,Com_BrentCrudeOil,tscv,PatchTST,XGBoost,2023-11-27,80.5780029296875,71.64216613769531
Multivariate+Exogenous,exogenous,Brent Oil,Com_BrentCrudeOil,tscv,PatchTST,iTransformer,2023-11-27,80.5780029296875,72.05811309814453
Multivariate+Exogenous,exogenous,Brent Oil,Com_BrentCrudeOil,tscv,PatchTST,-,2023-12-04,75.98600006103516,68.77907180786133
Multivariate+Exogenous,exogenous,Brent Oil,Com_BrentCrudeOil,tscv,PatchTST,LightGBM,2023-12-04,75.98600006103516,68.83267974853516
Multivariate+Exogenous,exogenous,Brent Oil,Com_BrentCrudeOil,tscv,PatchTST,NLinear,2023-12-04,75.98600006103516,85.32834243774414
Multivariate+Exogenous,exogenous,Brent Oil,Com_BrentCrudeOil,tscv,PatchTST,XGBoost,2023-12-04,75.98600006103516,69.22775650024414
Multivariate+Exogenous,exogenous,Brent Oil,Com_BrentCrudeOil,tscv,PatchTST,iTransformer,2023-12-04,75.98600006103516,70.50709533691406
Multivariate+Exogenous,exogenous,Brent Oil,Com_BrentCrudeOil,tscv,PatchTST,-,2023-12-11,75.5780029296875,65.1206226348877
Multivariate+Exogenous,exogenous,Brent Oil,Com_BrentCrudeOil,tscv,PatchTST,LightGBM,2023-12-11,75.5780029296875,65.17423057556152
Multivariate+Exogenous,exogenous,Brent Oil,Com_BrentCrudeOil,tscv,PatchTST,NLinear,2023-12-11,75.5780029296875,81.65082931518555
Multivariate+Exogenous,exogenous,Brent Oil,Com_BrentCrudeOil,tscv,PatchTST,XGBoost,2023-12-11,75.5780029296875,65.56087493896484
Multivariate+Exogenous,exogenous,Brent Oil,Com_BrentCrudeOil,tscv,PatchTST,iTransformer,2023-12-11,75.5780029296875,66.31404876708984
Multivariate+Exogenous,exogenous,Brent Oil,Com_BrentCrudeOil,tscv,PatchTST,-,2023-12-18,79.0199966430664,62.56882095336914
Multivariate+Exogenous,exogenous,Brent Oil,Com_BrentCrudeOil,tscv,PatchTST,LightGBM,2023-12-18,79.0199966430664,62.455360412597656
Multivariate+Exogenous,exogenous,Brent Oil,Com_BrentCrudeOil,tscv,PatchTST,NLinear,2023-12-18,79.0199966430664,78.60623931884766
Multivariate+Exogenous,exogenous,Brent Oil,Com_BrentCrudeOil,tscv,PatchTST,XGBoost,2023-12-18,79.0199966430664,63.37598419189453
Multivariate+Exogenous,exogenous,Brent Oil,Com_BrentCrudeOil,tscv,PatchTST,iTransformer,2023-12-18,79.0199966430664,63.38962936401367
Multivariate+Exogenous,exogenous,Brent Oil,Com_BrentCrudeOil,tscv,PatchTST,-,2023-12-25,78.6449966430664,68.36315663655598
Multivariate+Exogenous,exogenous,Brent Oil,Com_BrentCrudeOil,tscv,PatchTST,LightGBM,2023-12-25,78.6449966430664,71.17765808105469
Multivariate+Exogenous,exogenous,Brent Oil,Com_BrentCrudeOil,tscv,PatchTST,NLinear,2023-12-25,78.6449966430664,86.25255839029948
Multivariate+Exogenous,exogenous,Brent Oil,Com_BrentCrudeOil,tscv,PatchTST,XGBoost,2023-12-25,78.6449966430664,73.30254364013672
Multivariate+Exogenous,exogenous,Brent Oil,Com_BrentCrudeOil,tscv,PatchTST,iTransformer,2023-12-25,78.6449966430664,70.00814056396484
Multivariate+Exogenous,exogenous,Brent Oil,Com_BrentCrudeOil,tscv,PatchTST,-,2024-01-01,77.62249755859375,67.50625356038411
Multivariate+Exogenous,exogenous,Brent Oil,Com_BrentCrudeOil,tscv,PatchTST,LightGBM,2024-01-01,77.62249755859375,70.19583129882812
Multivariate+Exogenous,exogenous,Brent Oil,Com_BrentCrudeOil,tscv,PatchTST,NLinear,2024-01-01,77.62249755859375,85.00062561035156
Multivariate+Exogenous,exogenous,Brent Oil,Com_BrentCrudeOil,tscv,PatchTST,XGBoost,2024-01-01,77.62249755859375,72.22053782145183
Multivariate+Exogenous,exogenous,Brent Oil,Com_BrentCrudeOil,tscv,PatchTST,iTransformer,2024-01-01,77.62249755859375,69.2718022664388
Multivariate+Exogenous,exogenous,Brent Oil,Com_BrentCrudeOil,tscv,PatchTST,-,2024-01-08,77.24199676513672,66.05638122558594
Multivariate+Exogenous,exogenous,Brent Oil,Com_BrentCrudeOil,tscv,PatchTST,LightGBM,2024-01-08,77.24199676513672,68.63098907470703
Multivariate+Exogenous,exogenous,Brent Oil,Com_BrentCrudeOil,tscv,PatchTST,NLinear,2024-01-08,77.24199676513672,83.37648518880208
Multivariate+Exogenous,exogenous,Brent Oil,Com_BrentCrudeOil,tscv,PatchTST,XGBoost,2024-01-08,77.24199676513672,70.52246475219727
Multivariate+Exogenous,exogenous,Brent Oil,Com_BrentCrudeOil,tscv,PatchTST,iTransformer,2024-01-08,77.24199676513672,68.03760782877605
Multivariate+Exogenous,exogenous,Brent Oil,Com_BrentCrudeOil,tscv,PatchTST,-,2024-01-15,78.24199676513672,65.91827774047852
Multivariate+Exogenous,exogenous,Brent Oil,Com_BrentCrudeOil,tscv,PatchTST,LightGBM,2024-01-15,78.24199676513672,68.08755747477214
Multivariate+Exogenous,exogenous,Brent Oil,Com_BrentCrudeOil,tscv,PatchTST,NLinear,2024-01-15,78.24199676513672,83.31544748942058
Multivariate+Exogenous,exogenous,Brent Oil,Com_BrentCrudeOil,tscv,PatchTST,XGBoost,2024-01-15,78.24199676513672,70.85175323486328
Multivariate+Exogenous,exogenous,Brent Oil,Com_BrentCrudeOil,tscv,PatchTST,iTransformer,2024-01-15,78.24199676513672,67.75712585449219
Multivariate+Exogenous,exogenous,Brent Oil,Com_BrentCrudeOil,tscv,PatchTST,-,2024-01-22,80.33999633789062,68.26174926757812
Multivariate+Exogenous,exogenous,Brent Oil,Com_BrentCrudeOil,tscv,PatchTST,LightGBM,2024-01-22,80.33999633789062,72.88514709472656
Multivariate+Exogenous,exogenous,Brent Oil,Com_BrentCrudeOil,tscv,PatchTST,NLinear,2024-01-22,80.33999633789062,88.55072021484375
Multivariate+Exogenous,exogenous,Brent Oil,Com_BrentCrudeOil,tscv,PatchTST,XGBoost,2024-01-22,80.33999633789062,75.14041392008464
Multivariate+Exogenous,exogenous,Brent Oil,Com_BrentCrudeOil,tscv,PatchTST,iTransformer,2024-01-22,80.33999633789062,70.55856196085612
Multivariate+Exogenous,exogenous,Brent Oil,Com_BrentCrudeOil,tscv,PatchTST,-,2024-01-29,79.86599731445312,70.50422032674153
Multivariate+Exogenous,exogenous,Brent Oil,Com_BrentCrudeOil,tscv,PatchTST,LightGBM,2024-01-29,79.86599731445312,75.93769836425781
Multivariate+Exogenous,exogenous,Brent Oil,Com_BrentCrudeOil,tscv,PatchTST,NLinear,2024-01-29,79.86599731445312,90.70171864827473
Multivariate+Exogenous,exogenous,Brent Oil,Com_BrentCrudeOil,tscv,PatchTST,XGBoost,2024-01-29,79.86599731445312,77.63183085123698
Multivariate+Exogenous,exogenous,Brent Oil,Com_BrentCrudeOil,tscv,PatchTST,iTransformer,2024-01-29,79.86599731445312,73.07686869303386
Multivariate+Exogenous,exogenous,Brent Oil,Com_BrentCrudeOil,tscv,PatchTST,-,2024-02-05,79.51599884033203,68.31043370564778
Multivariate+Exogenous,exogenous,Brent Oil,Com_BrentCrudeOil,tscv,PatchTST,LightGBM,2024-02-05,79.51599884033203,72.3323262532552
Multivariate+Exogenous,exogenous,Brent Oil,Com_BrentCrudeOil,tscv,PatchTST,NLinear,2024-02-05,79.51599884033203,88.93492635091145
Multivariate+Exogenous,exogenous,Brent Oil,Com_BrentCrudeOil,tscv,PatchTST,XGBoost,2024-02-05,79.51599884033203,75.13750966389973
Multivariate+Exogenous,exogenous,Brent Oil,Com_BrentCrudeOil,tscv,PatchTST,iTransformer,2024-02-05,79.51599884033203,70.71947224934895
Multivariate+Exogenous,exogenous,Brent Oil,Com_BrentCrudeOil,tscv,PatchTST,-,2024-02-12,81.64800262451172,69.96810913085938
Multivariate+Exogenous,exogenous,Brent Oil,Com_BrentCrudeOil,tscv,PatchTST,LightGBM,2024-02-12,81.64800262451172,74.37954330444336
Multivariate+Exogenous,exogenous,Brent Oil,Com_BrentCrudeOil,tscv,PatchTST,NLinear,2024-02-12,81.64800262451172,90.3942133585612
Multivariate+Exogenous,exogenous,Brent Oil,Com_BrentCrudeOil,tscv,PatchTST,XGBoost,2024-02-12,81.64800262451172,76.29053751627605
Multivariate+Exogenous,exogenous,Brent Oil,Com_BrentCrudeOil,tscv,PatchTST,iTransformer,2024-02-12,81.64800262451172,72.76962407430013
Multivariate+Exogenous,exogenous,Brent Oil,Com_BrentCrudeOil,tscv,PatchTST,-,2024-02-19,81.3219985961914,70.53947194417317
Multivariate+Exogenous,exogenous,Brent Oil,Com_BrentCrudeOil,tscv,PatchTST,LightGBM,2024-02-19,81.3219985961914,75.38443756103516
Multivariate+Exogenous,exogenous,Brent Oil,Com_BrentCrudeOil,tscv,PatchTST,NLinear,2024-02-19,81.3219985961914,88.48963673909505
Multivariate+Exogenous,exogenous,Brent Oil,Com_BrentCrudeOil,tscv,PatchTST,XGBoost,2024-02-19,81.3219985961914,79.5575942993164
Multivariate+Exogenous,exogenous,Brent Oil,Com_BrentCrudeOil,tscv,PatchTST,iTransformer,2024-02-19,81.3219985961914,73.26610565185547
Multivariate+Exogenous,exogenous,Brent Oil,Com_BrentCrudeOil,tscv,PatchTST,-,2024-02-26,81.69200134277344,68.99849955240886
Multivariate+Exogenous,exogenous,Brent Oil,Com_BrentCrudeOil,tscv,PatchTST,LightGBM,2024-02-26,81.69200134277344,74.75132751464844
Multivariate+Exogenous,exogenous,Brent Oil,Com_BrentCrudeOil,tscv,PatchTST,NLinear,2024-02-26,81.69200134277344,87.46124267578125
Multivariate+Exogenous,exogenous,Brent Oil,Com_BrentCrudeOil,tscv,PatchTST,XGBoost,2024-02-26,81.69200134277344,77.97442881266277
Multivariate+Exogenous,exogenous,Brent Oil,Com_BrentCrudeOil,tscv,PatchTST,iTransformer,2024-02-26,81.69200134277344,71.27057647705078
Multivariate+Exogenous,exogenous,Brent Oil,Com_BrentCrudeOil,tscv,PatchTST,-,2024-03-04,81.8759994506836,66.55238850911458
Multivariate+Exogenous,exogenous,Brent Oil,Com_BrentCrudeOil,tscv,PatchTST,LightGBM,2024-03-04,81.8759994506836,71.89742787679036
Multivariate+Exogenous,exogenous,Brent Oil,Com_BrentCrudeOil,tscv,PatchTST,NLinear,2024-03-04,81.8759994506836,85.15942128499348
Multivariate+Exogenous,exogenous,Brent Oil,Com_BrentCrudeOil,tscv,PatchTST,XGBoost,2024-03-04,81.8759994506836,76.04650370279948
Multivariate+Exogenous,exogenous,Brent Oil,Com_BrentCrudeOil,tscv,PatchTST,iTransformer,2024-03-04,81.8759994506836,68.94781748453777
Multivariate+Exogenous,exogenous,Brent Oil,Com_BrentCrudeOil,tscv,PatchTST,-,2024-03-11,83.22200012207031,67.73472213745117
Multivariate+Exogenous,exogenous,Brent Oil,Com_BrentCrudeOil,tscv,PatchTST,LightGBM,2024-03-11,83.22200012207031,72.21224721272786
Multivariate+Exogenous,exogenous,Brent Oil,Com_BrentCrudeOil,tscv,PatchTST,NLinear,2024-03-11,83.22200012207031,86.33608500162761
Multivariate+Exogenous,exogenous,Brent Oil,Com_BrentCrudeOil,tscv,PatchTST,XGBoost,2024-03-11,83.22200012207031,75.0094706217448
Multivariate+Exogenous,exogenous,Brent Oil,Com_BrentCrudeOil,tscv,PatchTST,iTransformer,2024-03-11,83.22200012207031,70.31383260091145
Multivariate+Exogenous,exogenous,Brent Oil,Com_BrentCrudeOil,tscv,PatchTST,-,2024-03-18,85.6520004272461,73.97281010945638
Multivariate+Exogenous,exogenous,Brent Oil,Com_BrentCrudeOil,tscv,PatchTST,LightGBM,2024-03-18,85.6520004272461,76.18327077229817
Multivariate+Exogenous,exogenous,Brent Oil,Com_BrentCrudeOil,tscv,PatchTST,NLinear,2024-03-18,85.6520004272461,85.73190561930339
Multivariate+Exogenous,exogenous,Brent Oil,Com_BrentCrudeOil,tscv,PatchTST,XGBoost,2024-03-18,85.6520004272461,77.36314137776692
Multivariate+Exogenous,exogenous,Brent Oil,Com_BrentCrudeOil,tscv,PatchTST,iTransformer,2024-03-18,85.6520004272461,76.1947021484375
Multivariate+Exogenous,exogenous,Brent Oil,Com_BrentCrudeOil,tscv,PatchTST,-,2024-03-25,86.2183837890625,73.17438379923503
Multivariate+Exogenous,exogenous,Brent Oil,Com_BrentCrudeOil,tscv,PatchTST,LightGBM,2024-03-25,86.2183837890625,75.3060302734375
Multivariate+Exogenous,exogenous,Brent Oil,Com_BrentCrudeOil,tscv,PatchTST,NLinear,2024-03-25,86.2183837890625,83.67328135172527
Multivariate+Exogenous,exogenous,Brent Oil,Com_BrentCrudeOil,tscv,PatchTST,XGBoost,2024-03-25,86.2183837890625,76.18711344401042
Multivariate+Exogenous,exogenous,Brent Oil,Com_BrentCrudeOil,tscv,PatchTST,iTransformer,2024-03-25,86.2183837890625,74.99310557047527
Multivariate+Exogenous,exogenous,Brent Oil,Com_BrentCrudeOil,tscv,PatchTST,-,2024-04-01,89.50199890136719,73.51021957397461
Multivariate+Exogenous,exogenous,Brent Oil,Com_BrentCrudeOil,tscv,PatchTST,LightGBM,2024-04-01,89.50199890136719,75.57337443033855
Multivariate+Exogenous,exogenous,Brent Oil,Com_BrentCrudeOil,tscv,PatchTST,NLinear,2024-04-01,89.50199890136719,82.39634958902995
Multivariate+Exogenous,exogenous,Brent Oil,Com_BrentCrudeOil,tscv,PatchTST,XGBoost,2024-04-01,89.50199890136719,75.81477864583333
Multivariate+Exogenous,exogenous,Brent Oil,Com_BrentCrudeOil,tscv,PatchTST,iTransformer,2024-04-01,89.50199890136719,75.03792317708333
Multivariate+Exogenous,exogenous,Brent Oil,Com_BrentCrudeOil,tscv,PatchTST,-,2024-04-08,90.17333221435547,74.3997090657552
Multivariate+Exogenous,exogenous,Brent Oil,Com_BrentCrudeOil,tscv,PatchTST,LightGBM,2024-04-08,90.17333221435547,76.75055440266927
Multivariate+Exogenous,exogenous,Brent Oil,Com_BrentCrudeOil,tscv,PatchTST,NLinear,2024-04-08,90.17333221435547,82.72855377197266
Multivariate+Exogenous,exogenous,Brent Oil,Com_BrentCrudeOil,tscv,PatchTST,XGBoost,2024-04-08,90.17333221435547,77.92036946614583
Multivariate+Exogenous,exogenous,Brent Oil,Com_BrentCrudeOil,tscv,PatchTST,iTransformer,2024-04-08,90.17333221435547,75.9811274210612
Multivariate+Exogenous,exogenous,Brent Oil,Com_BrentCrudeOil,tscv,PatchTST,-,2024-04-15,88.12903594970703,75.29036712646484
Multivariate+Exogenous,exogenous,Brent Oil,Com_BrentCrudeOil,tscv,PatchTST,LightGBM,2024-04-15,88.12903594970703,78.08487192789714
Multivariate+Exogenous,exogenous,Brent Oil,Com_BrentCrudeOil,tscv,PatchTST,NLinear,2024-04-15,88.12903594970703,80.66697184244792
Multivariate+Exogenous,exogenous,Brent Oil,Com_BrentCrudeOil,tscv,PatchTST,XGBoost,2024-04-15,88.12903594970703,78.68358612060547
Multivariate+Exogenous,exogenous,Brent Oil,Com_BrentCrudeOil,tscv,PatchTST,iTransformer,2024-04-15,88.12903594970703,77.52463022867839
Multivariate+Exogenous,exogenous,Brent Oil,Com_BrentCrudeOil,tscv,PatchTST,-,2024-04-22,87.90630340576172,75.79051081339519
Multivariate+Exogenous,exogenous,Brent Oil,Com_BrentCrudeOil,tscv,PatchTST,LightGBM,2024-04-22,87.90630340576172,78.8206075032552
Multivariate+Exogenous,exogenous,Brent Oil,Com_BrentCrudeOil,tscv,PatchTST,NLinear,2024-04-22,87.90630340576172,80.81588999430339
Multivariate+Exogenous,exogenous,Brent Oil,Com_BrentCrudeOil,tscv,PatchTST,XGBoost,2024-04-22,87.90630340576172,78.4518559773763
Multivariate+Exogenous,exogenous,Brent Oil,Com_BrentCrudeOil,tscv,PatchTST,iTransformer,2024-04-22,87.90630340576172,78.01197306315105
Multivariate+Exogenous,exogenous,Brent Oil,Com_BrentCrudeOil,tscv,PatchTST,-,2024-04-29,84.72000122070312,74.0020243326823
Multivariate+Exogenous,exogenous,Brent Oil,Com_BrentCrudeOil,tscv,PatchTST,LightGBM,2024-04-29,84.72000122070312,77.03212229410808
Multivariate+Exogenous,exogenous,Brent Oil,Com_BrentCrudeOil,tscv,PatchTST,NLinear,2024-04-29,84.72000122070312,78.47261555989583
Multivariate+Exogenous,exogenous,Brent Oil,Com_BrentCrudeOil,tscv,PatchTST,XGBoost,2024-04-29,84.72000122070312,76.91378784179688
Multivariate+Exogenous,exogenous,Brent Oil,Com_BrentCrudeOil,tscv,PatchTST,iTransformer,2024-04-29,84.72000122070312,76.72634251912434
Multivariate+Exogenous,exogenous,Brent Oil,Com_BrentCrudeOil,tscv,PatchTST,-,2024-05-06,83.3479995727539,75.05289713541667
Multivariate+Exogenous,exogenous,Brent Oil,Com_BrentCrudeOil,tscv,PatchTST,LightGBM,2024-05-06,83.3479995727539,77.8114522298177
Multivariate+Exogenous,exogenous,Brent Oil,Com_BrentCrudeOil,tscv,PatchTST,NLinear,2024-05-06,83.3479995727539,78.66407267252605
Multivariate+Exogenous,exogenous,Brent Oil,Com_BrentCrudeOil,tscv,PatchTST,XGBoost,2024-05-06,83.3479995727539,77.45976257324219
Multivariate+Exogenous,exogenous,Brent Oil,Com_BrentCrudeOil,tscv,PatchTST,iTransformer,2024-05-06,83.3479995727539,77.48754119873047
Multivariate+Exogenous,exogenous,Brent Oil,Com_BrentCrudeOil,tscv,PatchTST,-,2024-05-13,83.14800262451172,77.6092020670573
Multivariate+Exogenous,exogenous,Brent Oil,Com_BrentCrudeOil,tscv,PatchTST,LightGBM,2024-05-13,83.14800262451172,81.11484018961589
Multivariate+Exogenous,exogenous,Brent Oil,Com_BrentCrudeOil,tscv,PatchTST,NLinear,2024-05-13,83.14800262451172,82.8845443725586
Multivariate+Exogenous,exogenous,Brent Oil,Com_BrentCrudeOil,tscv,PatchTST,XGBoost,2024-05-13,83.14800262451172,80.74461110432942
Multivariate+Exogenous,exogenous,Brent Oil,Com_BrentCrudeOil,tscv,PatchTST,iTransformer,2024-05-13,83.14800262451172,83.21272532145183
Multivariate+Exogenous,exogenous,Brent Oil,Com_BrentCrudeOil,tscv,PatchTST,-,2024-05-20,82.39399719238281,76.46716562906902
Multivariate+Exogenous,exogenous,Brent Oil,Com_BrentCrudeOil,tscv,PatchTST,LightGBM,2024-05-20,82.39399719238281,79.63912200927734
Multivariate+Exogenous,exogenous,Brent Oil,Com_BrentCrudeOil,tscv,PatchTST,NLinear,2024-05-20,82.39399719238281,81.58887227376302
Multivariate+Exogenous,exogenous,Brent Oil,Com_BrentCrudeOil,tscv,PatchTST,XGBoost,2024-05-20,82.39399719238281,79.53674062093098
Multivariate+Exogenous,exogenous,Brent Oil,Com_BrentCrudeOil,tscv,PatchTST,iTransformer,2024-05-20,82.39399719238281,82.41717783610027
Multivariate+Exogenous,exogenous,Brent Oil,Com_BrentCrudeOil,tscv,PatchTST,-,2024-05-27,82.64234161376953,76.93003590901692
Multivariate+Exogenous,exogenous,Brent Oil,Com_BrentCrudeOil,tscv,PatchTST,LightGBM,2024-05-27,82.64234161376953,79.93767801920573
Multivariate+Exogenous,exogenous,Brent Oil,Com_BrentCrudeOil,tscv,PatchTST,NLinear,2024-05-27,82.64234161376953,81.94430796305339
Multivariate+Exogenous,exogenous,Brent Oil,Com_BrentCrudeOil,tscv,PatchTST,XGBoost,2024-05-27,82.64234161376953,79.9063949584961
Multivariate+Exogenous,exogenous,Brent Oil,Com_BrentCrudeOil,tscv,PatchTST,iTransformer,2024-05-27,82.64234161376953,82.3797607421875
Multivariate+Exogenous,exogenous,Brent Oil,Com_BrentCrudeOil,tscv,PatchTST,-,2024-06-03,78.75599670410156,80.91239420572917
Multivariate+Exogenous,exogenous,Brent Oil,Com_BrentCrudeOil,tscv,PatchTST,LightGBM,2024-06-03,78.75599670410156,83.92003631591797
Multivariate+Exogenous,exogenous,Brent Oil,Com_BrentCrudeOil,tscv,PatchTST,NLinear,2024-06-03,78.75599670410156,85.58866882324219
Multivariate+Exogenous,exogenous,Brent Oil,Com_BrentCrudeOil,tscv,PatchTST,XGBoost,2024-06-03,78.75599670410156,82.76680755615234
Multivariate+Exogenous,exogenous,Brent Oil,Com_BrentCrudeOil,tscv,PatchTST,iTransformer,2024-06-03,78.75599670410156,86.40075937906902
Multivariate+Exogenous,exogenous,Brent Oil,Com_BrentCrudeOil,tscv,PatchTST,-,2024-06-10,82.30400085449219,75.80812327067058
Multivariate+Exogenous,exogenous,Brent Oil,Com_BrentCrudeOil,tscv,PatchTST,LightGBM,2024-06-10,82.30400085449219,84.46533457438152
Multivariate+Exogenous,exogenous,Brent Oil,Com_BrentCrudeOil,tscv,PatchTST,NLinear,2024-06-10,82.30400085449219,93.1180191040039
Multivariate+Exogenous,exogenous,Brent Oil,Com_BrentCrudeOil,tscv,PatchTST,XGBoost,2024-06-10,82.30400085449219,83.74752298990886
Multivariate+Exogenous,exogenous,Brent Oil,Com_BrentCrudeOil,tscv,PatchTST,iTransformer,2024-06-10,82.30400085449219,82.95679982503255
Multivariate+Exogenous,exogenous,Brent Oil,Com_BrentCrudeOil,tscv,PatchTST,-,2024-06-17,85.13249969482422,74.2633285522461
Multivariate+Exogenous,exogenous,Brent Oil,Com_BrentCrudeOil,tscv,PatchTST,LightGBM,2024-06-17,85.13249969482422,83.1616719563802
Multivariate+Exogenous,exogenous,Brent Oil,Com_BrentCrudeOil,tscv,PatchTST,NLinear,2024-06-17,85.13249969482422,92.39118194580078
Multivariate+Exogenous,exogenous,Brent Oil,Com_BrentCrudeOil,tscv,PatchTST,XGBoost,2024-06-17,85.13249969482422,82.03128814697266
Multivariate+Exogenous,exogenous,Brent Oil,Com_BrentCrudeOil,tscv,PatchTST,iTransformer,2024-06-17,85.13249969482422,81.54156748453777
Multivariate+Exogenous,exogenous,Brent Oil,Com_BrentCrudeOil,tscv,PatchTST,-,2024-06-24,84.99199676513672,73.95088704427083
Multivariate+Exogenous,exogenous,Brent Oil,Com_BrentCrudeOil,tscv,PatchTST,LightGBM,2024-06-24,84.99199676513672,82.60809834798177
Multivariate+Exogenous,exogenous,Brent Oil,Com_BrentCrudeOil,tscv,PatchTST,NLinear,2024-06-24,84.99199676513672,93.3500467936198
Multivariate+Exogenous,exogenous,Brent Oil,Com_BrentCrudeOil,tscv,PatchTST,XGBoost,2024-06-24,84.99199676513672,82.16713968912761
Multivariate+Exogenous,exogenous,Brent Oil,Com_BrentCrudeOil,tscv,PatchTST,iTransformer,2024-06-24,84.99199676513672,81.03636169433594
Multivariate+Exogenous,exogenous,Brent Oil,Com_BrentCrudeOil,tscv,PatchTST,-,2024-07-01,86.68726348876953,74.57007598876953
Multivariate+Exogenous,exogenous,Brent Oil,Com_BrentCrudeOil,tscv,PatchTST,LightGBM,2024-07-01,86.68726348876953,83.22728729248047
Multivariate+Exogenous,exogenous,Brent Oil,Com_BrentCrudeOil,tscv,PatchTST,NLinear,2024-07-01,86.68726348876953,95.08186848958333
Multivariate+Exogenous,exogenous,Brent Oil,Com_BrentCrudeOil,tscv,PatchTST,XGBoost,2024-07-01,86.68726348876953,81.35946655273438
Multivariate+Exogenous,exogenous,Brent Oil,Com_BrentCrudeOil,tscv,PatchTST,iTransformer,2024-07-01,86.68726348876953,81.85547637939453
Multivariate+Exogenous,exogenous,Brent Oil,Com_BrentCrudeOil,tscv,PatchTST,-,2024-07-08,85.18399810791016,75.1629638671875
Multivariate+Exogenous,exogenous,Brent Oil,Com_BrentCrudeOil,tscv,PatchTST,LightGBM,2024-07-08,85.18399810791016,83.75902557373047
Multivariate+Exogenous,exogenous,Brent Oil,Com_BrentCrudeOil,tscv,PatchTST,NLinear,2024-07-08,85.18399810791016,97.1325912475586
Multivariate+Exogenous,exogenous,Brent Oil,Com_BrentCrudeOil,tscv,PatchTST,XGBoost,2024-07-08,85.18399810791016,85.86946105957031
Multivariate+Exogenous,exogenous,Brent Oil,Com_BrentCrudeOil,tscv,PatchTST,iTransformer,2024-07-08,85.18399810791016,84.44668579101562
Multivariate+Exogenous,exogenous,Brent Oil,Com_BrentCrudeOil,tscv,PatchTST,-,2024-07-15,84.27999877929688,76.0579096476237
Multivariate+Exogenous,exogenous,Brent Oil,Com_BrentCrudeOil,tscv,PatchTST,LightGBM,2024-07-15,84.27999877929688,86.71965789794922
Multivariate+Exogenous,exogenous,Brent Oil,Com_BrentCrudeOil,tscv,PatchTST,NLinear,2024-07-15,84.27999877929688,98.56168111165364
Multivariate+Exogenous,exogenous,Brent Oil,Com_BrentCrudeOil,tscv,PatchTST,XGBoost,2024-07-15,84.27999877929688,85.53401692708333
Multivariate+Exogenous,exogenous,Brent Oil,Com_BrentCrudeOil,tscv,PatchTST,iTransformer,2024-07-15,84.27999877929688,84.84105682373047
Multivariate+Exogenous,exogenous,Brent Oil,Com_BrentCrudeOil,tscv,PatchTST,-,2024-07-22,81.7239990234375,72.7396011352539
Multivariate+Exogenous,exogenous,Brent Oil,Com_BrentCrudeOil,tscv,PatchTST,LightGBM,2024-07-22,81.7239990234375,82.24189758300781
Multivariate+Exogenous,exogenous,Brent Oil,Com_BrentCrudeOil,tscv,PatchTST,NLinear,2024-07-22,81.7239990234375,96.5690409342448
Multivariate+Exogenous,exogenous,Brent Oil,Com_BrentCrudeOil,tscv,PatchTST,XGBoost,2024-07-22,81.7239990234375,79.5689697265625
Multivariate+Exogenous,exogenous,Brent Oil,Com_BrentCrudeOil,tscv,PatchTST,iTransformer,2024-07-22,81.7239990234375,81.8371073404948
Multivariate+Exogenous,exogenous,Brent Oil,Com_BrentCrudeOil,tscv,PatchTST,-,2024-07-29,78.4143295288086,73.8271993001302
Multivariate+Exogenous,exogenous,Brent Oil,Com_BrentCrudeOil,tscv,PatchTST,LightGBM,2024-07-29,78.4143295288086,82.3169937133789
Multivariate+Exogenous,exogenous,Brent Oil,Com_BrentCrudeOil,tscv,PatchTST,NLinear,2024-07-29,78.4143295288086,98.56016540527344
Multivariate+Exogenous,exogenous,Brent Oil,Com_BrentCrudeOil,tscv,PatchTST,XGBoost,2024-07-29,78.4143295288086,78.48314158121745
Multivariate+Exogenous,exogenous,Brent Oil,Com_BrentCrudeOil,tscv,PatchTST,iTransformer,2024-07-29,78.4143295288086,82.53515370686848
Multivariate+Exogenous,exogenous,Brent Oil,Com_BrentCrudeOil,tscv,PatchTST,-,2024-08-05,78.48297119140625,75.5707524617513
Multivariate+Exogenous,exogenous,Brent Oil,Com_BrentCrudeOil,tscv,PatchTST,LightGBM,2024-08-05,78.48297119140625,82.0159428914388
Multivariate+Exogenous,exogenous,Brent Oil,Com_BrentCrudeOil,tscv,PatchTST,NLinear,2024-08-05,78.48297119140625,96.20636494954427
Multivariate+Exogenous,exogenous,Brent Oil,Com_BrentCrudeOil,tscv,PatchTST,XGBoost,2024-08-05,78.48297119140625,79.95030975341797
Multivariate+Exogenous,exogenous,Brent Oil,Com_BrentCrudeOil,tscv,PatchTST,iTransformer,2024-08-05,78.48297119140625,81.86667124430339
Multivariate+Exogenous,exogenous,Brent Oil,Com_BrentCrudeOil,tscv,PatchTST,-,2024-08-12,80.38911437988281,74.65955861409505
Multivariate+Exogenous,exogenous,Brent Oil,Com_BrentCrudeOil,tscv,PatchTST,LightGBM,2024-08-12,80.38911437988281,80.88084920247395
Multivariate+Exogenous,exogenous,Brent Oil,Com_BrentCrudeOil,tscv,PatchTST,NLinear,2024-08-12,80.38911437988281,96.4166768391927
Multivariate+Exogenous,exogenous,Brent Oil,Com_BrentCrudeOil,tscv,PatchTST,XGBoost,2024-08-12,80.38911437988281,79.0988057454427
Multivariate+Exogenous,exogenous,Brent Oil,Com_BrentCrudeOil,tscv,PatchTST,iTransformer,2024-08-12,80.38911437988281,80.35943857828777
Multivariate+Exogenous,exogenous,Brent Oil,Com_BrentCrudeOil,tscv,PatchTST,-,2024-08-19,77.96463012695312,71.51112620035808
Multivariate+Exogenous,exogenous,Brent Oil,Com_BrentCrudeOil,tscv,PatchTST,LightGBM,2024-08-19,77.96463012695312,77.66072845458984
Multivariate+Exogenous,exogenous,Brent Oil,Com_BrentCrudeOil,tscv,PatchTST,NLinear,2024-08-19,77.96463012695312,93.87437947591145
Multivariate+Exogenous,exogenous,Brent Oil,Com_BrentCrudeOil,tscv,PatchTST,XGBoost,2024-08-19,77.96463012695312,76.11387379964192
Multivariate+Exogenous,exogenous,Brent Oil,Com_BrentCrudeOil,tscv,PatchTST,iTransformer,2024-08-19,77.96463012695312,77.00915273030598
Multivariate+Exogenous,exogenous,Brent Oil,Com_BrentCrudeOil,tscv,PatchTST,-,2024-08-26,78.09672546386719,73.53324381510417
Multivariate+Exogenous,exogenous,Brent Oil,Com_BrentCrudeOil,tscv,PatchTST,LightGBM,2024-08-26,78.09672546386719,79.29575602213542
Multivariate+Exogenous,exogenous,Brent Oil,Com_BrentCrudeOil,tscv,PatchTST,NLinear,2024-08-26,78.09672546386719,96.66830190022786
Multivariate+Exogenous,exogenous,Brent Oil,Com_BrentCrudeOil,tscv,PatchTST,XGBoost,2024-08-26,78.09672546386719,78.58584849039714
Multivariate+Exogenous,exogenous,Brent Oil,Com_BrentCrudeOil,tscv,PatchTST,iTransformer,2024-08-26,78.09672546386719,78.98284403483073
Multivariate+Exogenous,exogenous,Brent Oil,Com_BrentCrudeOil,tscv,PatchTST,-,2024-09-02,72.91812896728516,73.23626963297527
Multivariate+Exogenous,exogenous,Brent Oil,Com_BrentCrudeOil,tscv,PatchTST,LightGBM,2024-09-02,72.91812896728516,75.85591634114583
Multivariate+Exogenous,exogenous,Brent Oil,Com_BrentCrudeOil,tscv,PatchTST,NLinear,2024-09-02,72.91812896728516,84.61216990152995
Multivariate+Exogenous,exogenous,Brent Oil,Com_BrentCrudeOil,tscv,PatchTST,XGBoost,2024-09-02,72.91812896728516,74.94876352945964
Multivariate+Exogenous,exogenous,Brent Oil,Com_BrentCrudeOil,tscv,PatchTST,iTransformer,2024-09-02,72.91812896728516,79.33032989501953
Multivariate+Exogenous,exogenous,Brent Oil,Com_BrentCrudeOil,tscv,PatchTST,-,2024-09-09,71.21612548828125,72.4941914876302
Multivariate+Exogenous,exogenous,Brent Oil,Com_BrentCrudeOil,tscv,PatchTST,LightGBM,2024-09-09,71.21612548828125,75.11383819580078
Multivariate+Exogenous,exogenous,Brent Oil,Com_BrentCrudeOil,tscv,PatchTST,NLinear,2024-09-09,71.21612548828125,84.33672332763672
Multivariate+Exogenous,exogenous,Brent Oil,Com_BrentCrudeOil,tscv,PatchTST,XGBoost,2024-09-09,71.21612548828125,75.43239339192708
Multivariate+Exogenous,exogenous,Brent Oil,Com_BrentCrudeOil,tscv,PatchTST,iTransformer,2024-09-09,71.21612548828125,78.48467763264973
Multivariate+Exogenous,exogenous,Brent Oil,Com_BrentCrudeOil,tscv,PatchTST,-,2024-09-16,74.13544464111328,73.9545389811198
Multivariate+Exogenous,exogenous,Brent Oil,Com_BrentCrudeOil,tscv,PatchTST,LightGBM,2024-09-16,74.13544464111328,74.90040588378906
Multivariate+Exogenous,exogenous,Brent Oil,Com_BrentCrudeOil,tscv,PatchTST,NLinear,2024-09-16,74.13544464111328,87.04198964436848
Multivariate+Exogenous,exogenous,Brent Oil,Com_BrentCrudeOil,tscv,PatchTST,XGBoost,2024-09-16,74.13544464111328,75.06328201293945
Multivariate+Exogenous,exogenous,Brent Oil,Com_BrentCrudeOil,tscv,PatchTST,iTransformer,2024-09-16,74.13544464111328,79.89350891113281
Multivariate+Exogenous,exogenous,Brent Oil,Com_BrentCrudeOil,tscv,PatchTST,-,2024-09-23,72.62645721435547,69.96399180094402
Multivariate+Exogenous,exogenous,Brent Oil,Com_BrentCrudeOil,tscv,PatchTST,LightGBM,2024-09-23,72.62645721435547,71.89121500651042
Multivariate+Exogenous,exogenous,Brent Oil,Com_BrentCrudeOil,tscv,PatchTST,NLinear,2024-09-23,72.62645721435547,83.34084574381511
Multivariate+Exogenous,exogenous,Brent Oil,Com_BrentCrudeOil,tscv,PatchTST,XGBoost,2024-09-23,72.62645721435547,71.05571873982747
Multivariate+Exogenous,exogenous,Brent Oil,Com_BrentCrudeOil,tscv,PatchTST,iTransformer,2024-09-23,72.62645721435547,75.77924346923828
Multivariate+Exogenous,exogenous,Brent Oil,Com_BrentCrudeOil,tscv,PatchTST,-,2024-09-30,75.79288482666016,75.20304107666016
Multivariate+Exogenous,exogenous,Brent Oil,Com_BrentCrudeOil,tscv,PatchTST,LightGBM,2024-09-30,75.79288482666016,78.74636586507161
Multivariate+Exogenous,exogenous,Brent Oil,Com_BrentCrudeOil,tscv,PatchTST,NLinear,2024-09-30,75.79288482666016,81.61619059244792
Multivariate+Exogenous,exogenous,Brent Oil,Com_BrentCrudeOil,tscv,PatchTST,XGBoost,2024-09-30,75.79288482666016,79.91468556722005
Multivariate+Exogenous,exogenous,Brent Oil,Com_BrentCrudeOil,tscv,PatchTST,iTransformer,2024-09-30,75.79288482666016,80.1206283569336
Multivariate+Exogenous,exogenous,Brent Oil,Com_BrentCrudeOil,tscv,PatchTST,-,2024-10-07,78.61448669433594,73.37729899088542
Multivariate+Exogenous,exogenous,Brent Oil,Com_BrentCrudeOil,tscv,PatchTST,LightGBM,2024-10-07,78.61448669433594,76.90049489339192
Multivariate+Exogenous,exogenous,Brent Oil,Com_BrentCrudeOil,tscv,PatchTST,NLinear,2024-10-07,78.61448669433594,80.29032897949219
Multivariate+Exogenous,exogenous,Brent Oil,Com_BrentCrudeOil,tscv,PatchTST,XGBoost,2024-10-07,78.61448669433594,80.0293680826823
Multivariate+Exogenous,exogenous,Brent Oil,Com_BrentCrudeOil,tscv,PatchTST,iTransformer,2024-10-07,78.61448669433594,78.6914291381836
Multivariate+Exogenous,exogenous,Brent Oil,Com_BrentCrudeOil,tscv,PatchTST,-,2024-10-14,74.26461791992188,74.28320821126302
Multivariate+Exogenous,exogenous,Brent Oil,Com_BrentCrudeOil,tscv,PatchTST,LightGBM,2024-10-14,74.26461791992188,77.4000981648763
Multivariate+Exogenous,exogenous,Brent Oil,Com_BrentCrudeOil,tscv,PatchTST,NLinear,2024-10-14,74.26461791992188,80.97444407145183
Multivariate+Exogenous,exogenous,Brent Oil,Com_BrentCrudeOil,tscv,PatchTST,XGBoost,2024-10-14,74.26461791992188,81.14925384521484
Multivariate+Exogenous,exogenous,Brent Oil,Com_BrentCrudeOil,tscv,PatchTST,iTransformer,2024-10-14,74.26461791992188,78.92475891113281
Multivariate+Exogenous,exogenous,Brent Oil,Com_BrentCrudeOil,tscv,PatchTST,-,2024-10-21,74.91790008544922,74.24883270263672
Multivariate+Exogenous,exogenous,Brent Oil,Com_BrentCrudeOil,tscv,PatchTST,LightGBM,2024-10-21,74.91790008544922,77.36572265625
Multivariate+Exogenous,exogenous,Brent Oil,Com_BrentCrudeOil,tscv,PatchTST,NLinear,2024-10-21,74.91790008544922,80.83268229166667
Multivariate+Exogenous,exogenous,Brent Oil,Com_BrentCrudeOil,tscv,PatchTST,XGBoost,2024-10-21,74.91790008544922,80.39441935221355
Multivariate+Exogenous,exogenous,Brent Oil,Com_BrentCrudeOil,tscv,PatchTST,iTransformer,2024-10-21,74.91790008544922,77.84669494628906
Multivariate+Exogenous,exogenous,Brent Oil,Com_BrentCrudeOil,tscv,PatchTST,-,2024-10-28,72.1500015258789,73.16607411702473
Multivariate+Exogenous,exogenous,Brent Oil,Com_BrentCrudeOil,tscv,PatchTST,LightGBM,2024-10-28,72.1500015258789,78.94132995605469
Multivariate+Exogenous,exogenous,Brent Oil,Com_BrentCrudeOil,tscv,PatchTST,NLinear,2024-10-28,72.1500015258789,81.79512532552083
Multivariate+Exogenous,exogenous,Brent Oil,Com_BrentCrudeOil,tscv,PatchTST,XGBoost,2024-10-28,72.1500015258789,80.13826243082683
Multivariate+Exogenous,exogenous,Brent Oil,Com_BrentCrudeOil,tscv,PatchTST,iTransformer,2024-10-28,72.1500015258789,80.49300638834636
Multivariate+Exogenous,exogenous,Brent Oil,Com_BrentCrudeOil,tscv,PatchTST,-,2024-11-04,74.633544921875,70.90039316813152
Multivariate+Exogenous,exogenous,Brent Oil,Com_BrentCrudeOil,tscv,PatchTST,LightGBM,2024-11-04,74.633544921875,76.64084116617839
Multivariate+Exogenous,exogenous,Brent Oil,Com_BrentCrudeOil,tscv,PatchTST,NLinear,2024-11-04,74.633544921875,80.14899444580078
Multivariate+Exogenous,exogenous,Brent Oil,Com_BrentCrudeOil,tscv,PatchTST,XGBoost,2024-11-04,74.633544921875,78.5263188680013
Multivariate+Exogenous,exogenous,Brent Oil,Com_BrentCrudeOil,tscv,PatchTST,iTransformer,2024-11-04,74.633544921875,77.91914621988933
Multivariate+Exogenous,exogenous,Brent Oil,Com_BrentCrudeOil,tscv,PatchTST,-,2024-11-11,71.7145004272461,72.72223154703777
Multivariate+Exogenous,exogenous,Brent Oil,Com_BrentCrudeOil,tscv,PatchTST,LightGBM,2024-11-11,71.7145004272461,78.58939615885417
Multivariate+Exogenous,exogenous,Brent Oil,Com_BrentCrudeOil,tscv,PatchTST,NLinear,2024-11-11,71.7145004272461,82.96772003173828
Multivariate+Exogenous,exogenous,Brent Oil,Com_BrentCrudeOil,tscv,PatchTST,XGBoost,2024-11-11,71.7145004272461,80.39379119873047
Multivariate+Exogenous,exogenous,Brent Oil,Com_BrentCrudeOil,tscv,PatchTST,iTransformer,2024-11-11,71.7145004272461,79.80208333333333
Multivariate+Exogenous,exogenous,Brent Oil,Com_BrentCrudeOil,tscv,PatchTST,-,2024-11-18,73.94104766845703,72.85348765055339
Multivariate+Exogenous,exogenous,Brent Oil,Com_BrentCrudeOil,tscv,PatchTST,LightGBM,2024-11-18,73.94104766845703,78.61690521240234
Multivariate+Exogenous,exogenous,Brent Oil,Com_BrentCrudeOil,tscv,PatchTST,NLinear,2024-11-18,73.94104766845703,83.31773885091145
Multivariate+Exogenous,exogenous,Brent Oil,Com_BrentCrudeOil,tscv,PatchTST,XGBoost,2024-11-18,73.94104766845703,79.31496175130208
Multivariate+Exogenous,exogenous,Brent Oil,Com_BrentCrudeOil,tscv,PatchTST,iTransformer,2024-11-18,73.94104766845703,80.82242838541667
Multivariate+Exogenous,exogenous,Brent Oil,Com_BrentCrudeOil,tscv,PatchTST,-,2024-11-25,72.4459457397461,71.06326802571614
Multivariate+Exogenous,exogenous,Brent Oil,Com_BrentCrudeOil,tscv,PatchTST,LightGBM,2024-11-25,72.4459457397461,80.89691162109375
Multivariate+Exogenous,exogenous,Brent Oil,Com_BrentCrudeOil,tscv,PatchTST,NLinear,2024-11-25,72.4459457397461,84.87000274658203
Multivariate+Exogenous,exogenous,Brent Oil,Com_BrentCrudeOil,tscv,PatchTST,XGBoost,2024-11-25,72.4459457397461,81.65843200683594
Multivariate+Exogenous,exogenous,Brent Oil,Com_BrentCrudeOil,tscv,PatchTST,iTransformer,2024-11-25,72.4459457397461,84.15016428629558
Multivariate+Exogenous,exogenous,Brent Oil,Com_BrentCrudeOil,tscv,PatchTST,-,2024-12-02,71.92588806152344,72.18806711832683
Multivariate+Exogenous,exogenous,Brent Oil,Com_BrentCrudeOil,tscv,PatchTST,LightGBM,2024-12-02,71.92588806152344,82.02171071370442
Multivariate+Exogenous,exogenous,Brent Oil,Com_BrentCrudeOil,tscv,PatchTST,NLinear,2024-12-02,71.92588806152344,85.52896881103516
Multivariate+Exogenous,exogenous,Brent Oil,Com_BrentCrudeOil,tscv,PatchTST,XGBoost,2024-12-02,71.92588806152344,82.51070658365886
Multivariate+Exogenous,exogenous,Brent Oil,Com_BrentCrudeOil,tscv,PatchTST,iTransformer,2024-12-02,71.92588806152344,86.45030466715495
Multivariate+Exogenous,exogenous,Brent Oil,Com_BrentCrudeOil,tscv,PatchTST,-,2024-12-09,73.48958587646484,69.594300587972
Multivariate+Exogenous,exogenous,Brent Oil,Com_BrentCrudeOil,tscv,PatchTST,LightGBM,2024-12-09,73.48958587646484,79.42794545491536
Multivariate+Exogenous,exogenous,Brent Oil,Com_BrentCrudeOil,tscv,PatchTST,NLinear,2024-12-09,73.48958587646484,83.11877695719402
Multivariate+Exogenous,exogenous,Brent Oil,Com_BrentCrudeOil,tscv,PatchTST,XGBoost,2024-12-09,73.48958587646484,79.87584177652995
Multivariate+Exogenous,exogenous,Brent Oil,Com_BrentCrudeOil,tscv,PatchTST,iTransformer,2024-12-09,73.48958587646484,82.72032165527344
Multivariate+Exogenous,exogenous,Brent Oil,Com_BrentCrudeOil,tscv,PatchTST,-,2024-12-16,73.21955871582031,71.58373769124348
Multivariate+Exogenous,exogenous,Brent Oil,Com_BrentCrudeOil,tscv,PatchTST,LightGBM,2024-12-16,73.21955871582031,81.4173812866211
Multivariate+Exogenous,exogenous,Brent Oil,Com_BrentCrudeOil,tscv,PatchTST,NLinear,2024-12-16,73.21955871582031,84.49949137369792
Multivariate+Exogenous,exogenous,Brent Oil,Com_BrentCrudeOil,tscv,PatchTST,XGBoost,2024-12-16,73.21955871582031,82.03349304199219
Multivariate+Exogenous,exogenous,Brent Oil,Com_BrentCrudeOil,tscv,PatchTST,iTransformer,2024-12-16,73.21955871582031,82.31304168701172
Multivariate+Exogenous,exogenous,Brent Oil,Com_BrentCrudeOil,tscv,PatchTST,-,2024-12-23,73.44568634033203,64.57475280761719
Multivariate+Exogenous,exogenous,Brent Oil,Com_BrentCrudeOil,tscv,PatchTST,LightGBM,2024-12-23,73.44568634033203,73.05330912272136
Multivariate+Exogenous,exogenous,Brent Oil,Com_BrentCrudeOil,tscv,PatchTST,NLinear,2024-12-23,73.44568634033203,69.82936986287434
Multivariate+Exogenous,exogenous,Brent Oil,Com_BrentCrudeOil,tscv,PatchTST,XGBoost,2024-12-23,73.44568634033203,73.75459543863933
Multivariate+Exogenous,exogenous,Brent Oil,Com_BrentCrudeOil,tscv,PatchTST,iTransformer,2024-12-23,73.44568634033203,73.19742329915364
Multivariate+Exogenous,exogenous,Brent Oil,Com_BrentCrudeOil,tscv,PatchTST,-,2024-12-30,75.3517837524414,64.55788040161133
Multivariate+Exogenous,exogenous,Brent Oil,Com_BrentCrudeOil,tscv,PatchTST,LightGBM,2024-12-30,75.3517837524414,73.03643798828125
Multivariate+Exogenous,exogenous,Brent Oil,Com_BrentCrudeOil,tscv,PatchTST,NLinear,2024-12-30,75.3517837524414,70.46844100952148
Multivariate+Exogenous,exogenous,Brent Oil,Com_BrentCrudeOil,tscv,PatchTST,XGBoost,2024-12-30,75.3517837524414,68.83909606933594
Multivariate+Exogenous,exogenous,Brent Oil,Com_BrentCrudeOil,tscv,PatchTST,iTransformer,2024-12-30,75.3517837524414,72.4428227742513
Multivariate+Exogenous,exogenous,Brent Oil,Com_BrentCrudeOil,tscv,PatchTST,-,2025-01-06,77.89148712158203,65.04790878295898
Multivariate+Exogenous,exogenous,Brent Oil,Com_BrentCrudeOil,tscv,PatchTST,LightGBM,2025-01-06,77.89148712158203,73.5264663696289
Multivariate+Exogenous,exogenous,Brent Oil,Com_BrentCrudeOil,tscv,PatchTST,NLinear,2025-01-06,77.89148712158203,71.19258371988933
Multivariate+Exogenous,exogenous,Brent Oil,Com_BrentCrudeOil,tscv,PatchTST,XGBoost,2025-01-06,77.89148712158203,74.07831573486328
Multivariate+Exogenous,exogenous,Brent Oil,Com_BrentCrudeOil,tscv,PatchTST,iTransformer,2025-01-06,77.89148712158203,72.72635142008464
Multivariate+Exogenous,exogenous,Brent Oil,Com_BrentCrudeOil,tscv,PatchTST,-,2025-01-13,80.95013427734375,67.30958048502605
Multivariate+Exogenous,exogenous,Brent Oil,Com_BrentCrudeOil,tscv,PatchTST,LightGBM,2025-01-13,80.95013427734375,75.7881368001302
Multivariate+Exogenous,exogenous,Brent Oil,Com_BrentCrudeOil,tscv,PatchTST,NLinear,2025-01-13,80.95013427734375,74.22398885091145
Multivariate+Exogenous,exogenous,Brent Oil,Com_BrentCrudeOil,tscv,PatchTST,XGBoost,2025-01-13,80.95013427734375,76.56387837727864
Multivariate+Exogenous,exogenous,Brent Oil,Com_BrentCrudeOil,tscv,PatchTST,iTransformer,2025-01-13,80.95013427734375,75.28470102945964
Multivariate+Exogenous,exogenous,Brent Oil,Com_BrentCrudeOil,tscv,PatchTST,-,2025-01-20,78.79235076904297,65.86577479044597
Multivariate+Exogenous,exogenous,Brent Oil,Com_BrentCrudeOil,tscv,PatchTST,LightGBM,2025-01-20,78.79235076904297,74.27671178181966
Multivariate+Exogenous,exogenous,Brent Oil,Com_BrentCrudeOil,tscv,PatchTST,NLinear,2025-01-20,78.79235076904297,74.13114166259766
Multivariate+Exogenous,exogenous,Brent Oil,Com_BrentCrudeOil,tscv,PatchTST,XGBoost,2025-01-20,78.79235076904297,74.76825714111328
Multivariate+Exogenous,exogenous,Brent Oil,Com_BrentCrudeOil,tscv,PatchTST,iTransformer,2025-01-20,78.79235076904297,73.5237808227539
Multivariate+Exogenous,exogenous,Brent Oil,Com_BrentCrudeOil,tscv,PatchTST,-,2025-01-27,76.10587310791016,66.43939463297527
Multivariate+Exogenous,exogenous,Brent Oil,Com_BrentCrudeOil,tscv,PatchTST,LightGBM,2025-01-27,76.10587310791016,74.6337381998698
Multivariate+Exogenous,exogenous,Brent Oil,Com_BrentCrudeOil,tscv,PatchTST,NLinear,2025-01-27,76.10587310791016,73.87766393025716
Multivariate+Exogenous,exogenous,Brent Oil,Com_BrentCrudeOil,tscv,PatchTST,XGBoost,2025-01-27,76.10587310791016,70.9388313293457
Multivariate+Exogenous,exogenous,Brent Oil,Com_BrentCrudeOil,tscv,PatchTST,iTransformer,2025-01-27,76.10587310791016,73.64281972249348
Multivariate+Exogenous,exogenous,Brent Oil,Com_BrentCrudeOil,tscv,PatchTST,-,2025-02-03,75.14842987060547,63.864916483561196
Multivariate+Exogenous,exogenous,Brent Oil,Com_BrentCrudeOil,tscv,PatchTST,LightGBM,2025-02-03,75.14842987060547,71.03599802652995
Multivariate+Exogenous,exogenous,Brent Oil,Com_BrentCrudeOil,tscv,PatchTST,NLinear,2025-02-03,75.14842987060547,70.86222839355469
Multivariate+Exogenous,exogenous,Brent Oil,Com_BrentCrudeOil,tscv,PatchTST,XGBoost,2025-02-03,75.14842987060547,68.64468002319336
Multivariate+Exogenous,exogenous,Brent Oil,Com_BrentCrudeOil,tscv,PatchTST,iTransformer,2025-02-03,75.14842987060547,70.49123128255208
Multivariate+Exogenous,exogenous,Brent Oil,Com_BrentCrudeOil,tscv,PatchTST,-,2025-02-10,75.43816375732422,65.67660013834636
Multivariate+Exogenous,exogenous,Brent Oil,Com_BrentCrudeOil,tscv,PatchTST,LightGBM,2025-02-10,75.43816375732422,72.84768168131511
Multivariate+Exogenous,exogenous,Brent Oil,Com_BrentCrudeOil,tscv,PatchTST,NLinear,2025-02-10,75.43816375732422,72.73789978027344
Multivariate+Exogenous,exogenous,Brent Oil,Com_BrentCrudeOil,tscv,PatchTST,XGBoost,2025-02-10,75.43816375732422,74.44395955403645
Multivariate+Exogenous,exogenous,Brent Oil,Com_BrentCrudeOil,tscv,PatchTST,iTransformer,2025-02-10,75.43816375732422,71.1525650024414
Multivariate+Exogenous,exogenous,Brent Oil,Com_BrentCrudeOil,tscv,PatchTST,-,2025-02-17,75.4046630859375,63.89830525716146
Multivariate+Exogenous,exogenous,Brent Oil,Com_BrentCrudeOil,tscv,PatchTST,LightGBM,2025-02-17,75.4046630859375,69.23643239339192
Multivariate+Exogenous,exogenous,Brent Oil,Com_BrentCrudeOil,tscv,PatchTST,NLinear,2025-02-17,75.4046630859375,68.43785858154297
Multivariate+Exogenous,exogenous,Brent Oil,Com_BrentCrudeOil,tscv,PatchTST,XGBoost,2025-02-17,75.4046630859375,66.23674647013347
Multivariate+Exogenous,exogenous,Brent Oil,Com_BrentCrudeOil,tscv,PatchTST,iTransformer,2025-02-17,75.4046630859375,67.65551249186198
Multivariate+Exogenous,exogenous,Brent Oil,Com_BrentCrudeOil,tscv,PatchTST,-,2025-02-24,73.14600372314453,66.4489034016927
Multivariate+Exogenous,exogenous,Brent Oil,Com_BrentCrudeOil,tscv,PatchTST,LightGBM,2025-02-24,73.14600372314453,73.12491353352864
Multivariate+Exogenous,exogenous,Brent Oil,Com_BrentCrudeOil,tscv,PatchTST,NLinear,2025-02-24,73.14600372314453,70.43539555867513
Multivariate+Exogenous,exogenous,Brent Oil,Com_BrentCrudeOil,tscv,PatchTST,XGBoost,2025-02-24,73.14600372314453,68.67523193359375
Multivariate+Exogenous,exogenous,Brent Oil,Com_BrentCrudeOil,tscv,PatchTST,iTransformer,2025-02-24,73.14600372314453,70.03092956542969
Multivariate+Exogenous,exogenous,Brent Oil,Com_BrentCrudeOil,tscv,PatchTST,-,2025-03-03,70.35600280761719,65.5793571472168
Multivariate+Exogenous,exogenous,Brent Oil,Com_BrentCrudeOil,tscv,PatchTST,LightGBM,2025-03-03,70.35600280761719,70.53386942545573
Multivariate+Exogenous,exogenous,Brent Oil,Com_BrentCrudeOil,tscv,PatchTST,NLinear,2025-03-03,70.35600280761719,70.00649770100911
Multivariate+Exogenous,exogenous,Brent Oil,Com_BrentCrudeOil,tscv,PatchTST,XGBoost,2025-03-03,70.35600280761719,67.7113037109375
Multivariate+Exogenous,exogenous,Brent Oil,Com_BrentCrudeOil,tscv,PatchTST,iTransformer,2025-03-03,70.35600280761719,69.41992441813152
Multivariate+Exogenous,exogenous,Brent Oil,Com_BrentCrudeOil,tscv,PatchTST,-,2025-03-10,70.26238250732422,63.99468485514323
Multivariate+Exogenous,exogenous,Brent Oil,Com_BrentCrudeOil,tscv,PatchTST,LightGBM,2025-03-10,70.26238250732422,68.98477045694987
Multivariate+Exogenous,exogenous,Brent Oil,Com_BrentCrudeOil,tscv,PatchTST,NLinear,2025-03-10,70.26238250732422,68.87343470255534
Multivariate+Exogenous,exogenous,Brent Oil,Com_BrentCrudeOil,tscv,PatchTST,XGBoost,2025-03-10,70.26238250732422,66.00974782307942
Multivariate+Exogenous,exogenous,Brent Oil,Com_BrentCrudeOil,tscv,PatchTST,iTransformer,2025-03-10,70.26238250732422,67.88460795084636
Multivariate+Exogenous,exogenous,Brent Oil,Com_BrentCrudeOil,tscv,PatchTST,-,2025-03-17,71.52252960205078,66.15092213948567
Multivariate+Exogenous,exogenous,Brent Oil,Com_BrentCrudeOil,tscv,PatchTST,LightGBM,2025-03-17,71.52252960205078,73.43920644124348
Multivariate+Exogenous,exogenous,Brent Oil,Com_BrentCrudeOil,tscv,PatchTST,NLinear,2025-03-17,71.52252960205078,76.76833597819011
Multivariate+Exogenous,exogenous,Brent Oil,Com_BrentCrudeOil,tscv,PatchTST,XGBoost,2025-03-17,71.52252960205078,73.75767008463542
Multivariate+Exogenous,exogenous,Brent Oil,Com_BrentCrudeOil,tscv,PatchTST,iTransformer,2025-03-17,71.52252960205078,71.79205322265625
Multivariate+Exogenous,exogenous,Brent Oil,Com_BrentCrudeOil,tscv,PatchTST,-,2025-03-24,73.04026794433594,63.814596811930336
Multivariate+Exogenous,exogenous,Brent Oil,Com_BrentCrudeOil,tscv,PatchTST,LightGBM,2025-03-24,73.04026794433594,71.0784912109375
Multivariate+Exogenous,exogenous,Brent Oil,Com_BrentCrudeOil,tscv,PatchTST,NLinear,2025-03-24,73.04026794433594,74.23798116048177
Multivariate+Exogenous,exogenous,Brent Oil,Com_BrentCrudeOil,tscv,PatchTST,XGBoost,2025-03-24,73.04026794433594,70.85223134358723
Multivariate+Exogenous,exogenous,Brent Oil,Com_BrentCrudeOil,tscv,PatchTST,iTransformer,2025-03-24,73.04026794433594,68.95793787638347
Multivariate+Exogenous,exogenous,Brent Oil,Com_BrentCrudeOil,tscv,PatchTST,-,2025-03-31,69.90252685546875,66.64659372965495
Multivariate+Exogenous,exogenous,Brent Oil,Com_BrentCrudeOil,tscv,PatchTST,LightGBM,2025-03-31,69.90252685546875,73.88437398274739
Multivariate+Exogenous,exogenous,Brent Oil,Com_BrentCrudeOil,tscv,PatchTST,NLinear,2025-03-31,69.90252685546875,78.16524759928386
Multivariate+Exogenous,exogenous,Brent Oil,Com_BrentCrudeOil,tscv,PatchTST,XGBoost,2025-03-31,69.90252685546875,73.73522694905598
Multivariate+Exogenous,exogenous,Brent Oil,Com_BrentCrudeOil,tscv,PatchTST,iTransformer,2025-03-31,69.90252685546875,72.28102111816406
Multivariate+Exogenous,exogenous,Brent Oil,Com_BrentCrudeOil,tscv,PatchTST,-,2025-04-07,64.27491760253906,65.38313293457031
Multivariate+Exogenous,exogenous,Brent Oil,Com_BrentCrudeOil,tscv,PatchTST,LightGBM,2025-04-07,64.27491760253906,72.66881688435872
Multivariate+Exogenous,exogenous,Brent Oil,Com_BrentCrudeOil,tscv,PatchTST,NLinear,2025-04-07,64.27491760253906,78.13964335123698
Multivariate+Exogenous,exogenous,Brent Oil,Com_BrentCrudeOil,tscv,PatchTST,XGBoost,2025-04-07,64.27491760253906,72.67173512776692
Multivariate+Exogenous,exogenous,Brent Oil,Com_BrentCrudeOil,tscv,PatchTST,iTransformer,2025-04-07,64.27491760253906,70.59695307413737
Multivariate+Exogenous,exogenous,Brent Oil,Com_BrentCrudeOil,tscv,PatchTST,-,2025-04-14,66.60935974121094,63.56532669067383
Multivariate+Exogenous,exogenous,Brent Oil,Com_BrentCrudeOil,tscv,PatchTST,LightGBM,2025-04-14,66.60935974121094,72.31357828776042
Multivariate+Exogenous,exogenous,Brent Oil,Com_BrentCrudeOil,tscv,PatchTST,NLinear,2025-04-14,66.60935974121094,68.40675608317058
Multivariate+Exogenous,exogenous,Brent Oil,Com_BrentCrudeOil,tscv,PatchTST,XGBoost,2025-04-14,66.60935974121094,72.71372731526692
Multivariate+Exogenous,exogenous,Brent Oil,Com_BrentCrudeOil,tscv,PatchTST,iTransformer,2025-04-14,66.60935974121094,69.83869043986003
Multivariate+Exogenous,exogenous,Brent Oil,Com_BrentCrudeOil,tscv,PatchTST,-,2025-04-21,66.57654571533203,64.04881032307942
Multivariate+Exogenous,exogenous,Brent Oil,Com_BrentCrudeOil,tscv,PatchTST,LightGBM,2025-04-21,66.57654571533203,72.79706064860027
Multivariate+Exogenous,exogenous,Brent Oil,Com_BrentCrudeOil,tscv,PatchTST,NLinear,2025-04-21,66.57654571533203,69.2055180867513
Multivariate+Exogenous,exogenous,Brent Oil,Com_BrentCrudeOil,tscv,PatchTST,XGBoost,2025-04-21,66.57654571533203,73.2420654296875
Multivariate+Exogenous,exogenous,Brent Oil,Com_BrentCrudeOil,tscv,PatchTST,iTransformer,2025-04-21,66.57654571533203,70.63161087036133
Multivariate+Exogenous,exogenous,Brent Oil,Com_BrentCrudeOil,tscv,PatchTST,-,2025-04-28,61.81767272949219,62.94463221232096
Multivariate+Exogenous,exogenous,Brent Oil,Com_BrentCrudeOil,tscv,PatchTST,LightGBM,2025-04-28,61.81767272949219,71.69288126627605
Multivariate+Exogenous,exogenous,Brent Oil,Com_BrentCrudeOil,tscv,PatchTST,NLinear,2025-04-28,61.81767272949219,69.27677408854167
Multivariate+Exogenous,exogenous,Brent Oil,Com_BrentCrudeOil,tscv,PatchTST,XGBoost,2025-04-28,61.81767272949219,72.4269167582194
Multivariate+Exogenous,exogenous,Brent Oil,Com_BrentCrudeOil,tscv,PatchTST,iTransformer,2025-04-28,61.81767272949219,68.39973449707031
Multivariate+Exogenous,exogenous,Brent Oil,Com_BrentCrudeOil,tscv,PatchTST,-,2025-05-05,62.62345886230469,65.06611760457356
Multivariate+Exogenous,exogenous,Brent Oil,Com_BrentCrudeOil,tscv,PatchTST,LightGBM,2025-05-05,62.62345886230469,73.81436665852864
Multivariate+Exogenous,exogenous,Brent Oil,Com_BrentCrudeOil,tscv,PatchTST,NLinear,2025-05-05,62.62345886230469,72.56156921386719
Multivariate+Exogenous,exogenous,Brent Oil,Com_BrentCrudeOil,tscv,PatchTST,XGBoost,2025-05-05,62.62345886230469,74.58908335367839
Multivariate+Exogenous,exogenous,Brent Oil,Com_BrentCrudeOil,tscv,PatchTST,iTransformer,2025-05-05,62.62345886230469,68.3572006225586
Multivariate+Exogenous,exogenous,Brent Oil,Com_BrentCrudeOil,tscv,PatchTST,-,2025-05-12,65.50987243652344,67.17506281534831
Multivariate+Exogenous,exogenous,Brent Oil,Com_BrentCrudeOil,tscv,PatchTST,LightGBM,2025-05-12,65.50987243652344,76.20017751057942
Multivariate+Exogenous,exogenous,Brent Oil,Com_BrentCrudeOil,tscv,PatchTST,NLinear,2025-05-12,65.50987243652344,75.00829315185547
Multivariate+Exogenous,exogenous,Brent Oil,Com_BrentCrudeOil,tscv,PatchTST,XGBoost,2025-05-12,65.50987243652344,77.36729431152344
Multivariate+Exogenous,exogenous,Brent Oil,Com_BrentCrudeOil,tscv,PatchTST,iTransformer,2025-05-12,65.50987243652344,71.47789764404297
Multivariate+Exogenous,exogenous,Brent Oil,Com_BrentCrudeOil,tscv,PatchTST,-,2025-05-19,65.00296020507812,67.12706756591797
Multivariate+Exogenous,exogenous,Brent Oil,Com_BrentCrudeOil,tscv,PatchTST,LightGBM,2025-05-19,65.00296020507812,76.34771982828777
Multivariate+Exogenous,exogenous,Brent Oil,Com_BrentCrudeOil,tscv,PatchTST,NLinear,2025-05-19,65.00296020507812,75.30255381266277
Multivariate+Exogenous,exogenous,Brent Oil,Com_BrentCrudeOil,tscv,PatchTST,XGBoost,2025-05-19,65.00296020507812,77.11584726969402
Multivariate+Exogenous,exogenous,Brent Oil,Com_BrentCrudeOil,tscv,PatchTST,iTransformer,2025-05-19,65.00296020507812,70.42034912109375
Multivariate+Exogenous,exogenous,Brent Oil,Com_BrentCrudeOil,tscv,PatchTST,-,2025-05-26,63.65324401855469,66.00266011555989
Multivariate+Exogenous,exogenous,Brent Oil,Com_BrentCrudeOil,tscv,PatchTST,LightGBM,2025-05-26,63.65324401855469,75.20024871826172
Multivariate+Exogenous,exogenous,Brent Oil,Com_BrentCrudeOil,tscv,PatchTST,NLinear,2025-05-26,63.65324401855469,74.12935638427734
Multivariate+Exogenous,exogenous,Brent Oil,Com_BrentCrudeOil,tscv,PatchTST,XGBoost,2025-05-26,63.65324401855469,76.27569834391277
Multivariate+Exogenous,exogenous,Brent Oil,Com_BrentCrudeOil,tscv,PatchTST,iTransformer,2025-05-26,63.65324401855469,68.78448740641277
Multivariate+Exogenous,exogenous,Brent Oil,Com_BrentCrudeOil,tscv,PatchTST,-,2025-06-02,65.69291687011719,63.88689931233724
Multivariate+Exogenous,exogenous,Brent Oil,Com_BrentCrudeOil,tscv,PatchTST,LightGBM,2025-06-02,65.69291687011719,72.93992360432942
Multivariate+Exogenous,exogenous,Brent Oil,Com_BrentCrudeOil,tscv,PatchTST,NLinear,2025-06-02,65.69291687011719,72.20932006835938
Multivariate+Exogenous,exogenous,Brent Oil,Com_BrentCrudeOil,tscv,PatchTST,XGBoost,2025-06-02,65.69291687011719,73.8241958618164
Multivariate+Exogenous,exogenous,Brent Oil,Com_BrentCrudeOil,tscv,PatchTST,iTransformer,2025-06-02,65.69291687011719,66.87543106079102
Multivariate+Exogenous,exogenous,Brent Oil,Com_BrentCrudeOil,tscv,PatchTST,-,2025-06-09,70.90538787841797,60.805704752604164
Multivariate+Exogenous,exogenous,Brent Oil,Com_BrentCrudeOil,tscv,PatchTST,LightGBM,2025-06-09,70.90538787841797,71.3651631673177
Multivariate+Exogenous,exogenous,Brent Oil,Com_BrentCrudeOil,tscv,PatchTST,NLinear,2025-06-09,70.90538787841797,68.61245981852214
Multivariate+Exogenous,exogenous,Brent Oil,Com_BrentCrudeOil,tscv,PatchTST,XGBoost,2025-06-09,70.90538787841797,71.47669474283855
Multivariate+Exogenous,exogenous,Brent Oil,Com_BrentCrudeOil,tscv,PatchTST,iTransformer,2025-06-09,70.90538787841797,64.98492685953777
Multivariate+Exogenous,exogenous,Brent Oil,Com_BrentCrudeOil,tscv,PatchTST,-,2025-06-16,76.53987121582031,61.77892049153646
Multivariate+Exogenous,exogenous,Brent Oil,Com_BrentCrudeOil,tscv,PatchTST,LightGBM,2025-06-16,76.53987121582031,72.69944508870442
Multivariate+Exogenous,exogenous,Brent Oil,Com_BrentCrudeOil,tscv,PatchTST,NLinear,2025-06-16,76.53987121582031,70.01058959960938
Multivariate+Exogenous,exogenous,Brent Oil,Com_BrentCrudeOil,tscv,PatchTST,XGBoost,2025-06-16,76.53987121582031,74.01282246907552
Multivariate+Exogenous,exogenous,Brent Oil,Com_BrentCrudeOil,tscv,PatchTST,iTransformer,2025-06-16,76.53987121582031,66.03255208333333
Multivariate+Exogenous,exogenous,Brent Oil,Com_BrentCrudeOil,tscv,PatchTST,-,2025-06-23,67.5205307006836,66.3213399251302
Multivariate+Exogenous,exogenous,Brent Oil,Com_BrentCrudeOil,tscv,PatchTST,LightGBM,2025-06-23,67.5205307006836,77.66677347819011
Multivariate+Exogenous,exogenous,Brent Oil,Com_BrentCrudeOil,tscv,PatchTST,NLinear,2025-06-23,67.5205307006836,74.59077707926433
Multivariate+Exogenous,exogenous,Brent Oil,Com_BrentCrudeOil,tscv,PatchTST,XGBoost,2025-06-23,67.5205307006836,79.43453216552734
Multivariate+Exogenous,exogenous,Brent Oil,Com_BrentCrudeOil,tscv,PatchTST,iTransformer,2025-06-23,67.5205307006836,70.46939849853516
Multivariate+Exogenous,exogenous,Brent Oil,Com_BrentCrudeOil,tscv,PatchTST,-,2025-06-30,67.9451675415039,66.74994277954102
Multivariate+Exogenous,exogenous,Brent Oil,Com_BrentCrudeOil,tscv,PatchTST,LightGBM,2025-06-30,67.9451675415039,78.39825948079427
Multivariate+Exogenous,exogenous,Brent Oil,Com_BrentCrudeOil,tscv,PatchTST,NLinear,2025-06-30,67.9451675415039,74.59919993082683
Multivariate+Exogenous,exogenous,Brent Oil,Com_BrentCrudeOil,tscv,PatchTST,XGBoost,2025-06-30,67.9451675415039,80.57523345947266
Multivariate+Exogenous,exogenous,Brent Oil,Com_BrentCrudeOil,tscv,PatchTST,iTransformer,2025-06-30,67.9451675415039,70.16095225016277
Multivariate+Exogenous,exogenous,Brent Oil,Com_BrentCrudeOil,tscv,PatchTST,-,2025-07-07,69.90603637695312,65.4484469095866
Multivariate+Exogenous,exogenous,Brent Oil,Com_BrentCrudeOil,tscv,PatchTST,LightGBM,2025-07-07,69.90603637695312,74.5528793334961
Multivariate+Exogenous,exogenous,Brent Oil,Com_BrentCrudeOil,tscv,PatchTST,NLinear,2025-07-07,69.90603637695312,72.31600697835286
Multivariate+Exogenous,exogenous,Brent Oil,Com_BrentCrudeOil,tscv,PatchTST,XGBoost,2025-07-07,69.90603637695312,73.99466705322266
Multivariate+Exogenous,exogenous,Brent Oil,Com_BrentCrudeOil,tscv,PatchTST,iTransformer,2025-07-07,69.90603637695312,70.31116485595703
Multivariate+Exogenous,exogenous,Brent Oil,Com_BrentCrudeOil,tscv,PatchTST,-,2025-07-14,69.10814666748047,65.86959075927734
Multivariate+Exogenous,exogenous,Brent Oil,Com_BrentCrudeOil,tscv,PatchTST,LightGBM,2025-07-14,69.10814666748047,75.6209716796875
Multivariate+Exogenous,exogenous,Brent Oil,Com_BrentCrudeOil,tscv,PatchTST,NLinear,2025-07-14,69.10814666748047,73.39669799804688
Multivariate+Exogenous,exogenous,Brent Oil,Com_BrentCrudeOil,tscv,PatchTST,XGBoost,2025-07-14,69.10814666748047,75.39637247721355
Multivariate+Exogenous,exogenous,Brent Oil,Com_BrentCrudeOil,tscv,PatchTST,iTransformer,2025-07-14,69.10814666748047,70.09351857503255
Multivariate+Exogenous,exogenous,Brent Oil,Com_BrentCrudeOil,tscv,PatchTST,-,2025-07-21,68.77239990234375,66.6800765991211
Multivariate+Exogenous,exogenous,Brent Oil,Com_BrentCrudeOil,tscv,PatchTST,LightGBM,2025-07-21,68.77239990234375,77.42245483398438
Multivariate+Exogenous,exogenous,Brent Oil,Com_BrentCrudeOil,tscv,PatchTST,NLinear,2025-07-21,68.77239990234375,74.32005564371745
Multivariate+Exogenous,exogenous,Brent Oil,Com_BrentCrudeOil,tscv,PatchTST,XGBoost,2025-07-21,68.77239990234375,77.46889750162761
Multivariate+Exogenous,exogenous,Brent Oil,Com_BrentCrudeOil,tscv,PatchTST,iTransformer,2025-07-21,68.77239990234375,71.15933481852214
Multivariate+Exogenous,exogenous,Brent Oil,Com_BrentCrudeOil,tscv,PatchTST,-,2025-07-28,70.7232666015625,66.2348518371582
Multivariate+Exogenous,exogenous,Brent Oil,Com_BrentCrudeOil,tscv,PatchTST,LightGBM,2025-07-28,70.7232666015625,76.93685150146484
Multivariate+Exogenous,exogenous,Brent Oil,Com_BrentCrudeOil,tscv,PatchTST,NLinear,2025-07-28,70.7232666015625,74.1610336303711
Multivariate+Exogenous,exogenous,Brent Oil,Com_BrentCrudeOil,tscv,PatchTST,XGBoost,2025-07-28,70.7232666015625,77.08951059977214
Multivariate+Exogenous,exogenous,Brent Oil,Com_BrentCrudeOil,tscv,PatchTST,iTransformer,2025-07-28,70.7232666015625,70.57777150472005
Multivariate+Exogenous,exogenous,Brent Oil,Com_BrentCrudeOil,tscv,PatchTST,-,2025-08-04,67.10191345214844,66.91874186197917
Multivariate+Exogenous,exogenous,Brent Oil,Com_BrentCrudeOil,tscv,PatchTST,LightGBM,2025-08-04,67.10191345214844,74.24385197957356
Multivariate+Exogenous,exogenous,Brent Oil,Com_BrentCrudeOil,tscv,PatchTST,NLinear,2025-08-04,67.10191345214844,68.03944524129231
Multivariate+Exogenous,exogenous,Brent Oil,Com_BrentCrudeOil,tscv,PatchTST,XGBoost,2025-08-04,67.10191345214844,74.26871236165364
Multivariate+Exogenous,exogenous,Brent Oil,Com_BrentCrudeOil,tscv,PatchTST,iTransformer,2025-08-04,67.10191345214844,69.81728744506836
Multivariate+Exogenous,exogenous,Brent Oil,Com_BrentCrudeOil,tscv,PatchTST,-,2025-08-11,66.15612030029297,64.07174428304036
Multivariate+Exogenous,exogenous,Brent Oil,Com_BrentCrudeOil,tscv,PatchTST,LightGBM,2025-08-11,66.15612030029297,71.79989242553711
Multivariate+Exogenous,exogenous,Brent Oil,Com_BrentCrudeOil,tscv,PatchTST,NLinear,2025-08-11,66.15612030029297,64.7614974975586
Multivariate+Exogenous,exogenous,Brent Oil,Com_BrentCrudeOil,tscv,PatchTST,XGBoost,2025-08-11,66.15612030029297,72.07296371459961
Multivariate+Exogenous,exogenous,Brent Oil,Com_BrentCrudeOil,tscv,PatchTST,iTransformer,2025-08-11,66.15612030029297,66.16831715901692
Multivariate+Exogenous,exogenous,Brent Oil,Com_BrentCrudeOil,tscv,PatchTST,-,2025-08-18,67.08045196533203,64.76231129964192
Multivariate+Exogenous,exogenous,Brent Oil,Com_BrentCrudeOil,tscv,PatchTST,LightGBM,2025-08-18,67.08045196533203,71.92344029744466
Multivariate+Exogenous,exogenous,Brent Oil,Com_BrentCrudeOil,tscv,PatchTST,NLinear,2025-08-18,67.08045196533203,65.64948908487956
Multivariate+Exogenous,exogenous,Brent Oil,Com_BrentCrudeOil,tscv,PatchTST,XGBoost,2025-08-18,67.08045196533203,71.97333272298177
Multivariate+Exogenous,exogenous,Brent Oil,Com_BrentCrudeOil,tscv,PatchTST,iTransformer,2025-08-18,67.08045196533203,65.8876469930013
Multivariate+Exogenous,exogenous,Brent Oil,Com_BrentCrudeOil,tscv,PatchTST,-,2025-08-25,67.60226440429688,66.8050028483073
Multivariate+Exogenous,exogenous,Brent Oil,Com_BrentCrudeOil,tscv,PatchTST,LightGBM,2025-08-25,67.60226440429688,73.4496955871582
Multivariate+Exogenous,exogenous,Brent Oil,Com_BrentCrudeOil,tscv,PatchTST,NLinear,2025-08-25,67.60226440429688,68.30913162231445
Multivariate+Exogenous,exogenous,Brent Oil,Com_BrentCrudeOil,tscv,PatchTST,XGBoost,2025-08-25,67.60226440429688,73.5900764465332
Multivariate+Exogenous,exogenous,Brent Oil,Com_BrentCrudeOil,tscv,PatchTST,iTransformer,2025-08-25,67.60226440429688,68.30955123901367
Multivariate+Exogenous,exogenous,Brent Oil,Com_BrentCrudeOil,tscv,PatchTST,-,2025-09-01,67.27151489257812,65.5999584197998
Multivariate+Exogenous,exogenous,Brent Oil,Com_BrentCrudeOil,tscv,PatchTST,LightGBM,2025-09-01,67.27151489257812,70.41870880126953
Multivariate+Exogenous,exogenous,Brent Oil,Com_BrentCrudeOil,tscv,PatchTST,NLinear,2025-09-01,67.27151489257812,65.61065673828125
Multivariate+Exogenous,exogenous,Brent Oil,Com_BrentCrudeOil,tscv,PatchTST,XGBoost,2025-09-01,67.27151489257812,70.1381664276123
Multivariate+Exogenous,exogenous,Brent Oil,Com_BrentCrudeOil,tscv,PatchTST,iTransformer,2025-09-01,67.27151489257812,67.72832298278809
Multivariate+Exogenous,exogenous,Brent Oil,Com_BrentCrudeOil,tscv,PatchTST,-,2025-09-08,66.77435302734375,63.9627742767334
Multivariate+Exogenous,exogenous,Brent Oil,Com_BrentCrudeOil,tscv,PatchTST,LightGBM,2025-09-08,66.77435302734375,69.20744895935059
Multivariate+Exogenous,exogenous,Brent Oil,Com_BrentCrudeOil,tscv,PatchTST,NLinear,2025-09-08,66.77435302734375,63.67195129394531
Multivariate+Exogenous,exogenous,Brent Oil,Com_BrentCrudeOil,tscv,PatchTST,XGBoost,2025-09-08,66.77435302734375,68.89995193481445
Multivariate+Exogenous,exogenous,Brent Oil,Com_BrentCrudeOil,tscv,PatchTST,iTransformer,2025-09-08,66.77435302734375,65.92177391052246
Multivariate+Exogenous,exogenous,Brent Oil,Com_BrentCrudeOil,tscv,PatchTST,-,2025-09-15,67.5166015625,60.21956253051758
Multivariate+Exogenous,exogenous,Brent Oil,Com_BrentCrudeOil,tscv,PatchTST,LightGBM,2025-09-15,67.5166015625,65.27901458740234
Multivariate+Exogenous,exogenous,Brent Oil,Com_BrentCrudeOil,tscv,PatchTST,NLinear,2025-09-15,67.5166015625,59.87125587463379
Multivariate+Exogenous,exogenous,Brent Oil,Com_BrentCrudeOil,tscv,PatchTST,XGBoost,2025-09-15,67.5166015625,64.20501899719238
Multivariate+Exogenous,exogenous,Brent Oil,Com_BrentCrudeOil,tscv,PatchTST,iTransformer,2025-09-15,67.5166015625,62.39199256896973
Multivariate+Exogenous,exogenous,Brent Oil,Com_BrentCrudeOil,tscv,PatchTST,-,2025-09-22,68.50713348388672,58.976409912109375
Multivariate+Exogenous,exogenous,Brent Oil,Com_BrentCrudeOil,tscv,PatchTST,LightGBM,2025-09-22,68.50713348388672,63.88578224182129
Multivariate+Exogenous,exogenous,Brent Oil,Com_BrentCrudeOil,tscv,PatchTST,NLinear,2025-09-22,68.50713348388672,58.31814765930176
Multivariate+Exogenous,exogenous,Brent Oil,Com_BrentCrudeOil,tscv,PatchTST,XGBoost,2025-09-22,68.50713348388672,62.80410385131836
Multivariate+Exogenous,exogenous,Brent Oil,Com_BrentCrudeOil,tscv,PatchTST,iTransformer,2025-09-22,68.50713348388672,61.287452697753906
Multivariate+Exogenous,exogenous,Brent Oil,Com_BrentCrudeOil,tscv,PatchTST,-,2025-09-29,65.30098724365234,50.698883056640625
Multivariate+Exogenous,exogenous,Brent Oil,Com_BrentCrudeOil,tscv,PatchTST,LightGBM,2025-09-29,65.30098724365234,52.15853500366211
Multivariate+Exogenous,exogenous,Brent Oil,Com_BrentCrudeOil,tscv,PatchTST,NLinear,2025-09-29,65.30098724365234,48.80354309082031
Multivariate+Exogenous,exogenous,Brent Oil,Com_BrentCrudeOil,tscv,PatchTST,XGBoost,2025-09-29,65.30098724365234,53.58158874511719
Multivariate+Exogenous,exogenous,Brent Oil,Com_BrentCrudeOil,tscv,PatchTST,iTransformer,2025-09-29,65.30098724365234,50.70915222167969
Multivariate+Exogenous,exogenous,Brent Oil,Com_BrentCrudeOil,tscv,PatchTST,-,2025-10-06,64.48927307128906,49.94272994995117
Multivariate+Exogenous,exogenous,Brent Oil,Com_BrentCrudeOil,tscv,PatchTST,LightGBM,2025-10-06,64.48927307128906,51.823280334472656
Multivariate+Exogenous,exogenous,Brent Oil,Com_BrentCrudeOil,tscv,PatchTST,NLinear,2025-10-06,64.48927307128906,48.087059020996094
Multivariate+Exogenous,exogenous,Brent Oil,Com_BrentCrudeOil,tscv,PatchTST,XGBoost,2025-10-06,64.48927307128906,53.59668731689453
Multivariate+Exogenous,exogenous,Brent Oil,Com_BrentCrudeOil,tscv,PatchTST,iTransformer,2025-10-06,64.48927307128906,51.141990661621094
Multivariate+Exogenous,exogenous,Brent Oil,Com_BrentCrudeOil,tscv,PatchTST,-,2025-10-13,61.7679557800293,51.86378479003906
Multivariate+Exogenous,exogenous,Brent Oil,Com_BrentCrudeOil,tscv,PatchTST,LightGBM,2025-10-13,61.7679557800293,53.391014099121094
Multivariate+Exogenous,exogenous,Brent Oil,Com_BrentCrudeOil,tscv,PatchTST,NLinear,2025-10-13,61.7679557800293,50.287742614746094
Multivariate+Exogenous,exogenous,Brent Oil,Com_BrentCrudeOil,tscv,PatchTST,XGBoost,2025-10-13,61.7679557800293,55.04264831542969
Multivariate+Exogenous,exogenous,Brent Oil,Com_BrentCrudeOil,tscv,PatchTST,iTransformer,2025-10-13,61.7679557800293,51.99571990966797
Multivariate+Exogenous,exogenous,Brent Oil,Com_BrentCrudeOil,tscv,PatchTST,-,2025-10-20,63.904998779296875,53.260406494140625
Multivariate+Exogenous,exogenous,Brent Oil,Com_BrentCrudeOil,tscv,PatchTST,LightGBM,2025-10-20,63.904998779296875,56.54781723022461
Multivariate+Exogenous,exogenous,Brent Oil,Com_BrentCrudeOil,tscv,PatchTST,NLinear,2025-10-20,63.904998779296875,51.59568786621094
Multivariate+Exogenous,exogenous,Brent Oil,Com_BrentCrudeOil,tscv,PatchTST,XGBoost,2025-10-20,63.904998779296875,56.26083755493164
Multivariate+Exogenous,exogenous,Brent Oil,Com_BrentCrudeOil,tscv,PatchTST,iTransformer,2025-10-20,63.904998779296875,54.20472717285156
Multivariate+Exogenous,exogenous,WTI Oil,Com_CrudeOil,holdout,PatchTST,-,2025-10-27,60.77857208251953,47.08725357055664
Multivariate+Exogenous,exogenous,WTI Oil,Com_CrudeOil,holdout,PatchTST,LightGBM,2025-10-27,60.77857208251953,50.81620788574219
Multivariate+Exogenous,exogenous,WTI Oil,Com_CrudeOil,holdout,PatchTST,NLinear,2025-10-27,60.77857208251953,51.64085388183594
Multivariate+Exogenous,exogenous,WTI Oil,Com_CrudeOil,holdout,PatchTST,XGBoost,2025-10-27,60.77857208251953,50.26873016357422
Multivariate+Exogenous,exogenous,WTI Oil,Com_CrudeOil,holdout,PatchTST,iTransformer,2025-10-27,60.77857208251953,53.114566802978516
Multivariate+Exogenous,exogenous,WTI Oil,Com_CrudeOil,holdout,PatchTST,-,2025-11-03,60.05507278442383,48.010398864746094
Multivariate+Exogenous,exogenous,WTI Oil,Com_CrudeOil,holdout,PatchTST,LightGBM,2025-11-03,60.05507278442383,51.73935317993164
Multivariate+Exogenous,exogenous,WTI Oil,Com_CrudeOil,holdout,PatchTST,NLinear,2025-11-03,60.05507278442383,55.269737243652344
Multivariate+Exogenous,exogenous,WTI Oil,Com_CrudeOil,holdout,PatchTST,XGBoost,2025-11-03,60.05507278442383,51.45248794555664
Multivariate+Exogenous,exogenous,WTI Oil,Com_CrudeOil,holdout,PatchTST,iTransformer,2025-11-03,60.05507278442383,54.45829772949219
Multivariate+Exogenous,exogenous,WTI Oil,Com_CrudeOil,holdout,PatchTST,-,2025-11-10,59.70945739746094,52.14060592651367
Multivariate+Exogenous,exogenous,WTI Oil,Com_CrudeOil,holdout,PatchTST,LightGBM,2025-11-10,59.70945739746094,55.86956024169922
Multivariate+Exogenous,exogenous,WTI Oil,Com_CrudeOil,holdout,PatchTST,NLinear,2025-11-10,59.70945739746094,60.439430236816406
Multivariate+Exogenous,exogenous,WTI Oil,Com_CrudeOil,holdout,PatchTST,XGBoost,2025-11-10,59.70945739746094,55.41757583618164
Multivariate+Exogenous,exogenous,WTI Oil,Com_CrudeOil,holdout,PatchTST,iTransformer,2025-11-10,59.70945739746094,58.70657730102539
Multivariate+Exogenous,exogenous,WTI Oil,Com_CrudeOil,holdout,PatchTST,-,2025-11-17,58.993499755859375,46.63377380371094
Multivariate+Exogenous,exogenous,WTI Oil,Com_CrudeOil,holdout,PatchTST,LightGBM,2025-11-17,58.993499755859375,50.362728118896484
Multivariate+Exogenous,exogenous,WTI Oil,Com_CrudeOil,holdout,PatchTST,NLinear,2025-11-17,58.993499755859375,55.27175521850586
Multivariate+Exogenous,exogenous,WTI Oil,Com_CrudeOil,holdout,PatchTST,XGBoost,2025-11-17,58.993499755859375,50.235939025878906
Multivariate+Exogenous,exogenous,WTI Oil,Com_CrudeOil,holdout,PatchTST,iTransformer,2025-11-17,58.993499755859375,52.97193145751953
Multivariate+Exogenous,exogenous,WTI Oil,Com_CrudeOil,holdout,PatchTST,-,2025-11-24,58.810028076171875,48.21879959106445
Multivariate+Exogenous,exogenous,WTI Oil,Com_CrudeOil,holdout,PatchTST,LightGBM,2025-11-24,58.810028076171875,51.94775390625
Multivariate+Exogenous,exogenous,WTI Oil,Com_CrudeOil,holdout,PatchTST,NLinear,2025-11-24,58.810028076171875,57.04966735839844
Multivariate+Exogenous,exogenous,WTI Oil,Com_CrudeOil,holdout,PatchTST,XGBoost,2025-11-24,58.810028076171875,51.565391540527344
Multivariate+Exogenous,exogenous,WTI Oil,Com_CrudeOil,holdout,PatchTST,iTransformer,2025-11-24,58.810028076171875,54.43838882446289
Multivariate+Exogenous,exogenous,WTI Oil,Com_CrudeOil,holdout,PatchTST,-,2025-12-01,59.567256927490234,50.095401763916016
Multivariate+Exogenous,exogenous,WTI Oil,Com_CrudeOil,holdout,PatchTST,LightGBM,2025-12-01,59.567256927490234,53.82435607910156
Multivariate+Exogenous,exogenous,WTI Oil,Com_CrudeOil,holdout,PatchTST,NLinear,2025-12-01,59.567256927490234,58.97169876098633
Multivariate+Exogenous,exogenous,WTI Oil,Com_CrudeOil,holdout,PatchTST,XGBoost,2025-12-01,59.567256927490234,53.365928649902344
Multivariate+Exogenous,exogenous,WTI Oil,Com_CrudeOil,holdout,PatchTST,iTransformer,2025-12-01,59.567256927490234,56.87959671020508
Multivariate+Exogenous,exogenous,WTI Oil,Com_CrudeOil,holdout,PatchTST,-,2025-12-08,57.97571563720703,48.620574951171875
Multivariate+Exogenous,exogenous,WTI Oil,Com_CrudeOil,holdout,PatchTST,LightGBM,2025-12-08,57.97571563720703,52.34952926635742
Multivariate+Exogenous,exogenous,WTI Oil,Com_CrudeOil,holdout,PatchTST,NLinear,2025-12-08,57.97571563720703,59.129920959472656
Multivariate+Exogenous,exogenous,WTI Oil,Com_CrudeOil,holdout,PatchTST,XGBoost,2025-12-08,57.97571563720703,51.96717071533203
Multivariate+Exogenous,exogenous,WTI Oil,Com_CrudeOil,holdout,PatchTST,iTransformer,2025-12-08,57.97571563720703,55.2243537902832
Multivariate+Exogenous,exogenous,WTI Oil,Com_CrudeOil,holdout,PatchTST,-,2025-12-15,56.28154373168945,58.85136032104492
Multivariate+Exogenous,exogenous,WTI Oil,Com_CrudeOil,holdout,PatchTST,LightGBM,2025-12-15,56.28154373168945,62.58031463623047
Multivariate+Exogenous,exogenous,WTI Oil,Com_CrudeOil,holdout,PatchTST,NLinear,2025-12-15,56.28154373168945,69.97022247314453
Multivariate+Exogenous,exogenous,WTI Oil,Com_CrudeOil,holdout,PatchTST,XGBoost,2025-12-15,56.28154373168945,62.29344940185547
Multivariate+Exogenous,exogenous,WTI Oil,Com_CrudeOil,holdout,PatchTST,iTransformer,2025-12-15,56.28154373168945,64.24858856201172
Multivariate+Exogenous,exogenous,WTI Oil,Com_CrudeOil,holdout,PatchTST,-,2025-12-22,57.7086296081543,51.71754455566406
Multivariate+Exogenous,exogenous,WTI Oil,Com_CrudeOil,holdout,PatchTST,LightGBM,2025-12-22,57.7086296081543,55.44649887084961
Multivariate+Exogenous,exogenous,WTI Oil,Com_CrudeOil,holdout,PatchTST,NLinear,2025-12-22,57.7086296081543,62.04340362548828
Multivariate+Exogenous,exogenous,WTI Oil,Com_CrudeOil,holdout,PatchTST,XGBoost,2025-12-22,57.7086296081543,55.31970977783203
Multivariate+Exogenous,exogenous,WTI Oil,Com_CrudeOil,holdout,PatchTST,iTransformer,2025-12-22,57.7086296081543,57.35082244873047
Multivariate+Exogenous,exogenous,WTI Oil,Com_CrudeOil,holdout,PatchTST,-,2025-12-29,57.53675842285156,48.749568939208984
Multivariate+Exogenous,exogenous,WTI Oil,Com_CrudeOil,holdout,PatchTST,LightGBM,2025-12-29,57.53675842285156,52.47852325439453
Multivariate+Exogenous,exogenous,WTI Oil,Com_CrudeOil,holdout,PatchTST,NLinear,2025-12-29,57.53675842285156,59.06661605834961
Multivariate+Exogenous,exogenous,WTI Oil,Com_CrudeOil,holdout,PatchTST,XGBoost,2025-12-29,57.53675842285156,52.19165802001953
Multivariate+Exogenous,exogenous,WTI Oil,Com_CrudeOil,holdout,PatchTST,iTransformer,2025-12-29,57.53675842285156,54.595149993896484
Multivariate+Exogenous,exogenous,WTI Oil,Com_CrudeOil,holdout,PatchTST,-,2026-01-05,58.08931350708008,50.38645553588867
Multivariate+Exogenous,exogenous,WTI Oil,Com_CrudeOil,holdout,PatchTST,LightGBM,2026-01-05,58.08931350708008,54.11540985107422
Multivariate+Exogenous,exogenous,WTI Oil,Com_CrudeOil,holdout,PatchTST,NLinear,2026-01-05,58.08931350708008,59.580875396728516
Multivariate+Exogenous,exogenous,WTI Oil,Com_CrudeOil,holdout,PatchTST,XGBoost,2026-01-05,58.08931350708008,53.56793212890625
Multivariate+Exogenous,exogenous,WTI Oil,Com_CrudeOil,holdout,PatchTST,iTransformer,2026-01-05,58.08931350708008,56.25050735473633
Multivariate+Exogenous,exogenous,WTI Oil,Com_CrudeOil,holdout,PatchTST,-,2026-01-12,59.76057052612305,52.09560775756836
Multivariate+Exogenous,exogenous,WTI Oil,Com_CrudeOil,holdout,PatchTST,LightGBM,2026-01-12,59.76057052612305,55.824562072753906
Multivariate+Exogenous,exogenous,WTI Oil,Com_CrudeOil,holdout,PatchTST,NLinear,2026-01-12,59.76057052612305,61.98789978027344
Multivariate+Exogenous,exogenous,WTI Oil,Com_CrudeOil,holdout,PatchTST,XGBoost,2026-01-12,59.76057052612305,55.37257766723633
Multivariate+Exogenous,exogenous,WTI Oil,Com_CrudeOil,holdout,PatchTST,iTransformer,2026-01-12,59.76057052612305,58.337928771972656
Multivariate+Exogenous,exogenous,WTI Oil,Com_CrudeOil,tscv,PatchTST,-,2023-10-30,80.93399810791016,67.845703125
Multivariate+Exogenous,exogenous,WTI Oil,Com_CrudeOil,tscv,PatchTST,LightGBM,2023-10-30,80.93399810791016,71.55247497558594
Multivariate+Exogenous,exogenous,WTI Oil,Com_CrudeOil,tscv,PatchTST,NLinear,2023-10-30,80.93399810791016,96.26487731933594
Multivariate+Exogenous,exogenous,WTI Oil,Com_CrudeOil,tscv,PatchTST,XGBoost,2023-10-30,80.93399810791016,72.89286041259766
Multivariate+Exogenous,exogenous,WTI Oil,Com_CrudeOil,tscv,PatchTST,iTransformer,2023-10-30,80.93399810791016,75.70643615722656
Multivariate+Exogenous,exogenous,WTI Oil,Com_CrudeOil,tscv,PatchTST,-,2023-11-06,77.04000091552734,61.866722106933594
Multivariate+Exogenous,exogenous,WTI Oil,Com_CrudeOil,tscv,PatchTST,LightGBM,2023-11-06,77.04000091552734,65.57349395751953
Multivariate+Exogenous,exogenous,WTI Oil,Com_CrudeOil,tscv,PatchTST,NLinear,2023-11-06,77.04000091552734,93.24848937988281
Multivariate+Exogenous,exogenous,WTI Oil,Com_CrudeOil,tscv,PatchTST,XGBoost,2023-11-06,77.04000091552734,65.46549987792969
Multivariate+Exogenous,exogenous,WTI Oil,Com_CrudeOil,tscv,PatchTST,iTransformer,2023-11-06,77.04000091552734,69.90943145751953
Multivariate+Exogenous,exogenous,WTI Oil,Com_CrudeOil,tscv,PatchTST,-,2023-11-13,76.41400146484375,63.42992401123047
Multivariate+Exogenous,exogenous,WTI Oil,Com_CrudeOil,tscv,PatchTST,LightGBM,2023-11-13,76.41400146484375,67.1366958618164
Multivariate+Exogenous,exogenous,WTI Oil,Com_CrudeOil,tscv,PatchTST,NLinear,2023-11-13,76.41400146484375,98.48927307128906
Multivariate+Exogenous,exogenous,WTI Oil,Com_CrudeOil,tscv,PatchTST,XGBoost,2023-11-13,76.41400146484375,67.7277603149414
Multivariate+Exogenous,exogenous,WTI Oil,Com_CrudeOil,tscv,PatchTST,iTransformer,2023-11-13,76.41400146484375,71.55247497558594
Multivariate+Exogenous,exogenous,WTI Oil,Com_CrudeOil,tscv,PatchTST,-,2023-11-20,77.20999908447266,64.96585083007812
Multivariate+Exogenous,exogenous,WTI Oil,Com_CrudeOil,tscv,PatchTST,LightGBM,2023-11-20,77.20999908447266,68.67262268066406
Multivariate+Exogenous,exogenous,WTI Oil,Com_CrudeOil,tscv,PatchTST,NLinear,2023-11-20,77.20999908447266,103.32599639892578
Multivariate+Exogenous,exogenous,WTI Oil,Com_CrudeOil,tscv,PatchTST,XGBoost,2023-11-20,77.20999908447266,68.59362030029297
Multivariate+Exogenous,exogenous,WTI Oil,Com_CrudeOil,tscv,PatchTST,iTransformer,2023-11-20,77.20999908447266,72.59886932373047
Multivariate+Exogenous,exogenous,WTI Oil,Com_CrudeOil,tscv,PatchTST,-,2023-11-27,75.99400329589844,64.97345733642578
Multivariate+Exogenous,exogenous,WTI Oil,Com_CrudeOil,tscv,PatchTST,LightGBM,2023-11-27,75.99400329589844,69.30495834350586
Multivariate+Exogenous,exogenous,WTI Oil,Com_CrudeOil,tscv,PatchTST,NLinear,2023-11-27,75.99400329589844,94.11260986328125
Multivariate+Exogenous,exogenous,WTI Oil,Com_CrudeOil,tscv,PatchTST,XGBoost,2023-11-27,75.99400329589844,69.20306396484375
Multivariate+Exogenous,exogenous,WTI Oil,Com_CrudeOil,tscv,PatchTST,iTransformer,2023-11-27,75.99400329589844,74.22097778320312
Multivariate+Exogenous,exogenous,WTI Oil,Com_CrudeOil,tscv,PatchTST,-,2023-12-04,71.30599975585938,63.186729431152344
Multivariate+Exogenous,exogenous,WTI Oil,Com_CrudeOil,tscv,PatchTST,LightGBM,2023-12-04,71.30599975585938,67.51823043823242
Multivariate+Exogenous,exogenous,WTI Oil,Com_CrudeOil,tscv,PatchTST,NLinear,2023-12-04,71.30599975585938,93.54862213134766
Multivariate+Exogenous,exogenous,WTI Oil,Com_CrudeOil,tscv,PatchTST,XGBoost,2023-12-04,71.30599975585938,67.80221557617188
Multivariate+Exogenous,exogenous,WTI Oil,Com_CrudeOil,tscv,PatchTST,iTransformer,2023-12-04,71.30599975585938,72.1520881652832
Multivariate+Exogenous,exogenous,WTI Oil,Com_CrudeOil,tscv,PatchTST,-,2023-12-11,70.76399993896484,61.08200454711914
Multivariate+Exogenous,exogenous,WTI Oil,Com_CrudeOil,tscv,PatchTST,LightGBM,2023-12-11,70.76399993896484,65.41350555419922
Multivariate+Exogenous,exogenous,WTI Oil,Com_CrudeOil,tscv,PatchTST,NLinear,2023-12-11,70.76399993896484,92.85026550292969
Multivariate+Exogenous,exogenous,WTI Oil,Com_CrudeOil,tscv,PatchTST,XGBoost,2023-12-11,70.76399993896484,65.73101806640625
Multivariate+Exogenous,exogenous,WTI Oil,Com_CrudeOil,tscv,PatchTST,iTransformer,2023-12-11,70.76399993896484,69.7642822265625
Multivariate+Exogenous,exogenous,WTI Oil,Com_CrudeOil,tscv,PatchTST,-,2023-12-18,73.68599700927734,56.22563171386719
Multivariate+Exogenous,exogenous,WTI Oil,Com_CrudeOil,tscv,PatchTST,LightGBM,2023-12-18,73.68599700927734,60.5571346282959
Multivariate+Exogenous,exogenous,WTI Oil,Com_CrudeOil,tscv,PatchTST,NLinear,2023-12-18,73.68599700927734,88.96581268310547
Multivariate+Exogenous,exogenous,WTI Oil,Com_CrudeOil,tscv,PatchTST,XGBoost,2023-12-18,73.68599700927734,60.76810264587402
Multivariate+Exogenous,exogenous,WTI Oil,Com_CrudeOil,tscv,PatchTST,iTransformer,2023-12-18,73.68599700927734,64.63008499145508
Multivariate+Exogenous,exogenous,WTI Oil,Com_CrudeOil,tscv,PatchTST,-,2023-12-25,73.2750015258789,62.29536437988281
Multivariate+Exogenous,exogenous,WTI Oil,Com_CrudeOil,tscv,PatchTST,LightGBM,2023-12-25,73.2750015258789,66.63904698689778
Multivariate+Exogenous,exogenous,WTI Oil,Com_CrudeOil,tscv,PatchTST,NLinear,2023-12-25,73.2750015258789,88.140869140625
Multivariate+Exogenous,exogenous,WTI Oil,Com_CrudeOil,tscv,PatchTST,XGBoost,2023-12-25,73.2750015258789,66.87164688110352
Multivariate+Exogenous,exogenous,WTI Oil,Com_CrudeOil,tscv,PatchTST,iTransformer,2023-12-25,73.2750015258789,68.23268636067708
Multivariate+Exogenous,exogenous,WTI Oil,Com_CrudeOil,tscv,PatchTST,-,2024-01-01,72.2699966430664,61.83290227254232
Multivariate+Exogenous,exogenous,WTI Oil,Com_CrudeOil,tscv,PatchTST,LightGBM,2024-01-01,72.2699966430664,66.17658360799153
Multivariate+Exogenous,exogenous,WTI Oil,Com_CrudeOil,tscv,PatchTST,NLinear,2024-01-01,72.2699966430664,88.39180755615234
Multivariate+Exogenous,exogenous,WTI Oil,Com_CrudeOil,tscv,PatchTST,XGBoost,2024-01-01,72.2699966430664,66.45006306966145
Multivariate+Exogenous,exogenous,WTI Oil,Com_CrudeOil,tscv,PatchTST,iTransformer,2024-01-01,72.2699966430664,67.72069803873698
Multivariate+Exogenous,exogenous,WTI Oil,Com_CrudeOil,tscv,PatchTST,-,2024-01-08,71.9800033569336,63.18430201212565
Multivariate+Exogenous,exogenous,WTI Oil,Com_CrudeOil,tscv,PatchTST,LightGBM,2024-01-08,71.9800033569336,67.52798334757487
Multivariate+Exogenous,exogenous,WTI Oil,Com_CrudeOil,tscv,PatchTST,NLinear,2024-01-08,71.9800033569336,91.38010915120442
Multivariate+Exogenous,exogenous,WTI Oil,Com_CrudeOil,tscv,PatchTST,XGBoost,2024-01-08,71.9800033569336,67.91645177205403
Multivariate+Exogenous,exogenous,WTI Oil,Com_CrudeOil,tscv,PatchTST,iTransformer,2024-01-08,71.9800033569336,69.35173034667969
Multivariate+Exogenous,exogenous,WTI Oil,Com_CrudeOil,tscv,PatchTST,-,2024-01-15,72.99749755859375,62.406332651774086
Multivariate+Exogenous,exogenous,WTI Oil,Com_CrudeOil,tscv,PatchTST,LightGBM,2024-01-15,72.99749755859375,66.19761784871419
Multivariate+Exogenous,exogenous,WTI Oil,Com_CrudeOil,tscv,PatchTST,NLinear,2024-01-15,72.99749755859375,92.26122029622395
Multivariate+Exogenous,exogenous,WTI Oil,Com_CrudeOil,tscv,PatchTST,XGBoost,2024-01-15,72.99749755859375,66.75349553426106
Multivariate+Exogenous,exogenous,WTI Oil,Com_CrudeOil,tscv,PatchTST,iTransformer,2024-01-15,72.99749755859375,68.27590688069661
Multivariate+Exogenous,exogenous,WTI Oil,Com_CrudeOil,tscv,PatchTST,-,2024-01-22,75.79000091552734,67.0158920288086
Multivariate+Exogenous,exogenous,WTI Oil,Com_CrudeOil,tscv,PatchTST,LightGBM,2024-01-22,75.79000091552734,72.03104654947917
Multivariate+Exogenous,exogenous,WTI Oil,Com_CrudeOil,tscv,PatchTST,NLinear,2024-01-22,75.79000091552734,74.69071706136067
Multivariate+Exogenous,exogenous,WTI Oil,Com_CrudeOil,tscv,PatchTST,XGBoost,2024-01-22,75.79000091552734,72.10026295979817
Multivariate+Exogenous,exogenous,WTI Oil,Com_CrudeOil,tscv,PatchTST,iTransformer,2024-01-22,75.79000091552734,72.60050710042317
Multivariate+Exogenous,exogenous,WTI Oil,Com_CrudeOil,tscv,PatchTST,-,2024-01-29,75.2239990234375,66.10438028971355
Multivariate+Exogenous,exogenous,WTI Oil,Com_CrudeOil,tscv,PatchTST,LightGBM,2024-01-29,75.2239990234375,70.57795333862305
Multivariate+Exogenous,exogenous,WTI Oil,Com_CrudeOil,tscv,PatchTST,NLinear,2024-01-29,75.2239990234375,72.09948221842448
Multivariate+Exogenous,exogenous,WTI Oil,Com_CrudeOil,tscv,PatchTST,XGBoost,2024-01-29,75.2239990234375,70.96555201212566
Multivariate+Exogenous,exogenous,WTI Oil,Com_CrudeOil,tscv,PatchTST,iTransformer,2024-01-29,75.2239990234375,71.30020650227864
Multivariate+Exogenous,exogenous,WTI Oil,Com_CrudeOil,tscv,PatchTST,-,2024-02-05,74.552001953125,62.91189193725586
Multivariate+Exogenous,exogenous,WTI Oil,Com_CrudeOil,tscv,PatchTST,LightGBM,2024-02-05,74.552001953125,67.82357788085938
Multivariate+Exogenous,exogenous,WTI Oil,Com_CrudeOil,tscv,PatchTST,NLinear,2024-02-05,74.552001953125,66.87198130289714
Multivariate+Exogenous,exogenous,WTI Oil,Com_CrudeOil,tscv,PatchTST,XGBoost,2024-02-05,74.552001953125,68.16890207926433
Multivariate+Exogenous,exogenous,WTI Oil,Com_CrudeOil,tscv,PatchTST,iTransformer,2024-02-05,74.552001953125,68.26476542154948
Multivariate+Exogenous,exogenous,WTI Oil,Com_CrudeOil,tscv,PatchTST,-,2024-02-12,77.04000091552734,63.283355712890625
Multivariate+Exogenous,exogenous,WTI Oil,Com_CrudeOil,tscv,PatchTST,LightGBM,2024-02-12,77.04000091552734,68.52684148152669
Multivariate+Exogenous,exogenous,WTI Oil,Com_CrudeOil,tscv,PatchTST,NLinear,2024-02-12,77.04000091552734,65.93509928385417
Multivariate+Exogenous,exogenous,WTI Oil,Com_CrudeOil,tscv,PatchTST,XGBoost,2024-02-12,77.04000091552734,68.1554578145345
Multivariate+Exogenous,exogenous,WTI Oil,Com_CrudeOil,tscv,PatchTST,iTransformer,2024-02-12,77.04000091552734,68.96914037068684
Multivariate+Exogenous,exogenous,WTI Oil,Com_CrudeOil,tscv,PatchTST,-,2024-02-19,76.98500061035156,71.77927652994792
Multivariate+Exogenous,exogenous,WTI Oil,Com_CrudeOil,tscv,PatchTST,LightGBM,2024-02-19,76.98500061035156,77.7349624633789
Multivariate+Exogenous,exogenous,WTI Oil,Com_CrudeOil,tscv,PatchTST,NLinear,2024-02-19,76.98500061035156,76.97792053222656
Multivariate+Exogenous,exogenous,WTI Oil,Com_CrudeOil,tscv,PatchTST,XGBoost,2024-02-19,76.98500061035156,77.44772084554036
Multivariate+Exogenous,exogenous,WTI Oil,Com_CrudeOil,tscv,PatchTST,iTransformer,2024-02-19,76.98500061035156,76.90741729736328
Multivariate+Exogenous,exogenous,WTI Oil,Com_CrudeOil,tscv,PatchTST,-,2024-02-26,77.93800354003906,70.42286682128906
Multivariate+Exogenous,exogenous,WTI Oil,Com_CrudeOil,tscv,PatchTST,LightGBM,2024-02-26,77.93800354003906,76.2052001953125
Multivariate+Exogenous,exogenous,WTI Oil,Com_CrudeOil,tscv,PatchTST,NLinear,2024-02-26,77.93800354003906,75.44980367024739
Multivariate+Exogenous,exogenous,WTI Oil,Com_CrudeOil,tscv,PatchTST,XGBoost,2024-02-26,77.93800354003906,75.72012329101562
Multivariate+Exogenous,exogenous,WTI Oil,Com_CrudeOil,tscv,PatchTST,iTransformer,2024-02-26,77.93800354003906,75.5754165649414
Multivariate+Exogenous,exogenous,WTI Oil,Com_CrudeOil,tscv,PatchTST,-,2024-03-04,77.96199798583984,66.71592203776042
Multivariate+Exogenous,exogenous,WTI Oil,Com_CrudeOil,tscv,PatchTST,LightGBM,2024-03-04,77.96199798583984,72.74667358398438
Multivariate+Exogenous,exogenous,WTI Oil,Com_CrudeOil,tscv,PatchTST,NLinear,2024-03-04,77.96199798583984,72.08301035563152
Multivariate+Exogenous,exogenous,WTI Oil,Com_CrudeOil,tscv,PatchTST,XGBoost,2024-03-04,77.96199798583984,72.23182932535808
Multivariate+Exogenous,exogenous,WTI Oil,Com_CrudeOil,tscv,PatchTST,iTransformer,2024-03-04,77.96199798583984,71.43698374430339
Multivariate+Exogenous,exogenous,WTI Oil,Com_CrudeOil,tscv,PatchTST,-,2024-03-11,79.08000183105469,68.77143859863281
Multivariate+Exogenous,exogenous,WTI Oil,Com_CrudeOil,tscv,PatchTST,LightGBM,2024-03-11,79.08000183105469,74.47279357910156
Multivariate+Exogenous,exogenous,WTI Oil,Com_CrudeOil,tscv,PatchTST,NLinear,2024-03-11,79.08000183105469,73.96060434977214
Multivariate+Exogenous,exogenous,WTI Oil,Com_CrudeOil,tscv,PatchTST,XGBoost,2024-03-11,79.08000183105469,74.25919850667317
Multivariate+Exogenous,exogenous,WTI Oil,Com_CrudeOil,tscv,PatchTST,iTransformer,2024-03-11,79.08000183105469,73.46036783854167
Multivariate+Exogenous,exogenous,WTI Oil,Com_CrudeOil,tscv,PatchTST,-,2024-03-18,81.5719985961914,72.55711619059245
Multivariate+Exogenous,exogenous,WTI Oil,Com_CrudeOil,tscv,PatchTST,LightGBM,2024-03-18,81.5719985961914,79.14206186930339
Multivariate+Exogenous,exogenous,WTI Oil,Com_CrudeOil,tscv,PatchTST,NLinear,2024-03-18,81.5719985961914,84.67516072591145
Multivariate+Exogenous,exogenous,WTI Oil,Com_CrudeOil,tscv,PatchTST,XGBoost,2024-03-18,81.5719985961914,79.1511459350586
Multivariate+Exogenous,exogenous,WTI Oil,Com_CrudeOil,tscv,PatchTST,iTransformer,2024-03-18,81.5719985961914,76.81299591064453
Multivariate+Exogenous,exogenous,WTI Oil,Com_CrudeOil,tscv,PatchTST,-,2024-03-25,82.2426986694336,69.33926391601562
Multivariate+Exogenous,exogenous,WTI Oil,Com_CrudeOil,tscv,PatchTST,LightGBM,2024-03-25,82.2426986694336,76.3667729695638
Multivariate+Exogenous,exogenous,WTI Oil,Com_CrudeOil,tscv,PatchTST,NLinear,2024-03-25,82.2426986694336,81.09213765462239
Multivariate+Exogenous,exogenous,WTI Oil,Com_CrudeOil,tscv,PatchTST,XGBoost,2024-03-25,82.2426986694336,75.98902384440105
Multivariate+Exogenous,exogenous,WTI Oil,Com_CrudeOil,tscv,PatchTST,iTransformer,2024-03-25,82.2426986694336,73.73775227864583
Multivariate+Exogenous,exogenous,WTI Oil,Com_CrudeOil,tscv,PatchTST,-,2024-04-01,85.55799865722656,68.60979461669922
Multivariate+Exogenous,exogenous,WTI Oil,Com_CrudeOil,tscv,PatchTST,LightGBM,2024-04-01,85.55799865722656,74.95674387613933
Multivariate+Exogenous,exogenous,WTI Oil,Com_CrudeOil,tscv,PatchTST,NLinear,2024-04-01,85.55799865722656,79.80569966634114
Multivariate+Exogenous,exogenous,WTI Oil,Com_CrudeOil,tscv,PatchTST,XGBoost,2024-04-01,85.55799865722656,75.53573354085286
Multivariate+Exogenous,exogenous,WTI Oil,Com_CrudeOil,tscv,PatchTST,iTransformer,2024-04-01,85.55799865722656,72.8408203125
Multivariate+Exogenous,exogenous,WTI Oil,Com_CrudeOil,tscv,PatchTST,-,2024-04-08,85.70999908447266,70.32958221435547
Multivariate+Exogenous,exogenous,WTI Oil,Com_CrudeOil,tscv,PatchTST,LightGBM,2024-04-08,85.70999908447266,77.07111104329427
Multivariate+Exogenous,exogenous,WTI Oil,Com_CrudeOil,tscv,PatchTST,NLinear,2024-04-08,85.70999908447266,81.05953470865886
Multivariate+Exogenous,exogenous,WTI Oil,Com_CrudeOil,tscv,PatchTST,XGBoost,2024-04-08,85.70999908447266,77.49477132161458
Multivariate+Exogenous,exogenous,WTI Oil,Com_CrudeOil,tscv,PatchTST,iTransformer,2024-04-08,85.70999908447266,74.80259450276692
Multivariate+Exogenous,exogenous,WTI Oil,Com_CrudeOil,tscv,PatchTST,-,2024-04-15,83.74513244628906,70.96964772542317
Multivariate+Exogenous,exogenous,WTI Oil,Com_CrudeOil,tscv,PatchTST,LightGBM,2024-04-15,83.74513244628906,79.8823013305664
Multivariate+Exogenous,exogenous,WTI Oil,Com_CrudeOil,tscv,PatchTST,NLinear,2024-04-15,83.74513244628906,89.95421346028645
Multivariate+Exogenous,exogenous,WTI Oil,Com_CrudeOil,tscv,PatchTST,XGBoost,2024-04-15,83.74513244628906,79.91044108072917
Multivariate+Exogenous,exogenous,WTI Oil,Com_CrudeOil,tscv,PatchTST,iTransformer,2024-04-15,83.74513244628906,79.91739400227864
Multivariate+Exogenous,exogenous,WTI Oil,Com_CrudeOil,tscv,PatchTST,-,2024-04-22,83.15287780761719,70.54809315999348
Multivariate+Exogenous,exogenous,WTI Oil,Com_CrudeOil,tscv,PatchTST,LightGBM,2024-04-22,83.15287780761719,78.91558837890625
Multivariate+Exogenous,exogenous,WTI Oil,Com_CrudeOil,tscv,PatchTST,NLinear,2024-04-22,83.15287780761719,89.59161885579427
Multivariate+Exogenous,exogenous,WTI Oil,Com_CrudeOil,tscv,PatchTST,XGBoost,2024-04-22,83.15287780761719,78.1538823445638
Multivariate+Exogenous,exogenous,WTI Oil,Com_CrudeOil,tscv,PatchTST,iTransformer,2024-04-22,83.15287780761719,79.28657786051433
Multivariate+Exogenous,exogenous,WTI Oil,Com_CrudeOil,tscv,PatchTST,-,2024-04-29,80.14189910888672,69.0658442179362
Multivariate+Exogenous,exogenous,WTI Oil,Com_CrudeOil,tscv,PatchTST,LightGBM,2024-04-29,80.14189910888672,77.27241516113281
Multivariate+Exogenous,exogenous,WTI Oil,Com_CrudeOil,tscv,PatchTST,NLinear,2024-04-29,80.14189910888672,88.54561360677083
Multivariate+Exogenous,exogenous,WTI Oil,Com_CrudeOil,tscv,PatchTST,XGBoost,2024-04-29,80.14189910888672,76.79030863444011
Multivariate+Exogenous,exogenous,WTI Oil,Com_CrudeOil,tscv,PatchTST,iTransformer,2024-04-29,80.14189910888672,78.45361073811848
Multivariate+Exogenous,exogenous,WTI Oil,Com_CrudeOil,tscv,PatchTST,-,2024-05-06,78.67400360107422,72.02542368570964
Multivariate+Exogenous,exogenous,WTI Oil,Com_CrudeOil,tscv,PatchTST,LightGBM,2024-05-06,78.67400360107422,79.66254170735677
Multivariate+Exogenous,exogenous,WTI Oil,Com_CrudeOil,tscv,PatchTST,NLinear,2024-05-06,78.67400360107422,91.6773198445638
Multivariate+Exogenous,exogenous,WTI Oil,Com_CrudeOil,tscv,PatchTST,XGBoost,2024-05-06,78.67400360107422,79.27511596679688
Multivariate+Exogenous,exogenous,WTI Oil,Com_CrudeOil,tscv,PatchTST,iTransformer,2024-05-06,78.67400360107422,81.78806559244792
Multivariate+Exogenous,exogenous,WTI Oil,Com_CrudeOil,tscv,PatchTST,-,2024-05-13,78.81800079345703,71.98599243164062
Multivariate+Exogenous,exogenous,WTI Oil,Com_CrudeOil,tscv,PatchTST,LightGBM,2024-05-13,78.81800079345703,80.25879160563152
Multivariate+Exogenous,exogenous,WTI Oil,Com_CrudeOil,tscv,PatchTST,NLinear,2024-05-13,78.81800079345703,98.01897430419922
Multivariate+Exogenous,exogenous,WTI Oil,Com_CrudeOil,tscv,PatchTST,XGBoost,2024-05-13,78.81800079345703,79.2480239868164
Multivariate+Exogenous,exogenous,WTI Oil,Com_CrudeOil,tscv,PatchTST,iTransformer,2024-05-13,78.81800079345703,79.77859242757161
Multivariate+Exogenous,exogenous,WTI Oil,Com_CrudeOil,tscv,PatchTST,-,2024-05-20,78.02400207519531,66.7580795288086
Multivariate+Exogenous,exogenous,WTI Oil,Com_CrudeOil,tscv,PatchTST,LightGBM,2024-05-20,78.02400207519531,74.44205474853516
Multivariate+Exogenous,exogenous,WTI Oil,Com_CrudeOil,tscv,PatchTST,NLinear,2024-05-20,78.02400207519531,93.41773478190105
Multivariate+Exogenous,exogenous,WTI Oil,Com_CrudeOil,tscv,PatchTST,XGBoost,2024-05-20,78.02400207519531,74.04544576009114
Multivariate+Exogenous,exogenous,WTI Oil,Com_CrudeOil,tscv,PatchTST,iTransformer,2024-05-20,78.02400207519531,74.59585062662761
Multivariate+Exogenous,exogenous,WTI Oil,Com_CrudeOil,tscv,PatchTST,-,2024-05-27,78.5094985961914,69.77073415120442
Multivariate+Exogenous,exogenous,WTI Oil,Com_CrudeOil,tscv,PatchTST,LightGBM,2024-05-27,78.5094985961914,77.46913401285808
Multivariate+Exogenous,exogenous,WTI Oil,Com_CrudeOil,tscv,PatchTST,NLinear,2024-05-27,78.5094985961914,96.67123413085938
Multivariate+Exogenous,exogenous,WTI Oil,Com_CrudeOil,tscv,PatchTST,XGBoost,2024-05-27,78.5094985961914,76.5654296875
Multivariate+Exogenous,exogenous,WTI Oil,Com_CrudeOil,tscv,PatchTST,iTransformer,2024-05-27,78.5094985961914,77.6189193725586
Multivariate+Exogenous,exogenous,WTI Oil,Com_CrudeOil,tscv,PatchTST,-,2024-06-03,74.52400207519531,67.78244272867839
Multivariate+Exogenous,exogenous,WTI Oil,Com_CrudeOil,tscv,PatchTST,LightGBM,2024-06-03,74.52400207519531,74.98236846923828
Multivariate+Exogenous,exogenous,WTI Oil,Com_CrudeOil,tscv,PatchTST,NLinear,2024-06-03,74.52400207519531,94.79676055908203
Multivariate+Exogenous,exogenous,WTI Oil,Com_CrudeOil,tscv,PatchTST,XGBoost,2024-06-03,74.52400207519531,74.33427174886067
Multivariate+Exogenous,exogenous,WTI Oil,Com_CrudeOil,tscv,PatchTST,iTransformer,2024-06-03,74.52400207519531,75.81107584635417
Multivariate+Exogenous,exogenous,WTI Oil,Com_CrudeOil,tscv,PatchTST,-,2024-06-10,78.16200256347656,69.70476531982422
Multivariate+Exogenous,exogenous,WTI Oil,Com_CrudeOil,tscv,PatchTST,LightGBM,2024-06-10,78.16200256347656,79.60665130615234
Multivariate+Exogenous,exogenous,WTI Oil,Com_CrudeOil,tscv,PatchTST,NLinear,2024-06-10,78.16200256347656,87.03281656901042
Multivariate+Exogenous,exogenous,WTI Oil,Com_CrudeOil,tscv,PatchTST,XGBoost,2024-06-10,78.16200256347656,78.30331420898438
Multivariate+Exogenous,exogenous,WTI Oil,Com_CrudeOil,tscv,PatchTST,iTransformer,2024-06-10,78.16200256347656,84.0327860514323
Multivariate+Exogenous,exogenous,WTI Oil,Com_CrudeOil,tscv,PatchTST,-,2024-06-17,80.61250305175781,68.30490493774414
Multivariate+Exogenous,exogenous,WTI Oil,Com_CrudeOil,tscv,PatchTST,LightGBM,2024-06-17,80.61250305175781,77.92680104573567
Multivariate+Exogenous,exogenous,WTI Oil,Com_CrudeOil,tscv,PatchTST,NLinear,2024-06-17,80.61250305175781,85.40449523925781
Multivariate+Exogenous,exogenous,WTI Oil,Com_CrudeOil,tscv,PatchTST,XGBoost,2024-06-17,80.61250305175781,76.18389892578125
Multivariate+Exogenous,exogenous,WTI Oil,Com_CrudeOil,tscv,PatchTST,iTransformer,2024-06-17,80.61250305175781,82.32445780436198
Multivariate+Exogenous,exogenous,WTI Oil,Com_CrudeOil,tscv,PatchTST,-,2024-06-24,81.3280029296875,70.59785715738933
Multivariate+Exogenous,exogenous,WTI Oil,Com_CrudeOil,tscv,PatchTST,LightGBM,2024-06-24,81.3280029296875,79.31993865966797
Multivariate+Exogenous,exogenous,WTI Oil,Com_CrudeOil,tscv,PatchTST,NLinear,2024-06-24,81.3280029296875,87.33489481608073
Multivariate+Exogenous,exogenous,WTI Oil,Com_CrudeOil,tscv,PatchTST,XGBoost,2024-06-24,81.3280029296875,77.70827738444011
Multivariate+Exogenous,exogenous,WTI Oil,Com_CrudeOil,tscv,PatchTST,iTransformer,2024-06-24,81.3280029296875,84.31055704752605
Multivariate+Exogenous,exogenous,WTI Oil,Com_CrudeOil,tscv,PatchTST,-,2024-07-01,83.31356048583984,69.83914184570312
Multivariate+Exogenous,exogenous,WTI Oil,Com_CrudeOil,tscv,PatchTST,LightGBM,2024-07-01,83.31356048583984,78.50665028889973
Multivariate+Exogenous,exogenous,WTI Oil,Com_CrudeOil,tscv,PatchTST,NLinear,2024-07-01,83.31356048583984,86.08850606282552
Multivariate+Exogenous,exogenous,WTI Oil,Com_CrudeOil,tscv,PatchTST,XGBoost,2024-07-01,83.31356048583984,78.42459869384766
Multivariate+Exogenous,exogenous,WTI Oil,Com_CrudeOil,tscv,PatchTST,iTransformer,2024-07-01,83.31356048583984,83.6836929321289
Multivariate+Exogenous,exogenous,WTI Oil,Com_CrudeOil,tscv,PatchTST,-,2024-07-08,82.13400268554688,69.79063924153645
Multivariate+Exogenous,exogenous,WTI Oil,Com_CrudeOil,tscv,PatchTST,LightGBM,2024-07-08,82.13400268554688,79.58196258544922
Multivariate+Exogenous,exogenous,WTI Oil,Com_CrudeOil,tscv,PatchTST,NLinear,2024-07-08,82.13400268554688,84.51033274332683
Multivariate+Exogenous,exogenous,WTI Oil,Com_CrudeOil,tscv,PatchTST,XGBoost,2024-07-08,82.13400268554688,78.87998708089192
Multivariate+Exogenous,exogenous,WTI Oil,Com_CrudeOil,tscv,PatchTST,iTransformer,2024-07-08,82.13400268554688,81.62552642822266
Multivariate+Exogenous,exogenous,WTI Oil,Com_CrudeOil,tscv,PatchTST,-,2024-07-15,80.80999755859375,70.31021372477214
Multivariate+Exogenous,exogenous,WTI Oil,Com_CrudeOil,tscv,PatchTST,LightGBM,2024-07-15,80.80999755859375,80.63037872314453
Multivariate+Exogenous,exogenous,WTI Oil,Com_CrudeOil,tscv,PatchTST,NLinear,2024-07-15,80.80999755859375,83.34032185872395
Multivariate+Exogenous,exogenous,WTI Oil,Com_CrudeOil,tscv,PatchTST,XGBoost,2024-07-15,80.80999755859375,80.38233947753906
Multivariate+Exogenous,exogenous,WTI Oil,Com_CrudeOil,tscv,PatchTST,iTransformer,2024-07-15,80.80999755859375,82.06476338704427
Multivariate+Exogenous,exogenous,WTI Oil,Com_CrudeOil,tscv,PatchTST,-,2024-07-22,77.6780014038086,69.35507456461589
Multivariate+Exogenous,exogenous,WTI Oil,Com_CrudeOil,tscv,PatchTST,LightGBM,2024-07-22,77.6780014038086,79.2649154663086
Multivariate+Exogenous,exogenous,WTI Oil,Com_CrudeOil,tscv,PatchTST,NLinear,2024-07-22,77.6780014038086,81.54018656412761
Multivariate+Exogenous,exogenous,WTI Oil,Com_CrudeOil,tscv,PatchTST,XGBoost,2024-07-22,77.6780014038086,79.02197774251302
Multivariate+Exogenous,exogenous,WTI Oil,Com_CrudeOil,tscv,PatchTST,iTransformer,2024-07-22,77.6780014038086,81.45660146077473
Multivariate+Exogenous,exogenous,WTI Oil,Com_CrudeOil,tscv,PatchTST,-,2024-07-29,75.65599822998047,66.74503072102864
Multivariate+Exogenous,exogenous,WTI Oil,Com_CrudeOil,tscv,PatchTST,LightGBM,2024-07-29,75.65599822998047,76.75069681803386
Multivariate+Exogenous,exogenous,WTI Oil,Com_CrudeOil,tscv,PatchTST,NLinear,2024-07-29,75.65599822998047,77.32473246256511
Multivariate+Exogenous,exogenous,WTI Oil,Com_CrudeOil,tscv,PatchTST,XGBoost,2024-07-29,75.65599822998047,76.84597651163737
Multivariate+Exogenous,exogenous,WTI Oil,Com_CrudeOil,tscv,PatchTST,iTransformer,2024-07-29,75.65599822998047,78.18665059407552
Multivariate+Exogenous,exogenous,WTI Oil,Com_CrudeOil,tscv,PatchTST,-,2024-08-05,74.87999725341797,71.37843322753906
Multivariate+Exogenous,exogenous,WTI Oil,Com_CrudeOil,tscv,PatchTST,LightGBM,2024-08-05,74.87999725341797,85.37028503417969
Multivariate+Exogenous,exogenous,WTI Oil,Com_CrudeOil,tscv,PatchTST,NLinear,2024-08-05,74.87999725341797,77.11176045735677
Multivariate+Exogenous,exogenous,WTI Oil,Com_CrudeOil,tscv,PatchTST,XGBoost,2024-08-05,74.87999725341797,84.79403177897136
Multivariate+Exogenous,exogenous,WTI Oil,Com_CrudeOil,tscv,PatchTST,iTransformer,2024-08-05,74.87999725341797,84.99200185139973
Multivariate+Exogenous,exogenous,WTI Oil,Com_CrudeOil,tscv,PatchTST,-,2024-08-12,77.58399963378906,69.60921732584636
Multivariate+Exogenous,exogenous,WTI Oil,Com_CrudeOil,tscv,PatchTST,LightGBM,2024-08-12,77.58399963378906,83.38179016113281
Multivariate+Exogenous,exogenous,WTI Oil,Com_CrudeOil,tscv,PatchTST,NLinear,2024-08-12,77.58399963378906,74.14144388834636
Multivariate+Exogenous,exogenous,WTI Oil,Com_CrudeOil,tscv,PatchTST,XGBoost,2024-08-12,77.58399963378906,83.18079630533855
Multivariate+Exogenous,exogenous,WTI Oil,Com_CrudeOil,tscv,PatchTST,iTransformer,2024-08-12,77.58399963378906,82.94464365641277
Multivariate+Exogenous,exogenous,WTI Oil,Com_CrudeOil,tscv,PatchTST,-,2024-08-19,73.31999969482422,69.54715220133464
Multivariate+Exogenous,exogenous,WTI Oil,Com_CrudeOil,tscv,PatchTST,LightGBM,2024-08-19,73.31999969482422,82.96630096435547
Multivariate+Exogenous,exogenous,WTI Oil,Com_CrudeOil,tscv,PatchTST,NLinear,2024-08-19,73.31999969482422,72.56064097086589
Multivariate+Exogenous,exogenous,WTI Oil,Com_CrudeOil,tscv,PatchTST,XGBoost,2024-08-19,73.31999969482422,82.28253936767578
Multivariate+Exogenous,exogenous,WTI Oil,Com_CrudeOil,tscv,PatchTST,iTransformer,2024-08-19,73.31999969482422,83.04638671875
Multivariate+Exogenous,exogenous,WTI Oil,Com_CrudeOil,tscv,PatchTST,-,2024-08-26,75.38600158691406,69.37323252360027
Multivariate+Exogenous,exogenous,WTI Oil,Com_CrudeOil,tscv,PatchTST,LightGBM,2024-08-26,75.38600158691406,82.58132425944011
Multivariate+Exogenous,exogenous,WTI Oil,Com_CrudeOil,tscv,PatchTST,NLinear,2024-08-26,75.38600158691406,70.6419677734375
Multivariate+Exogenous,exogenous,WTI Oil,Com_CrudeOil,tscv,PatchTST,XGBoost,2024-08-26,75.38600158691406,82.81444549560547
Multivariate+Exogenous,exogenous,WTI Oil,Com_CrudeOil,tscv,PatchTST,iTransformer,2024-08-26,75.38600158691406,82.54110209147136
Multivariate+Exogenous,exogenous,WTI Oil,Com_CrudeOil,tscv,PatchTST,-,2024-09-02,70.08424377441406,65.78877512613933
Multivariate+Exogenous,exogenous,WTI Oil,Com_CrudeOil,tscv,PatchTST,LightGBM,2024-09-02,70.08424377441406,74.8570048014323
Multivariate+Exogenous,exogenous,WTI Oil,Com_CrudeOil,tscv,PatchTST,NLinear,2024-09-02,70.08424377441406,79.7718989054362
Multivariate+Exogenous,exogenous,WTI Oil,Com_CrudeOil,tscv,PatchTST,XGBoost,2024-09-02,70.08424377441406,76.88212076822917
Multivariate+Exogenous,exogenous,WTI Oil,Com_CrudeOil,tscv,PatchTST,iTransformer,2024-09-02,70.08424377441406,74.87122599283855
Multivariate+Exogenous,exogenous,WTI Oil,Com_CrudeOil,tscv,PatchTST,-,2024-09-09,67.87799835205078,68.94391632080078
Multivariate+Exogenous,exogenous,WTI Oil,Com_CrudeOil,tscv,PatchTST,LightGBM,2024-09-09,67.87799835205078,77.75729115804036
Multivariate+Exogenous,exogenous,WTI Oil,Com_CrudeOil,tscv,PatchTST,NLinear,2024-09-09,67.87799835205078,82.94290669759114
Multivariate+Exogenous,exogenous,WTI Oil,Com_CrudeOil,tscv,PatchTST,XGBoost,2024-09-09,67.87799835205078,79.93998463948567
Multivariate+Exogenous,exogenous,WTI Oil,Com_CrudeOil,tscv,PatchTST,iTransformer,2024-09-09,67.87799835205078,75.38055419921875
Multivariate+Exogenous,exogenous,WTI Oil,Com_CrudeOil,tscv,PatchTST,-,2024-09-16,70.41799926757812,68.05046844482422
Multivariate+Exogenous,exogenous,WTI Oil,Com_CrudeOil,tscv,PatchTST,LightGBM,2024-09-16,70.41799926757812,76.3360087076823
Multivariate+Exogenous,exogenous,WTI Oil,Com_CrudeOil,tscv,PatchTST,NLinear,2024-09-16,70.41799926757812,82.22526041666667
Multivariate+Exogenous,exogenous,WTI Oil,Com_CrudeOil,tscv,PatchTST,XGBoost,2024-09-16,70.41799926757812,77.6868896484375
Multivariate+Exogenous,exogenous,WTI Oil,Com_CrudeOil,tscv,PatchTST,iTransformer,2024-09-16,70.41799926757812,74.19755554199219
Multivariate+Exogenous,exogenous,WTI Oil,Com_CrudeOil,tscv,PatchTST,-,2024-09-23,69.49400329589844,66.89868291219075
Multivariate+Exogenous,exogenous,WTI Oil,Com_CrudeOil,tscv,PatchTST,LightGBM,2024-09-23,69.49400329589844,75.03792317708333
Multivariate+Exogenous,exogenous,WTI Oil,Com_CrudeOil,tscv,PatchTST,NLinear,2024-09-23,69.49400329589844,81.04854838053386
Multivariate+Exogenous,exogenous,WTI Oil,Com_CrudeOil,tscv,PatchTST,XGBoost,2024-09-23,69.49400329589844,76.88641866048177
Multivariate+Exogenous,exogenous,WTI Oil,Com_CrudeOil,tscv,PatchTST,iTransformer,2024-09-23,69.49400329589844,73.4656982421875
Multivariate+Exogenous,exogenous,WTI Oil,Com_CrudeOil,tscv,PatchTST,-,2024-09-30,71.23799896240234,66.52514266967773
Multivariate+Exogenous,exogenous,WTI Oil,Com_CrudeOil,tscv,PatchTST,LightGBM,2024-09-30,71.23799896240234,73.13441212972005
Multivariate+Exogenous,exogenous,WTI Oil,Com_CrudeOil,tscv,PatchTST,NLinear,2024-09-30,71.23799896240234,75.52807871500652
Multivariate+Exogenous,exogenous,WTI Oil,Com_CrudeOil,tscv,PatchTST,XGBoost,2024-09-30,71.23799896240234,76.13993581136067
Multivariate+Exogenous,exogenous,WTI Oil,Com_CrudeOil,tscv,PatchTST,iTransformer,2024-09-30,71.23799896240234,71.84645080566406
Multivariate+Exogenous,exogenous,WTI Oil,Com_CrudeOil,tscv,PatchTST,-,2024-10-07,75.0719985961914,66.1012674967448
Multivariate+Exogenous,exogenous,WTI Oil,Com_CrudeOil,tscv,PatchTST,LightGBM,2024-10-07,75.0719985961914,72.61897277832031
Multivariate+Exogenous,exogenous,WTI Oil,Com_CrudeOil,tscv,PatchTST,NLinear,2024-10-07,75.0719985961914,75.27948252360027
Multivariate+Exogenous,exogenous,WTI Oil,Com_CrudeOil,tscv,PatchTST,XGBoost,2024-10-07,75.0719985961914,74.73219807942708
Multivariate+Exogenous,exogenous,WTI Oil,Com_CrudeOil,tscv,PatchTST,iTransformer,2024-10-07,75.0719985961914,71.03747940063477
Multivariate+Exogenous,exogenous,WTI Oil,Com_CrudeOil,tscv,PatchTST,-,2024-10-14,70.71600341796875,66.9137191772461
Multivariate+Exogenous,exogenous,WTI Oil,Com_CrudeOil,tscv,PatchTST,LightGBM,2024-10-14,70.71600341796875,73.97514343261719
Multivariate+Exogenous,exogenous,WTI Oil,Com_CrudeOil,tscv,PatchTST,NLinear,2024-10-14,70.71600341796875,76.35836537679036
Multivariate+Exogenous,exogenous,WTI Oil,Com_CrudeOil,tscv,PatchTST,XGBoost,2024-10-14,70.71600341796875,74.88733418782552
Multivariate+Exogenous,exogenous,WTI Oil,Com_CrudeOil,tscv,PatchTST,iTransformer,2024-10-14,70.71600341796875,71.99349975585938
Multivariate+Exogenous,exogenous,WTI Oil,Com_CrudeOil,tscv,PatchTST,-,2024-10-21,70.90399932861328,67.72939046223958
Multivariate+Exogenous,exogenous,WTI Oil,Com_CrudeOil,tscv,PatchTST,LightGBM,2024-10-21,70.90399932861328,75.07167561848958
Multivariate+Exogenous,exogenous,WTI Oil,Com_CrudeOil,tscv,PatchTST,NLinear,2024-10-21,70.90399932861328,77.51999155680339
Multivariate+Exogenous,exogenous,WTI Oil,Com_CrudeOil,tscv,PatchTST,XGBoost,2024-10-21,70.90399932861328,76.12997436523438
Multivariate+Exogenous,exogenous,WTI Oil,Com_CrudeOil,tscv,PatchTST,iTransformer,2024-10-21,70.90399932861328,72.05980936686198
Multivariate+Exogenous,exogenous,WTI Oil,Com_CrudeOil,tscv,PatchTST,-,2024-10-28,68.38999938964844,64.56239318847656
Multivariate+Exogenous,exogenous,WTI Oil,Com_CrudeOil,tscv,PatchTST,LightGBM,2024-10-28,68.38999938964844,71.18509165445964
Multivariate+Exogenous,exogenous,WTI Oil,Com_CrudeOil,tscv,PatchTST,NLinear,2024-10-28,68.38999938964844,73.92606862386067
Multivariate+Exogenous,exogenous,WTI Oil,Com_CrudeOil,tscv,PatchTST,XGBoost,2024-10-28,68.38999938964844,70.3874028523763
Multivariate+Exogenous,exogenous,WTI Oil,Com_CrudeOil,tscv,PatchTST,iTransformer,2024-10-28,68.38999938964844,70.74256388346355
Multivariate+Exogenous,exogenous,WTI Oil,Com_CrudeOil,tscv,PatchTST,-,2024-11-04,71.5780029296875,60.24964904785156
Multivariate+Exogenous,exogenous,WTI Oil,Com_CrudeOil,tscv,PatchTST,LightGBM,2024-11-04,71.5780029296875,67.0322265625
Multivariate+Exogenous,exogenous,WTI Oil,Com_CrudeOil,tscv,PatchTST,NLinear,2024-11-04,71.5780029296875,71.48031107584636
Multivariate+Exogenous,exogenous,WTI Oil,Com_CrudeOil,tscv,PatchTST,XGBoost,2024-11-04,71.5780029296875,65.86920166015625
Multivariate+Exogenous,exogenous,WTI Oil,Com_CrudeOil,tscv,PatchTST,iTransformer,2024-11-04,71.5780029296875,66.16950225830078
Multivariate+Exogenous,exogenous,WTI Oil,Com_CrudeOil,tscv,PatchTST,-,2024-11-11,68.04199981689453,60.8509407043457
Multivariate+Exogenous,exogenous,WTI Oil,Com_CrudeOil,tscv,PatchTST,LightGBM,2024-11-11,68.04199981689453,67.63351949055989
Multivariate+Exogenous,exogenous,WTI Oil,Com_CrudeOil,tscv,PatchTST,NLinear,2024-11-11,68.04199981689453,73.61627451578777
Multivariate+Exogenous,exogenous,WTI Oil,Com_CrudeOil,tscv,PatchTST,XGBoost,2024-11-11,68.04199981689453,67.21962483723958
Multivariate+Exogenous,exogenous,WTI Oil,Com_CrudeOil,tscv,PatchTST,iTransformer,2024-11-11,68.04199981689453,67.17153422037761
Multivariate+Exogenous,exogenous,WTI Oil,Com_CrudeOil,tscv,PatchTST,-,2024-11-18,69.69999694824219,60.012072245279946
Multivariate+Exogenous,exogenous,WTI Oil,Com_CrudeOil,tscv,PatchTST,LightGBM,2024-11-18,69.69999694824219,66.82313028971355
Multivariate+Exogenous,exogenous,WTI Oil,Com_CrudeOil,tscv,PatchTST,NLinear,2024-11-18,69.69999694824219,73.1881103515625
Multivariate+Exogenous,exogenous,WTI Oil,Com_CrudeOil,tscv,PatchTST,XGBoost,2024-11-18,69.69999694824219,66.17550150553386
Multivariate+Exogenous,exogenous,WTI Oil,Com_CrudeOil,tscv,PatchTST,iTransformer,2024-11-18,69.69999694824219,66.54177983601888
Multivariate+Exogenous,exogenous,WTI Oil,Com_CrudeOil,tscv,PatchTST,-,2024-11-25,68.7181167602539,62.91810862223307
Multivariate+Exogenous,exogenous,WTI Oil,Com_CrudeOil,tscv,PatchTST,LightGBM,2024-11-25,68.7181167602539,72.40024058024089
Multivariate+Exogenous,exogenous,WTI Oil,Com_CrudeOil,tscv,PatchTST,NLinear,2024-11-25,68.7181167602539,77.52385965983073
Multivariate+Exogenous,exogenous,WTI Oil,Com_CrudeOil,tscv,PatchTST,XGBoost,2024-11-25,68.7181167602539,72.09819412231445
Multivariate+Exogenous,exogenous,WTI Oil,Com_CrudeOil,tscv,PatchTST,iTransformer,2024-11-25,68.7181167602539,71.94598642985027
Multivariate+Exogenous,exogenous,WTI Oil,Com_CrudeOil,tscv,PatchTST,-,2024-12-02,68.11045837402344,58.21620178222656
Multivariate+Exogenous,exogenous,WTI Oil,Com_CrudeOil,tscv,PatchTST,LightGBM,2024-12-02,68.11045837402344,67.72681045532227
Multivariate+Exogenous,exogenous,WTI Oil,Com_CrudeOil,tscv,PatchTST,NLinear,2024-12-02,68.11045837402344,72.74680836995442
Multivariate+Exogenous,exogenous,WTI Oil,Com_CrudeOil,tscv,PatchTST,XGBoost,2024-12-02,68.11045837402344,67.21222559611003
Multivariate+Exogenous,exogenous,WTI Oil,Com_CrudeOil,tscv,PatchTST,iTransformer,2024-12-02,68.11045837402344,67.28276824951172
Multivariate+Exogenous,exogenous,WTI Oil,Com_CrudeOil,tscv,PatchTST,-,2024-12-09,70.1072006225586,61.270949045817055
Multivariate+Exogenous,exogenous,WTI Oil,Com_CrudeOil,tscv,PatchTST,LightGBM,2024-12-09,70.1072006225586,70.78156026204427
Multivariate+Exogenous,exogenous,WTI Oil,Com_CrudeOil,tscv,PatchTST,NLinear,2024-12-09,70.1072006225586,76.16915384928386
Multivariate+Exogenous,exogenous,WTI Oil,Com_CrudeOil,tscv,PatchTST,XGBoost,2024-12-09,70.1072006225586,70.60736083984375
Multivariate+Exogenous,exogenous,WTI Oil,Com_CrudeOil,tscv,PatchTST,iTransformer,2024-12-09,70.1072006225586,70.0161616007487
Multivariate+Exogenous,exogenous,WTI Oil,Com_CrudeOil,tscv,PatchTST,-,2024-12-16,69.7302017211914,60.10424296061198
Multivariate+Exogenous,exogenous,WTI Oil,Com_CrudeOil,tscv,PatchTST,LightGBM,2024-12-16,69.7302017211914,69.7373784383138
Multivariate+Exogenous,exogenous,WTI Oil,Com_CrudeOil,tscv,PatchTST,NLinear,2024-12-16,69.7302017211914,75.05491892496745
Multivariate+Exogenous,exogenous,WTI Oil,Com_CrudeOil,tscv,PatchTST,XGBoost,2024-12-16,69.7302017211914,69.7797368367513
Multivariate+Exogenous,exogenous,WTI Oil,Com_CrudeOil,tscv,PatchTST,iTransformer,2024-12-16,69.7302017211914,69.04163106282552
Multivariate+Exogenous,exogenous,WTI Oil,Com_CrudeOil,tscv,PatchTST,-,2024-12-23,70.14910125732422,61.325356801350914
Multivariate+Exogenous,exogenous,WTI Oil,Com_CrudeOil,tscv,PatchTST,LightGBM,2024-12-23,70.14910125732422,72.27920023600261
Multivariate+Exogenous,exogenous,WTI Oil,Com_CrudeOil,tscv,PatchTST,NLinear,2024-12-23,70.14910125732422,74.07973734537761
Multivariate+Exogenous,exogenous,WTI Oil,Com_CrudeOil,tscv,PatchTST,XGBoost,2024-12-23,70.14910125732422,71.30437723795573
Multivariate+Exogenous,exogenous,WTI Oil,Com_CrudeOil,tscv,PatchTST,iTransformer,2024-12-23,70.14910125732422,70.38090260823567
Multivariate+Exogenous,exogenous,WTI Oil,Com_CrudeOil,tscv,PatchTST,-,2024-12-30,72.57513427734375,61.7002919514974
Multivariate+Exogenous,exogenous,WTI Oil,Com_CrudeOil,tscv,PatchTST,LightGBM,2024-12-30,72.57513427734375,72.68679809570312
Multivariate+Exogenous,exogenous,WTI Oil,Com_CrudeOil,tscv,PatchTST,NLinear,2024-12-30,72.57513427734375,75.07843271891277
Multivariate+Exogenous,exogenous,WTI Oil,Com_CrudeOil,tscv,PatchTST,XGBoost,2024-12-30,72.57513427734375,71.94966125488281
Multivariate+Exogenous,exogenous,WTI Oil,Com_CrudeOil,tscv,PatchTST,iTransformer,2024-12-30,72.57513427734375,71.56608072916667
Multivariate+Exogenous,exogenous,WTI Oil,Com_CrudeOil,tscv,PatchTST,-,2025-01-06,74.95950317382812,62.308536529541016
Multivariate+Exogenous,exogenous,WTI Oil,Com_CrudeOil,tscv,PatchTST,LightGBM,2025-01-06,74.95950317382812,73.13814544677734
Multivariate+Exogenous,exogenous,WTI Oil,Com_CrudeOil,tscv,PatchTST,NLinear,2025-01-06,74.95950317382812,76.5640360514323
Multivariate+Exogenous,exogenous,WTI Oil,Com_CrudeOil,tscv,PatchTST,XGBoost,2025-01-06,74.95950317382812,72.14876810709636
Multivariate+Exogenous,exogenous,WTI Oil,Com_CrudeOil,tscv,PatchTST,iTransformer,2025-01-06,74.95950317382812,71.10436503092448
Multivariate+Exogenous,exogenous,WTI Oil,Com_CrudeOil,tscv,PatchTST,-,2025-01-13,78.02933502197266,62.8920644124349
Multivariate+Exogenous,exogenous,WTI Oil,Com_CrudeOil,tscv,PatchTST,LightGBM,2025-01-13,78.02933502197266,73.90032450358073
Multivariate+Exogenous,exogenous,WTI Oil,Com_CrudeOil,tscv,PatchTST,NLinear,2025-01-13,78.02933502197266,77.86270904541016
Multivariate+Exogenous,exogenous,WTI Oil,Com_CrudeOil,tscv,PatchTST,XGBoost,2025-01-13,78.02933502197266,72.61684926350911
Multivariate+Exogenous,exogenous,WTI Oil,Com_CrudeOil,tscv,PatchTST,iTransformer,2025-01-13,78.02933502197266,71.49722544352214
Multivariate+Exogenous,exogenous,WTI Oil,Com_CrudeOil,tscv,PatchTST,-,2025-01-20,75.17753601074219,64.86776860555013
Multivariate+Exogenous,exogenous,WTI Oil,Com_CrudeOil,tscv,PatchTST,LightGBM,2025-01-20,75.17753601074219,76.4016825358073
Multivariate+Exogenous,exogenous,WTI Oil,Com_CrudeOil,tscv,PatchTST,NLinear,2025-01-20,75.17753601074219,76.78429158528645
Multivariate+Exogenous,exogenous,WTI Oil,Com_CrudeOil,tscv,PatchTST,XGBoost,2025-01-20,75.17753601074219,75.32612864176433
Multivariate+Exogenous,exogenous,WTI Oil,Com_CrudeOil,tscv,PatchTST,iTransformer,2025-01-20,75.17753601074219,74.08998107910156
Multivariate+Exogenous,exogenous,WTI Oil,Com_CrudeOil,tscv,PatchTST,-,2025-01-27,73.03900146484375,66.50657908121745
Multivariate+Exogenous,exogenous,WTI Oil,Com_CrudeOil,tscv,PatchTST,LightGBM,2025-01-27,73.03900146484375,78.11555735270183
Multivariate+Exogenous,exogenous,WTI Oil,Com_CrudeOil,tscv,PatchTST,NLinear,2025-01-27,73.03900146484375,78.7841313680013
Multivariate+Exogenous,exogenous,WTI Oil,Com_CrudeOil,tscv,PatchTST,XGBoost,2025-01-27,73.03900146484375,76.75821177164714
Multivariate+Exogenous,exogenous,WTI Oil,Com_CrudeOil,tscv,PatchTST,iTransformer,2025-01-27,73.03900146484375,75.57220967610677
Multivariate+Exogenous,exogenous,WTI Oil,Com_CrudeOil,tscv,PatchTST,-,2025-02-03,71.66098022460938,64.55476252237956
Multivariate+Exogenous,exogenous,WTI Oil,Com_CrudeOil,tscv,PatchTST,LightGBM,2025-02-03,71.66098022460938,75.37561289469402
Multivariate+Exogenous,exogenous,WTI Oil,Com_CrudeOil,tscv,PatchTST,NLinear,2025-02-03,71.66098022460938,76.92367553710938
Multivariate+Exogenous,exogenous,WTI Oil,Com_CrudeOil,tscv,PatchTST,XGBoost,2025-02-03,71.66098022460938,74.60219828287761
Multivariate+Exogenous,exogenous,WTI Oil,Com_CrudeOil,tscv,PatchTST,iTransformer,2025-02-03,71.66098022460938,72.36478678385417
Multivariate+Exogenous,exogenous,WTI Oil,Com_CrudeOil,tscv,PatchTST,-,2025-02-10,71.62548065185547,64.23491541544597
Multivariate+Exogenous,exogenous,WTI Oil,Com_CrudeOil,tscv,PatchTST,LightGBM,2025-02-10,71.62548065185547,75.02310434977214
Multivariate+Exogenous,exogenous,WTI Oil,Com_CrudeOil,tscv,PatchTST,NLinear,2025-02-10,71.62548065185547,77.27867126464844
Multivariate+Exogenous,exogenous,WTI Oil,Com_CrudeOil,tscv,PatchTST,XGBoost,2025-02-10,71.62548065185547,74.75120290120442
Multivariate+Exogenous,exogenous,WTI Oil,Com_CrudeOil,tscv,PatchTST,iTransformer,2025-02-10,71.62548065185547,72.37686665852864
Multivariate+Exogenous,exogenous,WTI Oil,Com_CrudeOil,tscv,PatchTST,-,2025-02-17,71.43208312988281,61.985888163248696
Multivariate+Exogenous,exogenous,WTI Oil,Com_CrudeOil,tscv,PatchTST,LightGBM,2025-02-17,71.43208312988281,71.84695688883464
Multivariate+Exogenous,exogenous,WTI Oil,Com_CrudeOil,tscv,PatchTST,NLinear,2025-02-17,71.43208312988281,72.05745697021484
Multivariate+Exogenous,exogenous,WTI Oil,Com_CrudeOil,tscv,PatchTST,XGBoost,2025-02-17,71.43208312988281,70.92046356201172
Multivariate+Exogenous,exogenous,WTI Oil,Com_CrudeOil,tscv,PatchTST,iTransformer,2025-02-17,71.43208312988281,70.38968658447266
Multivariate+Exogenous,exogenous,WTI Oil,Com_CrudeOil,tscv,PatchTST,-,2025-02-24,69.6719970703125,65.84040705362956
Multivariate+Exogenous,exogenous,WTI Oil,Com_CrudeOil,tscv,PatchTST,LightGBM,2025-02-24,69.6719970703125,75.81937917073567
Multivariate+Exogenous,exogenous,WTI Oil,Com_CrudeOil,tscv,PatchTST,NLinear,2025-02-24,69.6719970703125,76.28403218587239
Multivariate+Exogenous,exogenous,WTI Oil,Com_CrudeOil,tscv,PatchTST,XGBoost,2025-02-24,69.6719970703125,74.5225321451823
Multivariate+Exogenous,exogenous,WTI Oil,Com_CrudeOil,tscv,PatchTST,iTransformer,2025-02-24,69.6719970703125,73.84080759684245
Multivariate+Exogenous,exogenous,WTI Oil,Com_CrudeOil,tscv,PatchTST,-,2025-03-03,67.26799774169922,65.14528783162434
Multivariate+Exogenous,exogenous,WTI Oil,Com_CrudeOil,tscv,PatchTST,LightGBM,2025-03-03,67.26799774169922,75.80687204996745
Multivariate+Exogenous,exogenous,WTI Oil,Com_CrudeOil,tscv,PatchTST,NLinear,2025-03-03,67.26799774169922,75.88784790039062
Multivariate+Exogenous,exogenous,WTI Oil,Com_CrudeOil,tscv,PatchTST,XGBoost,2025-03-03,67.26799774169922,72.7002182006836
Multivariate+Exogenous,exogenous,WTI Oil,Com_CrudeOil,tscv,PatchTST,iTransformer,2025-03-03,67.26799774169922,73.34492492675781
Multivariate+Exogenous,exogenous,WTI Oil,Com_CrudeOil,tscv,PatchTST,-,2025-03-10,66.92066955566406,64.64696502685547
Multivariate+Exogenous,exogenous,WTI Oil,Com_CrudeOil,tscv,PatchTST,LightGBM,2025-03-10,66.92066955566406,75.10814921061198
Multivariate+Exogenous,exogenous,WTI Oil,Com_CrudeOil,tscv,PatchTST,NLinear,2025-03-10,66.92066955566406,75.61995697021484
Multivariate+Exogenous,exogenous,WTI Oil,Com_CrudeOil,tscv,PatchTST,XGBoost,2025-03-10,66.92066955566406,71.98008982340495
Multivariate+Exogenous,exogenous,WTI Oil,Com_CrudeOil,tscv,PatchTST,iTransformer,2025-03-10,66.92066955566406,72.8155034383138
Multivariate+Exogenous,exogenous,WTI Oil,Com_CrudeOil,tscv,PatchTST,-,2025-03-17,67.67898559570312,64.7490743001302
Multivariate+Exogenous,exogenous,WTI Oil,Com_CrudeOil,tscv,PatchTST,LightGBM,2025-03-17,67.67898559570312,74.63300323486328
Multivariate+Exogenous,exogenous,WTI Oil,Com_CrudeOil,tscv,PatchTST,NLinear,2025-03-17,67.67898559570312,71.48423258463542
Multivariate+Exogenous,exogenous,WTI Oil,Com_CrudeOil,tscv,PatchTST,XGBoost,2025-03-17,67.67898559570312,71.38392130533855
Multivariate+Exogenous,exogenous,WTI Oil,Com_CrudeOil,tscv,PatchTST,iTransformer,2025-03-17,67.67898559570312,72.10882314046223
Multivariate+Exogenous,exogenous,WTI Oil,Com_CrudeOil,tscv,PatchTST,-,2025-03-24,69.34062957763672,63.8324940999349
Multivariate+Exogenous,exogenous,WTI Oil,Com_CrudeOil,tscv,PatchTST,LightGBM,2025-03-24,69.34062957763672,73.48326873779297
Multivariate+Exogenous,exogenous,WTI Oil,Com_CrudeOil,tscv,PatchTST,NLinear,2025-03-24,69.34062957763672,70.52130889892578
Multivariate+Exogenous,exogenous,WTI Oil,Com_CrudeOil,tscv,PatchTST,XGBoost,2025-03-24,69.34062957763672,70.74287668863933
Multivariate+Exogenous,exogenous,WTI Oil,Com_CrudeOil,tscv,PatchTST,iTransformer,2025-03-24,69.34062957763672,71.08822123209636
Multivariate+Exogenous,exogenous,WTI Oil,Com_CrudeOil,tscv,PatchTST,-,2025-03-31,66.51853942871094,60.53827921549479
Multivariate+Exogenous,exogenous,WTI Oil,Com_CrudeOil,tscv,PatchTST,LightGBM,2025-03-31,66.51853942871094,70.33550516764323
Multivariate+Exogenous,exogenous,WTI Oil,Com_CrudeOil,tscv,PatchTST,NLinear,2025-03-31,66.51853942871094,67.16901524861653
Multivariate+Exogenous,exogenous,WTI Oil,Com_CrudeOil,tscv,PatchTST,XGBoost,2025-03-31,66.51853942871094,67.75334167480469
Multivariate+Exogenous,exogenous,WTI Oil,Com_CrudeOil,tscv,PatchTST,iTransformer,2025-03-31,66.51853942871094,67.85065460205078
Multivariate+Exogenous,exogenous,WTI Oil,Com_CrudeOil,tscv,PatchTST,-,2025-04-07,60.9921875,61.819695790608726
Multivariate+Exogenous,exogenous,WTI Oil,Com_CrudeOil,tscv,PatchTST,LightGBM,2025-04-07,60.9921875,71.88176981608073
Multivariate+Exogenous,exogenous,WTI Oil,Com_CrudeOil,tscv,PatchTST,NLinear,2025-04-07,60.9921875,68.49933115641277
Multivariate+Exogenous,exogenous,WTI Oil,Com_CrudeOil,tscv,PatchTST,XGBoost,2025-04-07,60.9921875,68.99615987141927
Multivariate+Exogenous,exogenous,WTI Oil,Com_CrudeOil,tscv,PatchTST,iTransformer,2025-04-07,60.9921875,69.00321833292644
Multivariate+Exogenous,exogenous,WTI Oil,Com_CrudeOil,tscv,PatchTST,-,2025-04-14,63.110198974609375,58.911599477132164
Multivariate+Exogenous,exogenous,WTI Oil,Com_CrudeOil,tscv,PatchTST,LightGBM,2025-04-14,63.110198974609375,69.39393107096355
Multivariate+Exogenous,exogenous,WTI Oil,Com_CrudeOil,tscv,PatchTST,NLinear,2025-04-14,63.110198974609375,62.670013427734375
Multivariate+Exogenous,exogenous,WTI Oil,Com_CrudeOil,tscv,PatchTST,XGBoost,2025-04-14,63.110198974609375,69.6985575358073
Multivariate+Exogenous,exogenous,WTI Oil,Com_CrudeOil,tscv,PatchTST,iTransformer,2025-04-14,63.110198974609375,67.81639734903972
Multivariate+Exogenous,exogenous,WTI Oil,Com_CrudeOil,tscv,PatchTST,-,2025-04-21,62.90476989746094,58.007424672444664
Multivariate+Exogenous,exogenous,WTI Oil,Com_CrudeOil,tscv,PatchTST,LightGBM,2025-04-21,62.90476989746094,68.69286600748698
Multivariate+Exogenous,exogenous,WTI Oil,Com_CrudeOil,tscv,PatchTST,NLinear,2025-04-21,62.90476989746094,62.13111877441406
Multivariate+Exogenous,exogenous,WTI Oil,Com_CrudeOil,tscv,PatchTST,XGBoost,2025-04-21,62.90476989746094,69.56978098551433
Multivariate+Exogenous,exogenous,WTI Oil,Com_CrudeOil,tscv,PatchTST,iTransformer,2025-04-21,62.90476989746094,66.0213139851888
Multivariate+Exogenous,exogenous,WTI Oil,Com_CrudeOil,tscv,PatchTST,-,2025-04-28,58.91098403930664,56.77090708414713
Multivariate+Exogenous,exogenous,WTI Oil,Com_CrudeOil,tscv,PatchTST,LightGBM,2025-04-28,58.91098403930664,67.95203653971355
Multivariate+Exogenous,exogenous,WTI Oil,Com_CrudeOil,tscv,PatchTST,NLinear,2025-04-28,58.91098403930664,61.240108489990234
Multivariate+Exogenous,exogenous,WTI Oil,Com_CrudeOil,tscv,PatchTST,XGBoost,2025-04-28,58.91098403930664,68.06095631917317
Multivariate+Exogenous,exogenous,WTI Oil,Com_CrudeOil,tscv,PatchTST,iTransformer,2025-04-28,58.91098403930664,64.91691970825195
Multivariate+Exogenous,exogenous,WTI Oil,Com_CrudeOil,tscv,PatchTST,-,2025-05-05,59.65278625488281,57.52484130859375
Multivariate+Exogenous,exogenous,WTI Oil,Com_CrudeOil,tscv,PatchTST,LightGBM,2025-05-05,59.65278625488281,68.09496053059895
Multivariate+Exogenous,exogenous,WTI Oil,Com_CrudeOil,tscv,PatchTST,NLinear,2025-05-05,59.65278625488281,62.83557891845703
Multivariate+Exogenous,exogenous,WTI Oil,Com_CrudeOil,tscv,PatchTST,XGBoost,2025-05-05,59.65278625488281,68.94934590657552
Multivariate+Exogenous,exogenous,WTI Oil,Com_CrudeOil,tscv,PatchTST,iTransformer,2025-05-05,59.65278625488281,66.50918706258138
Multivariate+Exogenous,exogenous,WTI Oil,Com_CrudeOil,tscv,PatchTST,-,2025-05-12,62.43055725097656,61.64914576212565
Multivariate+Exogenous,exogenous,WTI Oil,Com_CrudeOil,tscv,PatchTST,LightGBM,2025-05-12,62.43055725097656,70.88717778523763
Multivariate+Exogenous,exogenous,WTI Oil,Com_CrudeOil,tscv,PatchTST,NLinear,2025-05-12,62.43055725097656,65.08701578776042
Multivariate+Exogenous,exogenous,WTI Oil,Com_CrudeOil,tscv,PatchTST,XGBoost,2025-05-12,62.43055725097656,72.04063924153645
Multivariate+Exogenous,exogenous,WTI Oil,Com_CrudeOil,tscv,PatchTST,iTransformer,2025-05-12,62.43055725097656,67.03244272867839
Multivariate+Exogenous,exogenous,WTI Oil,Com_CrudeOil,tscv,PatchTST,-,2025-05-19,61.70574188232422,61.84833780924479
Multivariate+Exogenous,exogenous,WTI Oil,Com_CrudeOil,tscv,PatchTST,LightGBM,2025-05-19,61.70574188232422,71.80898030598958
Multivariate+Exogenous,exogenous,WTI Oil,Com_CrudeOil,tscv,PatchTST,NLinear,2025-05-19,61.70574188232422,64.62229665120442
Multivariate+Exogenous,exogenous,WTI Oil,Com_CrudeOil,tscv,PatchTST,XGBoost,2025-05-19,61.70574188232422,72.3614018758138
Multivariate+Exogenous,exogenous,WTI Oil,Com_CrudeOil,tscv,PatchTST,iTransformer,2025-05-19,61.70574188232422,66.17064666748047
Multivariate+Exogenous,exogenous,WTI Oil,Com_CrudeOil,tscv,PatchTST,-,2025-05-26,61.3050422668457,61.37970225016276
Multivariate+Exogenous,exogenous,WTI Oil,Com_CrudeOil,tscv,PatchTST,LightGBM,2025-05-26,61.3050422668457,71.36136118570964
Multivariate+Exogenous,exogenous,WTI Oil,Com_CrudeOil,tscv,PatchTST,NLinear,2025-05-26,61.3050422668457,63.810656229654946
Multivariate+Exogenous,exogenous,WTI Oil,Com_CrudeOil,tscv,PatchTST,XGBoost,2025-05-26,61.3050422668457,71.71875254313152
Multivariate+Exogenous,exogenous,WTI Oil,Com_CrudeOil,tscv,PatchTST,iTransformer,2025-05-26,61.3050422668457,66.02927144368489
Multivariate+Exogenous,exogenous,WTI Oil,Com_CrudeOil,tscv,PatchTST,-,2025-06-02,63.6950569152832,60.51789983113607
Multivariate+Exogenous,exogenous,WTI Oil,Com_CrudeOil,tscv,PatchTST,LightGBM,2025-06-02,63.6950569152832,68.98110071818034
Multivariate+Exogenous,exogenous,WTI Oil,Com_CrudeOil,tscv,PatchTST,NLinear,2025-06-02,63.6950569152832,62.49305852254232
Multivariate+Exogenous,exogenous,WTI Oil,Com_CrudeOil,tscv,PatchTST,XGBoost,2025-06-02,63.6950569152832,71.08452860514323
Multivariate+Exogenous,exogenous,WTI Oil,Com_CrudeOil,tscv,PatchTST,iTransformer,2025-06-02,63.6950569152832,64.84291330973308
Multivariate+Exogenous,exogenous,WTI Oil,Com_CrudeOil,tscv,PatchTST,-,2025-06-09,69.44467163085938,60.37437311808268
Multivariate+Exogenous,exogenous,WTI Oil,Com_CrudeOil,tscv,PatchTST,LightGBM,2025-06-09,69.44467163085938,68.86988576253255
Multivariate+Exogenous,exogenous,WTI Oil,Com_CrudeOil,tscv,PatchTST,NLinear,2025-06-09,69.44467163085938,60.46165974934896
Multivariate+Exogenous,exogenous,WTI Oil,Com_CrudeOil,tscv,PatchTST,XGBoost,2025-06-09,69.44467163085938,69.55487823486328
Multivariate+Exogenous,exogenous,WTI Oil,Com_CrudeOil,tscv,PatchTST,iTransformer,2025-06-09,69.44467163085938,64.09987767537434
Multivariate+Exogenous,exogenous,WTI Oil,Com_CrudeOil,tscv,PatchTST,-,2025-06-16,73.4095687866211,61.05514653523763
Multivariate+Exogenous,exogenous,WTI Oil,Com_CrudeOil,tscv,PatchTST,LightGBM,2025-06-16,73.4095687866211,69.36380004882812
Multivariate+Exogenous,exogenous,WTI Oil,Com_CrudeOil,tscv,PatchTST,NLinear,2025-06-16,73.4095687866211,60.730244954427086
Multivariate+Exogenous,exogenous,WTI Oil,Com_CrudeOil,tscv,PatchTST,XGBoost,2025-06-16,73.4095687866211,70.56710306803386
Multivariate+Exogenous,exogenous,WTI Oil,Com_CrudeOil,tscv,PatchTST,iTransformer,2025-06-16,73.4095687866211,64.65167490641277
Multivariate+Exogenous,exogenous,WTI Oil,Com_CrudeOil,tscv,PatchTST,-,2025-06-23,65.62223052978516,62.3860117594401
Multivariate+Exogenous,exogenous,WTI Oil,Com_CrudeOil,tscv,PatchTST,LightGBM,2025-06-23,65.62223052978516,71.17209370930989
Multivariate+Exogenous,exogenous,WTI Oil,Com_CrudeOil,tscv,PatchTST,NLinear,2025-06-23,65.62223052978516,62.1084836324056
Multivariate+Exogenous,exogenous,WTI Oil,Com_CrudeOil,tscv,PatchTST,XGBoost,2025-06-23,65.62223052978516,72.40527598063152
Multivariate+Exogenous,exogenous,WTI Oil,Com_CrudeOil,tscv,PatchTST,iTransformer,2025-06-23,65.62223052978516,66.09051005045573
Multivariate+Exogenous,exogenous,WTI Oil,Com_CrudeOil,tscv,PatchTST,-,2025-06-30,66.21095275878906,61.16574223836263
Multivariate+Exogenous,exogenous,WTI Oil,Com_CrudeOil,tscv,PatchTST,LightGBM,2025-06-30,66.21095275878906,70.43055470784505
Multivariate+Exogenous,exogenous,WTI Oil,Com_CrudeOil,tscv,PatchTST,NLinear,2025-06-30,66.21095275878906,60.999716440836586
Multivariate+Exogenous,exogenous,WTI Oil,Com_CrudeOil,tscv,PatchTST,XGBoost,2025-06-30,66.21095275878906,71.82288614908855
Multivariate+Exogenous,exogenous,WTI Oil,Com_CrudeOil,tscv,PatchTST,iTransformer,2025-06-30,66.21095275878906,65.88448588053386
Multivariate+Exogenous,exogenous,WTI Oil,Com_CrudeOil,tscv,PatchTST,-,2025-07-07,68.04521942138672,62.706787109375
Multivariate+Exogenous,exogenous,WTI Oil,Com_CrudeOil,tscv,PatchTST,LightGBM,2025-07-07,68.04521942138672,66.32091903686523
Multivariate+Exogenous,exogenous,WTI Oil,Com_CrudeOil,tscv,PatchTST,NLinear,2025-07-07,68.04521942138672,61.67703628540039
Multivariate+Exogenous,exogenous,WTI Oil,Com_CrudeOil,tscv,PatchTST,XGBoost,2025-07-07,68.04521942138672,67.81658299763997
Multivariate+Exogenous,exogenous,WTI Oil,Com_CrudeOil,tscv,PatchTST,iTransformer,2025-07-07,68.04521942138672,61.499741872151695
Multivariate+Exogenous,exogenous,WTI Oil,Com_CrudeOil,tscv,PatchTST,-,2025-07-14,66.42243194580078,63.46457036336263
Multivariate+Exogenous,exogenous,WTI Oil,Com_CrudeOil,tscv,PatchTST,LightGBM,2025-07-14,66.42243194580078,65.93058522542317
Multivariate+Exogenous,exogenous,WTI Oil,Com_CrudeOil,tscv,PatchTST,NLinear,2025-07-14,66.42243194580078,61.55819447835287
Multivariate+Exogenous,exogenous,WTI Oil,Com_CrudeOil,tscv,PatchTST,XGBoost,2025-07-14,66.42243194580078,68.09161122639973
Multivariate+Exogenous,exogenous,WTI Oil,Com_CrudeOil,tscv,PatchTST,iTransformer,2025-07-14,66.42243194580078,61.69236628214518
Multivariate+Exogenous,exogenous,WTI Oil,Com_CrudeOil,tscv,PatchTST,-,2025-07-21,65.51323699951172,61.902655283610024
Multivariate+Exogenous,exogenous,WTI Oil,Com_CrudeOil,tscv,PatchTST,LightGBM,2025-07-21,65.51323699951172,64.16805903116862
Multivariate+Exogenous,exogenous,WTI Oil,Com_CrudeOil,tscv,PatchTST,NLinear,2025-07-21,65.51323699951172,58.767154693603516
Multivariate+Exogenous,exogenous,WTI Oil,Com_CrudeOil,tscv,PatchTST,XGBoost,2025-07-21,65.51323699951172,65.78217442830403
Multivariate+Exogenous,exogenous,WTI Oil,Com_CrudeOil,tscv,PatchTST,iTransformer,2025-07-21,65.51323699951172,61.27681986490885
Multivariate+Exogenous,exogenous,WTI Oil,Com_CrudeOil,tscv,PatchTST,-,2025-07-28,68.28096771240234,64.076234181722
Multivariate+Exogenous,exogenous,WTI Oil,Com_CrudeOil,tscv,PatchTST,LightGBM,2025-07-28,68.28096771240234,66.10376230875652
Multivariate+Exogenous,exogenous,WTI Oil,Com_CrudeOil,tscv,PatchTST,NLinear,2025-07-28,68.28096771240234,61.658363342285156
Multivariate+Exogenous,exogenous,WTI Oil,Com_CrudeOil,tscv,PatchTST,XGBoost,2025-07-28,68.28096771240234,67.95925394694011
Multivariate+Exogenous,exogenous,WTI Oil,Com_CrudeOil,tscv,PatchTST,iTransformer,2025-07-28,68.28096771240234,63.51434199015299
Multivariate+Exogenous,exogenous,WTI Oil,Com_CrudeOil,tscv,PatchTST,-,2025-08-04,64.51432037353516,63.44091033935547
Multivariate+Exogenous,exogenous,WTI Oil,Com_CrudeOil,tscv,PatchTST,LightGBM,2025-08-04,64.51432037353516,66.8180923461914
Multivariate+Exogenous,exogenous,WTI Oil,Com_CrudeOil,tscv,PatchTST,NLinear,2025-08-04,64.51432037353516,65.1561279296875
Multivariate+Exogenous,exogenous,WTI Oil,Com_CrudeOil,tscv,PatchTST,XGBoost,2025-08-04,64.51432037353516,67.1504618326823
Multivariate+Exogenous,exogenous,WTI Oil,Com_CrudeOil,tscv,PatchTST,iTransformer,2025-08-04,64.51432037353516,63.79797108968099
Multivariate+Exogenous,exogenous,WTI Oil,Com_CrudeOil,tscv,PatchTST,-,2025-08-11,63.105133056640625,63.31488164265951
Multivariate+Exogenous,exogenous,WTI Oil,Com_CrudeOil,tscv,PatchTST,LightGBM,2025-08-11,63.105133056640625,66.59050114949544
Multivariate+Exogenous,exogenous,WTI Oil,Com_CrudeOil,tscv,PatchTST,NLinear,2025-08-11,63.105133056640625,65.05619303385417
Multivariate+Exogenous,exogenous,WTI Oil,Com_CrudeOil,tscv,PatchTST,XGBoost,2025-08-11,63.105133056640625,67.9752566019694
Multivariate+Exogenous,exogenous,WTI Oil,Com_CrudeOil,tscv,PatchTST,iTransformer,2025-08-11,63.105133056640625,64.08788172403972
Multivariate+Exogenous,exogenous,WTI Oil,Com_CrudeOil,tscv,PatchTST,-,2025-08-18,63.027198791503906,64.91946919759114
Multivariate+Exogenous,exogenous,WTI Oil,Com_CrudeOil,tscv,PatchTST,LightGBM,2025-08-18,63.027198791503906,67.93709945678711
Multivariate+Exogenous,exogenous,WTI Oil,Com_CrudeOil,tscv,PatchTST,NLinear,2025-08-18,63.027198791503906,66.67558670043945
Multivariate+Exogenous,exogenous,WTI Oil,Com_CrudeOil,tscv,PatchTST,XGBoost,2025-08-18,63.027198791503906,68.77078119913737
Multivariate+Exogenous,exogenous,WTI Oil,Com_CrudeOil,tscv,PatchTST,iTransformer,2025-08-18,63.027198791503906,65.37398274739583
Multivariate+Exogenous,exogenous,WTI Oil,Com_CrudeOil,tscv,PatchTST,-,2025-08-25,64.09881591796875,66.85387293497722
Multivariate+Exogenous,exogenous,WTI Oil,Com_CrudeOil,tscv,PatchTST,LightGBM,2025-08-25,64.09881591796875,69.97017033894856
Multivariate+Exogenous,exogenous,WTI Oil,Com_CrudeOil,tscv,PatchTST,NLinear,2025-08-25,64.09881591796875,67.78089396158855
Multivariate+Exogenous,exogenous,WTI Oil,Com_CrudeOil,tscv,PatchTST,XGBoost,2025-08-25,64.09881591796875,70.27651596069336
Multivariate+Exogenous,exogenous,WTI Oil,Com_CrudeOil,tscv,PatchTST,iTransformer,2025-08-25,64.09881591796875,66.44756317138672
Multivariate+Exogenous,exogenous,WTI Oil,Com_CrudeOil,tscv,PatchTST,-,2025-09-01,63.698848724365234,65.46864891052246
Multivariate+Exogenous,exogenous,WTI Oil,Com_CrudeOil,tscv,PatchTST,LightGBM,2025-09-01,63.698848724365234,71.75829696655273
Multivariate+Exogenous,exogenous,WTI Oil,Com_CrudeOil,tscv,PatchTST,NLinear,2025-09-01,63.698848724365234,65.88589096069336
Multivariate+Exogenous,exogenous,WTI Oil,Com_CrudeOil,tscv,PatchTST,XGBoost,2025-09-01,63.698848724365234,71.5185317993164
Multivariate+Exogenous,exogenous,WTI Oil,Com_CrudeOil,tscv,PatchTST,iTransformer,2025-09-01,63.698848724365234,64.69677734375
Multivariate+Exogenous,exogenous,WTI Oil,Com_CrudeOil,tscv,PatchTST,-,2025-09-08,62.78846740722656,65.11434555053711
Multivariate+Exogenous,exogenous,WTI Oil,Com_CrudeOil,tscv,PatchTST,LightGBM,2025-09-08,62.78846740722656,70.57236862182617
Multivariate+Exogenous,exogenous,WTI Oil,Com_CrudeOil,tscv,PatchTST,NLinear,2025-09-08,62.78846740722656,65.79511642456055
Multivariate+Exogenous,exogenous,WTI Oil,Com_CrudeOil,tscv,PatchTST,XGBoost,2025-09-08,62.78846740722656,70.59420585632324
Multivariate+Exogenous,exogenous,WTI Oil,Com_CrudeOil,tscv,PatchTST,iTransformer,2025-09-08,62.78846740722656,65.77971839904785
Multivariate+Exogenous,exogenous,WTI Oil,Com_CrudeOil,tscv,PatchTST,-,2025-09-15,63.33338165283203,67.64270782470703
Multivariate+Exogenous,exogenous,WTI Oil,Com_CrudeOil,tscv,PatchTST,LightGBM,2025-09-15,63.33338165283203,72.95273208618164
Multivariate+Exogenous,exogenous,WTI Oil,Com_CrudeOil,tscv,PatchTST,NLinear,2025-09-15,63.33338165283203,68.50191688537598
Multivariate+Exogenous,exogenous,WTI Oil,Com_CrudeOil,tscv,PatchTST,XGBoost,2025-09-15,63.33338165283203,73.01456451416016
Multivariate+Exogenous,exogenous,WTI Oil,Com_CrudeOil,tscv,PatchTST,iTransformer,2025-09-15,63.33338165283203,67.76979637145996
Multivariate+Exogenous,exogenous,WTI Oil,Com_CrudeOil,tscv,PatchTST,-,2025-09-22,64.44023132324219,63.204023361206055
Multivariate+Exogenous,exogenous,WTI Oil,Com_CrudeOil,tscv,PatchTST,LightGBM,2025-09-22,64.44023132324219,69.34567260742188
Multivariate+Exogenous,exogenous,WTI Oil,Com_CrudeOil,tscv,PatchTST,NLinear,2025-09-22,64.44023132324219,64.08907890319824
Multivariate+Exogenous,exogenous,WTI Oil,Com_CrudeOil,tscv,PatchTST,XGBoost,2025-09-22,64.44023132324219,69.95598983764648
Multivariate+Exogenous,exogenous,WTI Oil,Com_CrudeOil,tscv,PatchTST,iTransformer,2025-09-22,64.44023132324219,64.63627815246582
Multivariate+Exogenous,exogenous,WTI Oil,Com_CrudeOil,tscv,PatchTST,-,2025-09-29,61.66062927246094,67.8945541381836
Multivariate+Exogenous,exogenous,WTI Oil,Com_CrudeOil,tscv,PatchTST,LightGBM,2025-09-29,61.66062927246094,74.74213409423828
Multivariate+Exogenous,exogenous,WTI Oil,Com_CrudeOil,tscv,PatchTST,NLinear,2025-09-29,61.66062927246094,73.43134307861328
Multivariate+Exogenous,exogenous,WTI Oil,Com_CrudeOil,tscv,PatchTST,XGBoost,2025-09-29,61.66062927246094,75.50484466552734
Multivariate+Exogenous,exogenous,WTI Oil,Com_CrudeOil,tscv,PatchTST,iTransformer,2025-09-29,61.66062927246094,72.37049102783203
Multivariate+Exogenous,exogenous,WTI Oil,Com_CrudeOil,tscv,PatchTST,-,2025-10-06,60.71498489379883,64.56024932861328
Multivariate+Exogenous,exogenous,WTI Oil,Com_CrudeOil,tscv,PatchTST,LightGBM,2025-10-06,60.71498489379883,71.40782928466797
Multivariate+Exogenous,exogenous,WTI Oil,Com_CrudeOil,tscv,PatchTST,NLinear,2025-10-06,60.71498489379883,69.13665008544922
Multivariate+Exogenous,exogenous,WTI Oil,Com_CrudeOil,tscv,PatchTST,XGBoost,2025-10-06,60.71498489379883,72.44696044921875
Multivariate+Exogenous,exogenous,WTI Oil,Com_CrudeOil,tscv,PatchTST,iTransformer,2025-10-06,60.71498489379883,69.19696807861328
Multivariate+Exogenous,exogenous,WTI Oil,Com_CrudeOil,tscv,PatchTST,-,2025-10-13,57.92998504638672,68.48918151855469
Multivariate+Exogenous,exogenous,WTI Oil,Com_CrudeOil,tscv,PatchTST,LightGBM,2025-10-13,57.92998504638672,75.33676147460938
Multivariate+Exogenous,exogenous,WTI Oil,Com_CrudeOil,tscv,PatchTST,NLinear,2025-10-13,57.92998504638672,73.47305297851562
Multivariate+Exogenous,exogenous,WTI Oil,Com_CrudeOil,tscv,PatchTST,XGBoost,2025-10-13,57.92998504638672,76.36730194091797
Multivariate+Exogenous,exogenous,WTI Oil,Com_CrudeOil,tscv,PatchTST,iTransformer,2025-10-13,57.92998504638672,73.34613037109375
Multivariate+Exogenous,exogenous,WTI Oil,Com_CrudeOil,tscv,PatchTST,-,2025-10-20,59.868587493896484,70.43646240234375
Multivariate+Exogenous,exogenous,WTI Oil,Com_CrudeOil,tscv,PatchTST,LightGBM,2025-10-20,59.868587493896484,76.90557098388672
Multivariate+Exogenous,exogenous,WTI Oil,Com_CrudeOil,tscv,PatchTST,NLinear,2025-10-20,59.868587493896484,75.0530776977539
Multivariate+Exogenous,exogenous,WTI Oil,Com_CrudeOil,tscv,PatchTST,XGBoost,2025-10-20,59.868587493896484,78.32317352294922
Multivariate+Exogenous,exogenous,WTI Oil,Com_CrudeOil,tscv,PatchTST,iTransformer,2025-10-20,59.868587493896484,75.37730407714844
Univariate,univariate,Brent Oil,Com_BrentCrudeOil,holdout,PatchTST,-,2025-10-27,64.5328598022461,61.17865753173828
Univariate,univariate,Brent Oil,Com_BrentCrudeOil,holdout,PatchTST,LightGBM,2025-10-27,64.5328598022461,56.56965637207031
Univariate,univariate,Brent Oil,Com_BrentCrudeOil,holdout,PatchTST,NLinear,2025-10-27,64.5328598022461,61.921142578125
Univariate,univariate,Brent Oil,Com_BrentCrudeOil,holdout,PatchTST,XGBoost,2025-10-27,64.5328598022461,57.005374908447266
Univariate,univariate,Brent Oil,Com_BrentCrudeOil,holdout,PatchTST,iTransformer,2025-10-27,64.5328598022461,60.58881759643555
Univariate,univariate,Brent Oil,Com_BrentCrudeOil,holdout,PatchTST,-,2025-11-03,63.94032669067383,62.2714958190918
Univariate,univariate,Brent Oil,Com_BrentCrudeOil,holdout,PatchTST,LightGBM,2025-11-03,63.94032669067383,58.53057098388672
Univariate,univariate,Brent Oil,Com_BrentCrudeOil,holdout,PatchTST,NLinear,2025-11-03,63.94032669067383,61.58705520629883
Univariate,univariate,Brent Oil,Com_BrentCrudeOil,holdout,PatchTST,XGBoost,2025-11-03,63.94032669067383,58.65602111816406
Univariate,univariate,Brent Oil,Com_BrentCrudeOil,holdout,PatchTST,iTransformer,2025-11-03,63.94032669067383,61.62485122680664
Univariate,univariate,Brent Oil,Com_BrentCrudeOil,holdout,PatchTST,-,2025-11-10,63.92447280883789,62.2784309387207
Univariate,univariate,Brent Oil,Com_BrentCrudeOil,holdout,PatchTST,LightGBM,2025-11-10,63.92447280883789,59.8288459777832
Univariate,univariate,Brent Oil,Com_BrentCrudeOil,holdout,PatchTST,NLinear,2025-11-10,63.92447280883789,61.75261306762695
Univariate,univariate,Brent Oil,Com_BrentCrudeOil,holdout,PatchTST,XGBoost,2025-11-10,63.92447280883789,58.855369567871094
Univariate,univariate,Brent Oil,Com_BrentCrudeOil,holdout,PatchTST,iTransformer,2025-11-10,63.92447280883789,61.66184997558594
Univariate,univariate,Brent Oil,Com_BrentCrudeOil,holdout,PatchTST,-,2025-11-17,63.38262939453125,62.77277374267578
Univariate,univariate,Brent Oil,Com_BrentCrudeOil,holdout,PatchTST,LightGBM,2025-11-17,63.38262939453125,60.30781555175781
Univariate,univariate,Brent Oil,Com_BrentCrudeOil,holdout,PatchTST,NLinear,2025-11-17,63.38262939453125,62.40238571166992
Univariate,univariate,Brent Oil,Com_BrentCrudeOil,holdout,PatchTST,XGBoost,2025-11-17,63.38262939453125,58.94192123413086
Univariate,univariate,Brent Oil,Com_BrentCrudeOil,holdout,PatchTST,iTransformer,2025-11-17,63.38262939453125,62.25584411621094
Univariate,univariate,Brent Oil,Com_BrentCrudeOil,holdout,PatchTST,-,2025-11-24,62.65865707397461,62.187870025634766
Univariate,univariate,Brent Oil,Com_BrentCrudeOil,holdout,PatchTST,LightGBM,2025-11-24,62.65865707397461,58.04030227661133
Univariate,univariate,Brent Oil,Com_BrentCrudeOil,holdout,PatchTST,NLinear,2025-11-24,62.65865707397461,61.44761657714844
Univariate,univariate,Brent Oil,Com_BrentCrudeOil,holdout,PatchTST,XGBoost,2025-11-24,62.65865707397461,58.361629486083984
Univariate,univariate,Brent Oil,Com_BrentCrudeOil,holdout,PatchTST,iTransformer,2025-11-24,62.65865707397461,61.6058235168457
Univariate,univariate,Brent Oil,Com_BrentCrudeOil,holdout,PatchTST,-,2025-12-01,63.27702713012695,61.17463684082031
Univariate,univariate,Brent Oil,Com_BrentCrudeOil,holdout,PatchTST,LightGBM,2025-12-01,63.27702713012695,58.30908966064453
Univariate,univariate,Brent Oil,Com_BrentCrudeOil,holdout,PatchTST,NLinear,2025-12-01,63.27702713012695,60.60667037963867
Univariate,univariate,Brent Oil,Com_BrentCrudeOil,holdout,PatchTST,XGBoost,2025-12-01,63.27702713012695,58.017539978027344
Univariate,univariate,Brent Oil,Com_BrentCrudeOil,holdout,PatchTST,iTransformer,2025-12-01,63.27702713012695,60.625972747802734
Univariate,univariate,Brent Oil,Com_BrentCrudeOil,holdout,PatchTST,-,2025-12-08,61.66008758544922,60.48992919921875
Univariate,univariate,Brent Oil,Com_BrentCrudeOil,holdout,PatchTST,LightGBM,2025-12-08,61.66008758544922,59.174686431884766
Univariate,univariate,Brent Oil,Com_BrentCrudeOil,holdout,PatchTST,NLinear,2025-12-08,61.66008758544922,60.61373519897461
Univariate,univariate,Brent Oil,Com_BrentCrudeOil,holdout,PatchTST,XGBoost,2025-12-08,61.66008758544922,58.147193908691406
Univariate,univariate,Brent Oil,Com_BrentCrudeOil,holdout,PatchTST,iTransformer,2025-12-08,61.66008758544922,60.08734893798828
Univariate,univariate,Brent Oil,Com_BrentCrudeOil,holdout,PatchTST,-,2025-12-15,60.13292694091797,59.706939697265625
Univariate,univariate,Brent Oil,Com_BrentCrudeOil,holdout,PatchTST,LightGBM,2025-12-15,60.13292694091797,59.13610076904297
Univariate,univariate,Brent Oil,Com_BrentCrudeOil,holdout,PatchTST,NLinear,2025-12-15,60.13292694091797,60.86040115356445
Univariate,univariate,Brent Oil,Com_BrentCrudeOil,holdout,PatchTST,XGBoost,2025-12-15,60.13292694091797,57.7830810546875
Univariate,univariate,Brent Oil,Com_BrentCrudeOil,holdout,PatchTST,iTransformer,2025-12-15,60.13292694091797,59.45083999633789
Univariate,univariate,Brent Oil,Com_BrentCrudeOil,holdout,PatchTST,-,2025-12-22,61.52321243286133,57.64227294921875
Univariate,univariate,Brent Oil,Com_BrentCrudeOil,holdout,PatchTST,LightGBM,2025-12-22,61.52321243286133,56.32734680175781
Univariate,univariate,Brent Oil,Com_BrentCrudeOil,holdout,PatchTST,NLinear,2025-12-22,61.52321243286133,59.19322204589844
Univariate,univariate,Brent Oil,Com_BrentCrudeOil,holdout,PatchTST,XGBoost,2025-12-22,61.52321243286133,55.61323547363281
Univariate,univariate,Brent Oil,Com_BrentCrudeOil,holdout,PatchTST,iTransformer,2025-12-22,61.52321243286133,57.375579833984375
Univariate,univariate,Brent Oil,Com_BrentCrudeOil,holdout,PatchTST,-,2025-12-29,60.96549987792969,59.1759033203125
Univariate,univariate,Brent Oil,Com_BrentCrudeOil,holdout,PatchTST,LightGBM,2025-12-29,60.96549987792969,57.86530303955078
Univariate,univariate,Brent Oil,Com_BrentCrudeOil,holdout,PatchTST,NLinear,2025-12-29,60.96549987792969,59.807106018066406
Univariate,univariate,Brent Oil,Com_BrentCrudeOil,holdout,PatchTST,XGBoost,2025-12-29,60.96549987792969,58.00358200073242
Univariate,univariate,Brent Oil,Com_BrentCrudeOil,holdout,PatchTST,iTransformer,2025-12-29,60.96549987792969,58.913963317871094
Univariate,univariate,Brent Oil,Com_BrentCrudeOil,holdout,PatchTST,-,2026-01-05,62.07210159301758,57.691978454589844
Univariate,univariate,Brent Oil,Com_BrentCrudeOil,holdout,PatchTST,LightGBM,2026-01-05,62.07210159301758,56.734195709228516
Univariate,univariate,Brent Oil,Com_BrentCrudeOil,holdout,PatchTST,NLinear,2026-01-05,62.07210159301758,58.10552215576172
Univariate,univariate,Brent Oil,Com_BrentCrudeOil,holdout,PatchTST,XGBoost,2026-01-05,62.07210159301758,56.768428802490234
Univariate,univariate,Brent Oil,Com_BrentCrudeOil,holdout,PatchTST,iTransformer,2026-01-05,62.07210159301758,57.60457229614258
Univariate,univariate,Brent Oil,Com_BrentCrudeOil,holdout,PatchTST,-,2026-01-12,64.25517272949219,58.26494598388672
Univariate,univariate,Brent Oil,Com_BrentCrudeOil,holdout,PatchTST,LightGBM,2026-01-12,64.25517272949219,57.91787338256836
Univariate,univariate,Brent Oil,Com_BrentCrudeOil,holdout,PatchTST,NLinear,2026-01-12,64.25517272949219,59.963199615478516
Univariate,univariate,Brent Oil,Com_BrentCrudeOil,holdout,PatchTST,XGBoost,2026-01-12,64.25517272949219,58.21043014526367
Univariate,univariate,Brent Oil,Com_BrentCrudeOil,holdout,PatchTST,iTransformer,2026-01-12,64.25517272949219,58.27412033081055
Univariate,univariate,Brent Oil,Com_BrentCrudeOil,tscv,PatchTST,-,2023-10-30,84.9540023803711,91.28407287597656
Univariate,univariate,Brent Oil,Com_BrentCrudeOil,tscv,PatchTST,LightGBM,2023-10-30,84.9540023803711,84.13656616210938
Univariate,univariate,Brent Oil,Com_BrentCrudeOil,tscv,PatchTST,NLinear,2023-10-30,84.9540023803711,82.56998443603516
Univariate,univariate,Brent Oil,Com_BrentCrudeOil,tscv,PatchTST,XGBoost,2023-10-30,84.9540023803711,83.20148468017578
Univariate,univariate,Brent Oil,Com_BrentCrudeOil,tscv,PatchTST,iTransformer,2023-10-30,84.9540023803711,88.423828125
Univariate,univariate,Brent Oil,Com_BrentCrudeOil,tscv,PatchTST,-,2023-11-06,81.2959976196289,90.86979675292969
Univariate,univariate,Brent Oil,Com_BrentCrudeOil,tscv,PatchTST,LightGBM,2023-11-06,81.2959976196289,83.7222900390625
Univariate,univariate,Brent Oil,Com_BrentCrudeOil,tscv,PatchTST,NLinear,2023-11-06,81.2959976196289,83.44313049316406
Univariate,univariate,Brent Oil,Com_BrentCrudeOil,tscv,PatchTST,XGBoost,2023-11-06,81.2959976196289,82.44043731689453
Univariate,univariate,Brent Oil,Com_BrentCrudeOil,tscv,PatchTST,iTransformer,2023-11-06,81.2959976196289,87.99057006835938
Univariate,univariate,Brent Oil,Com_BrentCrudeOil,tscv,PatchTST,-,2023-11-13,80.66000366210938,87.57403564453125
Univariate,univariate,Brent Oil,Com_BrentCrudeOil,tscv,PatchTST,LightGBM,2023-11-13,80.66000366210938,80.8922119140625
Univariate,univariate,Brent Oil,Com_BrentCrudeOil,tscv,PatchTST,NLinear,2023-11-13,80.66000366210938,80.76406860351562
Univariate,univariate,Brent Oil,Com_BrentCrudeOil,tscv,PatchTST,XGBoost,2023-11-13,80.66000366210938,80.05790710449219
Univariate,univariate,Brent Oil,Com_BrentCrudeOil,tscv,PatchTST,iTransformer,2023-11-13,80.66000366210938,84.63946533203125
Univariate,univariate,Brent Oil,Com_BrentCrudeOil,tscv,PatchTST,-,2023-11-20,81.51799774169922,85.97762298583984
Univariate,univariate,Brent Oil,Com_BrentCrudeOil,tscv,PatchTST,LightGBM,2023-11-20,81.51799774169922,80.35488891601562
Univariate,univariate,Brent Oil,Com_BrentCrudeOil,tscv,PatchTST,NLinear,2023-11-20,81.51799774169922,79.56676483154297
Univariate,univariate,Brent Oil,Com_BrentCrudeOil,tscv,PatchTST,XGBoost,2023-11-20,81.51799774169922,79.63603210449219
Univariate,univariate,Brent Oil,Com_BrentCrudeOil,tscv,PatchTST,iTransformer,2023-11-20,81.51799774169922,82.97736358642578
Univariate,univariate,Brent Oil,Com_BrentCrudeOil,tscv,PatchTST,-,2023-11-27,80.5780029296875,84.91996765136719
Univariate,univariate,Brent Oil,Com_BrentCrudeOil,tscv,PatchTST,LightGBM,2023-11-27,80.5780029296875,81.8972396850586
Univariate,univariate,Brent Oil,Com_BrentCrudeOil,tscv,PatchTST,NLinear,2023-11-27,80.5780029296875,81.02738952636719
Univariate,univariate,Brent Oil,Com_BrentCrudeOil,tscv,PatchTST,XGBoost,2023-11-27,80.5780029296875,82.35948944091797
Univariate,univariate,Brent Oil,Com_BrentCrudeOil,tscv,PatchTST,iTransformer,2023-11-27,80.5780029296875,82.96055221557617
Univariate,univariate,Brent Oil,Com_BrentCrudeOil,tscv,PatchTST,-,2023-12-04,75.98600006103516,83.28803634643555
Univariate,univariate,Brent Oil,Com_BrentCrudeOil,tscv,PatchTST,LightGBM,2023-12-04,75.98600006103516,79.80243682861328
Univariate,univariate,Brent Oil,Com_BrentCrudeOil,tscv,PatchTST,NLinear,2023-12-04,75.98600006103516,79.79042434692383
Univariate,univariate,Brent Oil,Com_BrentCrudeOil,tscv,PatchTST,XGBoost,2023-12-04,75.98600006103516,81.6028938293457
Univariate,univariate,Brent Oil,Com_BrentCrudeOil,tscv,PatchTST,iTransformer,2023-12-04,75.98600006103516,81.30133438110352
Univariate,univariate,Brent Oil,Com_BrentCrudeOil,tscv,PatchTST,-,2023-12-11,75.5780029296875,80.08931732177734
Univariate,univariate,Brent Oil,Com_BrentCrudeOil,tscv,PatchTST,LightGBM,2023-12-11,75.5780029296875,76.42775344848633
Univariate,univariate,Brent Oil,Com_BrentCrudeOil,tscv,PatchTST,NLinear,2023-12-11,75.5780029296875,76.57305145263672
Univariate,univariate,Brent Oil,Com_BrentCrudeOil,tscv,PatchTST,XGBoost,2023-12-11,75.5780029296875,77.52899551391602
Univariate,univariate,Brent Oil,Com_BrentCrudeOil,tscv,PatchTST,iTransformer,2023-12-11,75.5780029296875,78.0809097290039
Univariate,univariate,Brent Oil,Com_BrentCrudeOil,tscv,PatchTST,-,2023-12-18,79.0199966430664,76.56884765625
Univariate,univariate,Brent Oil,Com_BrentCrudeOil,tscv,PatchTST,LightGBM,2023-12-18,79.0199966430664,72.56780242919922
Univariate,univariate,Brent Oil,Com_BrentCrudeOil,tscv,PatchTST,NLinear,2023-12-18,79.0199966430664,72.84149551391602
Univariate,univariate,Brent Oil,Com_BrentCrudeOil,tscv,PatchTST,XGBoost,2023-12-18,79.0199966430664,73.18098449707031
Univariate,univariate,Brent Oil,Com_BrentCrudeOil,tscv,PatchTST,iTransformer,2023-12-18,79.0199966430664,74.54941177368164
Univariate,univariate,Brent Oil,Com_BrentCrudeOil,tscv,PatchTST,-,2023-12-25,78.6449966430664,77.21602630615234
Univariate,univariate,Brent Oil,Com_BrentCrudeOil,tscv,PatchTST,LightGBM,2023-12-25,78.6449966430664,72.90132904052734
Univariate,univariate,Brent Oil,Com_BrentCrudeOil,tscv,PatchTST,NLinear,2023-12-25,78.6449966430664,74.57123057047527
Univariate,univariate,Brent Oil,Com_BrentCrudeOil,tscv,PatchTST,XGBoost,2023-12-25,78.6449966430664,72.77378336588542
Univariate,univariate,Brent Oil,Com_BrentCrudeOil,tscv,PatchTST,iTransformer,2023-12-25,78.6449966430664,74.56677754720052
Univariate,univariate,Brent Oil,Com_BrentCrudeOil,tscv,PatchTST,-,2024-01-01,77.62249755859375,78.23062896728516
Univariate,univariate,Brent Oil,Com_BrentCrudeOil,tscv,PatchTST,LightGBM,2024-01-01,77.62249755859375,74.09158579508464
Univariate,univariate,Brent Oil,Com_BrentCrudeOil,tscv,PatchTST,NLinear,2024-01-01,77.62249755859375,75.13900248209636
Univariate,univariate,Brent Oil,Com_BrentCrudeOil,tscv,PatchTST,XGBoost,2024-01-01,77.62249755859375,73.8103510538737
Univariate,univariate,Brent Oil,Com_BrentCrudeOil,tscv,PatchTST,iTransformer,2024-01-01,77.62249755859375,75.57388559977214
Univariate,univariate,Brent Oil,Com_BrentCrudeOil,tscv,PatchTST,-,2024-01-08,77.24199676513672,78.40785217285156
Univariate,univariate,Brent Oil,Com_BrentCrudeOil,tscv,PatchTST,LightGBM,2024-01-08,77.24199676513672,72.53642018636067
Univariate,univariate,Brent Oil,Com_BrentCrudeOil,tscv,PatchTST,NLinear,2024-01-08,77.24199676513672,75.05798085530598
Univariate,univariate,Brent Oil,Com_BrentCrudeOil,tscv,PatchTST,XGBoost,2024-01-08,77.24199676513672,73.12306467692058
Univariate,univariate,Brent Oil,Com_BrentCrudeOil,tscv,PatchTST,iTransformer,2024-01-08,77.24199676513672,75.7463150024414
Univariate,univariate,Brent Oil,Com_BrentCrudeOil,tscv,PatchTST,-,2024-01-15,78.24199676513672,77.66737365722656
Univariate,univariate,Brent Oil,Com_BrentCrudeOil,tscv,PatchTST,LightGBM,2024-01-15,78.24199676513672,72.4247309366862
Univariate,univariate,Brent Oil,Com_BrentCrudeOil,tscv,PatchTST,NLinear,2024-01-15,78.24199676513672,74.09046681722005
Univariate,univariate,Brent Oil,Com_BrentCrudeOil,tscv,PatchTST,XGBoost,2024-01-15,78.24199676513672,71.8201904296875
Univariate,univariate,Brent Oil,Com_BrentCrudeOil,tscv,PatchTST,iTransformer,2024-01-15,78.24199676513672,75.019775390625
Univariate,univariate,Brent Oil,Com_BrentCrudeOil,tscv,PatchTST,-,2024-01-22,80.33999633789062,76.67407480875652
Univariate,univariate,Brent Oil,Com_BrentCrudeOil,tscv,PatchTST,LightGBM,2024-01-22,80.33999633789062,72.81813557942708
Univariate,univariate,Brent Oil,Com_BrentCrudeOil,tscv,PatchTST,NLinear,2024-01-22,80.33999633789062,73.08570353190105
Univariate,univariate,Brent Oil,Com_BrentCrudeOil,tscv,PatchTST,XGBoost,2024-01-22,80.33999633789062,72.56284077962239
Univariate,univariate,Brent Oil,Com_BrentCrudeOil,tscv,PatchTST,iTransformer,2024-01-22,80.33999633789062,73.5531005859375
Univariate,univariate,Brent Oil,Com_BrentCrudeOil,tscv,PatchTST,-,2024-01-29,79.86599731445312,77.99591573079427
Univariate,univariate,Brent Oil,Com_BrentCrudeOil,tscv,PatchTST,LightGBM,2024-01-29,79.86599731445312,74.13997650146484
Univariate,univariate,Brent Oil,Com_BrentCrudeOil,tscv,PatchTST,NLinear,2024-01-29,79.86599731445312,73.81595865885417
Univariate,univariate,Brent Oil,Com_BrentCrudeOil,tscv,PatchTST,XGBoost,2024-01-29,79.86599731445312,74.07785288492839
Univariate,univariate,Brent Oil,Com_BrentCrudeOil,tscv,PatchTST,iTransformer,2024-01-29,79.86599731445312,74.87527974446614
Univariate,univariate,Brent Oil,Com_BrentCrudeOil,tscv,PatchTST,-,2024-02-05,79.51599884033203,78.90622456868489
Univariate,univariate,Brent Oil,Com_BrentCrudeOil,tscv,PatchTST,LightGBM,2024-02-05,79.51599884033203,75.05028533935547
Univariate,univariate,Brent Oil,Com_BrentCrudeOil,tscv,PatchTST,NLinear,2024-02-05,79.51599884033203,74.30354309082031
Univariate,univariate,Brent Oil,Com_BrentCrudeOil,tscv,PatchTST,XGBoost,2024-02-05,79.51599884033203,75.16837056477864
Univariate,univariate,Brent Oil,Com_BrentCrudeOil,tscv,PatchTST,iTransformer,2024-02-05,79.51599884033203,75.77682240804036
Univariate,univariate,Brent Oil,Com_BrentCrudeOil,tscv,PatchTST,-,2024-02-12,81.64800262451172,79.26020812988281
Univariate,univariate,Brent Oil,Com_BrentCrudeOil,tscv,PatchTST,LightGBM,2024-02-12,81.64800262451172,75.19358317057292
Univariate,univariate,Brent Oil,Com_BrentCrudeOil,tscv,PatchTST,NLinear,2024-02-12,81.64800262451172,74.18821207682292
Univariate,univariate,Brent Oil,Com_BrentCrudeOil,tscv,PatchTST,XGBoost,2024-02-12,81.64800262451172,75.76168314615886
Univariate,univariate,Brent Oil,Com_BrentCrudeOil,tscv,PatchTST,iTransformer,2024-02-12,81.64800262451172,76.13211059570312
Univariate,univariate,Brent Oil,Com_BrentCrudeOil,tscv,PatchTST,-,2024-02-19,81.3219985961914,80.89710489908855
Univariate,univariate,Brent Oil,Com_BrentCrudeOil,tscv,PatchTST,LightGBM,2024-02-19,81.3219985961914,76.43348439534505
Univariate,univariate,Brent Oil,Com_BrentCrudeOil,tscv,PatchTST,NLinear,2024-02-19,81.3219985961914,77.52992757161458
Univariate,univariate,Brent Oil,Com_BrentCrudeOil,tscv,PatchTST,XGBoost,2024-02-19,81.3219985961914,76.4226303100586
Univariate,univariate,Brent Oil,Com_BrentCrudeOil,tscv,PatchTST,iTransformer,2024-02-19,81.3219985961914,77.82590993245442
Univariate,univariate,Brent Oil,Com_BrentCrudeOil,tscv,PatchTST,-,2024-02-26,81.69200134277344,82.41575113932292
Univariate,univariate,Brent Oil,Com_BrentCrudeOil,tscv,PatchTST,LightGBM,2024-02-26,81.69200134277344,77.79922993977864
Univariate,univariate,Brent Oil,Com_BrentCrudeOil,tscv,PatchTST,NLinear,2024-02-26,81.69200134277344,79.29087575276692
Univariate,univariate,Brent Oil,Com_BrentCrudeOil,tscv,PatchTST,XGBoost,2024-02-26,81.69200134277344,78.19473520914714
Univariate,univariate,Brent Oil,Com_BrentCrudeOil,tscv,PatchTST,iTransformer,2024-02-26,81.69200134277344,79.33807881673177
Univariate,univariate,Brent Oil,Com_BrentCrudeOil,tscv,PatchTST,-,2024-03-04,81.8759994506836,82.6909917195638
Univariate,univariate,Brent Oil,Com_BrentCrudeOil,tscv,PatchTST,LightGBM,2024-03-04,81.8759994506836,77.8147684733073
Univariate,univariate,Brent Oil,Com_BrentCrudeOil,tscv,PatchTST,NLinear,2024-03-04,81.8759994506836,80.0255864461263
Univariate,univariate,Brent Oil,Com_BrentCrudeOil,tscv,PatchTST,XGBoost,2024-03-04,81.8759994506836,78.50486755371094
Univariate,univariate,Brent Oil,Com_BrentCrudeOil,tscv,PatchTST,iTransformer,2024-03-04,81.8759994506836,79.62319946289062
Univariate,univariate,Brent Oil,Com_BrentCrudeOil,tscv,PatchTST,-,2024-03-11,83.22200012207031,83.86233266194661
Univariate,univariate,Brent Oil,Com_BrentCrudeOil,tscv,PatchTST,LightGBM,2024-03-11,83.22200012207031,79.08975474039714
Univariate,univariate,Brent Oil,Com_BrentCrudeOil,tscv,PatchTST,NLinear,2024-03-11,83.22200012207031,81.39509836832683
Univariate,univariate,Brent Oil,Com_BrentCrudeOil,tscv,PatchTST,XGBoost,2024-03-11,83.22200012207031,79.9877421061198
Univariate,univariate,Brent Oil,Com_BrentCrudeOil,tscv,PatchTST,iTransformer,2024-03-11,83.22200012207031,80.78279113769531
Univariate,univariate,Brent Oil,Com_BrentCrudeOil,tscv,PatchTST,-,2024-03-18,85.6520004272461,87.54543558756511
Univariate,univariate,Brent Oil,Com_BrentCrudeOil,tscv,PatchTST,LightGBM,2024-03-18,85.6520004272461,81.66596984863281
Univariate,univariate,Brent Oil,Com_BrentCrudeOil,tscv,PatchTST,NLinear,2024-03-18,85.6520004272461,86.02421061197917
Univariate,univariate,Brent Oil,Com_BrentCrudeOil,tscv,PatchTST,XGBoost,2024-03-18,85.6520004272461,82.49588012695312
Univariate,univariate,Brent Oil,Com_BrentCrudeOil,tscv,PatchTST,iTransformer,2024-03-18,85.6520004272461,83.91903432210286
Univariate,univariate,Brent Oil,Com_BrentCrudeOil,tscv,PatchTST,-,2024-03-25,86.2183837890625,90.92846934000652
Univariate,univariate,Brent Oil,Com_BrentCrudeOil,tscv,PatchTST,LightGBM,2024-03-25,86.2183837890625,84.88175710042317
Univariate,univariate,Brent Oil,Com_BrentCrudeOil,tscv,PatchTST,NLinear,2024-03-25,86.2183837890625,88.97694142659505
Univariate,univariate,Brent Oil,Com_BrentCrudeOil,tscv,PatchTST,XGBoost,2024-03-25,86.2183837890625,84.77981058756511
Univariate,univariate,Brent Oil,Com_BrentCrudeOil,tscv,PatchTST,iTransformer,2024-03-25,86.2183837890625,87.31108093261719
Univariate,univariate,Brent Oil,Com_BrentCrudeOil,tscv,PatchTST,-,2024-04-01,89.50199890136719,92.46348317464192
Univariate,univariate,Brent Oil,Com_BrentCrudeOil,tscv,PatchTST,LightGBM,2024-04-01,89.50199890136719,85.64728546142578
Univariate,univariate,Brent Oil,Com_BrentCrudeOil,tscv,PatchTST,NLinear,2024-04-01,89.50199890136719,90.0361328125
Univariate,univariate,Brent Oil,Com_BrentCrudeOil,tscv,PatchTST,XGBoost,2024-04-01,89.50199890136719,86.3599344889323
Univariate,univariate,Brent Oil,Com_BrentCrudeOil,tscv,PatchTST,iTransformer,2024-04-01,89.50199890136719,88.85264078776042
Univariate,univariate,Brent Oil,Com_BrentCrudeOil,tscv,PatchTST,-,2024-04-08,90.17333221435547,94.21811930338542
Univariate,univariate,Brent Oil,Com_BrentCrudeOil,tscv,PatchTST,LightGBM,2024-04-08,90.17333221435547,88.20261128743489
Univariate,univariate,Brent Oil,Com_BrentCrudeOil,tscv,PatchTST,NLinear,2024-04-08,90.17333221435547,91.61990865071614
Univariate,univariate,Brent Oil,Com_BrentCrudeOil,tscv,PatchTST,XGBoost,2024-04-08,90.17333221435547,88.42146555582683
Univariate,univariate,Brent Oil,Com_BrentCrudeOil,tscv,PatchTST,iTransformer,2024-04-08,90.17333221435547,90.6239242553711
Univariate,univariate,Brent Oil,Com_BrentCrudeOil,tscv,PatchTST,-,2024-04-15,88.12903594970703,97.83292643229167
Univariate,univariate,Brent Oil,Com_BrentCrudeOil,tscv,PatchTST,LightGBM,2024-04-15,88.12903594970703,92.81119791666667
Univariate,univariate,Brent Oil,Com_BrentCrudeOil,tscv,PatchTST,NLinear,2024-04-15,88.12903594970703,95.92977650960286
Univariate,univariate,Brent Oil,Com_BrentCrudeOil,tscv,PatchTST,XGBoost,2024-04-15,88.12903594970703,93.09444173177083
Univariate,univariate,Brent Oil,Com_BrentCrudeOil,tscv,PatchTST,iTransformer,2024-04-15,88.12903594970703,94.9709981282552
Univariate,univariate,Brent Oil,Com_BrentCrudeOil,tscv,PatchTST,-,2024-04-22,87.90630340576172,98.70324961344402
Univariate,univariate,Brent Oil,Com_BrentCrudeOil,tscv,PatchTST,LightGBM,2024-04-22,87.90630340576172,93.630126953125
Univariate,univariate,Brent Oil,Com_BrentCrudeOil,tscv,PatchTST,NLinear,2024-04-22,87.90630340576172,96.75471496582031
Univariate,univariate,Brent Oil,Com_BrentCrudeOil,tscv,PatchTST,XGBoost,2024-04-22,87.90630340576172,94.69679005940755
Univariate,univariate,Brent Oil,Com_BrentCrudeOil,tscv,PatchTST,iTransformer,2024-04-22,87.90630340576172,95.84472401936848
Univariate,univariate,Brent Oil,Com_BrentCrudeOil,tscv,PatchTST,-,2024-04-29,84.72000122070312,98.96656036376953
Univariate,univariate,Brent Oil,Com_BrentCrudeOil,tscv,PatchTST,LightGBM,2024-04-29,84.72000122070312,94.00127919514973
Univariate,univariate,Brent Oil,Com_BrentCrudeOil,tscv,PatchTST,NLinear,2024-04-29,84.72000122070312,97.1097895304362
Univariate,univariate,Brent Oil,Com_BrentCrudeOil,tscv,PatchTST,XGBoost,2024-04-29,84.72000122070312,95.23844909667969
Univariate,univariate,Brent Oil,Com_BrentCrudeOil,tscv,PatchTST,iTransformer,2024-04-29,84.72000122070312,96.10865529378255
Univariate,univariate,Brent Oil,Com_BrentCrudeOil,tscv,PatchTST,-,2024-05-06,83.3479995727539,98.22769419352214
Univariate,univariate,Brent Oil,Com_BrentCrudeOil,tscv,PatchTST,LightGBM,2024-05-06,83.3479995727539,93.21101633707683
Univariate,univariate,Brent Oil,Com_BrentCrudeOil,tscv,PatchTST,NLinear,2024-05-06,83.3479995727539,96.69696299235027
Univariate,univariate,Brent Oil,Com_BrentCrudeOil,tscv,PatchTST,XGBoost,2024-05-06,83.3479995727539,94.48266347249348
Univariate,univariate,Brent Oil,Com_BrentCrudeOil,tscv,PatchTST,iTransformer,2024-05-06,83.3479995727539,95.35241190592448
Univariate,univariate,Brent Oil,Com_BrentCrudeOil,tscv,PatchTST,-,2024-05-13,83.14800262451172,97.63398742675781
Univariate,univariate,Brent Oil,Com_BrentCrudeOil,tscv,PatchTST,LightGBM,2024-05-13,83.14800262451172,92.62309010823567
Univariate,univariate,Brent Oil,Com_BrentCrudeOil,tscv,PatchTST,NLinear,2024-05-13,83.14800262451172,93.04803212483723
Univariate,univariate,Brent Oil,Com_BrentCrudeOil,tscv,PatchTST,XGBoost,2024-05-13,83.14800262451172,93.01925404866536
Univariate,univariate,Brent Oil,Com_BrentCrudeOil,tscv,PatchTST,iTransformer,2024-05-13,83.14800262451172,94.73610941569011
Univariate,univariate,Brent Oil,Com_BrentCrudeOil,tscv,PatchTST,-,2024-05-20,82.39399719238281,96.4352315266927
Univariate,univariate,Brent Oil,Com_BrentCrudeOil,tscv,PatchTST,LightGBM,2024-05-20,82.39399719238281,92.19108581542969
Univariate,univariate,Brent Oil,Com_BrentCrudeOil,tscv,PatchTST,NLinear,2024-05-20,82.39399719238281,92.29170989990234
Univariate,univariate,Brent Oil,Com_BrentCrudeOil,tscv,PatchTST,XGBoost,2024-05-20,82.39399719238281,92.27358754475911
Univariate,univariate,Brent Oil,Com_BrentCrudeOil,tscv,PatchTST,iTransformer,2024-05-20,82.39399719238281,93.5315424601237
Univariate,univariate,Brent Oil,Com_BrentCrudeOil,tscv,PatchTST,-,2024-05-27,82.64234161376953,95.28466796875
Univariate,univariate,Brent Oil,Com_BrentCrudeOil,tscv,PatchTST,LightGBM,2024-05-27,82.64234161376953,91.56251271565755
Univariate,univariate,Brent Oil,Com_BrentCrudeOil,tscv,PatchTST,NLinear,2024-05-27,82.64234161376953,91.7031987508138
Univariate,univariate,Brent Oil,Com_BrentCrudeOil,tscv,PatchTST,XGBoost,2024-05-27,82.64234161376953,91.03421020507812
Univariate,univariate,Brent Oil,Com_BrentCrudeOil,tscv,PatchTST,iTransformer,2024-05-27,82.64234161376953,92.36982727050781
Univariate,univariate,Brent Oil,Com_BrentCrudeOil,tscv,PatchTST,-,2024-06-03,78.75599670410156,95.56057484944661
Univariate,univariate,Brent Oil,Com_BrentCrudeOil,tscv,PatchTST,LightGBM,2024-06-03,78.75599670410156,91.43858337402344
Univariate,univariate,Brent Oil,Com_BrentCrudeOil,tscv,PatchTST,NLinear,2024-06-03,78.75599670410156,92.55358123779297
Univariate,univariate,Brent Oil,Com_BrentCrudeOil,tscv,PatchTST,XGBoost,2024-06-03,78.75599670410156,90.84951782226562
Univariate,univariate,Brent Oil,Com_BrentCrudeOil,tscv,PatchTST,iTransformer,2024-06-03,78.75599670410156,92.6567891438802
Univariate,univariate,Brent Oil,Com_BrentCrudeOil,tscv,PatchTST,-,2024-06-10,82.30400085449219,91.73607635498047
Univariate,univariate,Brent Oil,Com_BrentCrudeOil,tscv,PatchTST,LightGBM,2024-06-10,82.30400085449219,89.56652323404948
Univariate,univariate,Brent Oil,Com_BrentCrudeOil,tscv,PatchTST,NLinear,2024-06-10,82.30400085449219,85.93441518147786
Univariate,univariate,Brent Oil,Com_BrentCrudeOil,tscv,PatchTST,XGBoost,2024-06-10,82.30400085449219,89.24461364746094
Univariate,univariate,Brent Oil,Com_BrentCrudeOil,tscv,PatchTST,iTransformer,2024-06-10,82.30400085449219,89.43785603841145
Univariate,univariate,Brent Oil,Com_BrentCrudeOil,tscv,PatchTST,-,2024-06-17,85.13249969482422,91.6444320678711
Univariate,univariate,Brent Oil,Com_BrentCrudeOil,tscv,PatchTST,LightGBM,2024-06-17,85.13249969482422,89.57117970784505
Univariate,univariate,Brent Oil,Com_BrentCrudeOil,tscv,PatchTST,NLinear,2024-06-17,85.13249969482422,86.2117182413737
Univariate,univariate,Brent Oil,Com_BrentCrudeOil,tscv,PatchTST,XGBoost,2024-06-17,85.13249969482422,89.32196807861328
Univariate,univariate,Brent Oil,Com_BrentCrudeOil,tscv,PatchTST,iTransformer,2024-06-17,85.13249969482422,89.34320322672527
Univariate,univariate,Brent Oil,Com_BrentCrudeOil,tscv,PatchTST,-,2024-06-24,84.99199676513672,93.87271372477214
Univariate,univariate,Brent Oil,Com_BrentCrudeOil,tscv,PatchTST,LightGBM,2024-06-24,84.99199676513672,91.551025390625
Univariate,univariate,Brent Oil,Com_BrentCrudeOil,tscv,PatchTST,NLinear,2024-06-24,84.99199676513672,88.5285873413086
Univariate,univariate,Brent Oil,Com_BrentCrudeOil,tscv,PatchTST,XGBoost,2024-06-24,84.99199676513672,91.61532847086589
Univariate,univariate,Brent Oil,Com_BrentCrudeOil,tscv,PatchTST,iTransformer,2024-06-24,84.99199676513672,91.57010904947917
Univariate,univariate,Brent Oil,Com_BrentCrudeOil,tscv,PatchTST,-,2024-07-01,86.68726348876953,94.14732106526692
Univariate,univariate,Brent Oil,Com_BrentCrudeOil,tscv,PatchTST,LightGBM,2024-07-01,86.68726348876953,92.14102935791016
Univariate,univariate,Brent Oil,Com_BrentCrudeOil,tscv,PatchTST,NLinear,2024-07-01,86.68726348876953,89.14751688639323
Univariate,univariate,Brent Oil,Com_BrentCrudeOil,tscv,PatchTST,XGBoost,2024-07-01,86.68726348876953,92.06646219889323
Univariate,univariate,Brent Oil,Com_BrentCrudeOil,tscv,PatchTST,iTransformer,2024-07-01,86.68726348876953,91.85404459635417
Univariate,univariate,Brent Oil,Com_BrentCrudeOil,tscv,PatchTST,-,2024-07-08,85.18399810791016,95.77187856038411
Univariate,univariate,Brent Oil,Com_BrentCrudeOil,tscv,PatchTST,LightGBM,2024-07-08,85.18399810791016,92.83522288004558
Univariate,univariate,Brent Oil,Com_BrentCrudeOil,tscv,PatchTST,NLinear,2024-07-08,85.18399810791016,89.26258341471355
Univariate,univariate,Brent Oil,Com_BrentCrudeOil,tscv,PatchTST,XGBoost,2024-07-08,85.18399810791016,93.49440256754558
Univariate,univariate,Brent Oil,Com_BrentCrudeOil,tscv,PatchTST,iTransformer,2024-07-08,85.18399810791016,92.43299102783203
Univariate,univariate,Brent Oil,Com_BrentCrudeOil,tscv,PatchTST,-,2024-07-15,84.27999877929688,96.01564280192058
Univariate,univariate,Brent Oil,Com_BrentCrudeOil,tscv,PatchTST,LightGBM,2024-07-15,84.27999877929688,92.11006418863933
Univariate,univariate,Brent Oil,Com_BrentCrudeOil,tscv,PatchTST,NLinear,2024-07-15,84.27999877929688,88.87877146402995
Univariate,univariate,Brent Oil,Com_BrentCrudeOil,tscv,PatchTST,XGBoost,2024-07-15,84.27999877929688,93.58718363444011
Univariate,univariate,Brent Oil,Com_BrentCrudeOil,tscv,PatchTST,iTransformer,2024-07-15,84.27999877929688,92.66833750406902
Univariate,univariate,Brent Oil,Com_BrentCrudeOil,tscv,PatchTST,-,2024-07-22,81.7239990234375,94.25065612792969
Univariate,univariate,Brent Oil,Com_BrentCrudeOil,tscv,PatchTST,LightGBM,2024-07-22,81.7239990234375,90.48700205485027
Univariate,univariate,Brent Oil,Com_BrentCrudeOil,tscv,PatchTST,NLinear,2024-07-22,81.7239990234375,86.52906799316406
Univariate,univariate,Brent Oil,Com_BrentCrudeOil,tscv,PatchTST,XGBoost,2024-07-22,81.7239990234375,91.97006225585938
Univariate,univariate,Brent Oil,Com_BrentCrudeOil,tscv,PatchTST,iTransformer,2024-07-22,81.7239990234375,90.8978271484375
Univariate,univariate,Brent Oil,Com_BrentCrudeOil,tscv,PatchTST,-,2024-07-29,78.4143295288086,91.8671366373698
Univariate,univariate,Brent Oil,Com_BrentCrudeOil,tscv,PatchTST,LightGBM,2024-07-29,78.4143295288086,87.85805765787761
Univariate,univariate,Brent Oil,Com_BrentCrudeOil,tscv,PatchTST,NLinear,2024-07-29,78.4143295288086,83.84635670979817
Univariate,univariate,Brent Oil,Com_BrentCrudeOil,tscv,PatchTST,XGBoost,2024-07-29,78.4143295288086,89.86934153238933
Univariate,univariate,Brent Oil,Com_BrentCrudeOil,tscv,PatchTST,iTransformer,2024-07-29,78.4143295288086,88.53257497151692
Univariate,univariate,Brent Oil,Com_BrentCrudeOil,tscv,PatchTST,-,2024-08-05,78.48297119140625,85.4214604695638
Univariate,univariate,Brent Oil,Com_BrentCrudeOil,tscv,PatchTST,LightGBM,2024-08-05,78.48297119140625,81.95630391438802
Univariate,univariate,Brent Oil,Com_BrentCrudeOil,tscv,PatchTST,NLinear,2024-08-05,78.48297119140625,74.31539154052734
Univariate,univariate,Brent Oil,Com_BrentCrudeOil,tscv,PatchTST,XGBoost,2024-08-05,78.48297119140625,82.87881469726562
Univariate,univariate,Brent Oil,Com_BrentCrudeOil,tscv,PatchTST,iTransformer,2024-08-05,78.48297119140625,80.86029307047527
Univariate,univariate,Brent Oil,Com_BrentCrudeOil,tscv,PatchTST,-,2024-08-12,80.38911437988281,82.64035034179688
Univariate,univariate,Brent Oil,Com_BrentCrudeOil,tscv,PatchTST,LightGBM,2024-08-12,80.38911437988281,79.49184672037761
Univariate,univariate,Brent Oil,Com_BrentCrudeOil,tscv,PatchTST,NLinear,2024-08-12,80.38911437988281,71.4776102701823
Univariate,univariate,Brent Oil,Com_BrentCrudeOil,tscv,PatchTST,XGBoost,2024-08-12,80.38911437988281,80.95712534586589
Univariate,univariate,Brent Oil,Com_BrentCrudeOil,tscv,PatchTST,iTransformer,2024-08-12,80.38911437988281,78.0857442220052
Univariate,univariate,Brent Oil,Com_BrentCrudeOil,tscv,PatchTST,-,2024-08-19,77.96463012695312,83.76147206624348
Univariate,univariate,Brent Oil,Com_BrentCrudeOil,tscv,PatchTST,LightGBM,2024-08-19,77.96463012695312,79.91564432779948
Univariate,univariate,Brent Oil,Com_BrentCrudeOil,tscv,PatchTST,NLinear,2024-08-19,77.96463012695312,72.44673665364583
Univariate,univariate,Brent Oil,Com_BrentCrudeOil,tscv,PatchTST,XGBoost,2024-08-19,77.96463012695312,81.8669942220052
Univariate,univariate,Brent Oil,Com_BrentCrudeOil,tscv,PatchTST,iTransformer,2024-08-19,77.96463012695312,79.19771830240886
Univariate,univariate,Brent Oil,Com_BrentCrudeOil,tscv,PatchTST,-,2024-08-26,78.09672546386719,80.8921381632487
Univariate,univariate,Brent Oil,Com_BrentCrudeOil,tscv,PatchTST,LightGBM,2024-08-26,78.09672546386719,77.31195068359375
Univariate,univariate,Brent Oil,Com_BrentCrudeOil,tscv,PatchTST,NLinear,2024-08-26,78.09672546386719,69.33341217041016
Univariate,univariate,Brent Oil,Com_BrentCrudeOil,tscv,PatchTST,XGBoost,2024-08-26,78.09672546386719,79.3513692220052
Univariate,univariate,Brent Oil,Com_BrentCrudeOil,tscv,PatchTST,iTransformer,2024-08-26,78.09672546386719,76.32211558024089
Univariate,univariate,Brent Oil,Com_BrentCrudeOil,tscv,PatchTST,-,2024-09-02,72.91812896728516,79.89271545410156
Univariate,univariate,Brent Oil,Com_BrentCrudeOil,tscv,PatchTST,LightGBM,2024-09-02,72.91812896728516,77.54605356852214
Univariate,univariate,Brent Oil,Com_BrentCrudeOil,tscv,PatchTST,NLinear,2024-09-02,72.91812896728516,75.2798360188802
Univariate,univariate,Brent Oil,Com_BrentCrudeOil,tscv,PatchTST,XGBoost,2024-09-02,72.91812896728516,79.31159973144531
Univariate,univariate,Brent Oil,Com_BrentCrudeOil,tscv,PatchTST,iTransformer,2024-09-02,72.91812896728516,74.98199971516927
Univariate,univariate,Brent Oil,Com_BrentCrudeOil,tscv,PatchTST,-,2024-09-09,71.21612548828125,75.6437276204427
Univariate,univariate,Brent Oil,Com_BrentCrudeOil,tscv,PatchTST,LightGBM,2024-09-09,71.21612548828125,73.52430216471355
Univariate,univariate,Brent Oil,Com_BrentCrudeOil,tscv,PatchTST,NLinear,2024-09-09,71.21612548828125,70.85895029703777
Univariate,univariate,Brent Oil,Com_BrentCrudeOil,tscv,PatchTST,XGBoost,2024-09-09,71.21612548828125,75.64027913411458
Univariate,univariate,Brent Oil,Com_BrentCrudeOil,tscv,PatchTST,iTransformer,2024-09-09,71.21612548828125,70.72465006510417
Univariate,univariate,Brent Oil,Com_BrentCrudeOil,tscv,PatchTST,-,2024-09-16,74.13544464111328,70.79123942057292
Univariate,univariate,Brent Oil,Com_BrentCrudeOil,tscv,PatchTST,LightGBM,2024-09-16,74.13544464111328,69.61932373046875
Univariate,univariate,Brent Oil,Com_BrentCrudeOil,tscv,PatchTST,NLinear,2024-09-16,74.13544464111328,66.43408457438152
Univariate,univariate,Brent Oil,Com_BrentCrudeOil,tscv,PatchTST,XGBoost,2024-09-16,74.13544464111328,70.79053751627605
Univariate,univariate,Brent Oil,Com_BrentCrudeOil,tscv,PatchTST,iTransformer,2024-09-16,74.13544464111328,65.87845611572266
Univariate,univariate,Brent Oil,Com_BrentCrudeOil,tscv,PatchTST,-,2024-09-23,72.62645721435547,71.17331441243489
Univariate,univariate,Brent Oil,Com_BrentCrudeOil,tscv,PatchTST,LightGBM,2024-09-23,72.62645721435547,70.38492329915364
Univariate,univariate,Brent Oil,Com_BrentCrudeOil,tscv,PatchTST,NLinear,2024-09-23,72.62645721435547,67.49065653483073
Univariate,univariate,Brent Oil,Com_BrentCrudeOil,tscv,PatchTST,XGBoost,2024-09-23,72.62645721435547,70.70605723063152
Univariate,univariate,Brent Oil,Com_BrentCrudeOil,tscv,PatchTST,iTransformer,2024-09-23,72.62645721435547,66.221435546875
Univariate,univariate,Brent Oil,Com_BrentCrudeOil,tscv,PatchTST,-,2024-09-30,75.79288482666016,70.34456380208333
Univariate,univariate,Brent Oil,Com_BrentCrudeOil,tscv,PatchTST,LightGBM,2024-09-30,75.79288482666016,68.88847096761067
Univariate,univariate,Brent Oil,Com_BrentCrudeOil,tscv,PatchTST,NLinear,2024-09-30,75.79288482666016,62.65598805745443
Univariate,univariate,Brent Oil,Com_BrentCrudeOil,tscv,PatchTST,XGBoost,2024-09-30,75.79288482666016,69.39560953776042
Univariate,univariate,Brent Oil,Com_BrentCrudeOil,tscv,PatchTST,iTransformer,2024-09-30,75.79288482666016,64.70712407430013
Univariate,univariate,Brent Oil,Com_BrentCrudeOil,tscv,PatchTST,-,2024-10-07,78.61448669433594,72.8779525756836
Univariate,univariate,Brent Oil,Com_BrentCrudeOil,tscv,PatchTST,LightGBM,2024-10-07,78.61448669433594,71.67177836100261
Univariate,univariate,Brent Oil,Com_BrentCrudeOil,tscv,PatchTST,NLinear,2024-10-07,78.61448669433594,65.14006042480469
Univariate,univariate,Brent Oil,Com_BrentCrudeOil,tscv,PatchTST,XGBoost,2024-10-07,78.61448669433594,72.01979064941406
Univariate,univariate,Brent Oil,Com_BrentCrudeOil,tscv,PatchTST,iTransformer,2024-10-07,78.61448669433594,67.22926584879558
Univariate,univariate,Brent Oil,Com_BrentCrudeOil,tscv,PatchTST,-,2024-10-14,74.26461791992188,78.04969024658203
Univariate,univariate,Brent Oil,Com_BrentCrudeOil,tscv,PatchTST,LightGBM,2024-10-14,74.26461791992188,77.17604064941406
Univariate,univariate,Brent Oil,Com_BrentCrudeOil,tscv,PatchTST,NLinear,2024-10-14,74.26461791992188,70.12659581502278
Univariate,univariate,Brent Oil,Com_BrentCrudeOil,tscv,PatchTST,XGBoost,2024-10-14,74.26461791992188,77.29018656412761
Univariate,univariate,Brent Oil,Com_BrentCrudeOil,tscv,PatchTST,iTransformer,2024-10-14,74.26461791992188,72.40541585286458
Univariate,univariate,Brent Oil,Com_BrentCrudeOil,tscv,PatchTST,-,2024-10-21,74.91790008544922,77.16730499267578
Univariate,univariate,Brent Oil,Com_BrentCrudeOil,tscv,PatchTST,LightGBM,2024-10-21,74.91790008544922,76.0664571126302
Univariate,univariate,Brent Oil,Com_BrentCrudeOil,tscv,PatchTST,NLinear,2024-10-21,74.91790008544922,69.14930089314778
Univariate,univariate,Brent Oil,Com_BrentCrudeOil,tscv,PatchTST,XGBoost,2024-10-21,74.91790008544922,76.17183430989583
Univariate,univariate,Brent Oil,Com_BrentCrudeOil,tscv,PatchTST,iTransformer,2024-10-21,74.91790008544922,71.51845296223958
Univariate,univariate,Brent Oil,Com_BrentCrudeOil,tscv,PatchTST,-,2024-10-28,72.1500015258789,79.13333638509114
Univariate,univariate,Brent Oil,Com_BrentCrudeOil,tscv,PatchTST,LightGBM,2024-10-28,72.1500015258789,76.74393717447917
Univariate,univariate,Brent Oil,Com_BrentCrudeOil,tscv,PatchTST,NLinear,2024-10-28,72.1500015258789,76.17363739013672
Univariate,univariate,Brent Oil,Com_BrentCrudeOil,tscv,PatchTST,XGBoost,2024-10-28,72.1500015258789,77.20790100097656
Univariate,univariate,Brent Oil,Com_BrentCrudeOil,tscv,PatchTST,iTransformer,2024-10-28,72.1500015258789,75.0576171875
Univariate,univariate,Brent Oil,Com_BrentCrudeOil,tscv,PatchTST,-,2024-11-04,74.633544921875,76.44342041015625
Univariate,univariate,Brent Oil,Com_BrentCrudeOil,tscv,PatchTST,LightGBM,2024-11-04,74.633544921875,73.88527170817058
Univariate,univariate,Brent Oil,Com_BrentCrudeOil,tscv,PatchTST,NLinear,2024-11-04,74.633544921875,73.16756693522136
Univariate,univariate,Brent Oil,Com_BrentCrudeOil,tscv,PatchTST,XGBoost,2024-11-04,74.633544921875,74.29557291666667
Univariate,univariate,Brent Oil,Com_BrentCrudeOil,tscv,PatchTST,iTransformer,2024-11-04,74.633544921875,72.31906636555989
Univariate,univariate,Brent Oil,Com_BrentCrudeOil,tscv,PatchTST,-,2024-11-11,71.7145004272461,77.31265513102214
Univariate,univariate,Brent Oil,Com_BrentCrudeOil,tscv,PatchTST,LightGBM,2024-11-11,71.7145004272461,74.77926890055339
Univariate,univariate,Brent Oil,Com_BrentCrudeOil,tscv,PatchTST,NLinear,2024-11-11,71.7145004272461,73.34624735514323
Univariate,univariate,Brent Oil,Com_BrentCrudeOil,tscv,PatchTST,XGBoost,2024-11-11,71.7145004272461,75.02489217122395
Univariate,univariate,Brent Oil,Com_BrentCrudeOil,tscv,PatchTST,iTransformer,2024-11-11,71.7145004272461,73.30025736490886
Univariate,univariate,Brent Oil,Com_BrentCrudeOil,tscv,PatchTST,-,2024-11-18,73.94104766845703,75.42965443929036
Univariate,univariate,Brent Oil,Com_BrentCrudeOil,tscv,PatchTST,LightGBM,2024-11-18,73.94104766845703,72.89626820882161
Univariate,univariate,Brent Oil,Com_BrentCrudeOil,tscv,PatchTST,NLinear,2024-11-18,73.94104766845703,71.18406677246094
Univariate,univariate,Brent Oil,Com_BrentCrudeOil,tscv,PatchTST,XGBoost,2024-11-18,73.94104766845703,73.26997629801433
Univariate,univariate,Brent Oil,Com_BrentCrudeOil,tscv,PatchTST,iTransformer,2024-11-18,73.94104766845703,71.4490458170573
Univariate,univariate,Brent Oil,Com_BrentCrudeOil,tscv,PatchTST,-,2024-11-25,72.4459457397461,75.43280029296875
Univariate,univariate,Brent Oil,Com_BrentCrudeOil,tscv,PatchTST,LightGBM,2024-11-25,72.4459457397461,71.49061330159505
Univariate,univariate,Brent Oil,Com_BrentCrudeOil,tscv,PatchTST,NLinear,2024-11-25,72.4459457397461,70.3854751586914
Univariate,univariate,Brent Oil,Com_BrentCrudeOil,tscv,PatchTST,XGBoost,2024-11-25,72.4459457397461,71.78005727132161
Univariate,univariate,Brent Oil,Com_BrentCrudeOil,tscv,PatchTST,iTransformer,2024-11-25,72.4459457397461,71.01221974690755
Univariate,univariate,Brent Oil,Com_BrentCrudeOil,tscv,PatchTST,-,2024-12-02,71.92588806152344,76.26732889811198
Univariate,univariate,Brent Oil,Com_BrentCrudeOil,tscv,PatchTST,LightGBM,2024-12-02,71.92588806152344,72.46912892659505
Univariate,univariate,Brent Oil,Com_BrentCrudeOil,tscv,PatchTST,NLinear,2024-12-02,71.92588806152344,71.18536122639973
Univariate,univariate,Brent Oil,Com_BrentCrudeOil,tscv,PatchTST,XGBoost,2024-12-02,71.92588806152344,72.09479268391927
Univariate,univariate,Brent Oil,Com_BrentCrudeOil,tscv,PatchTST,iTransformer,2024-12-02,71.92588806152344,71.85735829671223
Univariate,univariate,Brent Oil,Com_BrentCrudeOil,tscv,PatchTST,-,2024-12-09,73.48958587646484,76.87002563476562
Univariate,univariate,Brent Oil,Com_BrentCrudeOil,tscv,PatchTST,LightGBM,2024-12-09,73.48958587646484,72.92783864339192
Univariate,univariate,Brent Oil,Com_BrentCrudeOil,tscv,PatchTST,NLinear,2024-12-09,73.48958587646484,71.59222412109375
Univariate,univariate,Brent Oil,Com_BrentCrudeOil,tscv,PatchTST,XGBoost,2024-12-09,73.48958587646484,71.76772816975911
Univariate,univariate,Brent Oil,Com_BrentCrudeOil,tscv,PatchTST,iTransformer,2024-12-09,73.48958587646484,72.46909586588542
Univariate,univariate,Brent Oil,Com_BrentCrudeOil,tscv,PatchTST,-,2024-12-16,73.21955871582031,77.46239217122395
Univariate,univariate,Brent Oil,Com_BrentCrudeOil,tscv,PatchTST,LightGBM,2024-12-16,73.21955871582031,73.00078837076823
Univariate,univariate,Brent Oil,Com_BrentCrudeOil,tscv,PatchTST,NLinear,2024-12-16,73.21955871582031,71.66583760579427
Univariate,univariate,Brent Oil,Com_BrentCrudeOil,tscv,PatchTST,XGBoost,2024-12-16,73.21955871582031,72.29822794596355
Univariate,univariate,Brent Oil,Com_BrentCrudeOil,tscv,PatchTST,iTransformer,2024-12-16,73.21955871582031,73.05322011311848
Univariate,univariate,Brent Oil,Com_BrentCrudeOil,tscv,PatchTST,-,2024-12-23,73.44568634033203,77.35862223307292
Univariate,univariate,Brent Oil,Com_BrentCrudeOil,tscv,PatchTST,LightGBM,2024-12-23,73.44568634033203,73.21873474121094
Univariate,univariate,Brent Oil,Com_BrentCrudeOil,tscv,PatchTST,NLinear,2024-12-23,73.44568634033203,72.3760477701823
Univariate,univariate,Brent Oil,Com_BrentCrudeOil,tscv,PatchTST,XGBoost,2024-12-23,73.44568634033203,71.51767985026042
Univariate,univariate,Brent Oil,Com_BrentCrudeOil,tscv,PatchTST,iTransformer,2024-12-23,73.44568634033203,73.97740427652995
Univariate,univariate,Brent Oil,Com_BrentCrudeOil,tscv,PatchTST,-,2024-12-30,75.3517837524414,75.88207499186198
Univariate,univariate,Brent Oil,Com_BrentCrudeOil,tscv,PatchTST,LightGBM,2024-12-30,75.3517837524414,71.97924550374348
Univariate,univariate,Brent Oil,Com_BrentCrudeOil,tscv,PatchTST,NLinear,2024-12-30,75.3517837524414,70.60397593180339
Univariate,univariate,Brent Oil,Com_BrentCrudeOil,tscv,PatchTST,XGBoost,2024-12-30,75.3517837524414,70.04827880859375
Univariate,univariate,Brent Oil,Com_BrentCrudeOil,tscv,PatchTST,iTransformer,2024-12-30,75.3517837524414,72.47436269124348
Univariate,univariate,Brent Oil,Com_BrentCrudeOil,tscv,PatchTST,-,2025-01-06,77.89148712158203,77.35137430826823
Univariate,univariate,Brent Oil,Com_BrentCrudeOil,tscv,PatchTST,LightGBM,2025-01-06,77.89148712158203,73.65244547526042
Univariate,univariate,Brent Oil,Com_BrentCrudeOil,tscv,PatchTST,NLinear,2025-01-06,77.89148712158203,71.71455891927083
Univariate,univariate,Brent Oil,Com_BrentCrudeOil,tscv,PatchTST,XGBoost,2025-01-06,77.89148712158203,72.47814687093098
Univariate,univariate,Brent Oil,Com_BrentCrudeOil,tscv,PatchTST,iTransformer,2025-01-06,77.89148712158203,73.99010976155598
Univariate,univariate,Brent Oil,Com_BrentCrudeOil,tscv,PatchTST,-,2025-01-13,80.95013427734375,78.43201955159505
Univariate,univariate,Brent Oil,Com_BrentCrudeOil,tscv,PatchTST,LightGBM,2025-01-13,80.95013427734375,74.31812032063802
Univariate,univariate,Brent Oil,Com_BrentCrudeOil,tscv,PatchTST,NLinear,2025-01-13,80.95013427734375,72.43433888753255
Univariate,univariate,Brent Oil,Com_BrentCrudeOil,tscv,PatchTST,XGBoost,2025-01-13,80.95013427734375,73.75157674153645
Univariate,univariate,Brent Oil,Com_BrentCrudeOil,tscv,PatchTST,iTransformer,2025-01-13,80.95013427734375,75.08299255371094
Univariate,univariate,Brent Oil,Com_BrentCrudeOil,tscv,PatchTST,-,2025-01-20,78.79235076904297,78.0577901204427
Univariate,univariate,Brent Oil,Com_BrentCrudeOil,tscv,PatchTST,LightGBM,2025-01-20,78.79235076904297,73.54063161214192
Univariate,univariate,Brent Oil,Com_BrentCrudeOil,tscv,PatchTST,NLinear,2025-01-20,78.79235076904297,74.22923024495442
Univariate,univariate,Brent Oil,Com_BrentCrudeOil,tscv,PatchTST,XGBoost,2025-01-20,78.79235076904297,73.41187286376953
Univariate,univariate,Brent Oil,Com_BrentCrudeOil,tscv,PatchTST,iTransformer,2025-01-20,78.79235076904297,73.46880849202473
Univariate,univariate,Brent Oil,Com_BrentCrudeOil,tscv,PatchTST,-,2025-01-27,76.10587310791016,78.72377268473308
Univariate,univariate,Brent Oil,Com_BrentCrudeOil,tscv,PatchTST,LightGBM,2025-01-27,76.10587310791016,73.87788645426433
Univariate,univariate,Brent Oil,Com_BrentCrudeOil,tscv,PatchTST,NLinear,2025-01-27,76.10587310791016,74.73368835449219
Univariate,univariate,Brent Oil,Com_BrentCrudeOil,tscv,PatchTST,XGBoost,2025-01-27,76.10587310791016,73.52115631103516
Univariate,univariate,Brent Oil,Com_BrentCrudeOil,tscv,PatchTST,iTransformer,2025-01-27,76.10587310791016,74.14159901936848
Univariate,univariate,Brent Oil,Com_BrentCrudeOil,tscv,PatchTST,-,2025-02-03,75.14842987060547,81.14650472005208
Univariate,univariate,Brent Oil,Com_BrentCrudeOil,tscv,PatchTST,LightGBM,2025-02-03,75.14842987060547,75.9925028483073
Univariate,univariate,Brent Oil,Com_BrentCrudeOil,tscv,PatchTST,NLinear,2025-02-03,75.14842987060547,76.85597483317058
Univariate,univariate,Brent Oil,Com_BrentCrudeOil,tscv,PatchTST,XGBoost,2025-02-03,75.14842987060547,76.3494364420573
Univariate,univariate,Brent Oil,Com_BrentCrudeOil,tscv,PatchTST,iTransformer,2025-02-03,75.14842987060547,76.57318115234375
Univariate,univariate,Brent Oil,Com_BrentCrudeOil,tscv,PatchTST,-,2025-02-10,75.43816375732422,80.10397847493489
Univariate,univariate,Brent Oil,Com_BrentCrudeOil,tscv,PatchTST,LightGBM,2025-02-10,75.43816375732422,75.23024495442708
Univariate,univariate,Brent Oil,Com_BrentCrudeOil,tscv,PatchTST,NLinear,2025-02-10,75.43816375732422,75.55077870686848
Univariate,univariate,Brent Oil,Com_BrentCrudeOil,tscv,PatchTST,XGBoost,2025-02-10,75.43816375732422,75.54561106363933
Univariate,univariate,Brent Oil,Com_BrentCrudeOil,tscv,PatchTST,iTransformer,2025-02-10,75.43816375732422,75.54361979166667
Univariate,univariate,Brent Oil,Com_BrentCrudeOil,tscv,PatchTST,-,2025-02-17,75.4046630859375,79.55013020833333
Univariate,univariate,Brent Oil,Com_BrentCrudeOil,tscv,PatchTST,LightGBM,2025-02-17,75.4046630859375,74.93616739908855
Univariate,univariate,Brent Oil,Com_BrentCrudeOil,tscv,PatchTST,NLinear,2025-02-17,75.4046630859375,74.9611104329427
Univariate,univariate,Brent Oil,Com_BrentCrudeOil,tscv,PatchTST,XGBoost,2025-02-17,75.4046630859375,74.97495524088542
Univariate,univariate,Brent Oil,Com_BrentCrudeOil,tscv,PatchTST,iTransformer,2025-02-17,75.4046630859375,76.55107879638672
Univariate,univariate,Brent Oil,Com_BrentCrudeOil,tscv,PatchTST,-,2025-02-24,73.14600372314453,78.60078684488933
Univariate,univariate,Brent Oil,Com_BrentCrudeOil,tscv,PatchTST,LightGBM,2025-02-24,73.14600372314453,73.90278879801433
Univariate,univariate,Brent Oil,Com_BrentCrudeOil,tscv,PatchTST,NLinear,2025-02-24,73.14600372314453,73.01270548502605
Univariate,univariate,Brent Oil,Com_BrentCrudeOil,tscv,PatchTST,XGBoost,2025-02-24,73.14600372314453,73.3301773071289
Univariate,univariate,Brent Oil,Com_BrentCrudeOil,tscv,PatchTST,iTransformer,2025-02-24,73.14600372314453,75.60865529378255
Univariate,univariate,Brent Oil,Com_BrentCrudeOil,tscv,PatchTST,-,2025-03-03,70.35600280761719,77.90211232503255
Univariate,univariate,Brent Oil,Com_BrentCrudeOil,tscv,PatchTST,LightGBM,2025-03-03,70.35600280761719,73.38637797037761
Univariate,univariate,Brent Oil,Com_BrentCrudeOil,tscv,PatchTST,NLinear,2025-03-03,70.35600280761719,71.90991465250652
Univariate,univariate,Brent Oil,Com_BrentCrudeOil,tscv,PatchTST,XGBoost,2025-03-03,70.35600280761719,73.07610829671223
Univariate,univariate,Brent Oil,Com_BrentCrudeOil,tscv,PatchTST,iTransformer,2025-03-03,70.35600280761719,74.9184061686198
Univariate,univariate,Brent Oil,Com_BrentCrudeOil,tscv,PatchTST,-,2025-03-10,70.26238250732422,75.79118092854817
Univariate,univariate,Brent Oil,Com_BrentCrudeOil,tscv,PatchTST,LightGBM,2025-03-10,70.26238250732422,71.09318288167317
Univariate,univariate,Brent Oil,Com_BrentCrudeOil,tscv,PatchTST,NLinear,2025-03-10,70.26238250732422,69.22558085123698
Univariate,univariate,Brent Oil,Com_BrentCrudeOil,tscv,PatchTST,XGBoost,2025-03-10,70.26238250732422,71.16675059000652
Univariate,univariate,Brent Oil,Com_BrentCrudeOil,tscv,PatchTST,iTransformer,2025-03-10,70.26238250732422,72.83725229899089
Univariate,univariate,Brent Oil,Com_BrentCrudeOil,tscv,PatchTST,-,2025-03-17,71.52252960205078,73.9519551595052
Univariate,univariate,Brent Oil,Com_BrentCrudeOil,tscv,PatchTST,LightGBM,2025-03-17,71.52252960205078,69.2008285522461
Univariate,univariate,Brent Oil,Com_BrentCrudeOil,tscv,PatchTST,NLinear,2025-03-17,71.52252960205078,68.2059326171875
Univariate,univariate,Brent Oil,Com_BrentCrudeOil,tscv,PatchTST,XGBoost,2025-03-17,71.52252960205078,68.8006108601888
Univariate,univariate,Brent Oil,Com_BrentCrudeOil,tscv,PatchTST,iTransformer,2025-03-17,71.52252960205078,71.05650075276692
Univariate,univariate,Brent Oil,Com_BrentCrudeOil,tscv,PatchTST,-,2025-03-24,73.04026794433594,73.43545786539714
Univariate,univariate,Brent Oil,Com_BrentCrudeOil,tscv,PatchTST,LightGBM,2025-03-24,73.04026794433594,68.38545989990234
Univariate,univariate,Brent Oil,Com_BrentCrudeOil,tscv,PatchTST,NLinear,2025-03-24,73.04026794433594,66.96549479166667
Univariate,univariate,Brent Oil,Com_BrentCrudeOil,tscv,PatchTST,XGBoost,2025-03-24,73.04026794433594,68.29470825195312
Univariate,univariate,Brent Oil,Com_BrentCrudeOil,tscv,PatchTST,iTransformer,2025-03-24,73.04026794433594,70.33140818277995
Univariate,univariate,Brent Oil,Com_BrentCrudeOil,tscv,PatchTST,-,2025-03-31,69.90252685546875,73.85997772216797
Univariate,univariate,Brent Oil,Com_BrentCrudeOil,tscv,PatchTST,LightGBM,2025-03-31,69.90252685546875,69.3805160522461
Univariate,univariate,Brent Oil,Com_BrentCrudeOil,tscv,PatchTST,NLinear,2025-03-31,69.90252685546875,66.71032079060872
Univariate,univariate,Brent Oil,Com_BrentCrudeOil,tscv,PatchTST,XGBoost,2025-03-31,69.90252685546875,69.3208719889323
Univariate,univariate,Brent Oil,Com_BrentCrudeOil,tscv,PatchTST,iTransformer,2025-03-31,69.90252685546875,70.64165751139323
Univariate,univariate,Brent Oil,Com_BrentCrudeOil,tscv,PatchTST,-,2025-04-07,64.27491760253906,71.66888936360677
Univariate,univariate,Brent Oil,Com_BrentCrudeOil,tscv,PatchTST,LightGBM,2025-04-07,64.27491760253906,66.98167673746745
Univariate,univariate,Brent Oil,Com_BrentCrudeOil,tscv,PatchTST,NLinear,2025-04-07,64.27491760253906,63.95067342122396
Univariate,univariate,Brent Oil,Com_BrentCrudeOil,tscv,PatchTST,XGBoost,2025-04-07,64.27491760253906,66.7506103515625
Univariate,univariate,Brent Oil,Com_BrentCrudeOil,tscv,PatchTST,iTransformer,2025-04-07,64.27491760253906,69.34068044026692
Univariate,univariate,Brent Oil,Com_BrentCrudeOil,tscv,PatchTST,-,2025-04-14,66.60935974121094,67.1754150390625
Univariate,univariate,Brent Oil,Com_BrentCrudeOil,tscv,PatchTST,LightGBM,2025-04-14,66.60935974121094,61.13257090250651
Univariate,univariate,Brent Oil,Com_BrentCrudeOil,tscv,PatchTST,NLinear,2025-04-14,66.60935974121094,58.17124811808268
Univariate,univariate,Brent Oil,Com_BrentCrudeOil,tscv,PatchTST,XGBoost,2025-04-14,66.60935974121094,62.202083587646484
Univariate,univariate,Brent Oil,Com_BrentCrudeOil,tscv,PatchTST,iTransformer,2025-04-14,66.60935974121094,65.90087254842122
Univariate,univariate,Brent Oil,Com_BrentCrudeOil,tscv,PatchTST,-,2025-04-21,66.57654571533203,64.73562622070312
Univariate,univariate,Brent Oil,Com_BrentCrudeOil,tscv,PatchTST,LightGBM,2025-04-21,66.57654571533203,58.384161631266274
Univariate,univariate,Brent Oil,Com_BrentCrudeOil,tscv,PatchTST,NLinear,2025-04-21,66.57654571533203,55.2795155843099
Univariate,univariate,Brent Oil,Com_BrentCrudeOil,tscv,PatchTST,XGBoost,2025-04-21,66.57654571533203,60.17558288574219
Univariate,univariate,Brent Oil,Com_BrentCrudeOil,tscv,PatchTST,iTransformer,2025-04-21,66.57654571533203,63.98417282104492
Univariate,univariate,Brent Oil,Com_BrentCrudeOil,tscv,PatchTST,-,2025-04-28,61.81767272949219,64.74794387817383
Univariate,univariate,Brent Oil,Com_BrentCrudeOil,tscv,PatchTST,LightGBM,2025-04-28,61.81767272949219,57.78718948364258
Univariate,univariate,Brent Oil,Com_BrentCrudeOil,tscv,PatchTST,NLinear,2025-04-28,61.81767272949219,54.953932444254555
Univariate,univariate,Brent Oil,Com_BrentCrudeOil,tscv,PatchTST,XGBoost,2025-04-28,61.81767272949219,60.98602040608724
Univariate,univariate,Brent Oil,Com_BrentCrudeOil,tscv,PatchTST,iTransformer,2025-04-28,61.81767272949219,64.93618901570638
Univariate,univariate,Brent Oil,Com_BrentCrudeOil,tscv,PatchTST,-,2025-05-05,62.62345886230469,60.986687978108726
Univariate,univariate,Brent Oil,Com_BrentCrudeOil,tscv,PatchTST,LightGBM,2025-05-05,62.62345886230469,54.006036122639976
Univariate,univariate,Brent Oil,Com_BrentCrudeOil,tscv,PatchTST,NLinear,2025-05-05,62.62345886230469,50.85474141438802
Univariate,univariate,Brent Oil,Com_BrentCrudeOil,tscv,PatchTST,XGBoost,2025-05-05,62.62345886230469,56.24972788492838
Univariate,univariate,Brent Oil,Com_BrentCrudeOil,tscv,PatchTST,iTransformer,2025-05-05,62.62345886230469,61.465346018473305
Univariate,univariate,Brent Oil,Com_BrentCrudeOil,tscv,PatchTST,-,2025-05-12,65.50987243652344,61.14589055379232
Univariate,univariate,Brent Oil,Com_BrentCrudeOil,tscv,PatchTST,LightGBM,2025-05-12,65.50987243652344,54.74587376912435
Univariate,univariate,Brent Oil,Com_BrentCrudeOil,tscv,PatchTST,NLinear,2025-05-12,65.50987243652344,56.99908320109049
Univariate,univariate,Brent Oil,Com_BrentCrudeOil,tscv,PatchTST,XGBoost,2025-05-12,65.50987243652344,57.79733022054037
Univariate,univariate,Brent Oil,Com_BrentCrudeOil,tscv,PatchTST,iTransformer,2025-05-12,65.50987243652344,62.59807840983073
Univariate,univariate,Brent Oil,Com_BrentCrudeOil,tscv,PatchTST,-,2025-05-19,65.00296020507812,63.08899943033854
Univariate,univariate,Brent Oil,Com_BrentCrudeOil,tscv,PatchTST,LightGBM,2025-05-19,65.00296020507812,58.0262196858724
Univariate,univariate,Brent Oil,Com_BrentCrudeOil,tscv,PatchTST,NLinear,2025-05-19,65.00296020507812,58.983384450276695
Univariate,univariate,Brent Oil,Com_BrentCrudeOil,tscv,PatchTST,XGBoost,2025-05-19,65.00296020507812,60.538431803385414
Univariate,univariate,Brent Oil,Com_BrentCrudeOil,tscv,PatchTST,iTransformer,2025-05-19,65.00296020507812,64.59257888793945
Univariate,univariate,Brent Oil,Com_BrentCrudeOil,tscv,PatchTST,-,2025-05-26,63.65324401855469,64.29360326131184
Univariate,univariate,Brent Oil,Com_BrentCrudeOil,tscv,PatchTST,LightGBM,2025-05-26,63.65324401855469,59.71059799194336
Univariate,univariate,Brent Oil,Com_BrentCrudeOil,tscv,PatchTST,NLinear,2025-05-26,63.65324401855469,60.681663513183594
Univariate,univariate,Brent Oil,Com_BrentCrudeOil,tscv,PatchTST,XGBoost,2025-05-26,63.65324401855469,62.284332275390625
Univariate,univariate,Brent Oil,Com_BrentCrudeOil,tscv,PatchTST,iTransformer,2025-05-26,63.65324401855469,65.8456802368164
Univariate,univariate,Brent Oil,Com_BrentCrudeOil,tscv,PatchTST,-,2025-06-02,65.69291687011719,63.12597910563151
Univariate,univariate,Brent Oil,Com_BrentCrudeOil,tscv,PatchTST,LightGBM,2025-06-02,65.69291687011719,58.922505696614586
Univariate,univariate,Brent Oil,Com_BrentCrudeOil,tscv,PatchTST,NLinear,2025-06-02,65.69291687011719,60.15570831298828
Univariate,univariate,Brent Oil,Com_BrentCrudeOil,tscv,PatchTST,XGBoost,2025-06-02,65.69291687011719,62.148736317952476
Univariate,univariate,Brent Oil,Com_BrentCrudeOil,tscv,PatchTST,iTransformer,2025-06-02,65.69291687011719,64.69470850626628
Univariate,univariate,Brent Oil,Com_BrentCrudeOil,tscv,PatchTST,-,2025-06-09,70.90538787841797,60.38659540812174
Univariate,univariate,Brent Oil,Com_BrentCrudeOil,tscv,PatchTST,LightGBM,2025-06-09,70.90538787841797,56.036843617757164
Univariate,univariate,Brent Oil,Com_BrentCrudeOil,tscv,PatchTST,NLinear,2025-06-09,70.90538787841797,60.950616200764976
Univariate,univariate,Brent Oil,Com_BrentCrudeOil,tscv,PatchTST,XGBoost,2025-06-09,70.90538787841797,58.55446243286133
Univariate,univariate,Brent Oil,Com_BrentCrudeOil,tscv,PatchTST,iTransformer,2025-06-09,70.90538787841797,61.15863927205404
Univariate,univariate,Brent Oil,Com_BrentCrudeOil,tscv,PatchTST,-,2025-06-16,76.53987121582031,64.12561162312825
Univariate,univariate,Brent Oil,Com_BrentCrudeOil,tscv,PatchTST,LightGBM,2025-06-16,76.53987121582031,59.77585983276367
Univariate,univariate,Brent Oil,Com_BrentCrudeOil,tscv,PatchTST,NLinear,2025-06-16,76.53987121582031,65.15035247802734
Univariate,univariate,Brent Oil,Com_BrentCrudeOil,tscv,PatchTST,XGBoost,2025-06-16,76.53987121582031,62.210341135660805
Univariate,univariate,Brent Oil,Com_BrentCrudeOil,tscv,PatchTST,iTransformer,2025-06-16,76.53987121582031,64.91812642415364
Univariate,univariate,Brent Oil,Com_BrentCrudeOil,tscv,PatchTST,-,2025-06-23,67.5205307006836,68.11863454182942
Univariate,univariate,Brent Oil,Com_BrentCrudeOil,tscv,PatchTST,LightGBM,2025-06-23,67.5205307006836,63.778985341389976
Univariate,univariate,Brent Oil,Com_BrentCrudeOil,tscv,PatchTST,NLinear,2025-06-23,67.5205307006836,68.4855359395345
Univariate,univariate,Brent Oil,Com_BrentCrudeOil,tscv,PatchTST,XGBoost,2025-06-23,67.5205307006836,65.51044082641602
Univariate,univariate,Brent Oil,Com_BrentCrudeOil,tscv,PatchTST,iTransformer,2025-06-23,67.5205307006836,68.92455037434895
Univariate,univariate,Brent Oil,Com_BrentCrudeOil,tscv,PatchTST,-,2025-06-30,67.9451675415039,65.91456476847331
Univariate,univariate,Brent Oil,Com_BrentCrudeOil,tscv,PatchTST,LightGBM,2025-06-30,67.9451675415039,61.709276835123696
Univariate,univariate,Brent Oil,Com_BrentCrudeOil,tscv,PatchTST,NLinear,2025-06-30,67.9451675415039,66.23296356201172
Univariate,univariate,Brent Oil,Com_BrentCrudeOil,tscv,PatchTST,XGBoost,2025-06-30,67.9451675415039,63.85125605265299
Univariate,univariate,Brent Oil,Com_BrentCrudeOil,tscv,PatchTST,iTransformer,2025-06-30,67.9451675415039,66.69509887695312
Univariate,univariate,Brent Oil,Com_BrentCrudeOil,tscv,PatchTST,-,2025-07-07,69.90603637695312,63.126715342203774
Univariate,univariate,Brent Oil,Com_BrentCrudeOil,tscv,PatchTST,LightGBM,2025-07-07,69.90603637695312,60.56701914469401
Univariate,univariate,Brent Oil,Com_BrentCrudeOil,tscv,PatchTST,NLinear,2025-07-07,69.90603637695312,62.98583475748698
Univariate,univariate,Brent Oil,Com_BrentCrudeOil,tscv,PatchTST,XGBoost,2025-07-07,69.90603637695312,61.18592961629232
Univariate,univariate,Brent Oil,Com_BrentCrudeOil,tscv,PatchTST,iTransformer,2025-07-07,69.90603637695312,63.71737289428711
Univariate,univariate,Brent Oil,Com_BrentCrudeOil,tscv,PatchTST,-,2025-07-14,69.10814666748047,63.62237040201823
Univariate,univariate,Brent Oil,Com_BrentCrudeOil,tscv,PatchTST,LightGBM,2025-07-14,69.10814666748047,61.16785558064779
Univariate,univariate,Brent Oil,Com_BrentCrudeOil,tscv,PatchTST,NLinear,2025-07-14,69.10814666748047,63.73971303304037
Univariate,univariate,Brent Oil,Com_BrentCrudeOil,tscv,PatchTST,XGBoost,2025-07-14,69.10814666748047,61.170275370279946
Univariate,univariate,Brent Oil,Com_BrentCrudeOil,tscv,PatchTST,iTransformer,2025-07-14,69.10814666748047,64.20567830403645
Univariate,univariate,Brent Oil,Com_BrentCrudeOil,tscv,PatchTST,-,2025-07-21,68.77239990234375,64.37741216023763
Univariate,univariate,Brent Oil,Com_BrentCrudeOil,tscv,PatchTST,LightGBM,2025-07-21,68.77239990234375,61.47593688964844
Univariate,univariate,Brent Oil,Com_BrentCrudeOil,tscv,PatchTST,NLinear,2025-07-21,68.77239990234375,64.08499526977539
Univariate,univariate,Brent Oil,Com_BrentCrudeOil,tscv,PatchTST,XGBoost,2025-07-21,68.77239990234375,62.44708379109701
Univariate,univariate,Brent Oil,Com_BrentCrudeOil,tscv,PatchTST,iTransformer,2025-07-21,68.77239990234375,65.03153991699219
Univariate,univariate,Brent Oil,Com_BrentCrudeOil,tscv,PatchTST,-,2025-07-28,70.7232666015625,64.36735153198242
Univariate,univariate,Brent Oil,Com_BrentCrudeOil,tscv,PatchTST,LightGBM,2025-07-28,70.7232666015625,60.357479095458984
Univariate,univariate,Brent Oil,Com_BrentCrudeOil,tscv,PatchTST,NLinear,2025-07-28,70.7232666015625,63.80964279174805
Univariate,univariate,Brent Oil,Com_BrentCrudeOil,tscv,PatchTST,XGBoost,2025-07-28,70.7232666015625,62.22681681315104
Univariate,univariate,Brent Oil,Com_BrentCrudeOil,tscv,PatchTST,iTransformer,2025-07-28,70.7232666015625,64.98138427734375
Univariate,univariate,Brent Oil,Com_BrentCrudeOil,tscv,PatchTST,-,2025-08-04,67.10191345214844,64.58135986328125
Univariate,univariate,Brent Oil,Com_BrentCrudeOil,tscv,PatchTST,LightGBM,2025-08-04,67.10191345214844,59.511374155680336
Univariate,univariate,Brent Oil,Com_BrentCrudeOil,tscv,PatchTST,NLinear,2025-08-04,67.10191345214844,66.25762176513672
Univariate,univariate,Brent Oil,Com_BrentCrudeOil,tscv,PatchTST,XGBoost,2025-08-04,67.10191345214844,60.9182243347168
Univariate,univariate,Brent Oil,Com_BrentCrudeOil,tscv,PatchTST,iTransformer,2025-08-04,67.10191345214844,64.80373764038086
Univariate,univariate,Brent Oil,Com_BrentCrudeOil,tscv,PatchTST,-,2025-08-11,66.15612030029297,63.73491923014323
Univariate,univariate,Brent Oil,Com_BrentCrudeOil,tscv,PatchTST,LightGBM,2025-08-11,66.15612030029297,58.77492141723633
Univariate,univariate,Brent Oil,Com_BrentCrudeOil,tscv,PatchTST,NLinear,2025-08-11,66.15612030029297,65.48080825805664
Univariate,univariate,Brent Oil,Com_BrentCrudeOil,tscv,PatchTST,XGBoost,2025-08-11,66.15612030029297,59.57281748453776
Univariate,univariate,Brent Oil,Com_BrentCrudeOil,tscv,PatchTST,iTransformer,2025-08-11,66.15612030029297,63.49696477254232
Univariate,univariate,Brent Oil,Com_BrentCrudeOil,tscv,PatchTST,-,2025-08-18,67.08045196533203,64.17257690429688
Univariate,univariate,Brent Oil,Com_BrentCrudeOil,tscv,PatchTST,LightGBM,2025-08-18,67.08045196533203,59.24185562133789
Univariate,univariate,Brent Oil,Com_BrentCrudeOil,tscv,PatchTST,NLinear,2025-08-18,67.08045196533203,65.66688664754231
Univariate,univariate,Brent Oil,Com_BrentCrudeOil,tscv,PatchTST,XGBoost,2025-08-18,67.08045196533203,59.44423039754232
Univariate,univariate,Brent Oil,Com_BrentCrudeOil,tscv,PatchTST,iTransformer,2025-08-18,67.08045196533203,62.913466135660805
Univariate,univariate,Brent Oil,Com_BrentCrudeOil,tscv,PatchTST,-,2025-08-25,67.60226440429688,63.22604751586914
Univariate,univariate,Brent Oil,Com_BrentCrudeOil,tscv,PatchTST,LightGBM,2025-08-25,67.60226440429688,58.24566396077474
Univariate,univariate,Brent Oil,Com_BrentCrudeOil,tscv,PatchTST,NLinear,2025-08-25,67.60226440429688,64.80266698201497
Univariate,univariate,Brent Oil,Com_BrentCrudeOil,tscv,PatchTST,XGBoost,2025-08-25,67.60226440429688,58.527180989583336
Univariate,univariate,Brent Oil,Com_BrentCrudeOil,tscv,PatchTST,iTransformer,2025-08-25,67.60226440429688,61.411364237467446
Univariate,univariate,Brent Oil,Com_BrentCrudeOil,tscv,PatchTST,-,2025-09-01,67.27151489257812,64.11283493041992
Univariate,univariate,Brent Oil,Com_BrentCrudeOil,tscv,PatchTST,LightGBM,2025-09-01,67.27151489257812,59.41175079345703
Univariate,univariate,Brent Oil,Com_BrentCrudeOil,tscv,PatchTST,NLinear,2025-09-01,67.27151489257812,66.23258399963379
Univariate,univariate,Brent Oil,Com_BrentCrudeOil,tscv,PatchTST,XGBoost,2025-09-01,67.27151489257812,60.132680892944336
Univariate,univariate,Brent Oil,Com_BrentCrudeOil,tscv,PatchTST,iTransformer,2025-09-01,67.27151489257812,61.88971138000488
Univariate,univariate,Brent Oil,Com_BrentCrudeOil,tscv,PatchTST,-,2025-09-08,66.77435302734375,65.30630493164062
Univariate,univariate,Brent Oil,Com_BrentCrudeOil,tscv,PatchTST,LightGBM,2025-09-08,66.77435302734375,60.87274932861328
Univariate,univariate,Brent Oil,Com_BrentCrudeOil,tscv,PatchTST,NLinear,2025-09-08,66.77435302734375,67.88984107971191
Univariate,univariate,Brent Oil,Com_BrentCrudeOil,tscv,PatchTST,XGBoost,2025-09-08,66.77435302734375,61.2691707611084
Univariate,univariate,Brent Oil,Com_BrentCrudeOil,tscv,PatchTST,iTransformer,2025-09-08,66.77435302734375,62.72361183166504
Univariate,univariate,Brent Oil,Com_BrentCrudeOil,tscv,PatchTST,-,2025-09-15,67.5166015625,65.12655639648438
Univariate,univariate,Brent Oil,Com_BrentCrudeOil,tscv,PatchTST,LightGBM,2025-09-15,67.5166015625,61.009708404541016
Univariate,univariate,Brent Oil,Com_BrentCrudeOil,tscv,PatchTST,NLinear,2025-09-15,67.5166015625,67.575927734375
Univariate,univariate,Brent Oil,Com_BrentCrudeOil,tscv,PatchTST,XGBoost,2025-09-15,67.5166015625,61.30254554748535
Univariate,univariate,Brent Oil,Com_BrentCrudeOil,tscv,PatchTST,iTransformer,2025-09-15,67.5166015625,62.12298774719238
Univariate,univariate,Brent Oil,Com_BrentCrudeOil,tscv,PatchTST,-,2025-09-22,68.50713348388672,64.59706115722656
Univariate,univariate,Brent Oil,Com_BrentCrudeOil,tscv,PatchTST,LightGBM,2025-09-22,68.50713348388672,60.341835021972656
Univariate,univariate,Brent Oil,Com_BrentCrudeOil,tscv,PatchTST,NLinear,2025-09-22,68.50713348388672,66.9976692199707
Univariate,univariate,Brent Oil,Com_BrentCrudeOil,tscv,PatchTST,XGBoost,2025-09-22,68.50713348388672,60.642465591430664
Univariate,univariate,Brent Oil,Com_BrentCrudeOil,tscv,PatchTST,iTransformer,2025-09-22,68.50713348388672,60.90450477600098
Univariate,univariate,Brent Oil,Com_BrentCrudeOil,tscv,PatchTST,-,2025-09-29,65.30098724365234,63.97528839111328
Univariate,univariate,Brent Oil,Com_BrentCrudeOil,tscv,PatchTST,LightGBM,2025-09-29,65.30098724365234,59.16273880004883
Univariate,univariate,Brent Oil,Com_BrentCrudeOil,tscv,PatchTST,NLinear,2025-09-29,65.30098724365234,72.32877349853516
Univariate,univariate,Brent Oil,Com_BrentCrudeOil,tscv,PatchTST,XGBoost,2025-09-29,65.30098724365234,58.63533020019531
Univariate,univariate,Brent Oil,Com_BrentCrudeOil,tscv,PatchTST,iTransformer,2025-09-29,65.30098724365234,57.818565368652344
Univariate,univariate,Brent Oil,Com_BrentCrudeOil,tscv,PatchTST,-,2025-10-06,64.48927307128906,61.690155029296875
Univariate,univariate,Brent Oil,Com_BrentCrudeOil,tscv,PatchTST,LightGBM,2025-10-06,64.48927307128906,56.964847564697266
Univariate,univariate,Brent Oil,Com_BrentCrudeOil,tscv,PatchTST,NLinear,2025-10-06,64.48927307128906,70.06083679199219
Univariate,univariate,Brent Oil,Com_BrentCrudeOil,tscv,PatchTST,XGBoost,2025-10-06,64.48927307128906,56.285804748535156
Univariate,univariate,Brent Oil,Com_BrentCrudeOil,tscv,PatchTST,iTransformer,2025-10-06,64.48927307128906,55.501041412353516
Univariate,univariate,Brent Oil,Com_BrentCrudeOil,tscv,PatchTST,-,2025-10-13,61.7679557800293,64.31245422363281
Univariate,univariate,Brent Oil,Com_BrentCrudeOil,tscv,PatchTST,LightGBM,2025-10-13,61.7679557800293,58.75462341308594
Univariate,univariate,Brent Oil,Com_BrentCrudeOil,tscv,PatchTST,NLinear,2025-10-13,61.7679557800293,72.56181335449219
Univariate,univariate,Brent Oil,Com_BrentCrudeOil,tscv,PatchTST,XGBoost,2025-10-13,61.7679557800293,59.21055221557617
Univariate,univariate,Brent Oil,Com_BrentCrudeOil,tscv,PatchTST,iTransformer,2025-10-13,61.7679557800293,58.33316421508789
Univariate,univariate,Brent Oil,Com_BrentCrudeOil,tscv,PatchTST,-,2025-10-20,63.904998779296875,60.997657775878906
Univariate,univariate,Brent Oil,Com_BrentCrudeOil,tscv,PatchTST,LightGBM,2025-10-20,63.904998779296875,56.78727722167969
Univariate,univariate,Brent Oil,Com_BrentCrudeOil,tscv,PatchTST,NLinear,2025-10-20,63.904998779296875,69.36190032958984
Univariate,univariate,Brent Oil,Com_BrentCrudeOil,tscv,PatchTST,XGBoost,2025-10-20,63.904998779296875,55.95499038696289
Univariate,univariate,Brent Oil,Com_BrentCrudeOil,tscv,PatchTST,iTransformer,2025-10-20,63.904998779296875,56.366127014160156
Univariate,univariate,WTI Oil,Com_CrudeOil,holdout,PatchTST,-,2025-10-27,60.77857208251953,54.051246643066406
Univariate,univariate,WTI Oil,Com_CrudeOil,holdout,PatchTST,LightGBM,2025-10-27,60.77857208251953,53.574371337890625
Univariate,univariate,WTI Oil,Com_CrudeOil,holdout,PatchTST,NLinear,2025-10-27,60.77857208251953,57.51373291015625
Univariate,univariate,WTI Oil,Com_CrudeOil,holdout,PatchTST,XGBoost,2025-10-27,60.77857208251953,55.666107177734375
Univariate,univariate,WTI Oil,Com_CrudeOil,holdout,PatchTST,iTransformer,2025-10-27,60.77857208251953,55.04556655883789
Univariate,univariate,WTI Oil,Com_CrudeOil,holdout,PatchTST,-,2025-11-03,60.05507278442383,53.1015739440918
Univariate,univariate,WTI Oil,Com_CrudeOil,holdout,PatchTST,LightGBM,2025-11-03,60.05507278442383,52.624698638916016
Univariate,univariate,WTI Oil,Com_CrudeOil,holdout,PatchTST,NLinear,2025-11-03,60.05507278442383,57.11207580566406
Univariate,univariate,WTI Oil,Com_CrudeOil,holdout,PatchTST,XGBoost,2025-11-03,60.05507278442383,55.046817779541016
Univariate,univariate,WTI Oil,Com_CrudeOil,holdout,PatchTST,iTransformer,2025-11-03,60.05507278442383,54.08662414550781
Univariate,univariate,WTI Oil,Com_CrudeOil,holdout,PatchTST,-,2025-11-10,59.70945739746094,51.832550048828125
Univariate,univariate,WTI Oil,Com_CrudeOil,holdout,PatchTST,LightGBM,2025-11-10,59.70945739746094,51.355674743652344
Univariate,univariate,WTI Oil,Com_CrudeOil,holdout,PatchTST,NLinear,2025-11-10,59.70945739746094,56.05500793457031
Univariate,univariate,WTI Oil,Com_CrudeOil,holdout,PatchTST,XGBoost,2025-11-10,59.70945739746094,53.777793884277344
Univariate,univariate,WTI Oil,Com_CrudeOil,holdout,PatchTST,iTransformer,2025-11-10,59.70945739746094,52.938053131103516
Univariate,univariate,WTI Oil,Com_CrudeOil,holdout,PatchTST,-,2025-11-17,58.993499755859375,50.597557067871094
Univariate,univariate,WTI Oil,Com_CrudeOil,holdout,PatchTST,LightGBM,2025-11-17,58.993499755859375,50.12068176269531
Univariate,univariate,WTI Oil,Com_CrudeOil,holdout,PatchTST,NLinear,2025-11-17,58.993499755859375,54.291160583496094
Univariate,univariate,WTI Oil,Com_CrudeOil,holdout,PatchTST,XGBoost,2025-11-17,58.993499755859375,52.54280090332031
Univariate,univariate,WTI Oil,Com_CrudeOil,holdout,PatchTST,iTransformer,2025-11-17,58.993499755859375,51.67436218261719
Univariate,univariate,WTI Oil,Com_CrudeOil,holdout,PatchTST,-,2025-11-24,58.810028076171875,49.041297912597656
Univariate,univariate,WTI Oil,Com_CrudeOil,holdout,PatchTST,LightGBM,2025-11-24,58.810028076171875,48.564422607421875
Univariate,univariate,WTI Oil,Com_CrudeOil,holdout,PatchTST,NLinear,2025-11-24,58.810028076171875,52.9961051940918
Univariate,univariate,WTI Oil,Com_CrudeOil,holdout,PatchTST,XGBoost,2025-11-24,58.810028076171875,47.902870178222656
Univariate,univariate,WTI Oil,Com_CrudeOil,holdout,PatchTST,iTransformer,2025-11-24,58.810028076171875,50.18939971923828
Univariate,univariate,WTI Oil,Com_CrudeOil,holdout,PatchTST,-,2025-12-01,59.567256927490234,49.377811431884766
Univariate,univariate,WTI Oil,Com_CrudeOil,holdout,PatchTST,LightGBM,2025-12-01,59.567256927490234,48.900936126708984
Univariate,univariate,WTI Oil,Com_CrudeOil,holdout,PatchTST,NLinear,2025-12-01,59.567256927490234,52.99345016479492
Univariate,univariate,WTI Oil,Com_CrudeOil,holdout,PatchTST,XGBoost,2025-12-01,59.567256927490234,50.65071105957031
Univariate,univariate,WTI Oil,Com_CrudeOil,holdout,PatchTST,iTransformer,2025-12-01,59.567256927490234,50.5489616394043
Univariate,univariate,WTI Oil,Com_CrudeOil,holdout,PatchTST,-,2025-12-08,57.97571563720703,49.385093688964844
Univariate,univariate,WTI Oil,Com_CrudeOil,holdout,PatchTST,LightGBM,2025-12-08,57.97571563720703,48.90821838378906
Univariate,univariate,WTI Oil,Com_CrudeOil,holdout,PatchTST,NLinear,2025-12-08,57.97571563720703,52.540122985839844
Univariate,univariate,WTI Oil,Com_CrudeOil,holdout,PatchTST,XGBoost,2025-12-08,57.97571563720703,51.33033752441406
Univariate,univariate,WTI Oil,Com_CrudeOil,holdout,PatchTST,iTransformer,2025-12-08,57.97571563720703,50.567745208740234
Univariate,univariate,WTI Oil,Com_CrudeOil,holdout,PatchTST,-,2025-12-15,56.28154373168945,47.2493782043457
Univariate,univariate,WTI Oil,Com_CrudeOil,holdout,PatchTST,LightGBM,2025-12-15,56.28154373168945,46.77250289916992
Univariate,univariate,WTI Oil,Com_CrudeOil,holdout,PatchTST,NLinear,2025-12-15,56.28154373168945,49.5499382019043
Univariate,univariate,WTI Oil,Com_CrudeOil,holdout,PatchTST,XGBoost,2025-12-15,56.28154373168945,45.72942352294922
Univariate,univariate,WTI Oil,Com_CrudeOil,holdout,PatchTST,iTransformer,2025-12-15,56.28154373168945,48.474849700927734
Univariate,univariate,WTI Oil,Com_CrudeOil,holdout,PatchTST,-,2025-12-22,57.7086296081543,44.266029357910156
Univariate,univariate,WTI Oil,Com_CrudeOil,holdout,PatchTST,LightGBM,2025-12-22,57.7086296081543,43.789154052734375
Univariate,univariate,WTI Oil,Com_CrudeOil,holdout,PatchTST,NLinear,2025-12-22,57.7086296081543,45.75333786010742
Univariate,univariate,WTI Oil,Com_CrudeOil,holdout,PatchTST,XGBoost,2025-12-22,57.7086296081543,41.59339904785156
Univariate,univariate,WTI Oil,Com_CrudeOil,holdout,PatchTST,iTransformer,2025-12-22,57.7086296081543,45.48764419555664
Univariate,univariate,WTI Oil,Com_CrudeOil,holdout,PatchTST,-,2025-12-29,57.53675842285156,44.788230895996094
Univariate,univariate,WTI Oil,Com_CrudeOil,holdout,PatchTST,LightGBM,2025-12-29,57.53675842285156,44.31135559082031
Univariate,univariate,WTI Oil,Com_CrudeOil,holdout,PatchTST,NLinear,2025-12-29,57.53675842285156,46.37371063232422
Univariate,univariate,WTI Oil,Com_CrudeOil,holdout,PatchTST,XGBoost,2025-12-29,57.53675842285156,41.90446472167969
Univariate,univariate,WTI Oil,Com_CrudeOil,holdout,PatchTST,iTransformer,2025-12-29,57.53675842285156,46.03530502319336
Univariate,univariate,WTI Oil,Com_CrudeOil,holdout,PatchTST,-,2026-01-05,58.08931350708008,45.632972717285156
Univariate,univariate,WTI Oil,Com_CrudeOil,holdout,PatchTST,LightGBM,2026-01-05,58.08931350708008,45.156097412109375
Univariate,univariate,WTI Oil,Com_CrudeOil,holdout,PatchTST,NLinear,2026-01-05,58.08931350708008,47.18635940551758
Univariate,univariate,WTI Oil,Com_CrudeOil,holdout,PatchTST,XGBoost,2026-01-05,58.08931350708008,42.44939041137695
Univariate,univariate,WTI Oil,Com_CrudeOil,holdout,PatchTST,iTransformer,2026-01-05,58.08931350708008,46.930545806884766
Univariate,univariate,WTI Oil,Com_CrudeOil,holdout,PatchTST,-,2026-01-12,59.76057052612305,46.30168151855469
Univariate,univariate,WTI Oil,Com_CrudeOil,holdout,PatchTST,LightGBM,2026-01-12,59.76057052612305,45.824806213378906
Univariate,univariate,WTI Oil,Com_CrudeOil,holdout,PatchTST,NLinear,2026-01-12,59.76057052612305,48.01372528076172
Univariate,univariate,WTI Oil,Com_CrudeOil,holdout,PatchTST,XGBoost,2026-01-12,59.76057052612305,43.33074188232422
Univariate,univariate,WTI Oil,Com_CrudeOil,holdout,PatchTST,iTransformer,2026-01-12,59.76057052612305,47.63719940185547
Univariate,univariate,WTI Oil,Com_CrudeOil,tscv,PatchTST,-,2023-10-30,80.93399810791016,90.52735900878906
Univariate,univariate,WTI Oil,Com_CrudeOil,tscv,PatchTST,LightGBM,2023-10-30,80.93399810791016,84.26233673095703
Univariate,univariate,WTI Oil,Com_CrudeOil,tscv,PatchTST,NLinear,2023-10-30,80.93399810791016,81.43356323242188
Univariate,univariate,WTI Oil,Com_CrudeOil,tscv,PatchTST,XGBoost,2023-10-30,80.93399810791016,85.4684066772461
Univariate,univariate,WTI Oil,Com_CrudeOil,tscv,PatchTST,iTransformer,2023-10-30,80.93399810791016,85.7939682006836
Univariate,univariate,WTI Oil,Com_CrudeOil,tscv,PatchTST,-,2023-11-06,77.04000091552734,90.59602355957031
Univariate,univariate,WTI Oil,Com_CrudeOil,tscv,PatchTST,LightGBM,2023-11-06,77.04000091552734,84.40190124511719
Univariate,univariate,WTI Oil,Com_CrudeOil,tscv,PatchTST,NLinear,2023-11-06,77.04000091552734,81.79676055908203
Univariate,univariate,WTI Oil,Com_CrudeOil,tscv,PatchTST,XGBoost,2023-11-06,77.04000091552734,85.43466186523438
Univariate,univariate,WTI Oil,Com_CrudeOil,tscv,PatchTST,iTransformer,2023-11-06,77.04000091552734,85.65607452392578
Univariate,univariate,WTI Oil,Com_CrudeOil,tscv,PatchTST,-,2023-11-13,76.41400146484375,87.77277374267578
Univariate,univariate,WTI Oil,Com_CrudeOil,tscv,PatchTST,LightGBM,2023-11-13,76.41400146484375,83.60771942138672
Univariate,univariate,WTI Oil,Com_CrudeOil,tscv,PatchTST,NLinear,2023-11-13,76.41400146484375,79.28331756591797
Univariate,univariate,WTI Oil,Com_CrudeOil,tscv,PatchTST,XGBoost,2023-11-13,76.41400146484375,83.56111907958984
Univariate,univariate,WTI Oil,Com_CrudeOil,tscv,PatchTST,iTransformer,2023-11-13,76.41400146484375,82.71489715576172
Univariate,univariate,WTI Oil,Com_CrudeOil,tscv,PatchTST,-,2023-11-20,77.20999908447266,85.4235610961914
Univariate,univariate,WTI Oil,Com_CrudeOil,tscv,PatchTST,LightGBM,2023-11-20,77.20999908447266,82.46346282958984
Univariate,univariate,WTI Oil,Com_CrudeOil,tscv,PatchTST,NLinear,2023-11-20,77.20999908447266,77.55902099609375
Univariate,univariate,WTI Oil,Com_CrudeOil,tscv,PatchTST,XGBoost,2023-11-20,77.20999908447266,81.3350830078125
Univariate,univariate,WTI Oil,Com_CrudeOil,tscv,PatchTST,iTransformer,2023-11-20,77.20999908447266,80.3359603881836
Univariate,univariate,WTI Oil,Com_CrudeOil,tscv,PatchTST,-,2023-11-27,75.99400329589844,86.77294158935547
Univariate,univariate,WTI Oil,Com_CrudeOil,tscv,PatchTST,LightGBM,2023-11-27,75.99400329589844,80.06945419311523
Univariate,univariate,WTI Oil,Com_CrudeOil,tscv,PatchTST,NLinear,2023-11-27,75.99400329589844,77.38454055786133
Univariate,univariate,WTI Oil,Com_CrudeOil,tscv,PatchTST,XGBoost,2023-11-27,75.99400329589844,78.91749572753906
Univariate,univariate,WTI Oil,Com_CrudeOil,tscv,PatchTST,iTransformer,2023-11-27,75.99400329589844,81.05320739746094
Univariate,univariate,WTI Oil,Com_CrudeOil,tscv,PatchTST,-,2023-12-04,71.30599975585938,85.4681396484375
Univariate,univariate,WTI Oil,Com_CrudeOil,tscv,PatchTST,LightGBM,2023-12-04,71.30599975585938,78.67881774902344
Univariate,univariate,WTI Oil,Com_CrudeOil,tscv,PatchTST,NLinear,2023-12-04,71.30599975585938,75.54261016845703
Univariate,univariate,WTI Oil,Com_CrudeOil,tscv,PatchTST,XGBoost,2023-12-04,71.30599975585938,79.9242935180664
Univariate,univariate,WTI Oil,Com_CrudeOil,tscv,PatchTST,iTransformer,2023-12-04,71.30599975585938,79.68318557739258
Univariate,univariate,WTI Oil,Com_CrudeOil,tscv,PatchTST,-,2023-12-11,70.76399993896484,81.09585189819336
Univariate,univariate,WTI Oil,Com_CrudeOil,tscv,PatchTST,LightGBM,2023-12-11,70.76399993896484,74.85866165161133
Univariate,univariate,WTI Oil,Com_CrudeOil,tscv,PatchTST,NLinear,2023-12-11,70.76399993896484,70.37304306030273
Univariate,univariate,WTI Oil,Com_CrudeOil,tscv,PatchTST,XGBoost,2023-12-11,70.76399993896484,75.03780364990234
Univariate,univariate,WTI Oil,Com_CrudeOil,tscv,PatchTST,iTransformer,2023-12-11,70.76399993896484,75.28776931762695
Univariate,univariate,WTI Oil,Com_CrudeOil,tscv,PatchTST,-,2023-12-18,73.68599700927734,76.91075134277344
Univariate,univariate,WTI Oil,Com_CrudeOil,tscv,PatchTST,LightGBM,2023-12-18,73.68599700927734,70.3948745727539
Univariate,univariate,WTI Oil,Com_CrudeOil,tscv,PatchTST,NLinear,2023-12-18,73.68599700927734,65.76528549194336
Univariate,univariate,WTI Oil,Com_CrudeOil,tscv,PatchTST,XGBoost,2023-12-18,73.68599700927734,70.2667350769043
Univariate,univariate,WTI Oil,Com_CrudeOil,tscv,PatchTST,iTransformer,2023-12-18,73.68599700927734,71.10155868530273
Univariate,univariate,WTI Oil,Com_CrudeOil,tscv,PatchTST,-,2023-12-25,73.2750015258789,74.47237904866536
Univariate,univariate,WTI Oil,Com_CrudeOil,tscv,PatchTST,LightGBM,2023-12-25,73.2750015258789,69.59783172607422
Univariate,univariate,WTI Oil,Com_CrudeOil,tscv,PatchTST,NLinear,2023-12-25,73.2750015258789,65.37687174479167
Univariate,univariate,WTI Oil,Com_CrudeOil,tscv,PatchTST,XGBoost,2023-12-25,73.2750015258789,69.41762288411458
Univariate,univariate,WTI Oil,Com_CrudeOil,tscv,PatchTST,iTransformer,2023-12-25,73.2750015258789,68.47959391276042
Univariate,univariate,WTI Oil,Com_CrudeOil,tscv,PatchTST,-,2024-01-01,72.2699966430664,73.88857777913411
Univariate,univariate,WTI Oil,Com_CrudeOil,tscv,PatchTST,LightGBM,2024-01-01,72.2699966430664,68.01790618896484
Univariate,univariate,WTI Oil,Com_CrudeOil,tscv,PatchTST,NLinear,2024-01-01,72.2699966430664,63.94566090901693
Univariate,univariate,WTI Oil,Com_CrudeOil,tscv,PatchTST,XGBoost,2024-01-01,72.2699966430664,68.56411488850911
Univariate,univariate,WTI Oil,Com_CrudeOil,tscv,PatchTST,iTransformer,2024-01-01,72.2699966430664,67.84564463297527
Univariate,univariate,WTI Oil,Com_CrudeOil,tscv,PatchTST,-,2024-01-08,71.9800033569336,73.5849126180013
Univariate,univariate,WTI Oil,Com_CrudeOil,tscv,PatchTST,LightGBM,2024-01-08,71.9800033569336,67.13537851969402
Univariate,univariate,WTI Oil,Com_CrudeOil,tscv,PatchTST,NLinear,2024-01-08,71.9800033569336,62.94572957356771
Univariate,univariate,WTI Oil,Com_CrudeOil,tscv,PatchTST,XGBoost,2024-01-08,71.9800033569336,67.21293131510417
Univariate,univariate,WTI Oil,Com_CrudeOil,tscv,PatchTST,iTransformer,2024-01-08,71.9800033569336,67.46536763509114
Univariate,univariate,WTI Oil,Com_CrudeOil,tscv,PatchTST,-,2024-01-15,72.99749755859375,72.24273681640625
Univariate,univariate,WTI Oil,Com_CrudeOil,tscv,PatchTST,LightGBM,2024-01-15,72.99749755859375,65.46804555257161
Univariate,univariate,WTI Oil,Com_CrudeOil,tscv,PatchTST,NLinear,2024-01-15,72.99749755859375,61.97856648763021
Univariate,univariate,WTI Oil,Com_CrudeOil,tscv,PatchTST,XGBoost,2024-01-15,72.99749755859375,65.39148203531902
Univariate,univariate,WTI Oil,Com_CrudeOil,tscv,PatchTST,iTransformer,2024-01-15,72.99749755859375,66.12489318847656
Univariate,univariate,WTI Oil,Com_CrudeOil,tscv,PatchTST,-,2024-01-22,75.79000091552734,72.160888671875
Univariate,univariate,WTI Oil,Com_CrudeOil,tscv,PatchTST,LightGBM,2024-01-22,75.79000091552734,64.91031010945638
Univariate,univariate,WTI Oil,Com_CrudeOil,tscv,PatchTST,NLinear,2024-01-22,75.79000091552734,63.07590993245443
Univariate,univariate,WTI Oil,Com_CrudeOil,tscv,PatchTST,XGBoost,2024-01-22,75.79000091552734,64.31142171223958
Univariate,univariate,WTI Oil,Com_CrudeOil,tscv,PatchTST,iTransformer,2024-01-22,75.79000091552734,65.91817855834961
Univariate,univariate,WTI Oil,Com_CrudeOil,tscv,PatchTST,-,2024-01-29,75.2239990234375,72.6959966023763
Univariate,univariate,WTI Oil,Com_CrudeOil,tscv,PatchTST,LightGBM,2024-01-29,75.2239990234375,65.31416193644206
Univariate,univariate,WTI Oil,Com_CrudeOil,tscv,PatchTST,NLinear,2024-01-29,75.2239990234375,63.93806711832682
Univariate,univariate,WTI Oil,Com_CrudeOil,tscv,PatchTST,XGBoost,2024-01-29,75.2239990234375,64.13434600830078
Univariate,univariate,WTI Oil,Com_CrudeOil,tscv,PatchTST,iTransformer,2024-01-29,75.2239990234375,66.59718195597331
Univariate,univariate,WTI Oil,Com_CrudeOil,tscv,PatchTST,-,2024-02-05,74.552001953125,72.34523264567058
Univariate,univariate,WTI Oil,Com_CrudeOil,tscv,PatchTST,LightGBM,2024-02-05,74.552001953125,65.01473999023438
Univariate,univariate,WTI Oil,Com_CrudeOil,tscv,PatchTST,NLinear,2024-02-05,74.552001953125,63.45191192626953
Univariate,univariate,WTI Oil,Com_CrudeOil,tscv,PatchTST,XGBoost,2024-02-05,74.552001953125,64.46058146158855
Univariate,univariate,WTI Oil,Com_CrudeOil,tscv,PatchTST,iTransformer,2024-02-05,74.552001953125,66.3886235555013
Univariate,univariate,WTI Oil,Com_CrudeOil,tscv,PatchTST,-,2024-02-12,77.04000091552734,73.17165120442708
Univariate,univariate,WTI Oil,Com_CrudeOil,tscv,PatchTST,LightGBM,2024-02-12,77.04000091552734,65.71382141113281
Univariate,univariate,WTI Oil,Com_CrudeOil,tscv,PatchTST,NLinear,2024-02-12,77.04000091552734,64.1074447631836
Univariate,univariate,WTI Oil,Com_CrudeOil,tscv,PatchTST,XGBoost,2024-02-12,77.04000091552734,65.65821075439453
Univariate,univariate,WTI Oil,Com_CrudeOil,tscv,PatchTST,iTransformer,2024-02-12,77.04000091552734,67.52867126464844
Univariate,univariate,WTI Oil,Com_CrudeOil,tscv,PatchTST,-,2024-02-19,76.98500061035156,75.96063232421875
Univariate,univariate,WTI Oil,Com_CrudeOil,tscv,PatchTST,LightGBM,2024-02-19,76.98500061035156,70.0410893758138
Univariate,univariate,WTI Oil,Com_CrudeOil,tscv,PatchTST,NLinear,2024-02-19,76.98500061035156,72.42432403564453
Univariate,univariate,WTI Oil,Com_CrudeOil,tscv,PatchTST,XGBoost,2024-02-19,76.98500061035156,69.01094818115234
Univariate,univariate,WTI Oil,Com_CrudeOil,tscv,PatchTST,iTransformer,2024-02-19,76.98500061035156,71.76529693603516
Univariate,univariate,WTI Oil,Com_CrudeOil,tscv,PatchTST,-,2024-02-26,77.93800354003906,77.02251688639323
Univariate,univariate,WTI Oil,Com_CrudeOil,tscv,PatchTST,LightGBM,2024-02-26,77.93800354003906,70.60042063395183
Univariate,univariate,WTI Oil,Com_CrudeOil,tscv,PatchTST,NLinear,2024-02-26,77.93800354003906,73.65422058105469
Univariate,univariate,WTI Oil,Com_CrudeOil,tscv,PatchTST,XGBoost,2024-02-26,77.93800354003906,69.98647816975911
Univariate,univariate,WTI Oil,Com_CrudeOil,tscv,PatchTST,iTransformer,2024-02-26,77.93800354003906,73.02731068929036
Univariate,univariate,WTI Oil,Com_CrudeOil,tscv,PatchTST,-,2024-03-04,77.96199798583984,77.59012603759766
Univariate,univariate,WTI Oil,Com_CrudeOil,tscv,PatchTST,LightGBM,2024-03-04,77.96199798583984,71.6705830891927
Univariate,univariate,WTI Oil,Com_CrudeOil,tscv,PatchTST,NLinear,2024-03-04,77.96199798583984,73.87074788411458
Univariate,univariate,WTI Oil,Com_CrudeOil,tscv,PatchTST,XGBoost,2024-03-04,77.96199798583984,70.5463129679362
Univariate,univariate,WTI Oil,Com_CrudeOil,tscv,PatchTST,iTransformer,2024-03-04,77.96199798583984,74.92132059733073
Univariate,univariate,WTI Oil,Com_CrudeOil,tscv,PatchTST,-,2024-03-11,79.08000183105469,78.5121332804362
Univariate,univariate,WTI Oil,Com_CrudeOil,tscv,PatchTST,LightGBM,2024-03-11,79.08000183105469,72.0900370279948
Univariate,univariate,WTI Oil,Com_CrudeOil,tscv,PatchTST,NLinear,2024-03-11,79.08000183105469,74.40337371826172
Univariate,univariate,WTI Oil,Com_CrudeOil,tscv,PatchTST,XGBoost,2024-03-11,79.08000183105469,70.91334788004558
Univariate,univariate,WTI Oil,Com_CrudeOil,tscv,PatchTST,iTransformer,2024-03-11,79.08000183105469,77.14455159505208
Univariate,univariate,WTI Oil,Com_CrudeOil,tscv,PatchTST,-,2024-03-18,81.5719985961914,82.1656723022461
Univariate,univariate,WTI Oil,Com_CrudeOil,tscv,PatchTST,LightGBM,2024-03-18,81.5719985961914,76.01469167073567
Univariate,univariate,WTI Oil,Com_CrudeOil,tscv,PatchTST,NLinear,2024-03-18,81.5719985961914,81.44262949625652
Univariate,univariate,WTI Oil,Com_CrudeOil,tscv,PatchTST,XGBoost,2024-03-18,81.5719985961914,75.14706675211589
Univariate,univariate,WTI Oil,Com_CrudeOil,tscv,PatchTST,iTransformer,2024-03-18,81.5719985961914,81.78096262613933
Univariate,univariate,WTI Oil,Com_CrudeOil,tscv,PatchTST,-,2024-03-25,82.2426986694336,85.57373555501302
Univariate,univariate,WTI Oil,Com_CrudeOil,tscv,PatchTST,LightGBM,2024-03-25,82.2426986694336,78.56407674153645
Univariate,univariate,WTI Oil,Com_CrudeOil,tscv,PatchTST,NLinear,2024-03-25,82.2426986694336,84.96759287516277
Univariate,univariate,WTI Oil,Com_CrudeOil,tscv,PatchTST,XGBoost,2024-03-25,82.2426986694336,78.32021586100261
Univariate,univariate,WTI Oil,Com_CrudeOil,tscv,PatchTST,iTransformer,2024-03-25,82.2426986694336,85.50349426269531
Univariate,univariate,WTI Oil,Com_CrudeOil,tscv,PatchTST,-,2024-04-01,85.55799865722656,87.44890848795573
Univariate,univariate,WTI Oil,Com_CrudeOil,tscv,PatchTST,LightGBM,2024-04-01,85.55799865722656,80.07841491699219
Univariate,univariate,WTI Oil,Com_CrudeOil,tscv,PatchTST,NLinear,2024-04-01,85.55799865722656,87.52543385823567
Univariate,univariate,WTI Oil,Com_CrudeOil,tscv,PatchTST,XGBoost,2024-04-01,85.55799865722656,80.19894663492839
Univariate,univariate,WTI Oil,Com_CrudeOil,tscv,PatchTST,iTransformer,2024-04-01,85.55799865722656,87.4762446085612
Univariate,univariate,WTI Oil,Com_CrudeOil,tscv,PatchTST,-,2024-04-08,85.70999908447266,89.90776062011719
Univariate,univariate,WTI Oil,Com_CrudeOil,tscv,PatchTST,LightGBM,2024-04-08,85.70999908447266,82.8239008585612
Univariate,univariate,WTI Oil,Com_CrudeOil,tscv,PatchTST,NLinear,2024-04-08,85.70999908447266,90.2989730834961
Univariate,univariate,WTI Oil,Com_CrudeOil,tscv,PatchTST,XGBoost,2024-04-08,85.70999908447266,82.63216654459636
Univariate,univariate,WTI Oil,Com_CrudeOil,tscv,PatchTST,iTransformer,2024-04-08,85.70999908447266,90.19403330485027
Univariate,univariate,WTI Oil,Com_CrudeOil,tscv,PatchTST,-,2024-04-15,83.74513244628906,94.55444081624348
Univariate,univariate,WTI Oil,Com_CrudeOil,tscv,PatchTST,LightGBM,2024-04-15,83.74513244628906,89.3326924641927
Univariate,univariate,WTI Oil,Com_CrudeOil,tscv,PatchTST,NLinear,2024-04-15,83.74513244628906,95.01475524902344
Univariate,univariate,WTI Oil,Com_CrudeOil,tscv,PatchTST,XGBoost,2024-04-15,83.74513244628906,88.23768615722656
Univariate,univariate,WTI Oil,Com_CrudeOil,tscv,PatchTST,iTransformer,2024-04-15,83.74513244628906,92.37718709309895
Univariate,univariate,WTI Oil,Com_CrudeOil,tscv,PatchTST,-,2024-04-22,83.15287780761719,95.77904256184895
Univariate,univariate,WTI Oil,Com_CrudeOil,tscv,PatchTST,LightGBM,2024-04-22,83.15287780761719,90.55729420979817
Univariate,univariate,WTI Oil,Com_CrudeOil,tscv,PatchTST,NLinear,2024-04-22,83.15287780761719,96.13299814860027
Univariate,univariate,WTI Oil,Com_CrudeOil,tscv,PatchTST,XGBoost,2024-04-22,83.15287780761719,89.30403645833333
Univariate,univariate,WTI Oil,Com_CrudeOil,tscv,PatchTST,iTransformer,2024-04-22,83.15287780761719,93.34329732259114
Univariate,univariate,WTI Oil,Com_CrudeOil,tscv,PatchTST,-,2024-04-29,80.14189910888672,96.58334859212239
Univariate,univariate,WTI Oil,Com_CrudeOil,tscv,PatchTST,LightGBM,2024-04-29,80.14189910888672,90.71689097086589
Univariate,univariate,WTI Oil,Com_CrudeOil,tscv,PatchTST,NLinear,2024-04-29,80.14189910888672,97.11434173583984
Univariate,univariate,WTI Oil,Com_CrudeOil,tscv,PatchTST,XGBoost,2024-04-29,80.14189910888672,88.69277699788411
Univariate,univariate,WTI Oil,Com_CrudeOil,tscv,PatchTST,iTransformer,2024-04-29,80.14189910888672,93.97148132324219
Univariate,univariate,WTI Oil,Com_CrudeOil,tscv,PatchTST,-,2024-05-06,78.67400360107422,94.92361958821614
Univariate,univariate,WTI Oil,Com_CrudeOil,tscv,PatchTST,LightGBM,2024-05-06,78.67400360107422,88.81222025553386
Univariate,univariate,WTI Oil,Com_CrudeOil,tscv,PatchTST,NLinear,2024-05-06,78.67400360107422,95.94770812988281
Univariate,univariate,WTI Oil,Com_CrudeOil,tscv,PatchTST,XGBoost,2024-05-06,78.67400360107422,86.88009389241536
Univariate,univariate,WTI Oil,Com_CrudeOil,tscv,PatchTST,iTransformer,2024-05-06,78.67400360107422,91.870849609375
Univariate,univariate,WTI Oil,Com_CrudeOil,tscv,PatchTST,-,2024-05-13,78.81800079345703,94.77557118733723
Univariate,univariate,WTI Oil,Com_CrudeOil,tscv,PatchTST,LightGBM,2024-05-13,78.81800079345703,85.6811294555664
Univariate,univariate,WTI Oil,Com_CrudeOil,tscv,PatchTST,NLinear,2024-05-13,78.81800079345703,86.78319549560547
Univariate,univariate,WTI Oil,Com_CrudeOil,tscv,PatchTST,XGBoost,2024-05-13,78.81800079345703,84.68634541829427
Univariate,univariate,WTI Oil,Com_CrudeOil,tscv,PatchTST,iTransformer,2024-05-13,78.81800079345703,90.17611440022786
Univariate,univariate,WTI Oil,Com_CrudeOil,tscv,PatchTST,-,2024-05-20,78.02400207519531,95.77255503336589
Univariate,univariate,WTI Oil,Com_CrudeOil,tscv,PatchTST,LightGBM,2024-05-20,78.02400207519531,86.67811330159505
Univariate,univariate,WTI Oil,Com_CrudeOil,tscv,PatchTST,NLinear,2024-05-20,78.02400207519531,87.12129211425781
Univariate,univariate,WTI Oil,Com_CrudeOil,tscv,PatchTST,XGBoost,2024-05-20,78.02400207519531,85.33541361490886
Univariate,univariate,WTI Oil,Com_CrudeOil,tscv,PatchTST,iTransformer,2024-05-20,78.02400207519531,91.20601399739583
Univariate,univariate,WTI Oil,Com_CrudeOil,tscv,PatchTST,-,2024-05-27,78.5094985961914,95.51238250732422
Univariate,univariate,WTI Oil,Com_CrudeOil,tscv,PatchTST,LightGBM,2024-05-27,78.5094985961914,86.41794077555339
Univariate,univariate,WTI Oil,Com_CrudeOil,tscv,PatchTST,NLinear,2024-05-27,78.5094985961914,86.35566965738933
Univariate,univariate,WTI Oil,Com_CrudeOil,tscv,PatchTST,XGBoost,2024-05-27,78.5094985961914,84.46490224202473
Univariate,univariate,WTI Oil,Com_CrudeOil,tscv,PatchTST,iTransformer,2024-05-27,78.5094985961914,90.99780527750652
Univariate,univariate,WTI Oil,Com_CrudeOil,tscv,PatchTST,-,2024-06-03,74.52400207519531,95.46567789713542
Univariate,univariate,WTI Oil,Com_CrudeOil,tscv,PatchTST,LightGBM,2024-06-03,74.52400207519531,86.37123616536458
Univariate,univariate,WTI Oil,Com_CrudeOil,tscv,PatchTST,NLinear,2024-06-03,74.52400207519531,85.34036763509114
Univariate,univariate,WTI Oil,Com_CrudeOil,tscv,PatchTST,XGBoost,2024-06-03,74.52400207519531,84.70223744710286
Univariate,univariate,WTI Oil,Com_CrudeOil,tscv,PatchTST,iTransformer,2024-06-03,74.52400207519531,90.8283182779948
Univariate,univariate,WTI Oil,Com_CrudeOil,tscv,PatchTST,-,2024-06-10,78.16200256347656,91.46716054280598
Univariate,univariate,WTI Oil,Com_CrudeOil,tscv,PatchTST,LightGBM,2024-06-10,78.16200256347656,82.78460184733073
Univariate,univariate,WTI Oil,Com_CrudeOil,tscv,PatchTST,NLinear,2024-06-10,78.16200256347656,76.87520345052083
Univariate,univariate,WTI Oil,Com_CrudeOil,tscv,PatchTST,XGBoost,2024-06-10,78.16200256347656,80.58460489908855
Univariate,univariate,WTI Oil,Com_CrudeOil,tscv,PatchTST,iTransformer,2024-06-10,78.16200256347656,87.14690907796223
Univariate,univariate,WTI Oil,Com_CrudeOil,tscv,PatchTST,-,2024-06-17,80.61250305175781,92.73327891031902
Univariate,univariate,WTI Oil,Com_CrudeOil,tscv,PatchTST,LightGBM,2024-06-17,80.61250305175781,82.98091125488281
Univariate,univariate,WTI Oil,Com_CrudeOil,tscv,PatchTST,NLinear,2024-06-17,80.61250305175781,78.10087585449219
Univariate,univariate,WTI Oil,Com_CrudeOil,tscv,PatchTST,XGBoost,2024-06-17,80.61250305175781,81.70021057128906
Univariate,univariate,WTI Oil,Com_CrudeOil,tscv,PatchTST,iTransformer,2024-06-17,80.61250305175781,88.41162363688152
Univariate,univariate,WTI Oil,Com_CrudeOil,tscv,PatchTST,-,2024-06-24,81.3280029296875,93.48926544189453
Univariate,univariate,WTI Oil,Com_CrudeOil,tscv,PatchTST,LightGBM,2024-06-24,81.3280029296875,83.57696533203125
Univariate,univariate,WTI Oil,Com_CrudeOil,tscv,PatchTST,NLinear,2024-06-24,81.3280029296875,80.84006754557292
Univariate,univariate,WTI Oil,Com_CrudeOil,tscv,PatchTST,XGBoost,2024-06-24,81.3280029296875,83.68609873453777
Univariate,univariate,WTI Oil,Com_CrudeOil,tscv,PatchTST,iTransformer,2024-06-24,81.3280029296875,89.16956837972005
Univariate,univariate,WTI Oil,Com_CrudeOil,tscv,PatchTST,-,2024-07-01,83.31356048583984,93.08244069417317
Univariate,univariate,WTI Oil,Com_CrudeOil,tscv,PatchTST,LightGBM,2024-07-01,83.31356048583984,83.17014058430989
Univariate,univariate,WTI Oil,Com_CrudeOil,tscv,PatchTST,NLinear,2024-07-01,83.31356048583984,82.94539896647136
Univariate,univariate,WTI Oil,Com_CrudeOil,tscv,PatchTST,XGBoost,2024-07-01,83.31356048583984,83.94048563639323
Univariate,univariate,WTI Oil,Com_CrudeOil,tscv,PatchTST,iTransformer,2024-07-01,83.31356048583984,88.76304880777995
Univariate,univariate,WTI Oil,Com_CrudeOil,tscv,PatchTST,-,2024-07-08,82.13400268554688,90.6543477376302
Univariate,univariate,WTI Oil,Com_CrudeOil,tscv,PatchTST,LightGBM,2024-07-08,82.13400268554688,81.01548258463542
Univariate,univariate,WTI Oil,Com_CrudeOil,tscv,PatchTST,NLinear,2024-07-08,82.13400268554688,83.28484853108723
Univariate,univariate,WTI Oil,Com_CrudeOil,tscv,PatchTST,XGBoost,2024-07-08,82.13400268554688,81.14034779866536
Univariate,univariate,WTI Oil,Com_CrudeOil,tscv,PatchTST,iTransformer,2024-07-08,82.13400268554688,85.31099955240886
Univariate,univariate,WTI Oil,Com_CrudeOil,tscv,PatchTST,-,2024-07-15,80.80999755859375,90.81143697102864
Univariate,univariate,WTI Oil,Com_CrudeOil,tscv,PatchTST,LightGBM,2024-07-15,80.80999755859375,80.9211934407552
Univariate,univariate,WTI Oil,Com_CrudeOil,tscv,PatchTST,NLinear,2024-07-15,80.80999755859375,84.99840545654297
Univariate,univariate,WTI Oil,Com_CrudeOil,tscv,PatchTST,XGBoost,2024-07-15,80.80999755859375,81.63072967529297
Univariate,univariate,WTI Oil,Com_CrudeOil,tscv,PatchTST,iTransformer,2024-07-15,80.80999755859375,85.45642598470052
Univariate,univariate,WTI Oil,Com_CrudeOil,tscv,PatchTST,-,2024-07-22,77.6780014038086,89.9729512532552
Univariate,univariate,WTI Oil,Com_CrudeOil,tscv,PatchTST,LightGBM,2024-07-22,77.6780014038086,80.29339090983073
Univariate,univariate,WTI Oil,Com_CrudeOil,tscv,PatchTST,NLinear,2024-07-22,77.6780014038086,85.41402180989583
Univariate,univariate,WTI Oil,Com_CrudeOil,tscv,PatchTST,XGBoost,2024-07-22,77.6780014038086,80.80181630452473
Univariate,univariate,WTI Oil,Com_CrudeOil,tscv,PatchTST,iTransformer,2024-07-22,77.6780014038086,84.61556498209636
Univariate,univariate,WTI Oil,Com_CrudeOil,tscv,PatchTST,-,2024-07-29,75.65599822998047,87.9499994913737
Univariate,univariate,WTI Oil,Com_CrudeOil,tscv,PatchTST,LightGBM,2024-07-29,75.65599822998047,78.29047139485677
Univariate,univariate,WTI Oil,Com_CrudeOil,tscv,PatchTST,NLinear,2024-07-29,75.65599822998047,85.19508616129558
Univariate,univariate,WTI Oil,Com_CrudeOil,tscv,PatchTST,XGBoost,2024-07-29,75.65599822998047,79.11830139160156
Univariate,univariate,WTI Oil,Com_CrudeOil,tscv,PatchTST,iTransformer,2024-07-29,75.65599822998047,82.59199778238933
Univariate,univariate,WTI Oil,Com_CrudeOil,tscv,PatchTST,-,2024-08-05,74.87999725341797,85.99942779541016
Univariate,univariate,WTI Oil,Com_CrudeOil,tscv,PatchTST,LightGBM,2024-08-05,74.87999725341797,77.39862314860027
Univariate,univariate,WTI Oil,Com_CrudeOil,tscv,PatchTST,NLinear,2024-08-05,74.87999725341797,82.68949890136719
Univariate,univariate,WTI Oil,Com_CrudeOil,tscv,PatchTST,XGBoost,2024-08-05,74.87999725341797,78.65052541097005
Univariate,univariate,WTI Oil,Com_CrudeOil,tscv,PatchTST,iTransformer,2024-08-05,74.87999725341797,79.86751047770183
Univariate,univariate,WTI Oil,Com_CrudeOil,tscv,PatchTST,-,2024-08-12,77.58399963378906,84.2820536295573
Univariate,univariate,WTI Oil,Com_CrudeOil,tscv,PatchTST,LightGBM,2024-08-12,77.58399963378906,75.81151580810547
Univariate,univariate,WTI Oil,Com_CrudeOil,tscv,PatchTST,NLinear,2024-08-12,77.58399963378906,81.43391418457031
Univariate,univariate,WTI Oil,Com_CrudeOil,tscv,PatchTST,XGBoost,2024-08-12,77.58399963378906,76.52831268310547
Univariate,univariate,WTI Oil,Com_CrudeOil,tscv,PatchTST,iTransformer,2024-08-12,77.58399963378906,78.41836547851562
Univariate,univariate,WTI Oil,Com_CrudeOil,tscv,PatchTST,-,2024-08-19,73.31999969482422,84.62820180257161
Univariate,univariate,WTI Oil,Com_CrudeOil,tscv,PatchTST,LightGBM,2024-08-19,73.31999969482422,75.32488759358723
Univariate,univariate,WTI Oil,Com_CrudeOil,tscv,PatchTST,NLinear,2024-08-19,73.31999969482422,82.93162790934245
Univariate,univariate,WTI Oil,Com_CrudeOil,tscv,PatchTST,XGBoost,2024-08-19,73.31999969482422,77.38088734944661
Univariate,univariate,WTI Oil,Com_CrudeOil,tscv,PatchTST,iTransformer,2024-08-19,73.31999969482422,79.32167561848958
Univariate,univariate,WTI Oil,Com_CrudeOil,tscv,PatchTST,-,2024-08-26,75.38600158691406,83.3888651529948
Univariate,univariate,WTI Oil,Com_CrudeOil,tscv,PatchTST,LightGBM,2024-08-26,75.38600158691406,75.06766510009766
Univariate,univariate,WTI Oil,Com_CrudeOil,tscv,PatchTST,NLinear,2024-08-26,75.38600158691406,83.05783081054688
Univariate,univariate,WTI Oil,Com_CrudeOil,tscv,PatchTST,XGBoost,2024-08-26,75.38600158691406,76.15707143147786
Univariate,univariate,WTI Oil,Com_CrudeOil,tscv,PatchTST,iTransformer,2024-08-26,75.38600158691406,78.72407786051433
Univariate,univariate,WTI Oil,Com_CrudeOil,tscv,PatchTST,-,2024-09-02,70.08424377441406,82.62229410807292
Univariate,univariate,WTI Oil,Com_CrudeOil,tscv,PatchTST,LightGBM,2024-09-02,70.08424377441406,75.03955841064453
Univariate,univariate,WTI Oil,Com_CrudeOil,tscv,PatchTST,NLinear,2024-09-02,70.08424377441406,79.33978525797527
Univariate,univariate,WTI Oil,Com_CrudeOil,tscv,PatchTST,XGBoost,2024-09-02,70.08424377441406,75.9218521118164
Univariate,univariate,WTI Oil,Com_CrudeOil,tscv,PatchTST,iTransformer,2024-09-02,70.08424377441406,78.22728983561198
Univariate,univariate,WTI Oil,Com_CrudeOil,tscv,PatchTST,-,2024-09-09,67.87799835205078,80.50978088378906
Univariate,univariate,WTI Oil,Com_CrudeOil,tscv,PatchTST,LightGBM,2024-09-09,67.87799835205078,72.97231801350911
Univariate,univariate,WTI Oil,Com_CrudeOil,tscv,PatchTST,NLinear,2024-09-09,67.87799835205078,77.09244283040364
Univariate,univariate,WTI Oil,Com_CrudeOil,tscv,PatchTST,XGBoost,2024-09-09,67.87799835205078,73.12384796142578
Univariate,univariate,WTI Oil,Com_CrudeOil,tscv,PatchTST,iTransformer,2024-09-09,67.87799835205078,76.44087727864583
Univariate,univariate,WTI Oil,Com_CrudeOil,tscv,PatchTST,-,2024-09-16,70.41799926757812,75.68294779459636
Univariate,univariate,WTI Oil,Com_CrudeOil,tscv,PatchTST,LightGBM,2024-09-16,70.41799926757812,68.14548873901367
Univariate,univariate,WTI Oil,Com_CrudeOil,tscv,PatchTST,NLinear,2024-09-16,70.41799926757812,72.2626953125
Univariate,univariate,WTI Oil,Com_CrudeOil,tscv,PatchTST,XGBoost,2024-09-16,70.41799926757812,68.375244140625
Univariate,univariate,WTI Oil,Com_CrudeOil,tscv,PatchTST,iTransformer,2024-09-16,70.41799926757812,71.98990631103516
Univariate,univariate,WTI Oil,Com_CrudeOil,tscv,PatchTST,-,2024-09-23,69.49400329589844,75.41745249430339
Univariate,univariate,WTI Oil,Com_CrudeOil,tscv,PatchTST,LightGBM,2024-09-23,69.49400329589844,67.92975997924805
Univariate,univariate,WTI Oil,Com_CrudeOil,tscv,PatchTST,NLinear,2024-09-23,69.49400329589844,71.98425547281902
Univariate,univariate,WTI Oil,Com_CrudeOil,tscv,PatchTST,XGBoost,2024-09-23,69.49400329589844,67.96814854939778
Univariate,univariate,WTI Oil,Com_CrudeOil,tscv,PatchTST,iTransformer,2024-09-23,69.49400329589844,71.82909901936848
Univariate,univariate,WTI Oil,Com_CrudeOil,tscv,PatchTST,-,2024-09-30,71.23799896240234,71.7354253133138
Univariate,univariate,WTI Oil,Com_CrudeOil,tscv,PatchTST,LightGBM,2024-09-30,71.23799896240234,65.7549196879069
Univariate,univariate,WTI Oil,Com_CrudeOil,tscv,PatchTST,NLinear,2024-09-30,71.23799896240234,67.81674702962239
Univariate,univariate,WTI Oil,Com_CrudeOil,tscv,PatchTST,XGBoost,2024-09-30,71.23799896240234,65.27148564656575
Univariate,univariate,WTI Oil,Com_CrudeOil,tscv,PatchTST,iTransformer,2024-09-30,71.23799896240234,70.63733164469402
Univariate,univariate,WTI Oil,Com_CrudeOil,tscv,PatchTST,-,2024-10-07,75.0719985961914,72.17292022705078
Univariate,univariate,WTI Oil,Com_CrudeOil,tscv,PatchTST,LightGBM,2024-10-07,75.0719985961914,66.19241714477539
Univariate,univariate,WTI Oil,Com_CrudeOil,tscv,PatchTST,NLinear,2024-10-07,75.0719985961914,68.92025502522786
Univariate,univariate,WTI Oil,Com_CrudeOil,tscv,PatchTST,XGBoost,2024-10-07,75.0719985961914,65.48111979166667
Univariate,univariate,WTI Oil,Com_CrudeOil,tscv,PatchTST,iTransformer,2024-10-07,75.0719985961914,71.49168904622395
Univariate,univariate,WTI Oil,Com_CrudeOil,tscv,PatchTST,-,2024-10-14,70.71600341796875,75.52192687988281
Univariate,univariate,WTI Oil,Com_CrudeOil,tscv,PatchTST,LightGBM,2024-10-14,70.71600341796875,69.5680160522461
Univariate,univariate,WTI Oil,Com_CrudeOil,tscv,PatchTST,NLinear,2024-10-14,70.71600341796875,72.47738647460938
Univariate,univariate,WTI Oil,Com_CrudeOil,tscv,PatchTST,XGBoost,2024-10-14,70.71600341796875,68.54588826497395
Univariate,univariate,WTI Oil,Com_CrudeOil,tscv,PatchTST,iTransformer,2024-10-14,70.71600341796875,75.16646067301433
Univariate,univariate,WTI Oil,Com_CrudeOil,tscv,PatchTST,-,2024-10-21,70.90399932861328,76.23792775472005
Univariate,univariate,WTI Oil,Com_CrudeOil,tscv,PatchTST,LightGBM,2024-10-21,70.90399932861328,70.28401438395183
Univariate,univariate,WTI Oil,Com_CrudeOil,tscv,PatchTST,NLinear,2024-10-21,70.90399932861328,73.53650156656902
Univariate,univariate,WTI Oil,Com_CrudeOil,tscv,PatchTST,XGBoost,2024-10-21,70.90399932861328,68.98288472493489
Univariate,univariate,WTI Oil,Com_CrudeOil,tscv,PatchTST,iTransformer,2024-10-21,70.90399932861328,75.7194112141927
Univariate,univariate,WTI Oil,Com_CrudeOil,tscv,PatchTST,-,2024-10-28,68.38999938964844,75.37672932942708
Univariate,univariate,WTI Oil,Com_CrudeOil,tscv,PatchTST,LightGBM,2024-10-28,68.38999938964844,72.06705220540364
Univariate,univariate,WTI Oil,Com_CrudeOil,tscv,PatchTST,NLinear,2024-10-28,68.38999938964844,74.07809702555339
Univariate,univariate,WTI Oil,Com_CrudeOil,tscv,PatchTST,XGBoost,2024-10-28,68.38999938964844,70.73456319173177
Univariate,univariate,WTI Oil,Com_CrudeOil,tscv,PatchTST,iTransformer,2024-10-28,68.38999938964844,74.7279764811198
Univariate,univariate,WTI Oil,Com_CrudeOil,tscv,PatchTST,-,2024-11-04,71.5780029296875,73.60768381754558
Univariate,univariate,WTI Oil,Com_CrudeOil,tscv,PatchTST,LightGBM,2024-11-04,71.5780029296875,70.09315236409505
Univariate,univariate,WTI Oil,Com_CrudeOil,tscv,PatchTST,NLinear,2024-11-04,71.5780029296875,71.27119954427083
Univariate,univariate,WTI Oil,Com_CrudeOil,tscv,PatchTST,XGBoost,2024-11-04,71.5780029296875,68.34762318929036
Univariate,univariate,WTI Oil,Com_CrudeOil,tscv,PatchTST,iTransformer,2024-11-04,71.5780029296875,72.68137868245442
Univariate,univariate,WTI Oil,Com_CrudeOil,tscv,PatchTST,-,2024-11-11,68.04199981689453,73.48665110270183
Univariate,univariate,WTI Oil,Com_CrudeOil,tscv,PatchTST,LightGBM,2024-11-11,68.04199981689453,69.97212219238281
Univariate,univariate,WTI Oil,Com_CrudeOil,tscv,PatchTST,NLinear,2024-11-11,68.04199981689453,70.51447041829427
Univariate,univariate,WTI Oil,Com_CrudeOil,tscv,PatchTST,XGBoost,2024-11-11,68.04199981689453,67.74630991617839
Univariate,univariate,WTI Oil,Com_CrudeOil,tscv,PatchTST,iTransformer,2024-11-11,68.04199981689453,72.58329264322917
Univariate,univariate,WTI Oil,Com_CrudeOil,tscv,PatchTST,-,2024-11-18,69.69999694824219,71.06936136881511
Univariate,univariate,WTI Oil,Com_CrudeOil,tscv,PatchTST,LightGBM,2024-11-18,69.69999694824219,67.53739929199219
Univariate,univariate,WTI Oil,Com_CrudeOil,tscv,PatchTST,NLinear,2024-11-18,69.69999694824219,67.07616170247395
Univariate,univariate,WTI Oil,Com_CrudeOil,tscv,PatchTST,XGBoost,2024-11-18,69.69999694824219,65.20379892985027
Univariate,univariate,WTI Oil,Com_CrudeOil,tscv,PatchTST,iTransformer,2024-11-18,69.69999694824219,69.7400385538737
Univariate,univariate,WTI Oil,Com_CrudeOil,tscv,PatchTST,-,2024-11-25,68.7181167602539,71.71577707926433
Univariate,univariate,WTI Oil,Com_CrudeOil,tscv,PatchTST,LightGBM,2024-11-25,68.7181167602539,69.40758005777995
Univariate,univariate,WTI Oil,Com_CrudeOil,tscv,PatchTST,NLinear,2024-11-25,68.7181167602539,69.09481048583984
Univariate,univariate,WTI Oil,Com_CrudeOil,tscv,PatchTST,XGBoost,2024-11-25,68.7181167602539,68.16465759277344
Univariate,univariate,WTI Oil,Com_CrudeOil,tscv,PatchTST,iTransformer,2024-11-25,68.7181167602539,71.86161295572917
Univariate,univariate,WTI Oil,Com_CrudeOil,tscv,PatchTST,-,2024-12-02,68.11045837402344,70.04943084716797
Univariate,univariate,WTI Oil,Com_CrudeOil,tscv,PatchTST,LightGBM,2024-12-02,68.11045837402344,67.77964274088542
Univariate,univariate,WTI Oil,Com_CrudeOil,tscv,PatchTST,NLinear,2024-12-02,68.11045837402344,66.47207132975261
Univariate,univariate,WTI Oil,Com_CrudeOil,tscv,PatchTST,XGBoost,2024-12-02,68.11045837402344,66.16486485799153
Univariate,univariate,WTI Oil,Com_CrudeOil,tscv,PatchTST,iTransformer,2024-12-02,68.11045837402344,70.35867818196614
Univariate,univariate,WTI Oil,Com_CrudeOil,tscv,PatchTST,-,2024-12-09,70.1072006225586,71.15491739908855
Univariate,univariate,WTI Oil,Com_CrudeOil,tscv,PatchTST,LightGBM,2024-12-09,70.1072006225586,68.43263498942058
Univariate,univariate,WTI Oil,Com_CrudeOil,tscv,PatchTST,NLinear,2024-12-09,70.1072006225586,66.38428624471028
Univariate,univariate,WTI Oil,Com_CrudeOil,tscv,PatchTST,XGBoost,2024-12-09,70.1072006225586,66.58102162679036
Univariate,univariate,WTI Oil,Com_CrudeOil,tscv,PatchTST,iTransformer,2024-12-09,70.1072006225586,71.3439229329427
Univariate,univariate,WTI Oil,Com_CrudeOil,tscv,PatchTST,-,2024-12-16,69.7302017211914,71.43763732910156
Univariate,univariate,WTI Oil,Com_CrudeOil,tscv,PatchTST,LightGBM,2024-12-16,69.7302017211914,68.33910624186198
Univariate,univariate,WTI Oil,Com_CrudeOil,tscv,PatchTST,NLinear,2024-12-16,69.7302017211914,65.23415756225586
Univariate,univariate,WTI Oil,Com_CrudeOil,tscv,PatchTST,XGBoost,2024-12-16,69.7302017211914,66.41024653116862
Univariate,univariate,WTI Oil,Com_CrudeOil,tscv,PatchTST,iTransformer,2024-12-16,69.7302017211914,71.64499918619792
Univariate,univariate,WTI Oil,Com_CrudeOil,tscv,PatchTST,-,2024-12-23,70.14910125732422,72.82209777832031
Univariate,univariate,WTI Oil,Com_CrudeOil,tscv,PatchTST,LightGBM,2024-12-23,70.14910125732422,68.64789072672527
Univariate,univariate,WTI Oil,Com_CrudeOil,tscv,PatchTST,NLinear,2024-12-23,70.14910125732422,68.903564453125
Univariate,univariate,WTI Oil,Com_CrudeOil,tscv,PatchTST,XGBoost,2024-12-23,70.14910125732422,67.09129333496094
Univariate,univariate,WTI Oil,Com_CrudeOil,tscv,PatchTST,iTransformer,2024-12-23,70.14910125732422,71.66146850585938
Univariate,univariate,WTI Oil,Com_CrudeOil,tscv,PatchTST,-,2024-12-30,72.57513427734375,71.8361307779948
Univariate,univariate,WTI Oil,Com_CrudeOil,tscv,PatchTST,LightGBM,2024-12-30,72.57513427734375,67.79327646891277
Univariate,univariate,WTI Oil,Com_CrudeOil,tscv,PatchTST,NLinear,2024-12-30,72.57513427734375,67.4673589070638
Univariate,univariate,WTI Oil,Com_CrudeOil,tscv,PatchTST,XGBoost,2024-12-30,72.57513427734375,64.8202616373698
Univariate,univariate,WTI Oil,Com_CrudeOil,tscv,PatchTST,iTransformer,2024-12-30,72.57513427734375,70.71601867675781
Univariate,univariate,WTI Oil,Com_CrudeOil,tscv,PatchTST,-,2025-01-06,74.95950317382812,73.67596689860027
Univariate,univariate,WTI Oil,Com_CrudeOil,tscv,PatchTST,LightGBM,2025-01-06,74.95950317382812,69.49190012613933
Univariate,univariate,WTI Oil,Com_CrudeOil,tscv,PatchTST,NLinear,2025-01-06,74.95950317382812,68.71840413411458
Univariate,univariate,WTI Oil,Com_CrudeOil,tscv,PatchTST,XGBoost,2025-01-06,74.95950317382812,66.72744115193684
Univariate,univariate,WTI Oil,Com_CrudeOil,tscv,PatchTST,iTransformer,2025-01-06,74.95950317382812,72.5984115600586
Univariate,univariate,WTI Oil,Com_CrudeOil,tscv,PatchTST,-,2025-01-13,78.02933502197266,75.80607096354167
Univariate,univariate,WTI Oil,Com_CrudeOil,tscv,PatchTST,LightGBM,2025-01-13,78.02933502197266,70.91580963134766
Univariate,univariate,WTI Oil,Com_CrudeOil,tscv,PatchTST,NLinear,2025-01-13,78.02933502197266,69.91273752848308
Univariate,univariate,WTI Oil,Com_CrudeOil,tscv,PatchTST,XGBoost,2025-01-13,78.02933502197266,68.40426635742188
Univariate,univariate,WTI Oil,Com_CrudeOil,tscv,PatchTST,iTransformer,2025-01-13,78.02933502197266,74.76417795817058
Univariate,univariate,WTI Oil,Com_CrudeOil,tscv,PatchTST,-,2025-01-20,75.17753601074219,79.85790761311848
Univariate,univariate,WTI Oil,Com_CrudeOil,tscv,PatchTST,LightGBM,2025-01-20,75.17753601074219,76.6174825032552
Univariate,univariate,WTI Oil,Com_CrudeOil,tscv,PatchTST,NLinear,2025-01-20,75.17753601074219,77.74804941813152
Univariate,univariate,WTI Oil,Com_CrudeOil,tscv,PatchTST,XGBoost,2025-01-20,75.17753601074219,73.6092529296875
Univariate,univariate,WTI Oil,Com_CrudeOil,tscv,PatchTST,iTransformer,2025-01-20,75.17753601074219,76.89837137858073
Univariate,univariate,WTI Oil,Com_CrudeOil,tscv,PatchTST,-,2025-01-27,73.03900146484375,80.98742421468098
Univariate,univariate,WTI Oil,Com_CrudeOil,tscv,PatchTST,LightGBM,2025-01-27,73.03900146484375,78.00107320149739
Univariate,univariate,WTI Oil,Com_CrudeOil,tscv,PatchTST,NLinear,2025-01-27,73.03900146484375,78.35790761311848
Univariate,univariate,WTI Oil,Com_CrudeOil,tscv,PatchTST,XGBoost,2025-01-27,73.03900146484375,75.012451171875
Univariate,univariate,WTI Oil,Com_CrudeOil,tscv,PatchTST,iTransformer,2025-01-27,73.03900146484375,76.27567799886067
Univariate,univariate,WTI Oil,Com_CrudeOil,tscv,PatchTST,-,2025-02-03,71.66098022460938,82.65740458170573
Univariate,univariate,WTI Oil,Com_CrudeOil,tscv,PatchTST,LightGBM,2025-02-03,71.66098022460938,79.67105356852214
Univariate,univariate,WTI Oil,Com_CrudeOil,tscv,PatchTST,NLinear,2025-02-03,71.66098022460938,79.45654296875
Univariate,univariate,WTI Oil,Com_CrudeOil,tscv,PatchTST,XGBoost,2025-02-03,71.66098022460938,76.80383555094402
Univariate,univariate,WTI Oil,Com_CrudeOil,tscv,PatchTST,iTransformer,2025-02-03,71.66098022460938,75.6824213663737
Univariate,univariate,WTI Oil,Com_CrudeOil,tscv,PatchTST,-,2025-02-10,71.62548065185547,82.38756306966145
Univariate,univariate,WTI Oil,Com_CrudeOil,tscv,PatchTST,LightGBM,2025-02-10,71.62548065185547,79.40121205647786
Univariate,univariate,WTI Oil,Com_CrudeOil,tscv,PatchTST,NLinear,2025-02-10,71.62548065185547,79.28436533610027
Univariate,univariate,WTI Oil,Com_CrudeOil,tscv,PatchTST,XGBoost,2025-02-10,71.62548065185547,76.00732421875
Univariate,univariate,WTI Oil,Com_CrudeOil,tscv,PatchTST,iTransformer,2025-02-10,71.62548065185547,73.98391977945964
Univariate,univariate,WTI Oil,Com_CrudeOil,tscv,PatchTST,-,2025-02-17,71.43208312988281,79.55044809977214
Univariate,univariate,WTI Oil,Com_CrudeOil,tscv,PatchTST,LightGBM,2025-02-17,71.43208312988281,76.18402353922527
Univariate,univariate,WTI Oil,Com_CrudeOil,tscv,PatchTST,NLinear,2025-02-17,71.43208312988281,78.07494608561198
Univariate,univariate,WTI Oil,Com_CrudeOil,tscv,PatchTST,XGBoost,2025-02-17,71.43208312988281,72.5450922648112
Univariate,univariate,WTI Oil,Com_CrudeOil,tscv,PatchTST,iTransformer,2025-02-17,71.43208312988281,71.91329701741536
Univariate,univariate,WTI Oil,Com_CrudeOil,tscv,PatchTST,-,2025-02-24,69.6719970703125,78.87898508707683
Univariate,univariate,WTI Oil,Com_CrudeOil,tscv,PatchTST,LightGBM,2025-02-24,69.6719970703125,75.4669698079427
Univariate,univariate,WTI Oil,Com_CrudeOil,tscv,PatchTST,NLinear,2025-02-24,69.6719970703125,76.69827270507812
Univariate,univariate,WTI Oil,Com_CrudeOil,tscv,PatchTST,XGBoost,2025-02-24,69.6719970703125,71.26558430989583
Univariate,univariate,WTI Oil,Com_CrudeOil,tscv,PatchTST,iTransformer,2025-02-24,69.6719970703125,71.16826883951823
Univariate,univariate,WTI Oil,Com_CrudeOil,tscv,PatchTST,-,2025-03-03,67.26799774169922,77.48918914794922
Univariate,univariate,WTI Oil,Com_CrudeOil,tscv,PatchTST,LightGBM,2025-03-03,67.26799774169922,73.9729715983073
Univariate,univariate,WTI Oil,Com_CrudeOil,tscv,PatchTST,NLinear,2025-03-03,67.26799774169922,74.66660054524739
Univariate,univariate,WTI Oil,Com_CrudeOil,tscv,PatchTST,XGBoost,2025-03-03,67.26799774169922,70.09378306070964
Univariate,univariate,WTI Oil,Com_CrudeOil,tscv,PatchTST,iTransformer,2025-03-03,67.26799774169922,69.86075592041016
Univariate,univariate,WTI Oil,Com_CrudeOil,tscv,PatchTST,-,2025-03-10,66.92066955566406,75.70083109537761
Univariate,univariate,WTI Oil,Com_CrudeOil,tscv,PatchTST,LightGBM,2025-03-10,66.92066955566406,72.16436004638672
Univariate,univariate,WTI Oil,Com_CrudeOil,tscv,PatchTST,NLinear,2025-03-10,66.92066955566406,72.09188588460286
Univariate,univariate,WTI Oil,Com_CrudeOil,tscv,PatchTST,XGBoost,2025-03-10,66.92066955566406,68.52357482910156
Univariate,univariate,WTI Oil,Com_CrudeOil,tscv,PatchTST,iTransformer,2025-03-10,66.92066955566406,68.3938496907552
Univariate,univariate,WTI Oil,Com_CrudeOil,tscv,PatchTST,-,2025-03-17,67.67898559570312,73.85155232747395
Univariate,univariate,WTI Oil,Com_CrudeOil,tscv,PatchTST,LightGBM,2025-03-17,67.67898559570312,69.02962748209636
Univariate,univariate,WTI Oil,Com_CrudeOil,tscv,PatchTST,NLinear,2025-03-17,67.67898559570312,69.5821050008138
Univariate,univariate,WTI Oil,Com_CrudeOil,tscv,PatchTST,XGBoost,2025-03-17,67.67898559570312,65.97594706217448
Univariate,univariate,WTI Oil,Com_CrudeOil,tscv,PatchTST,iTransformer,2025-03-17,67.67898559570312,67.12830607096355
Univariate,univariate,WTI Oil,Com_CrudeOil,tscv,PatchTST,-,2025-03-24,69.34062957763672,72.92441813151042
Univariate,univariate,WTI Oil,Com_CrudeOil,tscv,PatchTST,LightGBM,2025-03-24,69.34062957763672,68.39755503336589
Univariate,univariate,WTI Oil,Com_CrudeOil,tscv,PatchTST,NLinear,2025-03-24,69.34062957763672,68.00575764973958
Univariate,univariate,WTI Oil,Com_CrudeOil,tscv,PatchTST,XGBoost,2025-03-24,69.34062957763672,65.36131286621094
Univariate,univariate,WTI Oil,Com_CrudeOil,tscv,PatchTST,iTransformer,2025-03-24,69.34062957763672,66.32605489095052
Univariate,univariate,WTI Oil,Com_CrudeOil,tscv,PatchTST,-,2025-03-31,66.51853942871094,72.09617106119792
Univariate,univariate,WTI Oil,Com_CrudeOil,tscv,PatchTST,LightGBM,2025-03-31,66.51853942871094,67.11395772298177
Univariate,univariate,WTI Oil,Com_CrudeOil,tscv,PatchTST,NLinear,2025-03-31,66.51853942871094,66.4210942586263
Univariate,univariate,WTI Oil,Com_CrudeOil,tscv,PatchTST,XGBoost,2025-03-31,66.51853942871094,64.75013224283855
Univariate,univariate,WTI Oil,Com_CrudeOil,tscv,PatchTST,iTransformer,2025-03-31,66.51853942871094,65.58595275878906
Univariate,univariate,WTI Oil,Com_CrudeOil,tscv,PatchTST,-,2025-04-07,60.9921875,70.3563003540039
Univariate,univariate,WTI Oil,Com_CrudeOil,tscv,PatchTST,LightGBM,2025-04-07,60.9921875,66.09424845377605
Univariate,univariate,WTI Oil,Com_CrudeOil,tscv,PatchTST,NLinear,2025-04-07,60.9921875,64.03812662760417
Univariate,univariate,WTI Oil,Com_CrudeOil,tscv,PatchTST,XGBoost,2025-04-07,60.9921875,63.25419489542643
Univariate,univariate,WTI Oil,Com_CrudeOil,tscv,PatchTST,iTransformer,2025-04-07,60.9921875,64.25869115193684
Univariate,univariate,WTI Oil,Com_CrudeOil,tscv,PatchTST,-,2025-04-14,63.110198974609375,66.29685719807942
Univariate,univariate,WTI Oil,Com_CrudeOil,tscv,PatchTST,LightGBM,2025-04-14,63.110198974609375,60.41306177775065
Univariate,univariate,WTI Oil,Com_CrudeOil,tscv,PatchTST,NLinear,2025-04-14,63.110198974609375,57.904052734375
Univariate,univariate,WTI Oil,Com_CrudeOil,tscv,PatchTST,XGBoost,2025-04-14,63.110198974609375,59.38153203328451
Univariate,univariate,WTI Oil,Com_CrudeOil,tscv,PatchTST,iTransformer,2025-04-14,63.110198974609375,60.76463063557943
Univariate,univariate,WTI Oil,Com_CrudeOil,tscv,PatchTST,-,2025-04-21,62.90476989746094,63.355237325032554
Univariate,univariate,WTI Oil,Com_CrudeOil,tscv,PatchTST,LightGBM,2025-04-21,62.90476989746094,57.44607671101888
Univariate,univariate,WTI Oil,Com_CrudeOil,tscv,PatchTST,NLinear,2025-04-21,62.90476989746094,54.395025889078774
Univariate,univariate,WTI Oil,Com_CrudeOil,tscv,PatchTST,XGBoost,2025-04-21,62.90476989746094,56.35457992553711
Univariate,univariate,WTI Oil,Com_CrudeOil,tscv,PatchTST,iTransformer,2025-04-21,62.90476989746094,58.75138854980469
Univariate,univariate,WTI Oil,Com_CrudeOil,tscv,PatchTST,-,2025-04-28,58.91098403930664,62.032352447509766
Univariate,univariate,WTI Oil,Com_CrudeOil,tscv,PatchTST,LightGBM,2025-04-28,58.91098403930664,56.18568420410156
Univariate,univariate,WTI Oil,Com_CrudeOil,tscv,PatchTST,NLinear,2025-04-28,58.91098403930664,52.8039436340332
Univariate,univariate,WTI Oil,Com_CrudeOil,tscv,PatchTST,XGBoost,2025-04-28,58.91098403930664,54.34074147542318
Univariate,univariate,WTI Oil,Com_CrudeOil,tscv,PatchTST,iTransformer,2025-04-28,58.91098403930664,59.13362248738607
Univariate,univariate,WTI Oil,Com_CrudeOil,tscv,PatchTST,-,2025-05-05,59.65278625488281,58.518838246663414
Univariate,univariate,WTI Oil,Com_CrudeOil,tscv,PatchTST,LightGBM,2025-05-05,59.65278625488281,52.709007263183594
Univariate,univariate,WTI Oil,Com_CrudeOil,tscv,PatchTST,NLinear,2025-05-05,59.65278625488281,49.190789540608726
Univariate,univariate,WTI Oil,Com_CrudeOil,tscv,PatchTST,XGBoost,2025-05-05,59.65278625488281,51.121325174967446
Univariate,univariate,WTI Oil,Com_CrudeOil,tscv,PatchTST,iTransformer,2025-05-05,59.65278625488281,54.43582661946615
Univariate,univariate,WTI Oil,Com_CrudeOil,tscv,PatchTST,-,2025-05-12,62.43055725097656,55.59820302327474
Univariate,univariate,WTI Oil,Com_CrudeOil,tscv,PatchTST,LightGBM,2025-05-12,62.43055725097656,51.083475748697914
Univariate,univariate,WTI Oil,Com_CrudeOil,tscv,PatchTST,NLinear,2025-05-12,62.43055725097656,49.99483108520508
Univariate,univariate,WTI Oil,Com_CrudeOil,tscv,PatchTST,XGBoost,2025-05-12,62.43055725097656,49.785926818847656
Univariate,univariate,WTI Oil,Com_CrudeOil,tscv,PatchTST,iTransformer,2025-05-12,62.43055725097656,53.243151346842446
Univariate,univariate,WTI Oil,Com_CrudeOil,tscv,PatchTST,-,2025-05-19,61.70574188232422,54.88944753011068
Univariate,univariate,WTI Oil,Com_CrudeOil,tscv,PatchTST,LightGBM,2025-05-19,61.70574188232422,50.32180658976237
Univariate,univariate,WTI Oil,Com_CrudeOil,tscv,PatchTST,NLinear,2025-05-19,61.70574188232422,48.983046213785805
Univariate,univariate,WTI Oil,Com_CrudeOil,tscv,PatchTST,XGBoost,2025-05-19,61.70574188232422,49.303357442220054
Univariate,univariate,WTI Oil,Com_CrudeOil,tscv,PatchTST,iTransformer,2025-05-19,61.70574188232422,53.66888300577799
Univariate,univariate,WTI Oil,Com_CrudeOil,tscv,PatchTST,-,2025-05-26,61.3050422668457,55.06682205200195
Univariate,univariate,WTI Oil,Com_CrudeOil,tscv,PatchTST,LightGBM,2025-05-26,61.3050422668457,50.97716267903646
Univariate,univariate,WTI Oil,Com_CrudeOil,tscv,PatchTST,NLinear,2025-05-26,61.3050422668457,48.968499501546226
Univariate,univariate,WTI Oil,Com_CrudeOil,tscv,PatchTST,XGBoost,2025-05-26,61.3050422668457,49.05044682820638
Univariate,univariate,WTI Oil,Com_CrudeOil,tscv,PatchTST,iTransformer,2025-05-26,61.3050422668457,55.55133056640625
Univariate,univariate,WTI Oil,Com_CrudeOil,tscv,PatchTST,-,2025-06-02,63.6950569152832,54.59159469604492
Univariate,univariate,WTI Oil,Com_CrudeOil,tscv,PatchTST,LightGBM,2025-06-02,63.6950569152832,50.399163564046226
Univariate,univariate,WTI Oil,Com_CrudeOil,tscv,PatchTST,NLinear,2025-06-02,63.6950569152832,48.61640421549479
Univariate,univariate,WTI Oil,Com_CrudeOil,tscv,PatchTST,XGBoost,2025-06-02,63.6950569152832,48.887185414632164
Univariate,univariate,WTI Oil,Com_CrudeOil,tscv,PatchTST,iTransformer,2025-06-02,63.6950569152832,55.80625025431315
Univariate,univariate,WTI Oil,Com_CrudeOil,tscv,PatchTST,-,2025-06-09,69.44467163085938,54.049068450927734
Univariate,univariate,WTI Oil,Com_CrudeOil,tscv,PatchTST,LightGBM,2025-06-09,69.44467163085938,49.122544606526695
Univariate,univariate,WTI Oil,Com_CrudeOil,tscv,PatchTST,NLinear,2025-06-09,69.44467163085938,50.40446853637695
Univariate,univariate,WTI Oil,Com_CrudeOil,tscv,PatchTST,XGBoost,2025-06-09,69.44467163085938,49.01768112182617
Univariate,univariate,WTI Oil,Com_CrudeOil,tscv,PatchTST,iTransformer,2025-06-09,69.44467163085938,53.80080795288086
Univariate,univariate,WTI Oil,Com_CrudeOil,tscv,PatchTST,-,2025-06-16,73.4095687866211,57.703070322672524
Univariate,univariate,WTI Oil,Com_CrudeOil,tscv,PatchTST,LightGBM,2025-06-16,73.4095687866211,52.96077092488607
Univariate,univariate,WTI Oil,Com_CrudeOil,tscv,PatchTST,NLinear,2025-06-16,73.4095687866211,54.11169179280599
Univariate,univariate,WTI Oil,Com_CrudeOil,tscv,PatchTST,XGBoost,2025-06-16,73.4095687866211,52.60057576497396
Univariate,univariate,WTI Oil,Com_CrudeOil,tscv,PatchTST,iTransformer,2025-06-16,73.4095687866211,57.627174377441406
Univariate,univariate,WTI Oil,Com_CrudeOil,tscv,PatchTST,-,2025-06-23,65.62223052978516,63.00153732299805
Univariate,univariate,WTI Oil,Com_CrudeOil,tscv,PatchTST,LightGBM,2025-06-23,65.62223052978516,57.63602956136068
Univariate,univariate,WTI Oil,Com_CrudeOil,tscv,PatchTST,NLinear,2025-06-23,65.62223052978516,59.0754280090332
Univariate,univariate,WTI Oil,Com_CrudeOil,tscv,PatchTST,XGBoost,2025-06-23,65.62223052978516,56.52437082926432
Univariate,univariate,WTI Oil,Com_CrudeOil,tscv,PatchTST,iTransformer,2025-06-23,65.62223052978516,63.17980829874674
Univariate,univariate,WTI Oil,Com_CrudeOil,tscv,PatchTST,-,2025-06-30,66.21095275878906,62.01871109008789
Univariate,univariate,WTI Oil,Com_CrudeOil,tscv,PatchTST,LightGBM,2025-06-30,66.21095275878906,56.8530527750651
Univariate,univariate,WTI Oil,Com_CrudeOil,tscv,PatchTST,NLinear,2025-06-30,66.21095275878906,57.96978505452474
Univariate,univariate,WTI Oil,Com_CrudeOil,tscv,PatchTST,XGBoost,2025-06-30,66.21095275878906,55.219000498453774
Univariate,univariate,WTI Oil,Com_CrudeOil,tscv,PatchTST,iTransformer,2025-06-30,66.21095275878906,62.164164225260414
Univariate,univariate,WTI Oil,Com_CrudeOil,tscv,PatchTST,-,2025-07-07,68.04521942138672,65.79460906982422
Univariate,univariate,WTI Oil,Com_CrudeOil,tscv,PatchTST,LightGBM,2025-07-07,68.04521942138672,61.33722178141276
Univariate,univariate,WTI Oil,Com_CrudeOil,tscv,PatchTST,NLinear,2025-07-07,68.04521942138672,66.24589411417644
Univariate,univariate,WTI Oil,Com_CrudeOil,tscv,PatchTST,XGBoost,2025-07-07,68.04521942138672,60.025805155436196
Univariate,univariate,WTI Oil,Com_CrudeOil,tscv,PatchTST,iTransformer,2025-07-07,68.04521942138672,64.88317743937175
Univariate,univariate,WTI Oil,Com_CrudeOil,tscv,PatchTST,-,2025-07-14,66.42243194580078,66.07935841878255
Univariate,univariate,WTI Oil,Com_CrudeOil,tscv,PatchTST,LightGBM,2025-07-14,66.42243194580078,61.60514450073242
Univariate,univariate,WTI Oil,Com_CrudeOil,tscv,PatchTST,NLinear,2025-07-14,66.42243194580078,64.81039174397786
Univariate,univariate,WTI Oil,Com_CrudeOil,tscv,PatchTST,XGBoost,2025-07-14,66.42243194580078,59.81175867716471
Univariate,univariate,WTI Oil,Com_CrudeOil,tscv,PatchTST,iTransformer,2025-07-14,66.42243194580078,65.19006856282552
Univariate,univariate,WTI Oil,Com_CrudeOil,tscv,PatchTST,-,2025-07-21,65.51323699951172,66.4346555074056
Univariate,univariate,WTI Oil,Com_CrudeOil,tscv,PatchTST,LightGBM,2025-07-21,65.51323699951172,62.194252014160156
Univariate,univariate,WTI Oil,Com_CrudeOil,tscv,PatchTST,NLinear,2025-07-21,65.51323699951172,63.08670425415039
Univariate,univariate,WTI Oil,Com_CrudeOil,tscv,PatchTST,XGBoost,2025-07-21,65.51323699951172,60.0335439046224
Univariate,univariate,WTI Oil,Com_CrudeOil,tscv,PatchTST,iTransformer,2025-07-21,65.51323699951172,65.50511423746745
Univariate,univariate,WTI Oil,Com_CrudeOil,tscv,PatchTST,-,2025-07-28,68.28096771240234,66.4258321126302
Univariate,univariate,WTI Oil,Com_CrudeOil,tscv,PatchTST,LightGBM,2025-07-28,68.28096771240234,61.65021006266276
Univariate,univariate,WTI Oil,Com_CrudeOil,tscv,PatchTST,NLinear,2025-07-28,68.28096771240234,61.702718098958336
Univariate,univariate,WTI Oil,Com_CrudeOil,tscv,PatchTST,XGBoost,2025-07-28,68.28096771240234,59.735042572021484
Univariate,univariate,WTI Oil,Com_CrudeOil,tscv,PatchTST,iTransformer,2025-07-28,68.28096771240234,65.53799311319987
Univariate,univariate,WTI Oil,Com_CrudeOil,tscv,PatchTST,-,2025-08-04,64.51432037353516,67.41578928629558
Univariate,univariate,WTI Oil,Com_CrudeOil,tscv,PatchTST,LightGBM,2025-08-04,64.51432037353516,63.3062744140625
Univariate,univariate,WTI Oil,Com_CrudeOil,tscv,PatchTST,NLinear,2025-08-04,64.51432037353516,62.517791748046875
Univariate,univariate,WTI Oil,Com_CrudeOil,tscv,PatchTST,XGBoost,2025-08-04,64.51432037353516,60.946207682291664
Univariate,univariate,WTI Oil,Com_CrudeOil,tscv,PatchTST,iTransformer,2025-08-04,64.51432037353516,65.9634272257487
Univariate,univariate,WTI Oil,Com_CrudeOil,tscv,PatchTST,-,2025-08-11,63.105133056640625,68.87610117594402
Univariate,univariate,WTI Oil,Com_CrudeOil,tscv,PatchTST,LightGBM,2025-08-11,63.105133056640625,64.66991170247395
Univariate,univariate,WTI Oil,Com_CrudeOil,tscv,PatchTST,NLinear,2025-08-11,63.105133056640625,62.10166676839193
Univariate,univariate,WTI Oil,Com_CrudeOil,tscv,PatchTST,XGBoost,2025-08-11,63.105133056640625,61.15817642211914
Univariate,univariate,WTI Oil,Com_CrudeOil,tscv,PatchTST,iTransformer,2025-08-11,63.105133056640625,67.4129409790039
Univariate,univariate,WTI Oil,Com_CrudeOil,tscv,PatchTST,-,2025-08-18,63.027198791503906,68.87513478597005
Univariate,univariate,WTI Oil,Com_CrudeOil,tscv,PatchTST,LightGBM,2025-08-18,63.027198791503906,64.01402282714844
Univariate,univariate,WTI Oil,Com_CrudeOil,tscv,PatchTST,NLinear,2025-08-18,63.027198791503906,60.57513300577799
Univariate,univariate,WTI Oil,Com_CrudeOil,tscv,PatchTST,XGBoost,2025-08-18,63.027198791503906,60.88683573404948
Univariate,univariate,WTI Oil,Com_CrudeOil,tscv,PatchTST,iTransformer,2025-08-18,63.027198791503906,67.48873647054036
Univariate,univariate,WTI Oil,Com_CrudeOil,tscv,PatchTST,-,2025-08-25,64.09881591796875,65.54362106323242
Univariate,univariate,WTI Oil,Com_CrudeOil,tscv,PatchTST,LightGBM,2025-08-25,64.09881591796875,60.80902989705404
Univariate,univariate,WTI Oil,Com_CrudeOil,tscv,PatchTST,NLinear,2025-08-25,64.09881591796875,56.302510579427086
Univariate,univariate,WTI Oil,Com_CrudeOil,tscv,PatchTST,XGBoost,2025-08-25,64.09881591796875,57.131699879964195
Univariate,univariate,WTI Oil,Com_CrudeOil,tscv,PatchTST,iTransformer,2025-08-25,64.09881591796875,64.18623860677083
Univariate,univariate,WTI Oil,Com_CrudeOil,tscv,PatchTST,-,2025-09-01,63.698848724365234,66.32968521118164
Univariate,univariate,WTI Oil,Com_CrudeOil,tscv,PatchTST,LightGBM,2025-09-01,63.698848724365234,60.48204803466797
Univariate,univariate,WTI Oil,Com_CrudeOil,tscv,PatchTST,NLinear,2025-09-01,63.698848724365234,52.85504341125488
Univariate,univariate,WTI Oil,Com_CrudeOil,tscv,PatchTST,XGBoost,2025-09-01,63.698848724365234,59.28929138183594
Univariate,univariate,WTI Oil,Com_CrudeOil,tscv,PatchTST,iTransformer,2025-09-01,63.698848724365234,65.56964492797852
Univariate,univariate,WTI Oil,Com_CrudeOil,tscv,PatchTST,-,2025-09-08,62.78846740722656,67.81420135498047
Univariate,univariate,WTI Oil,Com_CrudeOil,tscv,PatchTST,LightGBM,2025-09-08,62.78846740722656,61.380149841308594
Univariate,univariate,WTI Oil,Com_CrudeOil,tscv,PatchTST,NLinear,2025-09-08,62.78846740722656,54.40637397766113
Univariate,univariate,WTI Oil,Com_CrudeOil,tscv,PatchTST,XGBoost,2025-09-08,62.78846740722656,59.15805435180664
Univariate,univariate,WTI Oil,Com_CrudeOil,tscv,PatchTST,iTransformer,2025-09-08,62.78846740722656,67.19351196289062
Univariate,univariate,WTI Oil,Com_CrudeOil,tscv,PatchTST,-,2025-09-15,63.33338165283203,65.48647689819336
Univariate,univariate,WTI Oil,Com_CrudeOil,tscv,PatchTST,LightGBM,2025-09-15,63.33338165283203,59.16253662109375
Univariate,univariate,WTI Oil,Com_CrudeOil,tscv,PatchTST,NLinear,2025-09-15,63.33338165283203,52.97633361816406
Univariate,univariate,WTI Oil,Com_CrudeOil,tscv,PatchTST,XGBoost,2025-09-15,63.33338165283203,56.08913803100586
Univariate,univariate,WTI Oil,Com_CrudeOil,tscv,PatchTST,iTransformer,2025-09-15,63.33338165283203,64.92291641235352
Univariate,univariate,WTI Oil,Com_CrudeOil,tscv,PatchTST,-,2025-09-22,64.44023132324219,65.12944602966309
Univariate,univariate,WTI Oil,Com_CrudeOil,tscv,PatchTST,LightGBM,2025-09-22,64.44023132324219,58.025461196899414
Univariate,univariate,WTI Oil,Com_CrudeOil,tscv,PatchTST,NLinear,2025-09-22,64.44023132324219,53.516958236694336
Univariate,univariate,WTI Oil,Com_CrudeOil,tscv,PatchTST,XGBoost,2025-09-22,64.44023132324219,56.83220291137695
Univariate,univariate,WTI Oil,Com_CrudeOil,tscv,PatchTST,iTransformer,2025-09-22,64.44023132324219,64.41488456726074
Univariate,univariate,WTI Oil,Com_CrudeOil,tscv,PatchTST,-,2025-09-29,61.66062927246094,63.351287841796875
Univariate,univariate,WTI Oil,Com_CrudeOil,tscv,PatchTST,LightGBM,2025-09-29,61.66062927246094,54.90991973876953
Univariate,univariate,WTI Oil,Com_CrudeOil,tscv,PatchTST,NLinear,2025-09-29,61.66062927246094,73.598876953125
Univariate,univariate,WTI Oil,Com_CrudeOil,tscv,PatchTST,XGBoost,2025-09-29,61.66062927246094,53.67539596557617
Univariate,univariate,WTI Oil,Com_CrudeOil,tscv,PatchTST,iTransformer,2025-09-29,61.66062927246094,62.93601608276367
Univariate,univariate,WTI Oil,Com_CrudeOil,tscv,PatchTST,-,2025-10-06,60.71498489379883,62.95225524902344
Univariate,univariate,WTI Oil,Com_CrudeOil,tscv,PatchTST,LightGBM,2025-10-06,60.71498489379883,54.3177490234375
Univariate,univariate,WTI Oil,Com_CrudeOil,tscv,PatchTST,NLinear,2025-10-06,60.71498489379883,73.12997436523438
Univariate,univariate,WTI Oil,Com_CrudeOil,tscv,PatchTST,XGBoost,2025-10-06,60.71498489379883,53.46566390991211
Univariate,univariate,WTI Oil,Com_CrudeOil,tscv,PatchTST,iTransformer,2025-10-06,60.71498489379883,62.765811920166016
Univariate,univariate,WTI Oil,Com_CrudeOil,tscv,PatchTST,-,2025-10-13,57.92998504638672,62.51516342163086
Univariate,univariate,WTI Oil,Com_CrudeOil,tscv,PatchTST,LightGBM,2025-10-13,57.92998504638672,53.880653381347656
Univariate,univariate,WTI Oil,Com_CrudeOil,tscv,PatchTST,NLinear,2025-10-13,57.92998504638672,72.7873764038086
Univariate,univariate,WTI Oil,Com_CrudeOil,tscv,PatchTST,XGBoost,2025-10-13,57.92998504638672,52.62101745605469
Univariate,univariate,WTI Oil,Com_CrudeOil,tscv,PatchTST,iTransformer,2025-10-13,57.92998504638672,62.2922477722168
Univariate,univariate,WTI Oil,Com_CrudeOil,tscv,PatchTST,-,2025-10-20,59.868587493896484,57.308502197265625
Univariate,univariate,WTI Oil,Com_CrudeOil,tscv,PatchTST,LightGBM,2025-10-20,59.868587493896484,48.354007720947266
Univariate,univariate,WTI Oil,Com_CrudeOil,tscv,PatchTST,NLinear,2025-10-20,59.868587493896484,67.40574645996094
Univariate,univariate,WTI Oil,Com_CrudeOil,tscv,PatchTST,XGBoost,2025-10-20,59.868587493896484,47.28936767578125
Univariate,univariate,WTI Oil,Com_CrudeOil,tscv,PatchTST,iTransformer,2025-10-20,59.868587493896484,57.04420852661133
