Setting,SettingKey,Target,TargetColumn,EvalSplit,WindowId,Date,RawPosition,HorizonStep,Baseline,ResidualModel,Actual,Prediction,Error
Univariate,univariate,WTI Oil,Com_CrudeOil,tscv,1,2023-10-30,552,1,PatchTST,-,80.93399810791016,90.52735900878906,-9.593360900878906
Univariate,univariate,WTI Oil,Com_CrudeOil,tscv,1,2023-11-06,553,2,PatchTST,-,77.04000091552734,90.59602355957031,-13.556022644042969
Univariate,univariate,WTI Oil,Com_CrudeOil,tscv,1,2023-11-13,554,3,PatchTST,-,76.41400146484375,87.77277374267578,-11.358772277832031
Univariate,univariate,WTI Oil,Com_CrudeOil,tscv,1,2023-11-20,555,4,PatchTST,-,77.20999908447266,85.4235610961914,-8.21356201171875
Univariate,univariate,WTI Oil,Com_CrudeOil,tscv,1,2023-11-27,556,5,PatchTST,-,75.99400329589844,86.49170684814453,-10.497703552246094
Univariate,univariate,WTI Oil,Com_CrudeOil,tscv,1,2023-12-04,557,6,PatchTST,-,71.30599975585938,84.72529602050781,-13.419296264648438
Univariate,univariate,WTI Oil,Com_CrudeOil,tscv,1,2023-12-11,558,7,PatchTST,-,70.76399993896484,80.42288208007812,-9.658882141113281
Univariate,univariate,WTI Oil,Com_CrudeOil,tscv,1,2023-12-18,559,8,PatchTST,-,73.68599700927734,75.99824523925781,-2.3122482299804688
Univariate,univariate,WTI Oil,Com_CrudeOil,tscv,1,2023-12-25,560,9,PatchTST,-,73.2750015258789,74.91764831542969,-1.6426467895507812
Univariate,univariate,WTI Oil,Com_CrudeOil,tscv,1,2024-01-01,561,10,PatchTST,-,72.2699966430664,74.8728256225586,-2.6028289794921875
Univariate,univariate,WTI Oil,Com_CrudeOil,tscv,1,2024-01-08,562,11,PatchTST,-,71.9800033569336,75.00918579101562,-3.0291824340820312
Univariate,univariate,WTI Oil,Com_CrudeOil,tscv,1,2024-01-15,563,12,PatchTST,-,72.99749755859375,73.00418090820312,-0.006683349609375
Univariate,univariate,WTI Oil,Com_CrudeOil,tscv,1,2023-10-30,552,1,PatchTST,NLinear,80.93399810791016,81.43356323242188,-0.49956512451171875
Univariate,univariate,WTI Oil,Com_CrudeOil,tscv,1,2023-11-06,553,2,PatchTST,NLinear,77.04000091552734,81.79676055908203,-4.7567596435546875
Univariate,univariate,WTI Oil,Com_CrudeOil,tscv,1,2023-11-13,554,3,PatchTST,NLinear,76.41400146484375,79.28331756591797,-2.8693161010742188
Univariate,univariate,WTI Oil,Com_CrudeOil,tscv,1,2023-11-20,555,4,PatchTST,NLinear,77.20999908447266,77.55902099609375,-0.34902191162109375
Univariate,univariate,WTI Oil,Com_CrudeOil,tscv,1,2023-11-27,556,5,PatchTST,NLinear,75.99400329589844,80.23682403564453,-4.242820739746094
Univariate,univariate,WTI Oil,Com_CrudeOil,tscv,1,2023-12-04,557,6,PatchTST,NLinear,71.30599975585938,78.73487854003906,-7.4288787841796875
Univariate,univariate,WTI Oil,Com_CrudeOil,tscv,1,2023-12-11,558,7,PatchTST,NLinear,70.76399993896484,73.7226791381836,-2.95867919921875
Univariate,univariate,WTI Oil,Com_CrudeOil,tscv,1,2023-12-18,559,8,PatchTST,NLinear,73.68599700927734,68.58214569091797,5.103851318359375
Univariate,univariate,WTI Oil,Com_CrudeOil,tscv,1,2023-12-25,560,9,PatchTST,NLinear,73.2750015258789,67.02605438232422,6.2489471435546875
Univariate,univariate,WTI Oil,Com_CrudeOil,tscv,1,2024-01-01,561,10,PatchTST,NLinear,72.2699966430664,66.21501159667969,6.054985046386719
Univariate,univariate,WTI Oil,Com_CrudeOil,tscv,1,2024-01-08,562,11,PatchTST,NLinear,71.9800033569336,65.90251159667969,6.077491760253906
Univariate,univariate,WTI Oil,Com_CrudeOil,tscv,1,2024-01-15,563,12,PatchTST,NLinear,72.99749755859375,65.1290054321289,7.868492126464844
Univariate,univariate,WTI Oil,Com_CrudeOil,tscv,1,2023-10-30,552,1,PatchTST,iTransformer,80.93399810791016,85.7939682006836,-4.8599700927734375
Univariate,univariate,WTI Oil,Com_CrudeOil,tscv,1,2023-11-06,553,2,PatchTST,iTransformer,77.04000091552734,85.65607452392578,-8.616073608398438
Univariate,univariate,WTI Oil,Com_CrudeOil,tscv,1,2023-11-13,554,3,PatchTST,iTransformer,76.41400146484375,82.71489715576172,-6.300895690917969
Univariate,univariate,WTI Oil,Com_CrudeOil,tscv,1,2023-11-20,555,4,PatchTST,iTransformer,77.20999908447266,80.3359603881836,-3.1259613037109375
Univariate,univariate,WTI Oil,Com_CrudeOil,tscv,1,2023-11-27,556,5,PatchTST,iTransformer,75.99400329589844,81.37642669677734,-5.382423400878906
Univariate,univariate,WTI Oil,Com_CrudeOil,tscv,1,2023-12-04,557,6,PatchTST,iTransformer,71.30599975585938,79.58988952636719,-8.283889770507812
Univariate,univariate,WTI Oil,Com_CrudeOil,tscv,1,2023-12-11,558,7,PatchTST,iTransformer,70.76399993896484,75.28607940673828,-4.5220794677734375
Univariate,univariate,WTI Oil,Com_CrudeOil,tscv,1,2023-12-18,559,8,PatchTST,iTransformer,73.68599700927734,70.8651123046875,2.8208847045898438
Univariate,univariate,WTI Oil,Com_CrudeOil,tscv,1,2023-12-25,560,9,PatchTST,iTransformer,73.2750015258789,69.790771484375,3.4842300415039062
Univariate,univariate,WTI Oil,Com_CrudeOil,tscv,1,2024-01-01,561,10,PatchTST,iTransformer,72.2699966430664,69.7486801147461,2.5213165283203125
Univariate,univariate,WTI Oil,Com_CrudeOil,tscv,1,2024-01-08,562,11,PatchTST,iTransformer,71.9800033569336,69.88583374023438,2.0941696166992188
Univariate,univariate,WTI Oil,Com_CrudeOil,tscv,1,2024-01-15,563,12,PatchTST,iTransformer,72.99749755859375,67.88278198242188,5.114715576171875
Univariate,univariate,WTI Oil,Com_CrudeOil,tscv,1,2023-10-30,552,1,PatchTST,XGBoost,80.93399810791016,85.4684066772461,-4.5344085693359375
Univariate,univariate,WTI Oil,Com_CrudeOil,tscv,1,2023-11-06,553,2,PatchTST,XGBoost,77.04000091552734,85.43466186523438,-8.394660949707031
Univariate,univariate,WTI Oil,Com_CrudeOil,tscv,1,2023-11-13,554,3,PatchTST,XGBoost,76.41400146484375,83.56111907958984,-7.147117614746094
Univariate,univariate,WTI Oil,Com_CrudeOil,tscv,1,2023-11-20,555,4,PatchTST,XGBoost,77.20999908447266,81.3350830078125,-4.125083923339844
Univariate,univariate,WTI Oil,Com_CrudeOil,tscv,1,2023-11-27,556,5,PatchTST,XGBoost,75.99400329589844,80.62110900878906,-4.627105712890625
Univariate,univariate,WTI Oil,Com_CrudeOil,tscv,1,2023-12-04,557,6,PatchTST,XGBoost,71.30599975585938,80.91709899902344,-9.611099243164062
Univariate,univariate,WTI Oil,Com_CrudeOil,tscv,1,2023-12-11,558,7,PatchTST,XGBoost,70.76399993896484,75.44766235351562,-4.683662414550781
Univariate,univariate,WTI Oil,Com_CrudeOil,tscv,1,2023-12-18,559,8,PatchTST,XGBoost,73.68599700927734,70.6158218383789,3.0701751708984375
Univariate,univariate,WTI Oil,Com_CrudeOil,tscv,1,2023-12-25,560,9,PatchTST,XGBoost,73.2750015258789,69.7507553100586,3.5242462158203125
Univariate,univariate,WTI Oil,Com_CrudeOil,tscv,1,2024-01-01,561,10,PatchTST,XGBoost,72.2699966430664,69.67045593261719,2.5995407104492188
Univariate,univariate,WTI Oil,Com_CrudeOil,tscv,1,2024-01-08,562,11,PatchTST,XGBoost,71.9800033569336,68.833251953125,3.1467514038085938
Univariate,univariate,WTI Oil,Com_CrudeOil,tscv,1,2024-01-15,563,12,PatchTST,XGBoost,72.99749755859375,68.10587310791016,4.891624450683594
Univariate,univariate,WTI Oil,Com_CrudeOil,tscv,1,2023-10-30,552,1,PatchTST,LightGBM,80.93399810791016,84.26233673095703,-3.328338623046875
Univariate,univariate,WTI Oil,Com_CrudeOil,tscv,1,2023-11-06,553,2,PatchTST,LightGBM,77.04000091552734,84.40190124511719,-7.361900329589844
Univariate,univariate,WTI Oil,Com_CrudeOil,tscv,1,2023-11-13,554,3,PatchTST,LightGBM,76.41400146484375,83.60771942138672,-7.193717956542969
Univariate,univariate,WTI Oil,Com_CrudeOil,tscv,1,2023-11-20,555,4,PatchTST,LightGBM,77.20999908447266,82.46346282958984,-5.2534637451171875
Univariate,univariate,WTI Oil,Com_CrudeOil,tscv,1,2023-11-27,556,5,PatchTST,LightGBM,75.99400329589844,82.33531951904297,-6.341316223144531
Univariate,univariate,WTI Oil,Com_CrudeOil,tscv,1,2023-12-04,557,6,PatchTST,LightGBM,71.30599975585938,80.06169128417969,-8.755691528320312
Univariate,univariate,WTI Oil,Com_CrudeOil,tscv,1,2023-12-11,558,7,PatchTST,LightGBM,70.76399993896484,76.25216674804688,-5.488166809082031
Univariate,univariate,WTI Oil,Com_CrudeOil,tscv,1,2023-12-18,559,8,PatchTST,LightGBM,73.68599700927734,71.82752990722656,1.8584671020507812
Univariate,univariate,WTI Oil,Com_CrudeOil,tscv,1,2023-12-25,560,9,PatchTST,LightGBM,73.2750015258789,70.74693298339844,2.5280685424804688
Univariate,univariate,WTI Oil,Com_CrudeOil,tscv,1,2024-01-01,561,10,PatchTST,LightGBM,72.2699966430664,70.20922088623047,2.0607757568359375
Univariate,univariate,WTI Oil,Com_CrudeOil,tscv,1,2024-01-08,562,11,PatchTST,LightGBM,71.9800033569336,70.3455810546875,1.6344223022460938
Univariate,univariate,WTI Oil,Com_CrudeOil,tscv,1,2024-01-15,563,12,PatchTST,LightGBM,72.99749755859375,68.340576171875,4.65692138671875
Univariate,univariate,WTI Oil,Com_CrudeOil,tscv,2,2023-11-27,556,1,PatchTST,-,75.99400329589844,87.0541763305664,-11.060173034667969
Univariate,univariate,WTI Oil,Com_CrudeOil,tscv,2,2023-12-04,557,2,PatchTST,-,71.30599975585938,86.21098327636719,-14.904983520507812
Univariate,univariate,WTI Oil,Com_CrudeOil,tscv,2,2023-12-11,558,3,PatchTST,-,70.76399993896484,81.7688217163086,-11.00482177734375
Univariate,univariate,WTI Oil,Com_CrudeOil,tscv,2,2023-12-18,559,4,PatchTST,-,73.68599700927734,77.82325744628906,-4.137260437011719
Univariate,univariate,WTI Oil,Com_CrudeOil,tscv,2,2023-12-25,560,5,PatchTST,-,73.2750015258789,76.5144271850586,-3.2394256591796875
Univariate,univariate,WTI Oil,Com_CrudeOil,tscv,2,2024-01-01,561,6,PatchTST,-,72.2699966430664,75.51167297363281,-3.2416763305664062
Univariate,univariate,WTI Oil,Com_CrudeOil,tscv,2,2024-01-08,562,7,PatchTST,-,71.9800033569336,74.95313262939453,-2.9731292724609375
Univariate,univariate,WTI Oil,Com_CrudeOil,tscv,2,2024-01-15,563,8,PatchTST,-,72.99749755859375,72.73239135742188,0.265106201171875
Univariate,univariate,WTI Oil,Com_CrudeOil,tscv,2,2024-01-22,564,9,PatchTST,-,75.79000091552734,72.91031646728516,2.8796844482421875
Univariate,univariate,WTI Oil,Com_CrudeOil,tscv,2,2024-01-29,565,10,PatchTST,-,75.2239990234375,73.28826904296875,1.93572998046875
Univariate,univariate,WTI Oil,Com_CrudeOil,tscv,2,2024-02-05,566,11,PatchTST,-,74.552001953125,72.44676971435547,2.1052322387695312
Univariate,univariate,WTI Oil,Com_CrudeOil,tscv,2,2024-02-12,567,12,PatchTST,-,77.04000091552734,73.90278625488281,3.1372146606445312
Univariate,univariate,WTI Oil,Com_CrudeOil,tscv,2,2023-11-27,556,1,PatchTST,NLinear,75.99400329589844,74.53225708007812,1.4617462158203125
Univariate,univariate,WTI Oil,Com_CrudeOil,tscv,2,2023-12-04,557,2,PatchTST,NLinear,71.30599975585938,72.350341796875,-1.044342041015625
Univariate,univariate,WTI Oil,Com_CrudeOil,tscv,2,2023-12-11,558,3,PatchTST,NLinear,70.76399993896484,67.02340698242188,3.7405929565429688
Univariate,univariate,WTI Oil,Com_CrudeOil,tscv,2,2023-12-18,559,4,PatchTST,NLinear,73.68599700927734,62.94842529296875,10.737571716308594
Univariate,univariate,WTI Oil,Com_CrudeOil,tscv,2,2023-12-25,560,5,PatchTST,NLinear,73.2750015258789,62.24439239501953,11.030609130859375
Univariate,univariate,WTI Oil,Com_CrudeOil,tscv,2,2024-01-01,561,6,PatchTST,NLinear,72.2699966430664,62.100955963134766,10.16904067993164
Univariate,univariate,WTI Oil,Com_CrudeOil,tscv,2,2024-01-08,562,7,PatchTST,NLinear,71.9800033569336,61.80082702636719,10.179176330566406
Univariate,univariate,WTI Oil,Com_CrudeOil,tscv,2,2024-01-15,563,8,PatchTST,NLinear,72.99749755859375,60.282264709472656,12.715232849121094
Univariate,univariate,WTI Oil,Com_CrudeOil,tscv,2,2024-01-22,564,9,PatchTST,NLinear,75.79000091552734,61.04995346069336,14.740047454833984
Univariate,univariate,WTI Oil,Com_CrudeOil,tscv,2,2024-01-29,565,10,PatchTST,NLinear,75.2239990234375,61.56427764892578,13.659721374511719
Univariate,univariate,WTI Oil,Com_CrudeOil,tscv,2,2024-02-05,566,11,PatchTST,NLinear,74.552001953125,60.876068115234375,13.675933837890625
Univariate,univariate,WTI Oil,Com_CrudeOil,tscv,2,2024-02-12,567,12,PatchTST,NLinear,77.04000091552734,62.314002990722656,14.725997924804688
Univariate,univariate,WTI Oil,Com_CrudeOil,tscv,2,2023-11-27,556,1,PatchTST,iTransformer,75.99400329589844,80.72998809814453,-4.735984802246094
Univariate,univariate,WTI Oil,Com_CrudeOil,tscv,2,2023-12-04,557,2,PatchTST,iTransformer,71.30599975585938,79.77648162841797,-8.470481872558594
Univariate,univariate,WTI Oil,Com_CrudeOil,tscv,2,2023-12-11,558,3,PatchTST,iTransformer,70.76399993896484,75.28945922851562,-4.525459289550781
Univariate,univariate,WTI Oil,Com_CrudeOil,tscv,2,2023-12-18,559,4,PatchTST,iTransformer,73.68599700927734,71.33800506591797,2.347991943359375
Univariate,univariate,WTI Oil,Com_CrudeOil,tscv,2,2023-12-25,560,5,PatchTST,iTransformer,73.2750015258789,70.01632690429688,3.2586746215820312
Univariate,univariate,WTI Oil,Com_CrudeOil,tscv,2,2024-01-01,561,6,PatchTST,iTransformer,72.2699966430664,69.01939392089844,3.2506027221679688
Univariate,univariate,WTI Oil,Com_CrudeOil,tscv,2,2024-01-08,562,7,PatchTST,iTransformer,71.9800033569336,68.47196960449219,3.5080337524414062
Univariate,univariate,WTI Oil,Com_CrudeOil,tscv,2,2024-01-15,563,8,PatchTST,iTransformer,72.99749755859375,66.25221252441406,6.7452850341796875
Univariate,univariate,WTI Oil,Com_CrudeOil,tscv,2,2024-01-22,564,9,PatchTST,iTransformer,75.79000091552734,66.43262481689453,9.357376098632812
Univariate,univariate,WTI Oil,Com_CrudeOil,tscv,2,2024-01-29,565,10,PatchTST,iTransformer,75.2239990234375,66.79691314697266,8.427085876464844
Univariate,univariate,WTI Oil,Com_CrudeOil,tscv,2,2024-02-05,566,11,PatchTST,iTransformer,74.552001953125,65.92972564697266,8.622276306152344
Univariate,univariate,WTI Oil,Com_CrudeOil,tscv,2,2024-02-12,567,12,PatchTST,iTransformer,77.04000091552734,67.38075256347656,9.659248352050781
Univariate,univariate,WTI Oil,Com_CrudeOil,tscv,2,2023-11-27,556,1,PatchTST,XGBoost,75.99400329589844,77.21388244628906,-1.219879150390625
Univariate,univariate,WTI Oil,Com_CrudeOil,tscv,2,2023-12-04,557,2,PatchTST,XGBoost,71.30599975585938,78.93148803710938,-7.62548828125
Univariate,univariate,WTI Oil,Com_CrudeOil,tscv,2,2023-12-11,558,3,PatchTST,XGBoost,70.76399993896484,74.62794494628906,-3.8639450073242188
Univariate,univariate,WTI Oil,Com_CrudeOil,tscv,2,2023-12-18,559,4,PatchTST,XGBoost,73.68599700927734,69.91764831542969,3.7683486938476562
Univariate,univariate,WTI Oil,Com_CrudeOil,tscv,2,2023-12-25,560,5,PatchTST,XGBoost,73.2750015258789,68.725341796875,4.549659729003906
Univariate,univariate,WTI Oil,Com_CrudeOil,tscv,2,2024-01-01,561,6,PatchTST,XGBoost,72.2699966430664,68.77411651611328,3.495880126953125
Univariate,univariate,WTI Oil,Com_CrudeOil,tscv,2,2024-01-08,562,7,PatchTST,XGBoost,71.9800033569336,68.10897064208984,3.87103271484375
Univariate,univariate,WTI Oil,Com_CrudeOil,tscv,2,2024-01-15,563,8,PatchTST,XGBoost,72.99749755859375,65.30253601074219,7.6949615478515625
Univariate,univariate,WTI Oil,Com_CrudeOil,tscv,2,2024-01-22,564,9,PatchTST,XGBoost,75.79000091552734,63.838199615478516,11.951801300048828
Univariate,univariate,WTI Oil,Com_CrudeOil,tscv,2,2024-01-29,565,10,PatchTST,XGBoost,75.2239990234375,63.61061477661133,11.613384246826172
Univariate,univariate,WTI Oil,Com_CrudeOil,tscv,2,2024-02-05,566,11,PatchTST,XGBoost,74.552001953125,62.68479919433594,11.867202758789062
Univariate,univariate,WTI Oil,Com_CrudeOil,tscv,2,2024-02-12,567,12,PatchTST,XGBoost,77.04000091552734,65.25312805175781,11.786872863769531
Univariate,univariate,WTI Oil,Com_CrudeOil,tscv,2,2023-11-27,556,1,PatchTST,LightGBM,75.99400329589844,77.8035888671875,-1.8095855712890625
Univariate,univariate,WTI Oil,Com_CrudeOil,tscv,2,2023-12-04,557,2,PatchTST,LightGBM,71.30599975585938,77.29594421386719,-5.9899444580078125
Univariate,univariate,WTI Oil,Com_CrudeOil,tscv,2,2023-12-11,558,3,PatchTST,LightGBM,70.76399993896484,73.46515655517578,-2.7011566162109375
Univariate,univariate,WTI Oil,Com_CrudeOil,tscv,2,2023-12-18,559,4,PatchTST,LightGBM,73.68599700927734,68.96221923828125,4.723777770996094
Univariate,univariate,WTI Oil,Com_CrudeOil,tscv,2,2023-12-25,560,5,PatchTST,LightGBM,73.2750015258789,68.54138946533203,4.733612060546875
Univariate,univariate,WTI Oil,Com_CrudeOil,tscv,2,2024-01-01,561,6,PatchTST,LightGBM,72.2699966430664,67.53863525390625,4.731361389160156
Univariate,univariate,WTI Oil,Com_CrudeOil,tscv,2,2024-01-08,562,7,PatchTST,LightGBM,71.9800033569336,66.98009490966797,4.999908447265625
Univariate,univariate,WTI Oil,Com_CrudeOil,tscv,2,2024-01-15,563,8,PatchTST,LightGBM,72.99749755859375,64.65396881103516,8.343528747558594
Univariate,univariate,WTI Oil,Com_CrudeOil,tscv,2,2024-01-22,564,9,PatchTST,LightGBM,75.79000091552734,64.83189392089844,10.958106994628906
Univariate,univariate,WTI Oil,Com_CrudeOil,tscv,2,2024-01-29,565,10,PatchTST,LightGBM,75.2239990234375,64.703857421875,10.5201416015625
Univariate,univariate,WTI Oil,Com_CrudeOil,tscv,2,2024-02-05,566,11,PatchTST,LightGBM,74.552001953125,63.52680969238281,11.025192260742188
Univariate,univariate,WTI Oil,Com_CrudeOil,tscv,2,2024-02-12,567,12,PatchTST,LightGBM,77.04000091552734,64.60081481933594,12.439186096191406
Univariate,univariate,WTI Oil,Com_CrudeOil,tscv,3,2023-12-25,560,1,PatchTST,-,73.2750015258789,71.98506164550781,1.2899398803710938
Univariate,univariate,WTI Oil,Com_CrudeOil,tscv,3,2024-01-01,561,2,PatchTST,-,72.2699966430664,71.28123474121094,0.9887619018554688
Univariate,univariate,WTI Oil,Com_CrudeOil,tscv,3,2024-01-08,562,3,PatchTST,-,71.9800033569336,70.79241943359375,1.1875839233398438
Univariate,univariate,WTI Oil,Com_CrudeOil,tscv,3,2024-01-15,563,4,PatchTST,-,72.99749755859375,70.99163818359375,2.005859375
Univariate,univariate,WTI Oil,Com_CrudeOil,tscv,3,2024-01-22,564,5,PatchTST,-,75.79000091552734,70.40068054199219,5.389320373535156
Univariate,univariate,WTI Oil,Com_CrudeOil,tscv,3,2024-01-29,565,6,PatchTST,-,75.2239990234375,69.91168212890625,5.31231689453125
Univariate,univariate,WTI Oil,Com_CrudeOil,tscv,3,2024-02-05,566,7,PatchTST,-,74.552001953125,70.66902160644531,3.8829803466796875
Univariate,univariate,WTI Oil,Com_CrudeOil,tscv,3,2024-02-12,567,8,PatchTST,-,77.04000091552734,71.21189880371094,5.828102111816406
Univariate,univariate,WTI Oil,Com_CrudeOil,tscv,3,2024-02-19,568,9,PatchTST,-,76.98500061035156,73.73119354248047,3.2538070678710938
Univariate,univariate,WTI Oil,Com_CrudeOil,tscv,3,2024-02-26,569,10,PatchTST,-,77.93800354003906,75.57953643798828,2.3584671020507812
Univariate,univariate,WTI Oil,Com_CrudeOil,tscv,3,2024-03-04,570,11,PatchTST,-,77.96199798583984,76.53121948242188,1.4307785034179688
Univariate,univariate,WTI Oil,Com_CrudeOil,tscv,3,2024-03-11,571,12,PatchTST,-,79.08000183105469,77.3814926147461,1.6985092163085938
Univariate,univariate,WTI Oil,Com_CrudeOil,tscv,3,2023-12-25,560,1,PatchTST,NLinear,73.2750015258789,66.86016845703125,6.414833068847656
Univariate,univariate,WTI Oil,Com_CrudeOil,tscv,3,2024-01-01,561,2,PatchTST,NLinear,72.2699966430664,63.52101516723633,8.748981475830078
Univariate,univariate,WTI Oil,Com_CrudeOil,tscv,3,2024-01-08,562,3,PatchTST,NLinear,71.9800033569336,61.13385009765625,10.846153259277344
Univariate,univariate,WTI Oil,Com_CrudeOil,tscv,3,2024-01-15,563,4,PatchTST,NLinear,72.99749755859375,60.52442932128906,12.473068237304688
Univariate,univariate,WTI Oil,Com_CrudeOil,tscv,3,2024-01-22,564,5,PatchTST,NLinear,75.79000091552734,59.88106155395508,15.908939361572266
Univariate,univariate,WTI Oil,Com_CrudeOil,tscv,3,2024-01-29,565,6,PatchTST,NLinear,75.2239990234375,60.56621551513672,14.657783508300781
Univariate,univariate,WTI Oil,Com_CrudeOil,tscv,3,2024-02-05,566,7,PatchTST,NLinear,74.552001953125,61.394142150878906,13.157859802246094
Univariate,univariate,WTI Oil,Com_CrudeOil,tscv,3,2024-02-12,567,8,PatchTST,NLinear,77.04000091552734,61.61359405517578,15.426406860351562
Univariate,univariate,WTI Oil,Com_CrudeOil,tscv,3,2024-02-19,568,9,PatchTST,NLinear,76.98500061035156,62.974517822265625,14.010482788085938
Univariate,univariate,WTI Oil,Com_CrudeOil,tscv,3,2024-02-26,569,10,PatchTST,NLinear,77.93800354003906,64.65031433105469,13.287689208984375
Univariate,univariate,WTI Oil,Com_CrudeOil,tscv,3,2024-03-04,570,11,PatchTST,NLinear,77.96199798583984,65.15955352783203,12.802444458007812
Univariate,univariate,WTI Oil,Com_CrudeOil,tscv,3,2024-03-11,571,12,PatchTST,NLinear,79.08000183105469,65.8106460571289,13.269355773925781
Univariate,univariate,WTI Oil,Com_CrudeOil,tscv,3,2023-12-25,560,1,PatchTST,iTransformer,73.2750015258789,65.63168334960938,7.643318176269531
Univariate,univariate,WTI Oil,Com_CrudeOil,tscv,3,2024-01-01,561,2,PatchTST,iTransformer,72.2699966430664,64.76885986328125,7.501136779785156
Univariate,univariate,WTI Oil,Com_CrudeOil,tscv,3,2024-01-08,562,3,PatchTST,iTransformer,71.9800033569336,64.03829956054688,7.941703796386719
Univariate,univariate,WTI Oil,Com_CrudeOil,tscv,3,2024-01-15,563,4,PatchTST,iTransformer,72.99749755859375,64.23968505859375,8.7578125
Univariate,univariate,WTI Oil,Com_CrudeOil,tscv,3,2024-01-22,564,5,PatchTST,iTransformer,75.79000091552734,63.66501998901367,12.124980926513672
Univariate,univariate,WTI Oil,Com_CrudeOil,tscv,3,2024-01-29,565,6,PatchTST,iTransformer,75.2239990234375,63.48874282836914,11.73525619506836
Univariate,univariate,WTI Oil,Com_CrudeOil,tscv,3,2024-02-05,566,7,PatchTST,iTransformer,74.552001953125,64.54552459716797,10.006477355957031
Univariate,univariate,WTI Oil,Com_CrudeOil,tscv,3,2024-02-12,567,8,PatchTST,iTransformer,77.04000091552734,65.82401275634766,11.215988159179688
Univariate,univariate,WTI Oil,Com_CrudeOil,tscv,3,2024-02-19,568,9,PatchTST,iTransformer,76.98500061035156,68.41533660888672,8.569664001464844
Univariate,univariate,WTI Oil,Com_CrudeOil,tscv,3,2024-02-26,569,10,PatchTST,iTransformer,77.93800354003906,69.93950653076172,7.998497009277344
Univariate,univariate,WTI Oil,Com_CrudeOil,tscv,3,2024-03-04,570,11,PatchTST,iTransformer,77.96199798583984,71.9802474975586,5.98175048828125
Univariate,univariate,WTI Oil,Com_CrudeOil,tscv,3,2024-03-11,571,12,PatchTST,iTransformer,79.08000183105469,73.26046752929688,5.8195343017578125
Univariate,univariate,WTI Oil,Com_CrudeOil,tscv,3,2023-12-25,560,1,PatchTST,XGBoost,73.2750015258789,69.77677154541016,3.49822998046875
Univariate,univariate,WTI Oil,Com_CrudeOil,tscv,3,2024-01-01,561,2,PatchTST,XGBoost,72.2699966430664,67.24777221679688,5.022224426269531
Univariate,univariate,WTI Oil,Com_CrudeOil,tscv,3,2024-01-08,562,3,PatchTST,XGBoost,71.9800033569336,64.69657135009766,7.2834320068359375
Univariate,univariate,WTI Oil,Com_CrudeOil,tscv,3,2024-01-15,563,4,PatchTST,XGBoost,72.99749755859375,62.76603698730469,10.231460571289062
Univariate,univariate,WTI Oil,Com_CrudeOil,tscv,3,2024-01-22,564,5,PatchTST,XGBoost,75.79000091552734,62.58335494995117,13.206645965576172
Univariate,univariate,WTI Oil,Com_CrudeOil,tscv,3,2024-01-29,565,6,PatchTST,XGBoost,75.2239990234375,62.266353607177734,12.957645416259766
Univariate,univariate,WTI Oil,Com_CrudeOil,tscv,3,2024-02-05,566,7,PatchTST,XGBoost,74.552001953125,64.14967346191406,10.402328491210938
Univariate,univariate,WTI Oil,Com_CrudeOil,tscv,3,2024-02-12,567,8,PatchTST,XGBoost,77.04000091552734,65.4861831665039,11.553817749023438
Univariate,univariate,WTI Oil,Com_CrudeOil,tscv,3,2024-02-19,568,9,PatchTST,XGBoost,76.98500061035156,66.73717498779297,10.247825622558594
Univariate,univariate,WTI Oil,Com_CrudeOil,tscv,3,2024-02-26,569,10,PatchTST,XGBoost,77.93800354003906,69.01631164550781,8.92169189453125
Univariate,univariate,WTI Oil,Com_CrudeOil,tscv,3,2024-03-04,570,11,PatchTST,XGBoost,77.96199798583984,69.56855010986328,8.393447875976562
Univariate,univariate,WTI Oil,Com_CrudeOil,tscv,3,2024-03-11,571,12,PatchTST,XGBoost,79.08000183105469,70.6516342163086,8.428367614746094
Univariate,univariate,WTI Oil,Com_CrudeOil,tscv,3,2023-12-25,560,1,PatchTST,LightGBM,73.2750015258789,69.50517272949219,3.7698287963867188
Univariate,univariate,WTI Oil,Com_CrudeOil,tscv,3,2024-01-01,561,2,PatchTST,LightGBM,72.2699966430664,66.30586242675781,5.964134216308594
Univariate,univariate,WTI Oil,Com_CrudeOil,tscv,3,2024-01-08,562,3,PatchTST,LightGBM,71.9800033569336,64.08045959472656,7.899543762207031
Univariate,univariate,WTI Oil,Com_CrudeOil,tscv,3,2024-01-15,563,4,PatchTST,LightGBM,72.99749755859375,63.40959167480469,9.587905883789062
Univariate,univariate,WTI Oil,Com_CrudeOil,tscv,3,2024-01-22,564,5,PatchTST,LightGBM,75.79000091552734,62.21684646606445,13.57315444946289
Univariate,univariate,WTI Oil,Com_CrudeOil,tscv,3,2024-01-29,565,6,PatchTST,LightGBM,75.2239990234375,61.727848052978516,13.496150970458984
Univariate,univariate,WTI Oil,Com_CrudeOil,tscv,3,2024-02-05,566,7,PatchTST,LightGBM,74.552001953125,63.08697509765625,11.46502685546875
Univariate,univariate,WTI Oil,Com_CrudeOil,tscv,3,2024-02-12,567,8,PatchTST,LightGBM,77.04000091552734,63.629852294921875,13.410148620605469
Univariate,univariate,WTI Oil,Com_CrudeOil,tscv,3,2024-02-19,568,9,PatchTST,LightGBM,76.98500061035156,66.1491470336914,10.835853576660156
Univariate,univariate,WTI Oil,Com_CrudeOil,tscv,3,2024-02-26,569,10,PatchTST,LightGBM,77.93800354003906,67.99748992919922,9.940513610839844
Univariate,univariate,WTI Oil,Com_CrudeOil,tscv,3,2024-03-04,570,11,PatchTST,LightGBM,77.96199798583984,68.94917297363281,9.012825012207031
Univariate,univariate,WTI Oil,Com_CrudeOil,tscv,3,2024-03-11,571,12,PatchTST,LightGBM,79.08000183105469,69.79944610595703,9.280555725097656
Univariate,univariate,WTI Oil,Com_CrudeOil,tscv,4,2024-01-22,564,1,PatchTST,-,75.79000091552734,73.17166900634766,2.6183319091796875
Univariate,univariate,WTI Oil,Com_CrudeOil,tscv,4,2024-01-29,565,2,PatchTST,-,75.2239990234375,74.8880386352539,0.33596038818359375
Univariate,univariate,WTI Oil,Com_CrudeOil,tscv,4,2024-02-05,566,3,PatchTST,-,74.552001953125,73.91990661621094,0.6320953369140625
Univariate,univariate,WTI Oil,Com_CrudeOil,tscv,4,2024-02-12,567,4,PatchTST,-,77.04000091552734,74.4002685546875,2.6397323608398438
Univariate,univariate,WTI Oil,Com_CrudeOil,tscv,4,2024-02-19,568,5,PatchTST,-,76.98500061035156,77.03730773925781,-0.05230712890625
Univariate,univariate,WTI Oil,Com_CrudeOil,tscv,4,2024-02-26,569,6,PatchTST,-,77.93800354003906,78.46984100341797,-0.5318374633789062
Univariate,univariate,WTI Oil,Com_CrudeOil,tscv,4,2024-03-04,570,7,PatchTST,-,77.96199798583984,78.20992279052734,-0.2479248046875
Univariate,univariate,WTI Oil,Com_CrudeOil,tscv,4,2024-03-11,571,8,PatchTST,-,79.08000183105469,79.37691497802734,-0.29691314697265625
Univariate,univariate,WTI Oil,Com_CrudeOil,tscv,4,2024-03-18,572,9,PatchTST,-,81.5719985961914,82.56676483154297,-0.9947662353515625
Univariate,univariate,WTI Oil,Com_CrudeOil,tscv,4,2024-03-25,573,10,PatchTST,-,82.2426986694336,86.10344696044922,-3.860748291015625
Univariate,univariate,WTI Oil,Com_CrudeOil,tscv,4,2024-04-01,574,11,PatchTST,-,85.55799865722656,87.09951782226562,-1.5415191650390625
Univariate,univariate,WTI Oil,Com_CrudeOil,tscv,4,2024-04-08,575,12,PatchTST,-,85.70999908447266,88.61328125,-2.9032821655273438
Univariate,univariate,WTI Oil,Com_CrudeOil,tscv,4,2024-01-22,564,1,PatchTST,NLinear,75.79000091552734,68.29671478271484,7.4932861328125
Univariate,univariate,WTI Oil,Com_CrudeOil,tscv,4,2024-01-29,565,2,PatchTST,NLinear,75.2239990234375,69.68370819091797,5.540290832519531
Univariate,univariate,WTI Oil,Com_CrudeOil,tscv,4,2024-02-05,566,3,PatchTST,NLinear,74.552001953125,68.08552551269531,6.4664764404296875
Univariate,univariate,WTI Oil,Com_CrudeOil,tscv,4,2024-02-12,567,4,PatchTST,NLinear,77.04000091552734,68.39473724365234,8.645263671875
Univariate,univariate,WTI Oil,Com_CrudeOil,tscv,4,2024-02-19,568,5,PatchTST,NLinear,76.98500061035156,71.77401733398438,5.2109832763671875
Univariate,univariate,WTI Oil,Com_CrudeOil,tscv,4,2024-02-26,569,6,PatchTST,NLinear,77.93800354003906,73.92591857910156,4.0120849609375
Univariate,univariate,WTI Oil,Com_CrudeOil,tscv,4,2024-03-04,570,7,PatchTST,NLinear,77.96199798583984,73.39462280273438,4.567375183105469
Univariate,univariate,WTI Oil,Com_CrudeOil,tscv,4,2024-03-11,571,8,PatchTST,NLinear,79.08000183105469,73.5855712890625,5.4944305419921875
Univariate,univariate,WTI Oil,Com_CrudeOil,tscv,4,2024-03-18,572,9,PatchTST,NLinear,81.5719985961914,76.95913696289062,4.612861633300781
Univariate,univariate,WTI Oil,Com_CrudeOil,tscv,4,2024-03-25,573,10,PatchTST,NLinear,82.2426986694336,81.13261413574219,1.1100845336914062
Univariate,univariate,WTI Oil,Com_CrudeOil,tscv,4,2024-04-01,574,11,PatchTST,NLinear,85.55799865722656,83.34835052490234,2.2096481323242188
Univariate,univariate,WTI Oil,Com_CrudeOil,tscv,4,2024-04-08,575,12,PatchTST,NLinear,85.70999908447266,85.64759063720703,0.062408447265625
Univariate,univariate,WTI Oil,Com_CrudeOil,tscv,4,2024-01-22,564,1,PatchTST,iTransformer,75.79000091552734,67.65689086914062,8.133110046386719
Univariate,univariate,WTI Oil,Com_CrudeOil,tscv,4,2024-01-29,565,2,PatchTST,iTransformer,75.2239990234375,69.50588989257812,5.718109130859375
Univariate,univariate,WTI Oil,Com_CrudeOil,tscv,4,2024-02-05,566,3,PatchTST,iTransformer,74.552001953125,68.69062042236328,5.861381530761719
Univariate,univariate,WTI Oil,Com_CrudeOil,tscv,4,2024-02-12,567,4,PatchTST,iTransformer,77.04000091552734,69.3812484741211,7.65875244140625
Univariate,univariate,WTI Oil,Com_CrudeOil,tscv,4,2024-02-19,568,5,PatchTST,iTransformer,76.98500061035156,72.52733612060547,4.457664489746094
Univariate,univariate,WTI Oil,Com_CrudeOil,tscv,4,2024-02-26,569,6,PatchTST,iTransformer,77.93800354003906,74.70636749267578,3.2316360473632812
Univariate,univariate,WTI Oil,Com_CrudeOil,tscv,4,2024-03-04,570,7,PatchTST,iTransformer,77.96199798583984,76.75582122802734,1.2061767578125
Univariate,univariate,WTI Oil,Com_CrudeOil,tscv,4,2024-03-11,571,8,PatchTST,iTransformer,79.08000183105469,80.38997650146484,-1.3099746704101562
Univariate,univariate,WTI Oil,Com_CrudeOil,tscv,4,2024-03-18,572,9,PatchTST,iTransformer,81.5719985961914,84.64908599853516,-3.07708740234375
Univariate,univariate,WTI Oil,Com_CrudeOil,tscv,4,2024-03-25,573,10,PatchTST,iTransformer,82.2426986694336,89.36495971679688,-7.122261047363281
Univariate,univariate,WTI Oil,Com_CrudeOil,tscv,4,2024-04-01,574,11,PatchTST,iTransformer,85.55799865722656,90.79335021972656,-5.2353515625
Univariate,univariate,WTI Oil,Com_CrudeOil,tscv,4,2024-04-08,575,12,PatchTST,iTransformer,85.70999908447266,92.38744354248047,-6.6774444580078125
Univariate,univariate,WTI Oil,Com_CrudeOil,tscv,4,2024-01-22,564,1,PatchTST,XGBoost,75.79000091552734,66.51271057128906,9.277290344238281
Univariate,univariate,WTI Oil,Com_CrudeOil,tscv,4,2024-01-29,565,2,PatchTST,XGBoost,75.2239990234375,66.52606964111328,8.697929382324219
Univariate,univariate,WTI Oil,Com_CrudeOil,tscv,4,2024-02-05,566,3,PatchTST,XGBoost,74.552001953125,66.54727172851562,8.004730224609375
Univariate,univariate,WTI Oil,Com_CrudeOil,tscv,4,2024-02-12,567,4,PatchTST,XGBoost,77.04000091552734,66.23532104492188,10.804679870605469
Univariate,univariate,WTI Oil,Com_CrudeOil,tscv,4,2024-02-19,568,5,PatchTST,XGBoost,76.98500061035156,69.26563262939453,7.719367980957031
Univariate,univariate,WTI Oil,Com_CrudeOil,tscv,4,2024-02-26,569,6,PatchTST,XGBoost,77.93800354003906,70.00830841064453,7.929695129394531
Univariate,univariate,WTI Oil,Com_CrudeOil,tscv,4,2024-03-04,570,7,PatchTST,XGBoost,77.96199798583984,70.12451171875,7.837486267089844
Univariate,univariate,WTI Oil,Com_CrudeOil,tscv,4,2024-03-11,571,8,PatchTST,XGBoost,79.08000183105469,69.7520751953125,9.327926635742188
Univariate,univariate,WTI Oil,Com_CrudeOil,tscv,4,2024-03-18,572,9,PatchTST,XGBoost,81.5719985961914,73.99839782714844,7.573600769042969
Univariate,univariate,WTI Oil,Com_CrudeOil,tscv,4,2024-03-25,573,10,PatchTST,XGBoost,82.2426986694336,77.31759643554688,4.925102233886719
Univariate,univariate,WTI Oil,Com_CrudeOil,tscv,4,2024-04-01,574,11,PatchTST,XGBoost,85.55799865722656,78.29067993164062,7.2673187255859375
Univariate,univariate,WTI Oil,Com_CrudeOil,tscv,4,2024-04-08,575,12,PatchTST,XGBoost,85.70999908447266,79.6346664428711,6.0753326416015625
Univariate,univariate,WTI Oil,Com_CrudeOil,tscv,4,2024-01-22,564,1,PatchTST,LightGBM,75.79000091552734,67.68218994140625,8.107810974121094
Univariate,univariate,WTI Oil,Com_CrudeOil,tscv,4,2024-01-29,565,2,PatchTST,LightGBM,75.2239990234375,69.51078033447266,5.713218688964844
Univariate,univariate,WTI Oil,Com_CrudeOil,tscv,4,2024-02-05,566,3,PatchTST,LightGBM,74.552001953125,68.43043518066406,6.1215667724609375
Univariate,univariate,WTI Oil,Com_CrudeOil,tscv,4,2024-02-12,567,4,PatchTST,LightGBM,77.04000091552734,68.91079711914062,8.129203796386719
Univariate,univariate,WTI Oil,Com_CrudeOil,tscv,4,2024-02-19,568,5,PatchTST,LightGBM,76.98500061035156,73.16770935058594,3.817291259765625
Univariate,univariate,WTI Oil,Com_CrudeOil,tscv,4,2024-02-26,569,6,PatchTST,LightGBM,77.93800354003906,73.09258270263672,4.845420837402344
Univariate,univariate,WTI Oil,Com_CrudeOil,tscv,4,2024-03-04,570,7,PatchTST,LightGBM,77.96199798583984,74.34032440185547,3.621673583984375
Univariate,univariate,WTI Oil,Com_CrudeOil,tscv,4,2024-03-11,571,8,PatchTST,LightGBM,79.08000183105469,73.9996566772461,5.080345153808594
Univariate,univariate,WTI Oil,Com_CrudeOil,tscv,4,2024-03-18,572,9,PatchTST,LightGBM,81.5719985961914,76.13667297363281,5.435325622558594
Univariate,univariate,WTI Oil,Com_CrudeOil,tscv,4,2024-03-25,573,10,PatchTST,LightGBM,82.2426986694336,77.5223388671875,4.720359802246094
Univariate,univariate,WTI Oil,Com_CrudeOil,tscv,4,2024-04-01,574,11,PatchTST,LightGBM,85.55799865722656,77.69001770019531,7.86798095703125
Univariate,univariate,WTI Oil,Com_CrudeOil,tscv,4,2024-04-08,575,12,PatchTST,LightGBM,85.70999908447266,80.14439392089844,5.565605163574219
Univariate,univariate,WTI Oil,Com_CrudeOil,tscv,5,2024-02-19,568,1,PatchTST,-,76.98500061035156,77.11339569091797,-0.12839508056640625
Univariate,univariate,WTI Oil,Com_CrudeOil,tscv,5,2024-02-26,569,2,PatchTST,-,77.93800354003906,77.01817321777344,0.919830322265625
Univariate,univariate,WTI Oil,Com_CrudeOil,tscv,5,2024-03-04,570,3,PatchTST,-,77.96199798583984,78.02923583984375,-0.06723785400390625
Univariate,univariate,WTI Oil,Com_CrudeOil,tscv,5,2024-03-11,571,4,PatchTST,-,79.08000183105469,78.77799224853516,0.30200958251953125
Univariate,univariate,WTI Oil,Com_CrudeOil,tscv,5,2024-03-18,572,5,PatchTST,-,81.5719985961914,81.00436401367188,0.5676345825195312
Univariate,univariate,WTI Oil,Com_CrudeOil,tscv,5,2024-03-25,573,6,PatchTST,-,82.2426986694336,83.46851348876953,-1.2258148193359375
Univariate,univariate,WTI Oil,Com_CrudeOil,tscv,5,2024-04-01,574,7,PatchTST,-,85.55799865722656,84.76072692871094,0.797271728515625
Univariate,univariate,WTI Oil,Com_CrudeOil,tscv,5,2024-04-08,575,8,PatchTST,-,85.70999908447266,87.88575744628906,-2.1757583618164062
Univariate,univariate,WTI Oil,Com_CrudeOil,tscv,5,2024-04-15,576,9,PatchTST,-,83.74513244628906,90.79808044433594,-7.052947998046875
Univariate,univariate,WTI Oil,Com_CrudeOil,tscv,5,2024-04-22,577,10,PatchTST,-,83.15287780761719,92.64891052246094,-9.49603271484375
Univariate,univariate,WTI Oil,Com_CrudeOil,tscv,5,2024-04-29,578,11,PatchTST,-,80.14189910888672,93.72167205810547,-13.57977294921875
Univariate,univariate,WTI Oil,Com_CrudeOil,tscv,5,2024-05-06,579,12,PatchTST,-,78.67400360107422,91.8563232421875,-13.182319641113281
Univariate,univariate,WTI Oil,Com_CrudeOil,tscv,5,2024-02-19,568,1,PatchTST,NLinear,76.98500061035156,82.5244369506836,-5.539436340332031
Univariate,univariate,WTI Oil,Com_CrudeOil,tscv,5,2024-02-26,569,2,PatchTST,NLinear,77.93800354003906,82.38642883300781,-4.44842529296875
Univariate,univariate,WTI Oil,Com_CrudeOil,tscv,5,2024-03-04,570,3,PatchTST,NLinear,77.96199798583984,83.05806732177734,-5.0960693359375
Univariate,univariate,WTI Oil,Com_CrudeOil,tscv,5,2024-03-11,571,4,PatchTST,NLinear,79.08000183105469,83.81390380859375,-4.7339019775390625
Univariate,univariate,WTI Oil,Com_CrudeOil,tscv,5,2024-03-18,572,5,PatchTST,NLinear,81.5719985961914,86.42231750488281,-4.850318908691406
Univariate,univariate,WTI Oil,Com_CrudeOil,tscv,5,2024-03-25,573,6,PatchTST,NLinear,82.2426986694336,89.26264953613281,-7.019950866699219
Univariate,univariate,WTI Oil,Com_CrudeOil,tscv,5,2024-04-01,574,7,PatchTST,NLinear,85.55799865722656,91.81746673583984,-6.259468078613281
Univariate,univariate,WTI Oil,Com_CrudeOil,tscv,5,2024-04-08,575,8,PatchTST,NLinear,85.70999908447266,95.83790588378906,-10.127906799316406
Univariate,univariate,WTI Oil,Com_CrudeOil,tscv,5,2024-04-15,576,9,PatchTST,NLinear,83.74513244628906,99.64744567871094,-15.902313232421875
Univariate,univariate,WTI Oil,Com_CrudeOil,tscv,5,2024-04-22,577,10,PatchTST,NLinear,83.15287780761719,102.48224639892578,-19.329368591308594
Univariate,univariate,WTI Oil,Com_CrudeOil,tscv,5,2024-04-29,578,11,PatchTST,NLinear,80.14189910888672,104.58905792236328,-24.447158813476562
Univariate,univariate,WTI Oil,Com_CrudeOil,tscv,5,2024-05-06,579,12,PatchTST,NLinear,78.67400360107422,103.92716979980469,-25.25316619873047
Univariate,univariate,WTI Oil,Com_CrudeOil,tscv,5,2024-02-19,568,1,PatchTST,iTransformer,76.98500061035156,74.35321807861328,2.6317825317382812
Univariate,univariate,WTI Oil,Com_CrudeOil,tscv,5,2024-02-26,569,2,PatchTST,iTransformer,77.93800354003906,74.4360580444336,3.5019454956054688
Univariate,univariate,WTI Oil,Com_CrudeOil,tscv,5,2024-03-04,570,3,PatchTST,iTransformer,77.96199798583984,76.02789306640625,1.9341049194335938
Univariate,univariate,WTI Oil,Com_CrudeOil,tscv,5,2024-03-11,571,4,PatchTST,iTransformer,79.08000183105469,77.78321075439453,1.2967910766601562
Univariate,univariate,WTI Oil,Com_CrudeOil,tscv,5,2024-03-18,572,5,PatchTST,iTransformer,81.5719985961914,80.59580993652344,0.9761886596679688
Univariate,univariate,WTI Oil,Com_CrudeOil,tscv,5,2024-03-25,573,6,PatchTST,iTransformer,82.2426986694336,83.33169555664062,-1.0889968872070312
Univariate,univariate,WTI Oil,Com_CrudeOil,tscv,5,2024-04-01,574,7,PatchTST,iTransformer,85.55799865722656,84.71794891357422,0.8400497436523438
Univariate,univariate,WTI Oil,Com_CrudeOil,tscv,5,2024-04-08,575,8,PatchTST,iTransformer,85.70999908447266,87.98186492919922,-2.2718658447265625
Univariate,univariate,WTI Oil,Com_CrudeOil,tscv,5,2024-04-15,576,9,PatchTST,iTransformer,83.74513244628906,90.9081039428711,-7.162971496582031
Univariate,univariate,WTI Oil,Com_CrudeOil,tscv,5,2024-04-22,577,10,PatchTST,iTransformer,83.15287780761719,92.72122192382812,-9.568344116210938
Univariate,univariate,WTI Oil,Com_CrudeOil,tscv,5,2024-04-29,578,11,PatchTST,iTransformer,80.14189910888672,93.66535186767578,-13.523452758789062
Univariate,univariate,WTI Oil,Com_CrudeOil,tscv,5,2024-05-06,579,12,PatchTST,iTransformer,78.67400360107422,90.83815002441406,-12.164146423339844
Univariate,univariate,WTI Oil,Com_CrudeOil,tscv,5,2024-02-19,568,1,PatchTST,XGBoost,76.98500061035156,71.03003692626953,5.954963684082031
Univariate,univariate,WTI Oil,Com_CrudeOil,tscv,5,2024-02-26,569,2,PatchTST,XGBoost,77.93800354003906,70.934814453125,7.0031890869140625
Univariate,univariate,WTI Oil,Com_CrudeOil,tscv,5,2024-03-04,570,3,PatchTST,XGBoost,77.96199798583984,71.94587707519531,6.016120910644531
Univariate,univariate,WTI Oil,Com_CrudeOil,tscv,5,2024-03-11,571,4,PatchTST,XGBoost,79.08000183105469,72.33633422851562,6.7436676025390625
Univariate,univariate,WTI Oil,Com_CrudeOil,tscv,5,2024-03-18,572,5,PatchTST,XGBoost,81.5719985961914,74.56270599365234,7.0092926025390625
Univariate,univariate,WTI Oil,Com_CrudeOil,tscv,5,2024-03-25,573,6,PatchTST,XGBoost,82.2426986694336,77.02685546875,5.215843200683594
Univariate,univariate,WTI Oil,Com_CrudeOil,tscv,5,2024-04-01,574,7,PatchTST,XGBoost,85.55799865722656,78.18841552734375,7.3695831298828125
Univariate,univariate,WTI Oil,Com_CrudeOil,tscv,5,2024-04-08,575,8,PatchTST,XGBoost,85.70999908447266,81.4094009399414,4.30059814453125
Univariate,univariate,WTI Oil,Com_CrudeOil,tscv,5,2024-04-15,576,9,PatchTST,XGBoost,83.74513244628906,84.12408447265625,-0.3789520263671875
Univariate,univariate,WTI Oil,Com_CrudeOil,tscv,5,2024-04-22,577,10,PatchTST,XGBoost,83.15287780761719,85.97491455078125,-2.8220367431640625
Univariate,univariate,WTI Oil,Com_CrudeOil,tscv,5,2024-04-29,578,11,PatchTST,XGBoost,80.14189910888672,87.04767608642578,-6.9057769775390625
Univariate,univariate,WTI Oil,Com_CrudeOil,tscv,5,2024-05-06,579,12,PatchTST,XGBoost,78.67400360107422,85.18232727050781,-6.508323669433594
Univariate,univariate,WTI Oil,Com_CrudeOil,tscv,5,2024-02-19,568,1,PatchTST,LightGBM,76.98500061035156,70.80641174316406,6.1785888671875
Univariate,univariate,WTI Oil,Com_CrudeOil,tscv,5,2024-02-26,569,2,PatchTST,LightGBM,77.93800354003906,70.71118927001953,7.226814270019531
Univariate,univariate,WTI Oil,Com_CrudeOil,tscv,5,2024-03-04,570,3,PatchTST,LightGBM,77.96199798583984,71.72225189208984,6.23974609375
Univariate,univariate,WTI Oil,Com_CrudeOil,tscv,5,2024-03-11,571,4,PatchTST,LightGBM,79.08000183105469,72.47100830078125,6.6089935302734375
Univariate,univariate,WTI Oil,Com_CrudeOil,tscv,5,2024-03-18,572,5,PatchTST,LightGBM,81.5719985961914,74.69738006591797,6.8746185302734375
Univariate,univariate,WTI Oil,Com_CrudeOil,tscv,5,2024-03-25,573,6,PatchTST,LightGBM,82.2426986694336,77.16152954101562,5.081169128417969
Univariate,univariate,WTI Oil,Com_CrudeOil,tscv,5,2024-04-01,574,7,PatchTST,LightGBM,85.55799865722656,78.45374298095703,7.104255676269531
Univariate,univariate,WTI Oil,Com_CrudeOil,tscv,5,2024-04-08,575,8,PatchTST,LightGBM,85.70999908447266,81.57877349853516,4.1312255859375
Univariate,univariate,WTI Oil,Com_CrudeOil,tscv,5,2024-04-15,576,9,PatchTST,LightGBM,83.74513244628906,84.49109649658203,-0.7459640502929688
Univariate,univariate,WTI Oil,Com_CrudeOil,tscv,5,2024-04-22,577,10,PatchTST,LightGBM,83.15287780761719,86.34192657470703,-3.1890487670898438
Univariate,univariate,WTI Oil,Com_CrudeOil,tscv,5,2024-04-29,578,11,PatchTST,LightGBM,80.14189910888672,87.41468811035156,-7.272789001464844
Univariate,univariate,WTI Oil,Com_CrudeOil,tscv,5,2024-05-06,579,12,PatchTST,LightGBM,78.67400360107422,85.5493392944336,-6.875335693359375
Univariate,univariate,WTI Oil,Com_CrudeOil,tscv,6,2024-03-18,572,1,PatchTST,-,81.5719985961914,82.92588806152344,-1.3538894653320312
Univariate,univariate,WTI Oil,Com_CrudeOil,tscv,6,2024-03-25,573,2,PatchTST,-,82.2426986694336,87.14924621582031,-4.906547546386719
Univariate,univariate,WTI Oil,Com_CrudeOil,tscv,6,2024-04-01,574,3,PatchTST,-,85.55799865722656,90.48648071289062,-4.9284820556640625
Univariate,univariate,WTI Oil,Com_CrudeOil,tscv,6,2024-04-08,575,4,PatchTST,-,85.70999908447266,93.2242431640625,-7.514244079589844
Univariate,univariate,WTI Oil,Com_CrudeOil,tscv,6,2024-04-15,576,5,PatchTST,-,83.74513244628906,95.56648254394531,-11.82135009765625
Univariate,univariate,WTI Oil,Com_CrudeOil,tscv,6,2024-04-22,577,6,PatchTST,-,83.15287780761719,96.81387329101562,-13.660995483398438
Univariate,univariate,WTI Oil,Com_CrudeOil,tscv,6,2024-04-29,578,7,PatchTST,-,80.14189910888672,97.17049407958984,-17.028594970703125
Univariate,univariate,WTI Oil,Com_CrudeOil,tscv,6,2024-05-06,579,8,PatchTST,-,78.67400360107422,96.21736145019531,-17.543357849121094
Univariate,univariate,WTI Oil,Com_CrudeOil,tscv,6,2024-05-13,580,9,PatchTST,-,78.81800079345703,93.9189453125,-15.100944519042969
Univariate,univariate,WTI Oil,Com_CrudeOil,tscv,6,2024-05-20,581,10,PatchTST,-,78.02400207519531,94.56287384033203,-16.53887176513672
Univariate,univariate,WTI Oil,Com_CrudeOil,tscv,6,2024-05-27,582,11,PatchTST,-,78.5094985961914,95.2508773803711,-16.741378784179688
Univariate,univariate,WTI Oil,Com_CrudeOil,tscv,6,2024-06-03,583,12,PatchTST,-,74.52400207519531,95.00654602050781,-20.4825439453125
Univariate,univariate,WTI Oil,Com_CrudeOil,tscv,6,2024-03-18,572,1,PatchTST,NLinear,81.5719985961914,80.9464340209961,0.6255645751953125
Univariate,univariate,WTI Oil,Com_CrudeOil,tscv,6,2024-03-25,573,2,PatchTST,NLinear,82.2426986694336,84.50751495361328,-2.2648162841796875
Univariate,univariate,WTI Oil,Com_CrudeOil,tscv,6,2024-04-01,574,3,PatchTST,NLinear,85.55799865722656,87.41048431396484,-1.8524856567382812
Univariate,univariate,WTI Oil,Com_CrudeOil,tscv,6,2024-04-08,575,4,PatchTST,NLinear,85.70999908447266,89.41142272949219,-3.7014236450195312
Univariate,univariate,WTI Oil,Com_CrudeOil,tscv,6,2024-04-15,576,5,PatchTST,NLinear,83.74513244628906,91.53018951416016,-7.785057067871094
Univariate,univariate,WTI Oil,Com_CrudeOil,tscv,6,2024-04-22,577,6,PatchTST,NLinear,83.15287780761719,92.04783630371094,-8.89495849609375
Univariate,univariate,WTI Oil,Com_CrudeOil,tscv,6,2024-04-29,578,7,PatchTST,NLinear,80.14189910888672,91.67511749267578,-11.533218383789062
Univariate,univariate,WTI Oil,Com_CrudeOil,tscv,6,2024-05-06,579,8,PatchTST,NLinear,78.67400360107422,90.66726684570312,-11.993263244628906
Univariate,univariate,WTI Oil,Com_CrudeOil,tscv,6,2024-05-13,580,9,PatchTST,NLinear,78.81800079345703,88.28374481201172,-9.465744018554688
Univariate,univariate,WTI Oil,Com_CrudeOil,tscv,6,2024-05-20,581,10,PatchTST,NLinear,78.02400207519531,89.15596008300781,-11.1319580078125
Univariate,univariate,WTI Oil,Com_CrudeOil,tscv,6,2024-05-27,582,11,PatchTST,NLinear,78.5094985961914,89.99565887451172,-11.486160278320312
Univariate,univariate,WTI Oil,Com_CrudeOil,tscv,6,2024-06-03,583,12,PatchTST,NLinear,74.52400207519531,89.6005630493164,-15.076560974121094
Univariate,univariate,WTI Oil,Com_CrudeOil,tscv,6,2024-03-18,572,1,PatchTST,iTransformer,81.5719985961914,80.09799194335938,1.4740066528320312
Univariate,univariate,WTI Oil,Com_CrudeOil,tscv,6,2024-03-25,573,2,PatchTST,iTransformer,82.2426986694336,83.81382751464844,-1.5711288452148438
Univariate,univariate,WTI Oil,Com_CrudeOil,tscv,6,2024-04-01,574,3,PatchTST,iTransformer,85.55799865722656,86.91743469238281,-1.35943603515625
Univariate,univariate,WTI Oil,Com_CrudeOil,tscv,6,2024-04-08,575,4,PatchTST,iTransformer,85.70999908447266,90.2127914428711,-4.5027923583984375
Univariate,univariate,WTI Oil,Com_CrudeOil,tscv,6,2024-04-15,576,5,PatchTST,iTransformer,83.74513244628906,92.09917449951172,-8.354042053222656
Univariate,univariate,WTI Oil,Com_CrudeOil,tscv,6,2024-04-22,577,6,PatchTST,iTransformer,83.15287780761719,92.61038970947266,-9.457511901855469
Univariate,univariate,WTI Oil,Com_CrudeOil,tscv,6,2024-04-29,578,7,PatchTST,iTransformer,80.14189910888672,92.57168579101562,-12.429786682128906
Univariate,univariate,WTI Oil,Com_CrudeOil,tscv,6,2024-05-06,579,8,PatchTST,iTransformer,78.67400360107422,91.24903106689453,-12.575027465820312
Univariate,univariate,WTI Oil,Com_CrudeOil,tscv,6,2024-05-13,580,9,PatchTST,iTransformer,78.81800079345703,87.84776306152344,-9.029762268066406
Univariate,univariate,WTI Oil,Com_CrudeOil,tscv,6,2024-05-20,581,10,PatchTST,iTransformer,78.02400207519531,88.58023834228516,-10.556236267089844
Univariate,univariate,WTI Oil,Com_CrudeOil,tscv,6,2024-05-27,582,11,PatchTST,iTransformer,78.5094985961914,89.42716217041016,-10.91766357421875
Univariate,univariate,WTI Oil,Com_CrudeOil,tscv,6,2024-06-03,583,12,PatchTST,iTransformer,74.52400207519531,88.80603790283203,-14.282035827636719
Univariate,univariate,WTI Oil,Com_CrudeOil,tscv,6,2024-03-18,572,1,PatchTST,XGBoost,81.5719985961914,76.88009643554688,4.691902160644531
Univariate,univariate,WTI Oil,Com_CrudeOil,tscv,6,2024-03-25,573,2,PatchTST,XGBoost,82.2426986694336,80.61619567871094,1.6265029907226562
Univariate,univariate,WTI Oil,Com_CrudeOil,tscv,6,2024-04-01,574,3,PatchTST,XGBoost,85.55799865722656,84.11774444580078,1.4402542114257812
Univariate,univariate,WTI Oil,Com_CrudeOil,tscv,6,2024-04-08,575,4,PatchTST,XGBoost,85.70999908447266,86.85243225097656,-1.1424331665039062
Univariate,univariate,WTI Oil,Com_CrudeOil,tscv,6,2024-04-15,576,5,PatchTST,XGBoost,83.74513244628906,88.97593688964844,-5.230804443359375
Univariate,univariate,WTI Oil,Com_CrudeOil,tscv,6,2024-04-22,577,6,PatchTST,XGBoost,83.15287780761719,90.7346420288086,-7.581764221191406
Univariate,univariate,WTI Oil,Com_CrudeOil,tscv,6,2024-04-29,578,7,PatchTST,XGBoost,80.14189910888672,90.49336242675781,-10.351463317871094
Univariate,univariate,WTI Oil,Com_CrudeOil,tscv,6,2024-05-06,579,8,PatchTST,XGBoost,78.67400360107422,88.85076141357422,-10.1767578125
Univariate,univariate,WTI Oil,Com_CrudeOil,tscv,6,2024-05-13,580,9,PatchTST,XGBoost,78.81800079345703,85.98684692382812,-7.168846130371094
Univariate,univariate,WTI Oil,Com_CrudeOil,tscv,6,2024-05-20,581,10,PatchTST,XGBoost,78.02400207519531,86.04723358154297,-8.023231506347656
Univariate,univariate,WTI Oil,Com_CrudeOil,tscv,6,2024-05-27,582,11,PatchTST,XGBoost,78.5094985961914,86.4964599609375,-7.986961364746094
Univariate,univariate,WTI Oil,Com_CrudeOil,tscv,6,2024-06-03,583,12,PatchTST,XGBoost,74.52400207519531,86.3531723022461,-11.829170227050781
Univariate,univariate,WTI Oil,Com_CrudeOil,tscv,6,2024-03-18,572,1,PatchTST,LightGBM,81.5719985961914,77.21002197265625,4.361976623535156
Univariate,univariate,WTI Oil,Com_CrudeOil,tscv,6,2024-03-25,573,2,PatchTST,LightGBM,82.2426986694336,81.00836181640625,1.2343368530273438
Univariate,univariate,WTI Oil,Com_CrudeOil,tscv,6,2024-04-01,574,3,PatchTST,LightGBM,85.55799865722656,84.09148406982422,1.4665145874023438
Univariate,univariate,WTI Oil,Com_CrudeOil,tscv,6,2024-04-08,575,4,PatchTST,LightGBM,85.70999908447266,86.74853515625,-1.0385360717773438
Univariate,univariate,WTI Oil,Com_CrudeOil,tscv,6,2024-04-15,576,5,PatchTST,LightGBM,83.74513244628906,88.836669921875,-5.0915374755859375
Univariate,univariate,WTI Oil,Com_CrudeOil,tscv,6,2024-04-22,577,6,PatchTST,LightGBM,83.15287780761719,90.08406066894531,-6.931182861328125
Univariate,univariate,WTI Oil,Com_CrudeOil,tscv,6,2024-04-29,578,7,PatchTST,LightGBM,80.14189910888672,90.18679809570312,-10.044898986816406
Univariate,univariate,WTI Oil,Com_CrudeOil,tscv,6,2024-05-06,579,8,PatchTST,LightGBM,78.67400360107422,89.15596008300781,-10.481956481933594
Univariate,univariate,WTI Oil,Com_CrudeOil,tscv,6,2024-05-13,580,9,PatchTST,LightGBM,78.81800079345703,86.8575439453125,-8.039543151855469
Univariate,univariate,WTI Oil,Com_CrudeOil,tscv,6,2024-05-20,581,10,PatchTST,LightGBM,78.02400207519531,87.50147247314453,-9.477470397949219
Univariate,univariate,WTI Oil,Com_CrudeOil,tscv,6,2024-05-27,582,11,PatchTST,LightGBM,78.5094985961914,88.1894760131836,-9.679977416992188
Univariate,univariate,WTI Oil,Com_CrudeOil,tscv,6,2024-06-03,583,12,PatchTST,LightGBM,74.52400207519531,87.94514465332031,-13.421142578125
Univariate,univariate,WTI Oil,Com_CrudeOil,tscv,7,2024-04-15,576,1,PatchTST,-,83.74513244628906,97.29875946044922,-13.553627014160156
Univariate,univariate,WTI Oil,Com_CrudeOil,tscv,7,2024-04-22,577,2,PatchTST,-,83.15287780761719,97.87434387207031,-14.721466064453125
Univariate,univariate,WTI Oil,Com_CrudeOil,tscv,7,2024-04-29,578,3,PatchTST,-,80.14189910888672,98.85787963867188,-18.715980529785156
Univariate,univariate,WTI Oil,Com_CrudeOil,tscv,7,2024-05-06,579,4,PatchTST,-,78.67400360107422,96.69717407226562,-18.023170471191406
Univariate,univariate,WTI Oil,Com_CrudeOil,tscv,7,2024-05-13,580,5,PatchTST,-,78.81800079345703,95.39547729492188,-16.577476501464844
Univariate,univariate,WTI Oil,Com_CrudeOil,tscv,7,2024-05-20,581,6,PatchTST,-,78.02400207519531,95.76704406738281,-17.7430419921875
Univariate,univariate,WTI Oil,Com_CrudeOil,tscv,7,2024-05-27,582,7,PatchTST,-,78.5094985961914,94.50624084472656,-15.996742248535156
Univariate,univariate,WTI Oil,Com_CrudeOil,tscv,7,2024-06-03,583,8,PatchTST,-,74.52400207519531,95.75941467285156,-21.23541259765625
Univariate,univariate,WTI Oil,Com_CrudeOil,tscv,7,2024-06-10,584,9,PatchTST,-,78.16200256347656,93.0866928100586,-14.924690246582031
Univariate,univariate,WTI Oil,Com_CrudeOil,tscv,7,2024-06-17,585,10,PatchTST,-,80.61250305175781,94.14120483398438,-13.528701782226562
Univariate,univariate,WTI Oil,Com_CrudeOil,tscv,7,2024-06-24,586,11,PatchTST,-,81.3280029296875,95.84734344482422,-14.519340515136719
Univariate,univariate,WTI Oil,Com_CrudeOil,tscv,7,2024-07-01,587,12,PatchTST,-,83.31356048583984,94.55587005615234,-11.2423095703125
Univariate,univariate,WTI Oil,Com_CrudeOil,tscv,7,2024-04-15,576,1,PatchTST,NLinear,83.74513244628906,93.86663055419922,-10.121498107910156
Univariate,univariate,WTI Oil,Com_CrudeOil,tscv,7,2024-04-22,577,2,PatchTST,NLinear,83.15287780761719,93.86891174316406,-10.716033935546875
Univariate,univariate,WTI Oil,Com_CrudeOil,tscv,7,2024-04-29,578,3,PatchTST,NLinear,80.14189910888672,95.07884979248047,-14.93695068359375
Univariate,univariate,WTI Oil,Com_CrudeOil,tscv,7,2024-05-06,579,4,PatchTST,NLinear,78.67400360107422,93.24868774414062,-14.574684143066406
Univariate,univariate,WTI Oil,Com_CrudeOil,tscv,7,2024-05-13,580,5,PatchTST,NLinear,78.81800079345703,91.63970184326172,-12.821701049804688
Univariate,univariate,WTI Oil,Com_CrudeOil,tscv,7,2024-05-20,581,6,PatchTST,NLinear,78.02400207519531,90.59831237792969,-12.574310302734375
Univariate,univariate,WTI Oil,Com_CrudeOil,tscv,7,2024-05-27,582,7,PatchTST,NLinear,78.5094985961914,87.86119079589844,-9.351692199707031
Univariate,univariate,WTI Oil,Com_CrudeOil,tscv,7,2024-06-03,583,8,PatchTST,NLinear,74.52400207519531,87.98920440673828,-13.465202331542969
Univariate,univariate,WTI Oil,Com_CrudeOil,tscv,7,2024-06-10,584,9,PatchTST,NLinear,78.16200256347656,85.14032745361328,-6.978324890136719
Univariate,univariate,WTI Oil,Com_CrudeOil,tscv,7,2024-06-17,585,10,PatchTST,NLinear,80.61250305175781,85.80132293701172,-5.188819885253906
Univariate,univariate,WTI Oil,Com_CrudeOil,tscv,7,2024-06-24,586,11,PatchTST,NLinear,81.3280029296875,87.43643951416016,-6.108436584472656
Univariate,univariate,WTI Oil,Com_CrudeOil,tscv,7,2024-07-01,587,12,PatchTST,NLinear,83.31356048583984,86.2154541015625,-2.9018936157226562
Univariate,univariate,WTI Oil,Com_CrudeOil,tscv,7,2024-04-15,576,1,PatchTST,iTransformer,83.74513244628906,94.12428283691406,-10.379150390625
Univariate,univariate,WTI Oil,Com_CrudeOil,tscv,7,2024-04-22,577,2,PatchTST,iTransformer,83.15287780761719,94.69828033447266,-11.545402526855469
Univariate,univariate,WTI Oil,Com_CrudeOil,tscv,7,2024-04-29,578,3,PatchTST,iTransformer,80.14189910888672,95.67740631103516,-15.535507202148438
Univariate,univariate,WTI Oil,Com_CrudeOil,tscv,7,2024-05-06,579,4,PatchTST,iTransformer,78.67400360107422,93.5253677368164,-14.851364135742188
Univariate,univariate,WTI Oil,Com_CrudeOil,tscv,7,2024-05-13,580,5,PatchTST,iTransformer,78.81800079345703,92.23526763916016,-13.417266845703125
Univariate,univariate,WTI Oil,Com_CrudeOil,tscv,7,2024-05-20,581,6,PatchTST,iTransformer,78.02400207519531,92.62858581542969,-14.604583740234375
Univariate,univariate,WTI Oil,Com_CrudeOil,tscv,7,2024-05-27,582,7,PatchTST,iTransformer,78.5094985961914,91.38289642333984,-12.873397827148438
Univariate,univariate,WTI Oil,Com_CrudeOil,tscv,7,2024-06-03,583,8,PatchTST,iTransformer,74.52400207519531,92.646484375,-18.122482299804688
Univariate,univariate,WTI Oil,Com_CrudeOil,tscv,7,2024-06-10,584,9,PatchTST,iTransformer,78.16200256347656,89.99690246582031,-11.83489990234375
Univariate,univariate,WTI Oil,Com_CrudeOil,tscv,7,2024-06-17,585,10,PatchTST,iTransformer,80.61250305175781,91.03804779052734,-10.425544738769531
Univariate,univariate,WTI Oil,Com_CrudeOil,tscv,7,2024-06-24,586,11,PatchTST,iTransformer,81.3280029296875,92.7403793334961,-11.412376403808594
Univariate,univariate,WTI Oil,Com_CrudeOil,tscv,7,2024-07-01,587,12,PatchTST,iTransformer,83.31356048583984,91.44435119628906,-8.130790710449219
Univariate,univariate,WTI Oil,Com_CrudeOil,tscv,7,2024-04-15,576,1,PatchTST,XGBoost,83.74513244628906,91.613037109375,-7.8679046630859375
Univariate,univariate,WTI Oil,Com_CrudeOil,tscv,7,2024-04-22,577,2,PatchTST,XGBoost,83.15287780761719,91.20255279541016,-8.049674987792969
Univariate,univariate,WTI Oil,Com_CrudeOil,tscv,7,2024-04-29,578,3,PatchTST,XGBoost,80.14189910888672,88.53729248046875,-8.395393371582031
Univariate,univariate,WTI Oil,Com_CrudeOil,tscv,7,2024-05-06,579,4,PatchTST,XGBoost,78.67400360107422,86.60719299316406,-7.933189392089844
Univariate,univariate,WTI Oil,Com_CrudeOil,tscv,7,2024-05-13,580,5,PatchTST,XGBoost,78.81800079345703,85.43656158447266,-6.618560791015625
Univariate,univariate,WTI Oil,Com_CrudeOil,tscv,7,2024-05-20,581,6,PatchTST,XGBoost,78.02400207519531,85.66085815429688,-7.6368560791015625
Univariate,univariate,WTI Oil,Com_CrudeOil,tscv,7,2024-05-27,582,7,PatchTST,XGBoost,78.5094985961914,84.27334594726562,-5.763847351074219
Univariate,univariate,WTI Oil,Com_CrudeOil,tscv,7,2024-06-03,583,8,PatchTST,XGBoost,74.52400207519531,86.2552261352539,-11.731224060058594
Univariate,univariate,WTI Oil,Com_CrudeOil,tscv,7,2024-06-10,584,9,PatchTST,XGBoost,78.16200256347656,84.0431900024414,-5.881187438964844
Univariate,univariate,WTI Oil,Com_CrudeOil,tscv,7,2024-06-17,585,10,PatchTST,XGBoost,80.61250305175781,84.25652313232422,-3.6440200805664062
Univariate,univariate,WTI Oil,Com_CrudeOil,tscv,7,2024-06-24,586,11,PatchTST,XGBoost,81.3280029296875,86.63970184326172,-5.311698913574219
Univariate,univariate,WTI Oil,Com_CrudeOil,tscv,7,2024-07-01,587,12,PatchTST,XGBoost,83.31356048583984,86.02436065673828,-2.7108001708984375
Univariate,univariate,WTI Oil,Com_CrudeOil,tscv,7,2024-04-15,576,1,PatchTST,LightGBM,83.74513244628906,94.6703109741211,-10.925178527832031
Univariate,univariate,WTI Oil,Com_CrudeOil,tscv,7,2024-04-22,577,2,PatchTST,LightGBM,83.15287780761719,95.24589538574219,-12.093017578125
Univariate,univariate,WTI Oil,Com_CrudeOil,tscv,7,2024-04-29,578,3,PatchTST,LightGBM,80.14189910888672,94.54918670654297,-14.40728759765625
Univariate,univariate,WTI Oil,Com_CrudeOil,tscv,7,2024-05-06,579,4,PatchTST,LightGBM,78.67400360107422,91.73136138916016,-13.057357788085938
Univariate,univariate,WTI Oil,Com_CrudeOil,tscv,7,2024-05-13,580,5,PatchTST,LightGBM,78.81800079345703,86.99137878417969,-8.173377990722656
Univariate,univariate,WTI Oil,Com_CrudeOil,tscv,7,2024-05-20,581,6,PatchTST,LightGBM,78.02400207519531,87.36294555664062,-9.338943481445312
Univariate,univariate,WTI Oil,Com_CrudeOil,tscv,7,2024-05-27,582,7,PatchTST,LightGBM,78.5094985961914,86.10214233398438,-7.592643737792969
Univariate,univariate,WTI Oil,Com_CrudeOil,tscv,7,2024-06-03,583,8,PatchTST,LightGBM,74.52400207519531,87.35531616210938,-12.831314086914062
Univariate,univariate,WTI Oil,Com_CrudeOil,tscv,7,2024-06-10,584,9,PatchTST,LightGBM,78.16200256347656,85.8130874633789,-7.651084899902344
Univariate,univariate,WTI Oil,Com_CrudeOil,tscv,7,2024-06-17,585,10,PatchTST,LightGBM,80.61250305175781,85.73710632324219,-5.124603271484375
Univariate,univariate,WTI Oil,Com_CrudeOil,tscv,7,2024-06-24,586,11,PatchTST,LightGBM,81.3280029296875,86.96343994140625,-5.63543701171875
Univariate,univariate,WTI Oil,Com_CrudeOil,tscv,7,2024-07-01,587,12,PatchTST,LightGBM,83.31356048583984,85.67196655273438,-2.3584060668945312
Univariate,univariate,WTI Oil,Com_CrudeOil,tscv,8,2024-05-13,580,1,PatchTST,-,78.81800079345703,95.01229095458984,-16.194290161132812
Univariate,univariate,WTI Oil,Com_CrudeOil,tscv,8,2024-05-20,581,2,PatchTST,-,78.02400207519531,96.98774719238281,-18.9637451171875
Univariate,univariate,WTI Oil,Com_CrudeOil,tscv,8,2024-05-27,582,3,PatchTST,-,78.5094985961914,96.780029296875,-18.270530700683594
Univariate,univariate,WTI Oil,Com_CrudeOil,tscv,8,2024-06-03,583,4,PatchTST,-,74.52400207519531,95.63107299804688,-21.107070922851562
Univariate,univariate,WTI Oil,Com_CrudeOil,tscv,8,2024-06-10,584,5,PatchTST,-,78.16200256347656,91.96334838867188,-13.801345825195312
Univariate,univariate,WTI Oil,Com_CrudeOil,tscv,8,2024-06-17,585,6,PatchTST,-,80.61250305175781,94.4970474243164,-13.884544372558594
Univariate,univariate,WTI Oil,Com_CrudeOil,tscv,8,2024-06-24,586,7,PatchTST,-,81.3280029296875,96.41741943359375,-15.08941650390625
Univariate,univariate,WTI Oil,Com_CrudeOil,tscv,8,2024-07-01,587,8,PatchTST,-,83.31356048583984,96.19357299804688,-12.880012512207031
Univariate,univariate,WTI Oil,Com_CrudeOil,tscv,8,2024-07-08,588,9,PatchTST,-,82.13400268554688,96.35459899902344,-14.220596313476562
Univariate,univariate,WTI Oil,Com_CrudeOil,tscv,8,2024-07-15,589,10,PatchTST,-,80.80999755859375,96.08438110351562,-15.274383544921875
Univariate,univariate,WTI Oil,Com_CrudeOil,tscv,8,2024-07-22,590,11,PatchTST,-,77.6780014038086,94.64704895019531,-16.96904754638672
Univariate,univariate,WTI Oil,Com_CrudeOil,tscv,8,2024-07-29,591,12,PatchTST,-,75.65599822998047,91.20220947265625,-15.546211242675781
Univariate,univariate,WTI Oil,Com_CrudeOil,tscv,8,2024-05-13,580,1,PatchTST,NLinear,78.81800079345703,80.42613983154297,-1.6081390380859375
Univariate,univariate,WTI Oil,Com_CrudeOil,tscv,8,2024-05-20,581,2,PatchTST,NLinear,78.02400207519531,81.60960388183594,-3.585601806640625
Univariate,univariate,WTI Oil,Com_CrudeOil,tscv,8,2024-05-27,582,3,PatchTST,NLinear,78.5094985961914,81.21015930175781,-2.7006607055664062
Univariate,univariate,WTI Oil,Com_CrudeOil,tscv,8,2024-06-03,583,4,PatchTST,NLinear,74.52400207519531,78.43133544921875,-3.9073333740234375
Univariate,univariate,WTI Oil,Com_CrudeOil,tscv,8,2024-06-10,584,5,PatchTST,NLinear,78.16200256347656,71.8128890991211,6.349113464355469
Univariate,univariate,WTI Oil,Com_CrudeOil,tscv,8,2024-06-17,585,6,PatchTST,NLinear,80.61250305175781,73.71534729003906,6.89715576171875
Univariate,univariate,WTI Oil,Com_CrudeOil,tscv,8,2024-06-24,586,7,PatchTST,NLinear,81.3280029296875,79.61994171142578,1.7080612182617188
Univariate,univariate,WTI Oil,Com_CrudeOil,tscv,8,2024-07-01,587,8,PatchTST,NLinear,83.31356048583984,84.16899108886719,-0.8554306030273438
Univariate,univariate,WTI Oil,Com_CrudeOil,tscv,8,2024-07-08,588,9,PatchTST,NLinear,82.13400268554688,86.5406723022461,-4.406669616699219
Univariate,univariate,WTI Oil,Com_CrudeOil,tscv,8,2024-07-15,589,10,PatchTST,NLinear,80.80999755859375,86.2591552734375,-5.44915771484375
Univariate,univariate,WTI Oil,Com_CrudeOil,tscv,8,2024-07-22,590,11,PatchTST,NLinear,77.6780014038086,85.01069641113281,-7.332695007324219
Univariate,univariate,WTI Oil,Com_CrudeOil,tscv,8,2024-07-29,591,12,PatchTST,NLinear,75.65599822998047,84.45193481445312,-8.795936584472656
Univariate,univariate,WTI Oil,Com_CrudeOil,tscv,8,2024-05-13,580,1,PatchTST,iTransformer,78.81800079345703,90.4453125,-11.627311706542969
Univariate,univariate,WTI Oil,Com_CrudeOil,tscv,8,2024-05-20,581,2,PatchTST,iTransformer,78.02400207519531,92.40921783447266,-14.385215759277344
Univariate,univariate,WTI Oil,Com_CrudeOil,tscv,8,2024-05-27,582,3,PatchTST,iTransformer,78.5094985961914,92.18335723876953,-13.673858642578125
Univariate,univariate,WTI Oil,Com_CrudeOil,tscv,8,2024-06-03,583,4,PatchTST,iTransformer,74.52400207519531,91.03243255615234,-16.50843048095703
Univariate,univariate,WTI Oil,Com_CrudeOil,tscv,8,2024-06-10,584,5,PatchTST,iTransformer,78.16200256347656,87.37288665771484,-9.210884094238281
Univariate,univariate,WTI Oil,Com_CrudeOil,tscv,8,2024-06-17,585,6,PatchTST,iTransformer,80.61250305175781,89.90926361083984,-9.296760559082031
Univariate,univariate,WTI Oil,Com_CrudeOil,tscv,8,2024-06-24,586,7,PatchTST,iTransformer,81.3280029296875,91.84115600585938,-10.513153076171875
Univariate,univariate,WTI Oil,Com_CrudeOil,tscv,8,2024-07-01,587,8,PatchTST,iTransformer,83.31356048583984,91.6197509765625,-8.306190490722656
Univariate,univariate,WTI Oil,Com_CrudeOil,tscv,8,2024-07-08,588,9,PatchTST,iTransformer,82.13400268554688,91.78349304199219,-9.649490356445312
Univariate,univariate,WTI Oil,Com_CrudeOil,tscv,8,2024-07-15,589,10,PatchTST,iTransformer,80.80999755859375,91.50404357910156,-10.694046020507812
Univariate,univariate,WTI Oil,Com_CrudeOil,tscv,8,2024-07-22,590,11,PatchTST,iTransformer,77.6780014038086,90.05522155761719,-12.377220153808594
Univariate,univariate,WTI Oil,Com_CrudeOil,tscv,8,2024-07-29,591,12,PatchTST,iTransformer,75.65599822998047,86.61393737792969,-10.957939147949219
Univariate,univariate,WTI Oil,Com_CrudeOil,tscv,8,2024-05-13,580,1,PatchTST,XGBoost,78.81800079345703,82.63562774658203,-3.817626953125
Univariate,univariate,WTI Oil,Com_CrudeOil,tscv,8,2024-05-20,581,2,PatchTST,XGBoost,78.02400207519531,84.29814910888672,-6.274147033691406
Univariate,univariate,WTI Oil,Com_CrudeOil,tscv,8,2024-05-27,582,3,PatchTST,XGBoost,78.5094985961914,82.6249008178711,-4.1154022216796875
Univariate,univariate,WTI Oil,Com_CrudeOil,tscv,8,2024-06-03,583,4,PatchTST,XGBoost,74.52400207519531,81.4983139038086,-6.974311828613281
Univariate,univariate,WTI Oil,Com_CrudeOil,tscv,8,2024-06-10,584,5,PatchTST,XGBoost,78.16200256347656,79.25008392333984,-1.0880813598632812
Univariate,univariate,WTI Oil,Com_CrudeOil,tscv,8,2024-06-17,585,6,PatchTST,XGBoost,80.61250305175781,81.46743774414062,-0.8549346923828125
Univariate,univariate,WTI Oil,Com_CrudeOil,tscv,8,2024-06-24,586,7,PatchTST,XGBoost,81.3280029296875,83.80596923828125,-2.47796630859375
Univariate,univariate,WTI Oil,Com_CrudeOil,tscv,8,2024-07-01,587,8,PatchTST,XGBoost,83.31356048583984,83.7420425415039,-0.4284820556640625
Univariate,univariate,WTI Oil,Com_CrudeOil,tscv,8,2024-07-08,588,9,PatchTST,XGBoost,82.13400268554688,85.12517547607422,-2.9911727905273438
Univariate,univariate,WTI Oil,Com_CrudeOil,tscv,8,2024-07-15,589,10,PatchTST,XGBoost,80.80999755859375,86.10233306884766,-5.292335510253906
Univariate,univariate,WTI Oil,Com_CrudeOil,tscv,8,2024-07-22,590,11,PatchTST,XGBoost,77.6780014038086,85.79195404052734,-8.11395263671875
Univariate,univariate,WTI Oil,Com_CrudeOil,tscv,8,2024-07-29,591,12,PatchTST,XGBoost,75.65599822998047,82.75843811035156,-7.102439880371094
Univariate,univariate,WTI Oil,Com_CrudeOil,tscv,8,2024-05-13,580,1,PatchTST,LightGBM,78.81800079345703,83.19446563720703,-4.37646484375
Univariate,univariate,WTI Oil,Com_CrudeOil,tscv,8,2024-05-20,581,2,PatchTST,LightGBM,78.02400207519531,85.169921875,-7.1459197998046875
Univariate,univariate,WTI Oil,Com_CrudeOil,tscv,8,2024-05-27,582,3,PatchTST,LightGBM,78.5094985961914,84.96220397949219,-6.452705383300781
Univariate,univariate,WTI Oil,Com_CrudeOil,tscv,8,2024-06-03,583,4,PatchTST,LightGBM,74.52400207519531,83.81324768066406,-9.28924560546875
Univariate,univariate,WTI Oil,Com_CrudeOil,tscv,8,2024-06-10,584,5,PatchTST,LightGBM,78.16200256347656,81.49864959716797,-3.3366470336914062
Univariate,univariate,WTI Oil,Com_CrudeOil,tscv,8,2024-06-17,585,6,PatchTST,LightGBM,80.61250305175781,84.13362121582031,-3.5211181640625
Univariate,univariate,WTI Oil,Com_CrudeOil,tscv,8,2024-06-24,586,7,PatchTST,LightGBM,81.3280029296875,86.05400085449219,-4.7259979248046875
Univariate,univariate,WTI Oil,Com_CrudeOil,tscv,8,2024-07-01,587,8,PatchTST,LightGBM,83.31356048583984,85.83015441894531,-2.5165939331054688
Univariate,univariate,WTI Oil,Com_CrudeOil,tscv,8,2024-07-08,588,9,PatchTST,LightGBM,82.13400268554688,85.99118041992188,-3.857177734375
Univariate,univariate,WTI Oil,Com_CrudeOil,tscv,8,2024-07-15,589,10,PatchTST,LightGBM,80.80999755859375,85.72096252441406,-4.9109649658203125
Univariate,univariate,WTI Oil,Com_CrudeOil,tscv,8,2024-07-22,590,11,PatchTST,LightGBM,77.6780014038086,84.28363037109375,-6.605628967285156
Univariate,univariate,WTI Oil,Com_CrudeOil,tscv,8,2024-07-29,591,12,PatchTST,LightGBM,75.65599822998047,80.83879089355469,-5.182792663574219
Univariate,univariate,WTI Oil,Com_CrudeOil,tscv,9,2024-06-10,584,1,PatchTST,-,78.16200256347656,89.3514404296875,-11.189437866210938
Univariate,univariate,WTI Oil,Com_CrudeOil,tscv,9,2024-06-17,585,2,PatchTST,-,80.61250305175781,89.56158447265625,-8.949081420898438
Univariate,univariate,WTI Oil,Com_CrudeOil,tscv,9,2024-06-24,586,3,PatchTST,-,81.3280029296875,88.20303344726562,-6.875030517578125
Univariate,univariate,WTI Oil,Com_CrudeOil,tscv,9,2024-07-01,587,4,PatchTST,-,83.31356048583984,88.49787902832031,-5.184318542480469
Univariate,univariate,WTI Oil,Com_CrudeOil,tscv,9,2024-07-08,588,5,PatchTST,-,82.13400268554688,87.97218322753906,-5.8381805419921875
Univariate,univariate,WTI Oil,Com_CrudeOil,tscv,9,2024-07-15,589,6,PatchTST,-,80.80999755859375,88.18299865722656,-7.3730010986328125
Univariate,univariate,WTI Oil,Com_CrudeOil,tscv,9,2024-07-22,590,7,PatchTST,-,77.6780014038086,88.22925567626953,-10.551254272460938
Univariate,univariate,WTI Oil,Com_CrudeOil,tscv,9,2024-07-29,591,8,PatchTST,-,75.65599822998047,86.28900146484375,-10.633003234863281
Univariate,univariate,WTI Oil,Com_CrudeOil,tscv,9,2024-08-05,592,9,PatchTST,-,74.87999725341797,85.81980895996094,-10.939811706542969
Univariate,univariate,WTI Oil,Com_CrudeOil,tscv,9,2024-08-12,593,10,PatchTST,-,77.58399963378906,84.95640563964844,-7.372406005859375
Univariate,univariate,WTI Oil,Com_CrudeOil,tscv,9,2024-08-19,594,11,PatchTST,-,73.31999969482422,84.69319152832031,-11.373191833496094
Univariate,univariate,WTI Oil,Com_CrudeOil,tscv,9,2024-08-26,595,12,PatchTST,-,75.38600158691406,84.76011657714844,-9.374114990234375
Univariate,univariate,WTI Oil,Com_CrudeOil,tscv,9,2024-06-10,584,1,PatchTST,NLinear,78.16200256347656,73.67239379882812,4.4896087646484375
Univariate,univariate,WTI Oil,Com_CrudeOil,tscv,9,2024-06-17,585,2,PatchTST,NLinear,80.61250305175781,74.78595733642578,5.826545715332031
Univariate,univariate,WTI Oil,Com_CrudeOil,tscv,9,2024-06-24,586,3,PatchTST,NLinear,81.3280029296875,75.46382141113281,5.8641815185546875
Univariate,univariate,WTI Oil,Com_CrudeOil,tscv,9,2024-07-01,587,4,PatchTST,NLinear,83.31356048583984,78.45175170898438,4.861808776855469
Univariate,univariate,WTI Oil,Com_CrudeOil,tscv,9,2024-07-08,588,5,PatchTST,NLinear,82.13400268554688,80.74174499511719,1.3922576904296875
Univariate,univariate,WTI Oil,Com_CrudeOil,tscv,9,2024-07-15,589,6,PatchTST,NLinear,80.80999755859375,83.00270080566406,-2.1927032470703125
Univariate,univariate,WTI Oil,Com_CrudeOil,tscv,9,2024-07-22,590,7,PatchTST,NLinear,77.6780014038086,84.64559173583984,-6.96759033203125
Univariate,univariate,WTI Oil,Com_CrudeOil,tscv,9,2024-07-29,591,8,PatchTST,NLinear,75.65599822998047,84.0419692993164,-8.385971069335938
Univariate,univariate,WTI Oil,Com_CrudeOil,tscv,9,2024-08-05,592,9,PatchTST,NLinear,74.87999725341797,84.68008422851562,-9.800086975097656
Univariate,univariate,WTI Oil,Com_CrudeOil,tscv,9,2024-08-12,593,10,PatchTST,NLinear,77.58399963378906,85.18378448486328,-7.599784851074219
Univariate,univariate,WTI Oil,Com_CrudeOil,tscv,9,2024-08-19,594,11,PatchTST,NLinear,73.31999969482422,87.04839324951172,-13.7283935546875
Univariate,univariate,WTI Oil,Com_CrudeOil,tscv,9,2024-08-26,595,12,PatchTST,NLinear,75.38600158691406,89.67739868164062,-14.291397094726562
Univariate,univariate,WTI Oil,Com_CrudeOil,tscv,9,2024-06-10,584,1,PatchTST,iTransformer,78.16200256347656,84.07093811035156,-5.908935546875
Univariate,univariate,WTI Oil,Com_CrudeOil,tscv,9,2024-06-17,585,2,PatchTST,iTransformer,80.61250305175781,84.28755950927734,-3.6750564575195312
Univariate,univariate,WTI Oil,Com_CrudeOil,tscv,9,2024-06-24,586,3,PatchTST,iTransformer,81.3280029296875,82.92716979980469,-1.5991668701171875
Univariate,univariate,WTI Oil,Com_CrudeOil,tscv,9,2024-07-01,587,4,PatchTST,iTransformer,83.31356048583984,83.22504425048828,0.0885162353515625
Univariate,univariate,WTI Oil,Com_CrudeOil,tscv,9,2024-07-08,588,5,PatchTST,iTransformer,82.13400268554688,82.6973876953125,-0.563385009765625
Univariate,univariate,WTI Oil,Com_CrudeOil,tscv,9,2024-07-15,589,6,PatchTST,iTransformer,80.80999755859375,82.90281677246094,-2.0928192138671875
Univariate,univariate,WTI Oil,Com_CrudeOil,tscv,9,2024-07-22,590,7,PatchTST,iTransformer,77.6780014038086,82.94520568847656,-5.267204284667969
Univariate,univariate,WTI Oil,Com_CrudeOil,tscv,9,2024-07-29,591,8,PatchTST,iTransformer,75.65599822998047,81.00574493408203,-5.3497467041015625
Univariate,univariate,WTI Oil,Com_CrudeOil,tscv,9,2024-08-05,592,9,PatchTST,iTransformer,74.87999725341797,80.53703308105469,-5.657035827636719
Univariate,univariate,WTI Oil,Com_CrudeOil,tscv,9,2024-08-12,593,10,PatchTST,iTransformer,77.58399963378906,79.67636108398438,-2.0923614501953125
Univariate,univariate,WTI Oil,Com_CrudeOil,tscv,9,2024-08-19,594,11,PatchTST,iTransformer,73.31999969482422,79.41403198242188,-6.094032287597656
Univariate,univariate,WTI Oil,Com_CrudeOil,tscv,9,2024-08-26,595,12,PatchTST,iTransformer,75.38600158691406,79.4848403930664,-4.098838806152344
Univariate,univariate,WTI Oil,Com_CrudeOil,tscv,9,2024-06-10,584,1,PatchTST,XGBoost,78.16200256347656,78.46054077148438,-0.2985382080078125
Univariate,univariate,WTI Oil,Com_CrudeOil,tscv,9,2024-06-17,585,2,PatchTST,XGBoost,80.61250305175781,79.37667083740234,1.2358322143554688
Univariate,univariate,WTI Oil,Com_CrudeOil,tscv,9,2024-06-24,586,3,PatchTST,XGBoost,81.3280029296875,80.61262512207031,0.7153778076171875
Univariate,univariate,WTI Oil,Com_CrudeOil,tscv,9,2024-07-01,587,4,PatchTST,XGBoost,83.31356048583984,82.0550537109375,1.2585067749023438
Univariate,univariate,WTI Oil,Com_CrudeOil,tscv,9,2024-07-08,588,5,PatchTST,XGBoost,82.13400268554688,82.004638671875,0.129364013671875
Univariate,univariate,WTI Oil,Com_CrudeOil,tscv,9,2024-07-15,589,6,PatchTST,XGBoost,80.80999755859375,82.61845397949219,-1.8084564208984375
Univariate,univariate,WTI Oil,Com_CrudeOil,tscv,9,2024-07-22,590,7,PatchTST,XGBoost,77.6780014038086,81.6760025024414,-3.9980010986328125
Univariate,univariate,WTI Oil,Com_CrudeOil,tscv,9,2024-07-29,591,8,PatchTST,XGBoost,75.65599822998047,80.25904846191406,-4.603050231933594
Univariate,univariate,WTI Oil,Com_CrudeOil,tscv,9,2024-08-05,592,9,PatchTST,XGBoost,74.87999725341797,80.48442840576172,-5.60443115234375
Univariate,univariate,WTI Oil,Com_CrudeOil,tscv,9,2024-08-12,593,10,PatchTST,XGBoost,77.58399963378906,77.1261978149414,0.45780181884765625
Univariate,univariate,WTI Oil,Com_CrudeOil,tscv,9,2024-08-19,594,11,PatchTST,XGBoost,73.31999969482422,78.10773468017578,-4.7877349853515625
Univariate,univariate,WTI Oil,Com_CrudeOil,tscv,9,2024-08-26,595,12,PatchTST,XGBoost,75.38600158691406,79.50151824951172,-4.115516662597656
Univariate,univariate,WTI Oil,Com_CrudeOil,tscv,9,2024-06-10,584,1,PatchTST,LightGBM,78.16200256347656,81.04206848144531,-2.88006591796875
Univariate,univariate,WTI Oil,Com_CrudeOil,tscv,9,2024-06-17,585,2,PatchTST,LightGBM,80.61250305175781,79.07200622558594,1.540496826171875
Univariate,univariate,WTI Oil,Com_CrudeOil,tscv,9,2024-06-24,586,3,PatchTST,LightGBM,81.3280029296875,77.71345520019531,3.6145477294921875
Univariate,univariate,WTI Oil,Com_CrudeOil,tscv,9,2024-07-01,587,4,PatchTST,LightGBM,83.31356048583984,78.00830078125,5.305259704589844
Univariate,univariate,WTI Oil,Com_CrudeOil,tscv,9,2024-07-08,588,5,PatchTST,LightGBM,82.13400268554688,77.48260498046875,4.651397705078125
Univariate,univariate,WTI Oil,Com_CrudeOil,tscv,9,2024-07-15,589,6,PatchTST,LightGBM,80.80999755859375,77.69342041015625,3.1165771484375
Univariate,univariate,WTI Oil,Com_CrudeOil,tscv,9,2024-07-22,590,7,PatchTST,LightGBM,77.6780014038086,77.73968505859375,-0.06168365478515625
Univariate,univariate,WTI Oil,Com_CrudeOil,tscv,9,2024-07-29,591,8,PatchTST,LightGBM,75.65599822998047,75.79942321777344,-0.14342498779296875
Univariate,univariate,WTI Oil,Com_CrudeOil,tscv,9,2024-08-05,592,9,PatchTST,LightGBM,74.87999725341797,76.88911437988281,-2.0091171264648438
Univariate,univariate,WTI Oil,Com_CrudeOil,tscv,9,2024-08-12,593,10,PatchTST,LightGBM,77.58399963378906,76.64703369140625,0.9369659423828125
Univariate,univariate,WTI Oil,Com_CrudeOil,tscv,9,2024-08-19,594,11,PatchTST,LightGBM,73.31999969482422,75.08609008789062,-1.7660903930664062
Univariate,univariate,WTI Oil,Com_CrudeOil,tscv,9,2024-08-26,595,12,PatchTST,LightGBM,75.38600158691406,77.33322143554688,-1.9472198486328125
Univariate,univariate,WTI Oil,Com_CrudeOil,tscv,10,2024-07-08,588,1,PatchTST,-,82.13400268554688,87.63626098632812,-5.50225830078125
Univariate,univariate,WTI Oil,Com_CrudeOil,tscv,10,2024-07-15,589,2,PatchTST,-,80.80999755859375,88.16693115234375,-7.35693359375
Univariate,univariate,WTI Oil,Com_CrudeOil,tscv,10,2024-07-22,590,3,PatchTST,-,77.6780014038086,87.04254913330078,-9.364547729492188
Univariate,univariate,WTI Oil,Com_CrudeOil,tscv,10,2024-07-29,591,4,PatchTST,-,75.65599822998047,86.3587875366211,-10.702789306640625
Univariate,univariate,WTI Oil,Com_CrudeOil,tscv,10,2024-08-05,592,5,PatchTST,-,74.87999725341797,85.36605834960938,-10.486061096191406
Univariate,univariate,WTI Oil,Com_CrudeOil,tscv,10,2024-08-12,593,6,PatchTST,-,77.58399963378906,84.65434265136719,-7.070343017578125
Univariate,univariate,WTI Oil,Com_CrudeOil,tscv,10,2024-08-19,594,7,PatchTST,-,73.31999969482422,85.32686614990234,-12.006866455078125
Univariate,univariate,WTI Oil,Com_CrudeOil,tscv,10,2024-08-26,595,8,PatchTST,-,75.38600158691406,83.61322784423828,-8.227226257324219
Univariate,univariate,WTI Oil,Com_CrudeOil,tscv,10,2024-09-02,596,9,PatchTST,-,70.08424377441406,82.66481018066406,-12.58056640625
Univariate,univariate,WTI Oil,Com_CrudeOil,tscv,10,2024-09-09,597,10,PatchTST,-,67.87799835205078,81.98970031738281,-14.111701965332031
Univariate,univariate,WTI Oil,Com_CrudeOil,tscv,10,2024-09-16,598,11,PatchTST,-,70.41799926757812,78.12193298339844,-7.7039337158203125
Univariate,univariate,WTI Oil,Com_CrudeOil,tscv,10,2024-09-23,599,12,PatchTST,-,69.49400329589844,77.7640151977539,-8.270011901855469
Univariate,univariate,WTI Oil,Com_CrudeOil,tscv,10,2024-07-08,588,1,PatchTST,NLinear,82.13400268554688,82.57212829589844,-0.4381256103515625
Univariate,univariate,WTI Oil,Com_CrudeOil,tscv,10,2024-07-15,589,2,PatchTST,NLinear,80.80999755859375,85.73336029052734,-4.923362731933594
Univariate,univariate,WTI Oil,Com_CrudeOil,tscv,10,2024-07-22,590,3,PatchTST,NLinear,77.6780014038086,86.58577728271484,-8.90777587890625
Univariate,univariate,WTI Oil,Com_CrudeOil,tscv,10,2024-07-29,591,4,PatchTST,NLinear,75.65599822998047,87.09135437011719,-11.435356140136719
Univariate,univariate,WTI Oil,Com_CrudeOil,tscv,10,2024-08-05,592,5,PatchTST,NLinear,74.87999725341797,86.49128723144531,-11.611289978027344
Univariate,univariate,WTI Oil,Com_CrudeOil,tscv,10,2024-08-12,593,6,PatchTST,NLinear,77.58399963378906,85.8564682006836,-8.272468566894531
Univariate,univariate,WTI Oil,Com_CrudeOil,tscv,10,2024-08-19,594,7,PatchTST,NLinear,73.31999969482422,87.03578186035156,-13.715782165527344
Univariate,univariate,WTI Oil,Com_CrudeOil,tscv,10,2024-08-26,595,8,PatchTST,NLinear,75.38600158691406,85.38285827636719,-9.996856689453125
Univariate,univariate,WTI Oil,Com_CrudeOil,tscv,10,2024-09-02,596,9,PatchTST,NLinear,70.08424377441406,83.85844421386719,-13.774200439453125
Univariate,univariate,WTI Oil,Com_CrudeOil,tscv,10,2024-09-09,597,10,PatchTST,NLinear,67.87799835205078,82.8017807006836,-14.923782348632812
Univariate,univariate,WTI Oil,Com_CrudeOil,tscv,10,2024-09-16,598,11,PatchTST,NLinear,70.41799926757812,78.61770629882812,-8.19970703125
Univariate,univariate,WTI Oil,Com_CrudeOil,tscv,10,2024-09-23,599,12,PatchTST,NLinear,69.49400329589844,78.42363739013672,-8.929634094238281
Univariate,univariate,WTI Oil,Com_CrudeOil,tscv,10,2024-07-08,588,1,PatchTST,iTransformer,82.13400268554688,81.45211791992188,0.681884765625
Univariate,univariate,WTI Oil,Com_CrudeOil,tscv,10,2024-07-15,589,2,PatchTST,iTransformer,80.80999755859375,81.96241760253906,-1.1524200439453125
Univariate,univariate,WTI Oil,Com_CrudeOil,tscv,10,2024-07-22,590,3,PatchTST,iTransformer,77.6780014038086,80.84626770019531,-3.1682662963867188
Univariate,univariate,WTI Oil,Com_CrudeOil,tscv,10,2024-07-29,591,4,PatchTST,iTransformer,75.65599822998047,80.15631103515625,-4.500312805175781
Univariate,univariate,WTI Oil,Com_CrudeOil,tscv,10,2024-08-05,592,5,PatchTST,iTransformer,74.87999725341797,79.17781066894531,-4.297813415527344
Univariate,univariate,WTI Oil,Com_CrudeOil,tscv,10,2024-08-12,593,6,PatchTST,iTransformer,77.58399963378906,78.48077392578125,-0.8967742919921875
Univariate,univariate,WTI Oil,Com_CrudeOil,tscv,10,2024-08-19,594,7,PatchTST,iTransformer,73.31999969482422,79.16547393798828,-5.8454742431640625
Univariate,univariate,WTI Oil,Com_CrudeOil,tscv,10,2024-08-26,595,8,PatchTST,iTransformer,75.38600158691406,77.4649887084961,-2.0789871215820312
Univariate,univariate,WTI Oil,Com_CrudeOil,tscv,10,2024-09-02,596,9,PatchTST,iTransformer,70.08424377441406,76.57640075683594,-6.492156982421875
Univariate,univariate,WTI Oil,Com_CrudeOil,tscv,10,2024-09-09,597,10,PatchTST,iTransformer,67.87799835205078,75.93331146240234,-8.055313110351562
Univariate,univariate,WTI Oil,Com_CrudeOil,tscv,10,2024-09-16,598,11,PatchTST,iTransformer,70.41799926757812,72.07110595703125,-1.653106689453125
Univariate,univariate,WTI Oil,Com_CrudeOil,tscv,10,2024-09-23,599,12,PatchTST,iTransformer,69.49400329589844,71.71381378173828,-2.2198104858398438
Univariate,univariate,WTI Oil,Com_CrudeOil,tscv,10,2024-07-08,588,1,PatchTST,XGBoost,82.13400268554688,76.29122924804688,5.8427734375
Univariate,univariate,WTI Oil,Com_CrudeOil,tscv,10,2024-07-15,589,2,PatchTST,XGBoost,80.80999755859375,76.17140197753906,4.6385955810546875
Univariate,univariate,WTI Oil,Com_CrudeOil,tscv,10,2024-07-22,590,3,PatchTST,XGBoost,77.6780014038086,74.93749237060547,2.740509033203125
Univariate,univariate,WTI Oil,Com_CrudeOil,tscv,10,2024-07-29,591,4,PatchTST,XGBoost,75.65599822998047,74.33741760253906,1.3185806274414062
Univariate,univariate,WTI Oil,Com_CrudeOil,tscv,10,2024-08-05,592,5,PatchTST,XGBoost,74.87999725341797,76.06002807617188,-1.1800308227539062
Univariate,univariate,WTI Oil,Com_CrudeOil,tscv,10,2024-08-12,593,6,PatchTST,XGBoost,77.58399963378906,75.83097839355469,1.753021240234375
Univariate,univariate,WTI Oil,Com_CrudeOil,tscv,10,2024-08-19,594,7,PatchTST,XGBoost,73.31999969482422,76.515625,-3.1956253051757812
Univariate,univariate,WTI Oil,Com_CrudeOil,tscv,10,2024-08-26,595,8,PatchTST,XGBoost,75.38600158691406,74.7552719116211,0.6307296752929688
Univariate,univariate,WTI Oil,Com_CrudeOil,tscv,10,2024-09-02,596,9,PatchTST,XGBoost,70.08424377441406,74.77511596679688,-4.6908721923828125
Univariate,univariate,WTI Oil,Com_CrudeOil,tscv,10,2024-09-09,597,10,PatchTST,XGBoost,67.87799835205078,74.55620574951172,-6.6782073974609375
Univariate,univariate,WTI Oil,Com_CrudeOil,tscv,10,2024-09-16,598,11,PatchTST,XGBoost,70.41799926757812,71.19393920898438,-0.77593994140625
Univariate,univariate,WTI Oil,Com_CrudeOil,tscv,10,2024-09-23,599,12,PatchTST,XGBoost,69.49400329589844,72.16716766357422,-2.6731643676757812
Univariate,univariate,WTI Oil,Com_CrudeOil,tscv,10,2024-07-08,588,1,PatchTST,LightGBM,82.13400268554688,79.57266235351562,2.56134033203125
Univariate,univariate,WTI Oil,Com_CrudeOil,tscv,10,2024-07-15,589,2,PatchTST,LightGBM,80.80999755859375,79.34919738769531,1.4608001708984375
Univariate,univariate,WTI Oil,Com_CrudeOil,tscv,10,2024-07-22,590,3,PatchTST,LightGBM,77.6780014038086,78.85685729980469,-1.1788558959960938
Univariate,univariate,WTI Oil,Com_CrudeOil,tscv,10,2024-07-29,591,4,PatchTST,LightGBM,75.65599822998047,78.23320007324219,-2.5772018432617188
Univariate,univariate,WTI Oil,Com_CrudeOil,tscv,10,2024-08-05,592,5,PatchTST,LightGBM,74.87999725341797,77.50674438476562,-2.6267471313476562
Univariate,univariate,WTI Oil,Com_CrudeOil,tscv,10,2024-08-12,593,6,PatchTST,LightGBM,77.58399963378906,76.4052505493164,1.1787490844726562
Univariate,univariate,WTI Oil,Com_CrudeOil,tscv,10,2024-08-19,594,7,PatchTST,LightGBM,73.31999969482422,76.75200653076172,-3.4320068359375
Univariate,univariate,WTI Oil,Com_CrudeOil,tscv,10,2024-08-26,595,8,PatchTST,LightGBM,75.38600158691406,75.4862289428711,-0.10022735595703125
Univariate,univariate,WTI Oil,Com_CrudeOil,tscv,10,2024-09-02,596,9,PatchTST,LightGBM,70.08424377441406,74.53781127929688,-4.4535675048828125
Univariate,univariate,WTI Oil,Com_CrudeOil,tscv,10,2024-09-09,597,10,PatchTST,LightGBM,67.87799835205078,73.86270141601562,-5.984703063964844
Univariate,univariate,WTI Oil,Com_CrudeOil,tscv,10,2024-09-16,598,11,PatchTST,LightGBM,70.41799926757812,69.99493408203125,0.423065185546875
Univariate,univariate,WTI Oil,Com_CrudeOil,tscv,10,2024-09-23,599,12,PatchTST,LightGBM,69.49400329589844,69.78632354736328,-0.29232025146484375
Univariate,univariate,WTI Oil,Com_CrudeOil,tscv,11,2024-08-05,592,1,PatchTST,-,74.87999725341797,86.81241607666016,-11.932418823242188
Univariate,univariate,WTI Oil,Com_CrudeOil,tscv,11,2024-08-12,593,2,PatchTST,-,77.58399963378906,83.23541259765625,-5.6514129638671875
Univariate,univariate,WTI Oil,Com_CrudeOil,tscv,11,2024-08-19,594,3,PatchTST,-,73.31999969482422,83.86454772949219,-10.544548034667969
Univariate,univariate,WTI Oil,Com_CrudeOil,tscv,11,2024-08-26,595,4,PatchTST,-,75.38600158691406,81.79325103759766,-6.407249450683594
Univariate,univariate,WTI Oil,Com_CrudeOil,tscv,11,2024-09-02,596,5,PatchTST,-,70.08424377441406,81.59567260742188,-11.511428833007812
Univariate,univariate,WTI Oil,Com_CrudeOil,tscv,11,2024-09-09,597,6,PatchTST,-,67.87799835205078,78.1316146850586,-10.253616333007812
Univariate,univariate,WTI Oil,Com_CrudeOil,tscv,11,2024-09-16,598,7,PatchTST,-,70.41799926757812,71.75428771972656,-1.3362884521484375
Univariate,univariate,WTI Oil,Com_CrudeOil,tscv,11,2024-09-23,599,8,PatchTST,-,69.49400329589844,72.71514129638672,-3.2211380004882812
Univariate,univariate,WTI Oil,Com_CrudeOil,tscv,11,2024-09-30,600,9,PatchTST,-,71.23799896240234,71.15094757080078,0.0870513916015625
Univariate,univariate,WTI Oil,Com_CrudeOil,tscv,11,2024-10-07,601,10,PatchTST,-,75.0719985961914,71.93489074707031,3.1371078491210938
Univariate,univariate,WTI Oil,Com_CrudeOil,tscv,11,2024-10-14,602,11,PatchTST,-,70.71600341796875,75.40169525146484,-4.685691833496094
Univariate,univariate,WTI Oil,Com_CrudeOil,tscv,11,2024-10-21,603,12,PatchTST,-,70.90399932861328,75.1755599975586,-4.2715606689453125
Univariate,univariate,WTI Oil,Com_CrudeOil,tscv,11,2024-08-05,592,1,PatchTST,NLinear,74.87999725341797,76.89712524414062,-2.0171279907226562
Univariate,univariate,WTI Oil,Com_CrudeOil,tscv,11,2024-08-12,593,2,PatchTST,NLinear,77.58399963378906,73.26148986816406,4.322509765625
Univariate,univariate,WTI Oil,Com_CrudeOil,tscv,11,2024-08-19,594,3,PatchTST,NLinear,73.31999969482422,74.71070861816406,-1.3907089233398438
Univariate,univariate,WTI Oil,Com_CrudeOil,tscv,11,2024-08-26,595,4,PatchTST,NLinear,75.38600158691406,74.11323547363281,1.27276611328125
Univariate,univariate,WTI Oil,Com_CrudeOil,tscv,11,2024-09-02,596,5,PatchTST,NLinear,70.08424377441406,74.47439575195312,-4.3901519775390625
Univariate,univariate,WTI Oil,Com_CrudeOil,tscv,11,2024-09-09,597,6,PatchTST,NLinear,67.87799835205078,71.50743865966797,-3.6294403076171875
Univariate,univariate,WTI Oil,Com_CrudeOil,tscv,11,2024-09-16,598,7,PatchTST,NLinear,70.41799926757812,66.13739013671875,4.280609130859375
Univariate,univariate,WTI Oil,Com_CrudeOil,tscv,11,2024-09-23,599,8,PatchTST,NLinear,69.49400329589844,67.08629608154297,2.4077072143554688
Univariate,univariate,WTI Oil,Com_CrudeOil,tscv,11,2024-09-30,600,9,PatchTST,NLinear,71.23799896240234,65.06282043457031,6.175178527832031
Univariate,univariate,WTI Oil,Com_CrudeOil,tscv,11,2024-10-07,601,10,PatchTST,NLinear,75.0719985961914,66.15635681152344,8.915641784667969
Univariate,univariate,WTI Oil,Com_CrudeOil,tscv,11,2024-10-14,602,11,PatchTST,NLinear,70.71600341796875,70.07649993896484,0.6395034790039062
Univariate,univariate,WTI Oil,Com_CrudeOil,tscv,11,2024-10-21,603,12,PatchTST,NLinear,70.90399932861328,70.50401306152344,0.39998626708984375
Univariate,univariate,WTI Oil,Com_CrudeOil,tscv,11,2024-08-05,592,1,PatchTST,iTransformer,74.87999725341797,79.88768768310547,-5.0076904296875
Univariate,univariate,WTI Oil,Com_CrudeOil,tscv,11,2024-08-12,593,2,PatchTST,iTransformer,77.58399963378906,77.09796142578125,0.4860382080078125
Univariate,univariate,WTI Oil,Com_CrudeOil,tscv,11,2024-08-19,594,3,PatchTST,iTransformer,73.31999969482422,79.3855209350586,-6.065521240234375
Univariate,univariate,WTI Oil,Com_CrudeOil,tscv,11,2024-08-26,595,4,PatchTST,iTransformer,75.38600158691406,79.22240447998047,-3.8364028930664062
Univariate,univariate,WTI Oil,Com_CrudeOil,tscv,11,2024-09-02,596,5,PatchTST,iTransformer,70.08424377441406,80.1729965209961,-10.088752746582031
Univariate,univariate,WTI Oil,Com_CrudeOil,tscv,11,2024-09-09,597,6,PatchTST,iTransformer,67.87799835205078,77.01993560791016,-9.141937255859375
Univariate,univariate,WTI Oil,Com_CrudeOil,tscv,11,2024-09-16,598,7,PatchTST,iTransformer,70.41799926757812,71.10751342773438,-0.68951416015625
Univariate,univariate,WTI Oil,Com_CrudeOil,tscv,11,2024-09-23,599,8,PatchTST,iTransformer,69.49400329589844,72.10202026367188,-2.6080169677734375
Univariate,univariate,WTI Oil,Com_CrudeOil,tscv,11,2024-09-30,600,9,PatchTST,iTransformer,71.23799896240234,71.32573699951172,-0.087738037109375
Univariate,univariate,WTI Oil,Com_CrudeOil,tscv,11,2024-10-07,601,10,PatchTST,iTransformer,75.0719985961914,71.88328552246094,3.1887130737304688
Univariate,univariate,WTI Oil,Com_CrudeOil,tscv,11,2024-10-14,602,11,PatchTST,iTransformer,70.71600341796875,75.72006225585938,-5.004058837890625
Univariate,univariate,WTI Oil,Com_CrudeOil,tscv,11,2024-10-21,603,12,PatchTST,iTransformer,70.90399932861328,75.4871597290039,-4.583160400390625
Univariate,univariate,WTI Oil,Com_CrudeOil,tscv,11,2024-08-05,592,1,PatchTST,XGBoost,74.87999725341797,79.40711975097656,-4.527122497558594
Univariate,univariate,WTI Oil,Com_CrudeOil,tscv,11,2024-08-12,593,2,PatchTST,XGBoost,77.58399963378906,76.62776184082031,0.95623779296875
Univariate,univariate,WTI Oil,Com_CrudeOil,tscv,11,2024-08-19,594,3,PatchTST,XGBoost,73.31999969482422,77.51930236816406,-4.199302673339844
Univariate,univariate,WTI Oil,Com_CrudeOil,tscv,11,2024-08-26,595,4,PatchTST,XGBoost,75.38600158691406,74.21442413330078,1.1715774536132812
Univariate,univariate,WTI Oil,Com_CrudeOil,tscv,11,2024-09-02,596,5,PatchTST,XGBoost,70.08424377441406,75.16946411132812,-5.0852203369140625
Univariate,univariate,WTI Oil,Com_CrudeOil,tscv,11,2024-09-09,597,6,PatchTST,XGBoost,67.87799835205078,70.46271514892578,-2.584716796875
Univariate,univariate,WTI Oil,Com_CrudeOil,tscv,11,2024-09-16,598,7,PatchTST,XGBoost,70.41799926757812,64.1278076171875,6.290191650390625
Univariate,univariate,WTI Oil,Com_CrudeOil,tscv,11,2024-09-23,599,8,PatchTST,XGBoost,69.49400329589844,63.61130142211914,5.882701873779297
Univariate,univariate,WTI Oil,Com_CrudeOil,tscv,11,2024-09-30,600,9,PatchTST,XGBoost,71.23799896240234,62.09890365600586,9.139095306396484
Univariate,univariate,WTI Oil,Com_CrudeOil,tscv,11,2024-10-07,601,10,PatchTST,XGBoost,75.0719985961914,62.68474578857422,12.387252807617188
Univariate,univariate,WTI Oil,Com_CrudeOil,tscv,11,2024-10-14,602,11,PatchTST,XGBoost,70.71600341796875,65.32144927978516,5.394554138183594
Univariate,univariate,WTI Oil,Com_CrudeOil,tscv,11,2024-10-21,603,12,PatchTST,XGBoost,70.90399932861328,64.04226684570312,6.861732482910156
Univariate,univariate,WTI Oil,Com_CrudeOil,tscv,11,2024-08-05,592,1,PatchTST,LightGBM,74.87999725341797,77.80001068115234,-2.920013427734375
Univariate,univariate,WTI Oil,Com_CrudeOil,tscv,11,2024-08-12,593,2,PatchTST,LightGBM,77.58399963378906,74.38226318359375,3.2017364501953125
Univariate,univariate,WTI Oil,Com_CrudeOil,tscv,11,2024-08-19,594,3,PatchTST,LightGBM,73.31999969482422,74.13656616210938,-0.8165664672851562
Univariate,univariate,WTI Oil,Com_CrudeOil,tscv,11,2024-08-26,595,4,PatchTST,LightGBM,75.38600158691406,72.383544921875,3.0024566650390625
Univariate,univariate,WTI Oil,Com_CrudeOil,tscv,11,2024-09-02,596,5,PatchTST,LightGBM,70.08424377441406,72.10358428955078,-2.0193405151367188
Univariate,univariate,WTI Oil,Com_CrudeOil,tscv,11,2024-09-09,597,6,PatchTST,LightGBM,67.87799835205078,68.56075286865234,-0.6827545166015625
Univariate,univariate,WTI Oil,Com_CrudeOil,tscv,11,2024-09-16,598,7,PatchTST,LightGBM,70.41799926757812,62.18342971801758,8.234569549560547
Univariate,univariate,WTI Oil,Com_CrudeOil,tscv,11,2024-09-23,599,8,PatchTST,LightGBM,69.49400329589844,63.144283294677734,6.349720001220703
Univariate,univariate,WTI Oil,Com_CrudeOil,tscv,11,2024-09-30,600,9,PatchTST,LightGBM,71.23799896240234,61.5800895690918,9.657909393310547
Univariate,univariate,WTI Oil,Com_CrudeOil,tscv,11,2024-10-07,601,10,PatchTST,LightGBM,75.0719985961914,62.36403274536133,12.707965850830078
Univariate,univariate,WTI Oil,Com_CrudeOil,tscv,11,2024-10-14,602,11,PatchTST,LightGBM,70.71600341796875,65.91061401367188,4.805389404296875
Univariate,univariate,WTI Oil,Com_CrudeOil,tscv,11,2024-10-21,603,12,PatchTST,LightGBM,70.90399932861328,65.68447875976562,5.219520568847656
Univariate,univariate,WTI Oil,Com_CrudeOil,tscv,12,2024-09-02,596,1,PatchTST,-,70.08424377441406,83.60639953613281,-13.52215576171875
Univariate,univariate,WTI Oil,Com_CrudeOil,tscv,12,2024-09-09,597,2,PatchTST,-,67.87799835205078,81.40802764892578,-13.530029296875
Univariate,univariate,WTI Oil,Com_CrudeOil,tscv,12,2024-09-16,598,3,PatchTST,-,70.41799926757812,77.17262268066406,-6.7546234130859375
Univariate,univariate,WTI Oil,Com_CrudeOil,tscv,12,2024-09-23,599,4,PatchTST,-,69.49400329589844,75.77320098876953,-6.279197692871094
Univariate,univariate,WTI Oil,Com_CrudeOil,tscv,12,2024-09-30,600,5,PatchTST,-,71.23799896240234,73.30841827392578,-2.0704193115234375
Univariate,univariate,WTI Oil,Com_CrudeOil,tscv,12,2024-10-07,601,6,PatchTST,-,75.0719985961914,72.5369873046875,2.5350112915039062
Univariate,univariate,WTI Oil,Com_CrudeOil,tscv,12,2024-10-14,602,7,PatchTST,-,70.71600341796875,75.04067993164062,-4.324676513671875
Univariate,univariate,WTI Oil,Com_CrudeOil,tscv,12,2024-10-21,603,8,PatchTST,-,70.90399932861328,76.2541275024414,-5.350128173828125
Univariate,univariate,WTI Oil,Com_CrudeOil,tscv,12,2024-10-28,604,9,PatchTST,-,68.38999938964844,73.86968994140625,-5.4796905517578125
Univariate,univariate,WTI Oil,Com_CrudeOil,tscv,12,2024-11-04,605,10,PatchTST,-,71.5780029296875,74.29309844970703,-2.7150955200195312
Univariate,univariate,WTI Oil,Com_CrudeOil,tscv,12,2024-11-11,606,11,PatchTST,-,68.04199981689453,73.23272705078125,-5.190727233886719
Univariate,univariate,WTI Oil,Com_CrudeOil,tscv,12,2024-11-18,607,12,PatchTST,-,69.69999694824219,70.17607116699219,-0.47607421875
Univariate,univariate,WTI Oil,Com_CrudeOil,tscv,12,2024-09-02,596,1,PatchTST,NLinear,70.08424377441406,79.68651580810547,-9.602272033691406
Univariate,univariate,WTI Oil,Com_CrudeOil,tscv,12,2024-09-09,597,2,PatchTST,NLinear,67.87799835205078,76.96810913085938,-9.090110778808594
Univariate,univariate,WTI Oil,Com_CrudeOil,tscv,12,2024-09-16,598,3,PatchTST,NLinear,70.41799926757812,72.03298950195312,-1.614990234375
Univariate,univariate,WTI Oil,Com_CrudeOil,tscv,12,2024-09-23,599,4,PatchTST,NLinear,69.49400329589844,70.44283294677734,-0.9488296508789062
Univariate,univariate,WTI Oil,Com_CrudeOil,tscv,12,2024-09-30,600,5,PatchTST,NLinear,71.23799896240234,68.4529800415039,2.7850189208984375
Univariate,univariate,WTI Oil,Com_CrudeOil,tscv,12,2024-10-07,601,6,PatchTST,NLinear,75.0719985961914,68.98397827148438,6.088020324707031
Univariate,univariate,WTI Oil,Com_CrudeOil,tscv,12,2024-10-14,602,7,PatchTST,NLinear,70.71600341796875,72.3342056274414,-1.6182022094726562
Univariate,univariate,WTI Oil,Com_CrudeOil,tscv,12,2024-10-21,603,8,PatchTST,NLinear,70.90399932861328,74.69422912597656,-3.7902297973632812
Univariate,univariate,WTI Oil,Com_CrudeOil,tscv,12,2024-10-28,604,9,PatchTST,NLinear,68.38999938964844,73.0645523071289,-4.674552917480469
Univariate,univariate,WTI Oil,Com_CrudeOil,tscv,12,2024-11-04,605,10,PatchTST,NLinear,71.5780029296875,73.26172637939453,-1.6837234497070312
Univariate,univariate,WTI Oil,Com_CrudeOil,tscv,12,2024-11-11,606,11,PatchTST,NLinear,68.04199981689453,72.01596069335938,-3.9739608764648438
Univariate,univariate,WTI Oil,Com_CrudeOil,tscv,12,2024-11-18,607,12,PatchTST,NLinear,69.69999694824219,68.24174499511719,1.458251953125
Univariate,univariate,WTI Oil,Com_CrudeOil,tscv,12,2024-09-02,596,1,PatchTST,iTransformer,70.08424377441406,77.9324722290039,-7.848228454589844
Univariate,univariate,WTI Oil,Com_CrudeOil,tscv,12,2024-09-09,597,2,PatchTST,iTransformer,67.87799835205078,76.369384765625,-8.491386413574219
Univariate,univariate,WTI Oil,Com_CrudeOil,tscv,12,2024-09-16,598,3,PatchTST,iTransformer,70.41799926757812,72.79109954833984,-2.3731002807617188
Univariate,univariate,WTI Oil,Com_CrudeOil,tscv,12,2024-09-23,599,4,PatchTST,iTransformer,69.49400329589844,71.67146301269531,-2.177459716796875
Univariate,univariate,WTI Oil,Com_CrudeOil,tscv,12,2024-09-30,600,5,PatchTST,iTransformer,71.23799896240234,69.98281860351562,1.2551803588867188
Univariate,univariate,WTI Oil,Com_CrudeOil,tscv,12,2024-10-07,601,6,PatchTST,iTransformer,75.0719985961914,70.65911865234375,4.412879943847656
Univariate,univariate,WTI Oil,Com_CrudeOil,tscv,12,2024-10-14,602,7,PatchTST,iTransformer,70.71600341796875,73.73380279541016,-3.0177993774414062
Univariate,univariate,WTI Oil,Com_CrudeOil,tscv,12,2024-10-21,603,8,PatchTST,iTransformer,70.90399932861328,74.47278594970703,-3.56878662109375
Univariate,univariate,WTI Oil,Com_CrudeOil,tscv,12,2024-10-28,604,9,PatchTST,iTransformer,68.38999938964844,72.689697265625,-4.2996978759765625
Univariate,univariate,WTI Oil,Com_CrudeOil,tscv,12,2024-11-04,605,10,PatchTST,iTransformer,71.5780029296875,72.48831176757812,-0.910308837890625
Univariate,univariate,WTI Oil,Com_CrudeOil,tscv,12,2024-11-11,606,11,PatchTST,iTransformer,68.04199981689453,71.2727279663086,-3.2307281494140625
Univariate,univariate,WTI Oil,Com_CrudeOil,tscv,12,2024-11-18,607,12,PatchTST,iTransformer,69.69999694824219,66.84583282470703,2.8541641235351562
Univariate,univariate,WTI Oil,Com_CrudeOil,tscv,12,2024-09-02,596,1,PatchTST,XGBoost,70.08424377441406,77.82097625732422,-7.736732482910156
Univariate,univariate,WTI Oil,Com_CrudeOil,tscv,12,2024-09-09,597,2,PatchTST,XGBoost,67.87799835205078,74.35262298583984,-6.4746246337890625
Univariate,univariate,WTI Oil,Com_CrudeOil,tscv,12,2024-09-16,598,3,PatchTST,XGBoost,70.41799926757812,69.80398559570312,0.614013671875
Univariate,univariate,WTI Oil,Com_CrudeOil,tscv,12,2024-09-23,599,4,PatchTST,XGBoost,69.49400329589844,68.1259765625,1.3680267333984375
Univariate,univariate,WTI Oil,Com_CrudeOil,tscv,12,2024-09-30,600,5,PatchTST,XGBoost,71.23799896240234,65.72301483154297,5.514984130859375
Univariate,univariate,WTI Oil,Com_CrudeOil,tscv,12,2024-10-07,601,6,PatchTST,XGBoost,75.0719985961914,65.076416015625,9.995582580566406
Univariate,univariate,WTI Oil,Com_CrudeOil,tscv,12,2024-10-14,602,7,PatchTST,XGBoost,70.71600341796875,67.61139678955078,3.1046066284179688
Univariate,univariate,WTI Oil,Com_CrudeOil,tscv,12,2024-10-21,603,8,PatchTST,XGBoost,70.90399932861328,68.79586029052734,2.1081390380859375
Univariate,univariate,WTI Oil,Com_CrudeOil,tscv,12,2024-10-28,604,9,PatchTST,XGBoost,68.38999938964844,66.43797302246094,1.9520263671875
Univariate,univariate,WTI Oil,Com_CrudeOil,tscv,12,2024-11-04,605,10,PatchTST,XGBoost,71.5780029296875,66.85005187988281,4.7279510498046875
Univariate,univariate,WTI Oil,Com_CrudeOil,tscv,12,2024-11-11,606,11,PatchTST,XGBoost,68.04199981689453,65.46356201171875,2.5784378051757812
Univariate,univariate,WTI Oil,Com_CrudeOil,tscv,12,2024-11-18,607,12,PatchTST,XGBoost,69.69999694824219,62.186378479003906,7.513618469238281
Univariate,univariate,WTI Oil,Com_CrudeOil,tscv,12,2024-09-02,596,1,PatchTST,LightGBM,70.08424377441406,78.47727966308594,-8.393035888671875
Univariate,univariate,WTI Oil,Com_CrudeOil,tscv,12,2024-09-09,597,2,PatchTST,LightGBM,67.87799835205078,76.49349975585938,-8.615501403808594
Univariate,univariate,WTI Oil,Com_CrudeOil,tscv,12,2024-09-16,598,3,PatchTST,LightGBM,70.41799926757812,72.25810241699219,-1.8401031494140625
Univariate,univariate,WTI Oil,Com_CrudeOil,tscv,12,2024-09-23,599,4,PatchTST,LightGBM,69.49400329589844,70.85867309570312,-1.3646697998046875
Univariate,univariate,WTI Oil,Com_CrudeOil,tscv,12,2024-09-30,600,5,PatchTST,LightGBM,71.23799896240234,68.39389038085938,2.8441085815429688
Univariate,univariate,WTI Oil,Com_CrudeOil,tscv,12,2024-10-07,601,6,PatchTST,LightGBM,75.0719985961914,67.62246704101562,7.449531555175781
Univariate,univariate,WTI Oil,Com_CrudeOil,tscv,12,2024-10-14,602,7,PatchTST,LightGBM,70.71600341796875,70.12615966796875,0.58984375
Univariate,univariate,WTI Oil,Com_CrudeOil,tscv,12,2024-10-21,603,8,PatchTST,LightGBM,70.90399932861328,71.339599609375,-0.43560028076171875
Univariate,univariate,WTI Oil,Com_CrudeOil,tscv,12,2024-10-28,604,9,PatchTST,LightGBM,68.38999938964844,68.95516967773438,-0.5651702880859375
Univariate,univariate,WTI Oil,Com_CrudeOil,tscv,12,2024-11-04,605,10,PatchTST,LightGBM,71.5780029296875,69.37857055664062,2.199432373046875
Univariate,univariate,WTI Oil,Com_CrudeOil,tscv,12,2024-11-11,606,11,PatchTST,LightGBM,68.04199981689453,68.31820678710938,-0.27620697021484375
Univariate,univariate,WTI Oil,Com_CrudeOil,tscv,12,2024-11-18,607,12,PatchTST,LightGBM,69.69999694824219,65.26155090332031,4.438446044921875
Univariate,univariate,WTI Oil,Com_CrudeOil,tscv,13,2024-09-30,600,1,PatchTST,-,71.23799896240234,70.74691009521484,0.4910888671875
Univariate,univariate,WTI Oil,Com_CrudeOil,tscv,13,2024-10-07,601,2,PatchTST,-,75.0719985961914,72.04688262939453,3.025115966796875
Univariate,univariate,WTI Oil,Com_CrudeOil,tscv,13,2024-10-14,602,3,PatchTST,-,70.71600341796875,76.12340545654297,-5.407402038574219
Univariate,univariate,WTI Oil,Com_CrudeOil,tscv,13,2024-10-21,603,4,PatchTST,-,70.90399932861328,77.28409576416016,-6.380096435546875
Univariate,univariate,WTI Oil,Com_CrudeOil,tscv,13,2024-10-28,604,5,PatchTST,-,68.38999938964844,75.80152130126953,-7.411521911621094
Univariate,univariate,WTI Oil,Com_CrudeOil,tscv,13,2024-11-04,605,6,PatchTST,-,71.5780029296875,73.44363403320312,-1.865631103515625
Univariate,univariate,WTI Oil,Com_CrudeOil,tscv,13,2024-11-11,606,7,PatchTST,-,68.04199981689453,74.47016143798828,-6.42816162109375
Univariate,univariate,WTI Oil,Com_CrudeOil,tscv,13,2024-11-18,607,8,PatchTST,-,69.69999694824219,71.91313934326172,-2.2131423950195312
Univariate,univariate,WTI Oil,Com_CrudeOil,tscv,13,2024-11-25,608,9,PatchTST,-,68.7181167602539,74.3311538696289,-5.613037109375
Univariate,univariate,WTI Oil,Com_CrudeOil,tscv,13,2024-12-02,609,10,PatchTST,-,68.11045837402344,72.88192749023438,-4.7714691162109375
Univariate,univariate,WTI Oil,Com_CrudeOil,tscv,13,2024-12-09,610,11,PatchTST,-,70.1072006225586,71.82611846923828,-1.7189178466796875
Univariate,univariate,WTI Oil,Com_CrudeOil,tscv,13,2024-12-16,611,12,PatchTST,-,69.7302017211914,72.68489837646484,-2.9546966552734375
Univariate,univariate,WTI Oil,Com_CrudeOil,tscv,13,2024-09-30,600,1,PatchTST,NLinear,71.23799896240234,69.93444061279297,1.303558349609375
Univariate,univariate,WTI Oil,Com_CrudeOil,tscv,13,2024-10-07,601,2,PatchTST,NLinear,75.0719985961914,71.62042999267578,3.451568603515625
Univariate,univariate,WTI Oil,Com_CrudeOil,tscv,13,2024-10-14,602,3,PatchTST,NLinear,70.71600341796875,75.02145385742188,-4.305450439453125
Univariate,univariate,WTI Oil,Com_CrudeOil,tscv,13,2024-10-21,603,4,PatchTST,NLinear,70.90399932861328,75.41126251220703,-4.50726318359375
Univariate,univariate,WTI Oil,Com_CrudeOil,tscv,13,2024-10-28,604,5,PatchTST,NLinear,68.38999938964844,73.04347229003906,-4.653472900390625
Univariate,univariate,WTI Oil,Com_CrudeOil,tscv,13,2024-11-04,605,6,PatchTST,NLinear,71.5780029296875,69.74697875976562,1.831024169921875
Univariate,univariate,WTI Oil,Com_CrudeOil,tscv,13,2024-11-11,606,7,PatchTST,NLinear,68.04199981689453,70.41936492919922,-2.3773651123046875
Univariate,univariate,WTI Oil,Com_CrudeOil,tscv,13,2024-11-18,607,8,PatchTST,NLinear,69.69999694824219,66.8813705444336,2.8186264038085938
Univariate,univariate,WTI Oil,Com_CrudeOil,tscv,13,2024-11-25,608,9,PatchTST,NLinear,68.7181167602539,68.49542236328125,0.22269439697265625
Univariate,univariate,WTI Oil,Com_CrudeOil,tscv,13,2024-12-02,609,10,PatchTST,NLinear,68.11045837402344,65.9872817993164,2.1231765747070312
Univariate,univariate,WTI Oil,Com_CrudeOil,tscv,13,2024-12-09,610,11,PatchTST,NLinear,70.1072006225586,63.40443801879883,6.702762603759766
Univariate,univariate,WTI Oil,Com_CrudeOil,tscv,13,2024-12-16,611,12,PatchTST,NLinear,69.7302017211914,63.02815246582031,6.702049255371094
Univariate,univariate,WTI Oil,Com_CrudeOil,tscv,13,2024-09-30,600,1,PatchTST,iTransformer,71.23799896240234,70.60343933105469,0.6345596313476562
Univariate,univariate,WTI Oil,Com_CrudeOil,tscv,13,2024-10-07,601,2,PatchTST,iTransformer,75.0719985961914,71.93266296386719,3.1393356323242188
Univariate,univariate,WTI Oil,Com_CrudeOil,tscv,13,2024-10-14,602,3,PatchTST,iTransformer,70.71600341796875,76.04551696777344,-5.3295135498046875
Univariate,univariate,WTI Oil,Com_CrudeOil,tscv,13,2024-10-21,603,4,PatchTST,iTransformer,70.90399932861328,77.19828796386719,-6.294288635253906
Univariate,univariate,WTI Oil,Com_CrudeOil,tscv,13,2024-10-28,604,5,PatchTST,iTransformer,68.38999938964844,75.66407012939453,-7.274070739746094
Univariate,univariate,WTI Oil,Com_CrudeOil,tscv,13,2024-11-04,605,6,PatchTST,iTransformer,71.5780029296875,73.25761413574219,-1.6796112060546875
Univariate,univariate,WTI Oil,Com_CrudeOil,tscv,13,2024-11-11,606,7,PatchTST,iTransformer,68.04199981689453,74.34241485595703,-6.3004150390625
Univariate,univariate,WTI Oil,Com_CrudeOil,tscv,13,2024-11-18,607,8,PatchTST,iTransformer,69.69999694824219,71.8485107421875,-2.1485137939453125
Univariate,univariate,WTI Oil,Com_CrudeOil,tscv,13,2024-11-25,608,9,PatchTST,iTransformer,68.7181167602539,74.23934173583984,-5.5212249755859375
Univariate,univariate,WTI Oil,Com_CrudeOil,tscv,13,2024-12-02,609,10,PatchTST,iTransformer,68.11045837402344,72.81072998046875,-4.7002716064453125
Univariate,univariate,WTI Oil,Com_CrudeOil,tscv,13,2024-12-09,610,11,PatchTST,iTransformer,70.1072006225586,71.70138549804688,-1.5941848754882812
Univariate,univariate,WTI Oil,Com_CrudeOil,tscv,13,2024-12-16,611,12,PatchTST,iTransformer,69.7302017211914,72.51737976074219,-2.7871780395507812
Univariate,univariate,WTI Oil,Com_CrudeOil,tscv,13,2024-09-30,600,1,PatchTST,XGBoost,71.23799896240234,67.99253845214844,3.2454605102539062
Univariate,univariate,WTI Oil,Com_CrudeOil,tscv,13,2024-10-07,601,2,PatchTST,XGBoost,75.0719985961914,68.68219757080078,6.389801025390625
Univariate,univariate,WTI Oil,Com_CrudeOil,tscv,13,2024-10-14,602,3,PatchTST,XGBoost,70.71600341796875,72.70481872558594,-1.9888153076171875
Univariate,univariate,WTI Oil,Com_CrudeOil,tscv,13,2024-10-21,603,4,PatchTST,XGBoost,70.90399932861328,74.11052703857422,-3.2065277099609375
Univariate,univariate,WTI Oil,Com_CrudeOil,tscv,13,2024-10-28,604,5,PatchTST,XGBoost,68.38999938964844,72.6103744506836,-4.220375061035156
Univariate,univariate,WTI Oil,Com_CrudeOil,tscv,13,2024-11-04,605,6,PatchTST,XGBoost,71.5780029296875,70.09038543701172,1.4876174926757812
Univariate,univariate,WTI Oil,Com_CrudeOil,tscv,13,2024-11-11,606,7,PatchTST,XGBoost,68.04199981689453,70.8082046508789,-2.766204833984375
Univariate,univariate,WTI Oil,Com_CrudeOil,tscv,13,2024-11-18,607,8,PatchTST,XGBoost,69.69999694824219,68.12677001953125,1.5732269287109375
Univariate,univariate,WTI Oil,Com_CrudeOil,tscv,13,2024-11-25,608,9,PatchTST,XGBoost,68.7181167602539,70.28479766845703,-1.566680908203125
Univariate,univariate,WTI Oil,Com_CrudeOil,tscv,13,2024-12-02,609,10,PatchTST,XGBoost,68.11045837402344,68.82772827148438,-0.7172698974609375
Univariate,univariate,WTI Oil,Com_CrudeOil,tscv,13,2024-12-09,610,11,PatchTST,XGBoost,70.1072006225586,66.7701644897461,3.3370361328125
Univariate,univariate,WTI Oil,Com_CrudeOil,tscv,13,2024-12-16,611,12,PatchTST,XGBoost,69.7302017211914,67.29430389404297,2.4358978271484375
Univariate,univariate,WTI Oil,Com_CrudeOil,tscv,13,2024-09-30,600,1,PatchTST,LightGBM,71.23799896240234,67.29077911376953,3.9472198486328125
Univariate,univariate,WTI Oil,Com_CrudeOil,tscv,13,2024-10-07,601,2,PatchTST,LightGBM,75.0719985961914,68.59075164794922,6.4812469482421875
Univariate,univariate,WTI Oil,Com_CrudeOil,tscv,13,2024-10-14,602,3,PatchTST,LightGBM,70.71600341796875,72.66727447509766,-1.9512710571289062
Univariate,univariate,WTI Oil,Com_CrudeOil,tscv,13,2024-10-21,603,4,PatchTST,LightGBM,70.90399932861328,73.82796478271484,-2.9239654541015625
Univariate,univariate,WTI Oil,Com_CrudeOil,tscv,13,2024-10-28,604,5,PatchTST,LightGBM,68.38999938964844,72.34539031982422,-3.9553909301757812
Univariate,univariate,WTI Oil,Com_CrudeOil,tscv,13,2024-11-04,605,6,PatchTST,LightGBM,71.5780029296875,69.98750305175781,1.5904998779296875
Univariate,univariate,WTI Oil,Com_CrudeOil,tscv,13,2024-11-11,606,7,PatchTST,LightGBM,68.04199981689453,71.01403045654297,-2.9720306396484375
Univariate,univariate,WTI Oil,Com_CrudeOil,tscv,13,2024-11-18,607,8,PatchTST,LightGBM,69.69999694824219,68.4570083618164,1.2429885864257812
Univariate,univariate,WTI Oil,Com_CrudeOil,tscv,13,2024-11-25,608,9,PatchTST,LightGBM,68.7181167602539,70.8750228881836,-2.1569061279296875
Univariate,univariate,WTI Oil,Com_CrudeOil,tscv,13,2024-12-02,609,10,PatchTST,LightGBM,68.11045837402344,69.42579650878906,-1.315338134765625
Univariate,univariate,WTI Oil,Com_CrudeOil,tscv,13,2024-12-09,610,11,PatchTST,LightGBM,70.1072006225586,68.05127716064453,2.0559234619140625
Univariate,univariate,WTI Oil,Com_CrudeOil,tscv,13,2024-12-16,611,12,PatchTST,LightGBM,69.7302017211914,68.7103500366211,1.0198516845703125
Univariate,univariate,WTI Oil,Com_CrudeOil,tscv,14,2024-10-28,604,1,PatchTST,-,68.38999938964844,76.45897674560547,-8.068977355957031
Univariate,univariate,WTI Oil,Com_CrudeOil,tscv,14,2024-11-04,605,2,PatchTST,-,71.5780029296875,73.08631896972656,-1.5083160400390625
Univariate,univariate,WTI Oil,Com_CrudeOil,tscv,14,2024-11-11,606,3,PatchTST,-,68.04199981689453,72.75706481933594,-4.715065002441406
Univariate,univariate,WTI Oil,Com_CrudeOil,tscv,14,2024-11-18,607,4,PatchTST,-,69.69999694824219,71.1188735961914,-1.4188766479492188
Univariate,univariate,WTI Oil,Com_CrudeOil,tscv,14,2024-11-25,608,5,PatchTST,-,68.7181167602539,69.86641693115234,-1.1483001708984375
Univariate,univariate,WTI Oil,Com_CrudeOil,tscv,14,2024-12-02,609,6,PatchTST,-,68.11045837402344,68.60799407958984,-0.49753570556640625
Univariate,univariate,WTI Oil,Com_CrudeOil,tscv,14,2024-12-09,610,7,PatchTST,-,70.1072006225586,71.24038696289062,-1.1331863403320312
Univariate,univariate,WTI Oil,Com_CrudeOil,tscv,14,2024-12-16,611,8,PatchTST,-,69.7302017211914,70.85701751708984,-1.1268157958984375
Univariate,univariate,WTI Oil,Com_CrudeOil,tscv,14,2024-12-23,612,9,PatchTST,-,70.14910125732422,72.23540496826172,-2.0863037109375
Univariate,univariate,WTI Oil,Com_CrudeOil,tscv,14,2024-12-30,613,10,PatchTST,-,72.57513427734375,70.90953826904297,1.6655960083007812
Univariate,univariate,WTI Oil,Com_CrudeOil,tscv,14,2025-01-06,614,11,PatchTST,-,74.95950317382812,74.14227294921875,0.817230224609375
Univariate,univariate,WTI Oil,Com_CrudeOil,tscv,14,2025-01-13,615,12,PatchTST,-,78.02933502197266,75.822998046875,2.2063369750976562
Univariate,univariate,WTI Oil,Com_CrudeOil,tscv,14,2024-10-28,604,1,PatchTST,NLinear,68.38999938964844,76.12626647949219,-7.73626708984375
Univariate,univariate,WTI Oil,Com_CrudeOil,tscv,14,2024-11-04,605,2,PatchTST,NLinear,71.5780029296875,70.80489349365234,0.7731094360351562
Univariate,univariate,WTI Oil,Com_CrudeOil,tscv,14,2024-11-11,606,3,PatchTST,NLinear,68.04199981689453,69.10808563232422,-1.0660858154296875
Univariate,univariate,WTI Oil,Com_CrudeOil,tscv,14,2024-11-18,607,4,PatchTST,NLinear,69.69999694824219,66.1053695678711,3.5946273803710938
Univariate,univariate,WTI Oil,Com_CrudeOil,tscv,14,2024-11-25,608,5,PatchTST,NLinear,68.7181167602539,64.61711120605469,4.101005554199219
Univariate,univariate,WTI Oil,Com_CrudeOil,tscv,14,2024-12-02,609,6,PatchTST,NLinear,68.11045837402344,63.27405548095703,4.836402893066406
Univariate,univariate,WTI Oil,Com_CrudeOil,tscv,14,2024-12-09,610,7,PatchTST,NLinear,70.1072006225586,65.39722442626953,4.7099761962890625
Univariate,univariate,WTI Oil,Com_CrudeOil,tscv,14,2024-12-16,611,8,PatchTST,NLinear,69.7302017211914,63.687503814697266,6.042697906494141
Univariate,univariate,WTI Oil,Com_CrudeOil,tscv,14,2024-12-23,612,9,PatchTST,NLinear,70.14910125732422,63.23175811767578,6.9173431396484375
Univariate,univariate,WTI Oil,Com_CrudeOil,tscv,14,2024-12-30,613,10,PatchTST,NLinear,72.57513427734375,60.84600830078125,11.7291259765625
Univariate,univariate,WTI Oil,Com_CrudeOil,tscv,14,2025-01-06,614,11,PatchTST,NLinear,74.95950317382812,63.16991424560547,11.789588928222656
Univariate,univariate,WTI Oil,Com_CrudeOil,tscv,14,2025-01-13,615,12,PatchTST,NLinear,78.02933502197266,64.02043914794922,14.008895874023438
Univariate,univariate,WTI Oil,Com_CrudeOil,tscv,14,2024-10-28,604,1,PatchTST,iTransformer,68.38999938964844,75.83016204833984,-7.440162658691406
Univariate,univariate,WTI Oil,Com_CrudeOil,tscv,14,2024-11-04,605,2,PatchTST,iTransformer,71.5780029296875,72.29821014404297,-0.7202072143554688
Univariate,univariate,WTI Oil,Com_CrudeOil,tscv,14,2024-11-11,606,3,PatchTST,iTransformer,68.04199981689453,72.13473510742188,-4.092735290527344
Univariate,univariate,WTI Oil,Com_CrudeOil,tscv,14,2024-11-18,607,4,PatchTST,iTransformer,69.69999694824219,70.52577209472656,-0.825775146484375
Univariate,univariate,WTI Oil,Com_CrudeOil,tscv,14,2024-11-25,608,5,PatchTST,iTransformer,68.7181167602539,69.15827941894531,-0.44016265869140625
Univariate,univariate,WTI Oil,Com_CrudeOil,tscv,14,2024-12-02,609,6,PatchTST,iTransformer,68.11045837402344,68.06375122070312,0.0467071533203125
Univariate,univariate,WTI Oil,Com_CrudeOil,tscv,14,2024-12-09,610,7,PatchTST,iTransformer,70.1072006225586,70.51031494140625,-0.40311431884765625
Univariate,univariate,WTI Oil,Com_CrudeOil,tscv,14,2024-12-16,611,8,PatchTST,iTransformer,69.7302017211914,70.1528091430664,-0.422607421875
Univariate,univariate,WTI Oil,Com_CrudeOil,tscv,14,2024-12-23,612,9,PatchTST,iTransformer,70.14910125732422,70.99300384521484,-0.843902587890625
Univariate,univariate,WTI Oil,Com_CrudeOil,tscv,14,2024-12-30,613,10,PatchTST,iTransformer,72.57513427734375,69.94151306152344,2.6336212158203125
Univariate,univariate,WTI Oil,Com_CrudeOil,tscv,14,2025-01-06,614,11,PatchTST,iTransformer,74.95950317382812,72.92840576171875,2.031097412109375
Univariate,univariate,WTI Oil,Com_CrudeOil,tscv,14,2025-01-13,615,12,PatchTST,iTransformer,78.02933502197266,74.8061752319336,3.2231597900390625
Univariate,univariate,WTI Oil,Com_CrudeOil,tscv,14,2024-10-28,604,1,PatchTST,XGBoost,68.38999938964844,73.15534210205078,-4.765342712402344
Univariate,univariate,WTI Oil,Com_CrudeOil,tscv,14,2024-11-04,605,2,PatchTST,XGBoost,71.5780029296875,68.10243225097656,3.4755706787109375
Univariate,univariate,WTI Oil,Com_CrudeOil,tscv,14,2024-11-11,606,3,PatchTST,XGBoost,68.04199981689453,66.9671630859375,1.0748367309570312
Univariate,univariate,WTI Oil,Com_CrudeOil,tscv,14,2024-11-18,607,4,PatchTST,XGBoost,69.69999694824219,65.29824829101562,4.4017486572265625
Univariate,univariate,WTI Oil,Com_CrudeOil,tscv,14,2024-11-25,608,5,PatchTST,XGBoost,68.7181167602539,63.91161346435547,4.8065032958984375
Univariate,univariate,WTI Oil,Com_CrudeOil,tscv,14,2024-12-02,609,6,PatchTST,XGBoost,68.11045837402344,62.38625717163086,5.724201202392578
Univariate,univariate,WTI Oil,Com_CrudeOil,tscv,14,2024-12-09,610,7,PatchTST,XGBoost,70.1072006225586,64.77059936523438,5.336601257324219
Univariate,univariate,WTI Oil,Com_CrudeOil,tscv,14,2024-12-16,611,8,PatchTST,XGBoost,69.7302017211914,63.22807693481445,6.502124786376953
Univariate,univariate,WTI Oil,Com_CrudeOil,tscv,14,2024-12-23,612,9,PatchTST,XGBoost,70.14910125732422,63.86732482910156,6.281776428222656
Univariate,univariate,WTI Oil,Com_CrudeOil,tscv,14,2024-12-30,613,10,PatchTST,XGBoost,72.57513427734375,60.51006317138672,12.065071105957031
Univariate,univariate,WTI Oil,Com_CrudeOil,tscv,14,2025-01-06,614,11,PatchTST,XGBoost,74.95950317382812,63.76322555541992,11.196277618408203
Univariate,univariate,WTI Oil,Com_CrudeOil,tscv,14,2025-01-13,615,12,PatchTST,XGBoost,78.02933502197266,64.4370346069336,13.592300415039062
Univariate,univariate,WTI Oil,Com_CrudeOil,tscv,14,2024-10-28,604,1,PatchTST,LightGBM,68.38999938964844,74.90059661865234,-6.510597229003906
Univariate,univariate,WTI Oil,Com_CrudeOil,tscv,14,2024-11-04,605,2,PatchTST,LightGBM,71.5780029296875,70.91338348388672,0.6646194458007812
Univariate,univariate,WTI Oil,Com_CrudeOil,tscv,14,2024-11-11,606,3,PatchTST,LightGBM,68.04199981689453,70.5841293334961,-2.5421295166015625
Univariate,univariate,WTI Oil,Com_CrudeOil,tscv,14,2024-11-18,607,4,PatchTST,LightGBM,69.69999694824219,68.89363861083984,0.8063583374023438
Univariate,univariate,WTI Oil,Com_CrudeOil,tscv,14,2024-11-25,608,5,PatchTST,LightGBM,68.7181167602539,67.64118194580078,1.076934814453125
Univariate,univariate,WTI Oil,Com_CrudeOil,tscv,14,2024-12-02,609,6,PatchTST,LightGBM,68.11045837402344,66.38275909423828,1.7276992797851562
Univariate,univariate,WTI Oil,Com_CrudeOil,tscv,14,2024-12-09,610,7,PatchTST,LightGBM,70.1072006225586,68.33354949951172,1.773651123046875
Univariate,univariate,WTI Oil,Com_CrudeOil,tscv,14,2024-12-16,611,8,PatchTST,LightGBM,69.7302017211914,66.7791976928711,2.9510040283203125
Univariate,univariate,WTI Oil,Com_CrudeOil,tscv,14,2024-12-23,612,9,PatchTST,LightGBM,70.14910125732422,65.90864562988281,4.240455627441406
Univariate,univariate,WTI Oil,Com_CrudeOil,tscv,14,2024-12-30,613,10,PatchTST,LightGBM,72.57513427734375,64.22923278808594,8.345901489257812
Univariate,univariate,WTI Oil,Com_CrudeOil,tscv,14,2025-01-06,614,11,PatchTST,LightGBM,74.95950317382812,67.54399108886719,7.4155120849609375
Univariate,univariate,WTI Oil,Com_CrudeOil,tscv,14,2025-01-13,615,12,PatchTST,LightGBM,78.02933502197266,67.34807586669922,10.681259155273438
Univariate,univariate,WTI Oil,Com_CrudeOil,tscv,15,2024-11-25,608,1,PatchTST,-,68.7181167602539,70.94976043701172,-2.2316436767578125
Univariate,univariate,WTI Oil,Com_CrudeOil,tscv,15,2024-12-02,609,2,PatchTST,-,68.11045837402344,68.65837097167969,-0.54791259765625
Univariate,univariate,WTI Oil,Com_CrudeOil,tscv,15,2024-12-09,610,3,PatchTST,-,70.1072006225586,70.39824676513672,-0.291046142578125
Univariate,univariate,WTI Oil,Com_CrudeOil,tscv,15,2024-12-16,611,4,PatchTST,-,69.7302017211914,70.77099609375,-1.0407943725585938
Univariate,univariate,WTI Oil,Com_CrudeOil,tscv,15,2024-12-23,612,5,PatchTST,-,70.14910125732422,70.9869155883789,-0.8378143310546875
Univariate,univariate,WTI Oil,Com_CrudeOil,tscv,15,2024-12-30,613,6,PatchTST,-,72.57513427734375,70.24592590332031,2.3292083740234375
Univariate,univariate,WTI Oil,Com_CrudeOil,tscv,15,2025-01-06,614,7,PatchTST,-,74.95950317382812,72.24700927734375,2.712493896484375
Univariate,univariate,WTI Oil,Com_CrudeOil,tscv,15,2025-01-13,615,8,PatchTST,-,78.02933502197266,74.22100830078125,3.8083267211914062
Univariate,univariate,WTI Oil,Com_CrudeOil,tscv,15,2025-01-20,616,9,PatchTST,-,75.17753601074219,81.08232879638672,-5.904792785644531
Univariate,univariate,WTI Oil,Com_CrudeOil,tscv,15,2025-01-27,617,10,PatchTST,-,73.03900146484375,81.85176086425781,-8.812759399414062
Univariate,univariate,WTI Oil,Com_CrudeOil,tscv,15,2025-02-03,618,11,PatchTST,-,71.66098022460938,84.1184310913086,-12.457450866699219
Univariate,univariate,WTI Oil,Com_CrudeOil,tscv,15,2025-02-10,619,12,PatchTST,-,71.62548065185547,82.5145263671875,-10.889045715332031
Univariate,univariate,WTI Oil,Com_CrudeOil,tscv,15,2024-11-25,608,1,PatchTST,NLinear,68.7181167602539,74.1718978881836,-5.4537811279296875
Univariate,univariate,WTI Oil,Com_CrudeOil,tscv,15,2024-12-02,609,2,PatchTST,NLinear,68.11045837402344,70.15487670898438,-2.0444183349609375
Univariate,univariate,WTI Oil,Com_CrudeOil,tscv,15,2024-12-09,610,3,PatchTST,NLinear,70.1072006225586,70.3511962890625,-0.24399566650390625
Univariate,univariate,WTI Oil,Com_CrudeOil,tscv,15,2024-12-16,611,4,PatchTST,NLinear,69.7302017211914,68.98681640625,0.7433853149414062
Univariate,univariate,WTI Oil,Com_CrudeOil,tscv,15,2024-12-23,612,5,PatchTST,NLinear,70.14910125732422,67.98760986328125,2.1614913940429688
Univariate,univariate,WTI Oil,Com_CrudeOil,tscv,15,2024-12-30,613,6,PatchTST,NLinear,72.57513427734375,66.80565643310547,5.769477844238281
Univariate,univariate,WTI Oil,Com_CrudeOil,tscv,15,2025-01-06,614,7,PatchTST,NLinear,74.95950317382812,68.1939926147461,6.765510559082031
Univariate,univariate,WTI Oil,Com_CrudeOil,tscv,15,2025-01-13,615,8,PatchTST,NLinear,78.02933502197266,68.73177337646484,9.297561645507812
Univariate,univariate,WTI Oil,Com_CrudeOil,tscv,15,2025-01-20,616,9,PatchTST,NLinear,75.17753601074219,74.18698120117188,0.9905548095703125
Univariate,univariate,WTI Oil,Com_CrudeOil,tscv,15,2025-01-27,617,10,PatchTST,NLinear,73.03900146484375,73.36380767822266,-0.32480621337890625
Univariate,univariate,WTI Oil,Com_CrudeOil,tscv,15,2025-02-03,618,11,PatchTST,NLinear,71.66098022460938,74.71939086914062,-3.05841064453125
Univariate,univariate,WTI Oil,Com_CrudeOil,tscv,15,2025-02-10,619,12,PatchTST,NLinear,71.62548065185547,73.5141372680664,-1.8886566162109375
Univariate,univariate,WTI Oil,Com_CrudeOil,tscv,15,2024-11-25,608,1,PatchTST,iTransformer,68.7181167602539,72.18721771240234,-3.4691009521484375
Univariate,univariate,WTI Oil,Com_CrudeOil,tscv,15,2024-12-02,609,2,PatchTST,iTransformer,68.11045837402344,70.20155334472656,-2.091094970703125
Univariate,univariate,WTI Oil,Com_CrudeOil,tscv,15,2024-12-09,610,3,PatchTST,iTransformer,70.1072006225586,71.820068359375,-1.7128677368164062
Univariate,univariate,WTI Oil,Com_CrudeOil,tscv,15,2024-12-16,611,4,PatchTST,iTransformer,69.7302017211914,72.26480865478516,-2.53460693359375
Univariate,univariate,WTI Oil,Com_CrudeOil,tscv,15,2024-12-23,612,5,PatchTST,iTransformer,70.14910125732422,72.54930877685547,-2.40020751953125
Univariate,univariate,WTI Oil,Com_CrudeOil,tscv,15,2024-12-30,613,6,PatchTST,iTransformer,72.57513427734375,71.5080795288086,1.0670547485351562
Univariate,univariate,WTI Oil,Com_CrudeOil,tscv,15,2025-01-06,614,7,PatchTST,iTransformer,74.95950317382812,73.73075866699219,1.2287445068359375
Univariate,univariate,WTI Oil,Com_CrudeOil,tscv,15,2025-01-13,615,8,PatchTST,iTransformer,78.02933502197266,75.72660827636719,2.3027267456054688
Univariate,univariate,WTI Oil,Com_CrudeOil,tscv,15,2025-01-20,616,9,PatchTST,iTransformer,75.17753601074219,81.96018981933594,-6.78265380859375
Univariate,univariate,WTI Oil,Com_CrudeOil,tscv,15,2025-01-27,617,10,PatchTST,iTransformer,73.03900146484375,80.19658660888672,-7.157585144042969
Univariate,univariate,WTI Oil,Com_CrudeOil,tscv,15,2025-02-03,618,11,PatchTST,iTransformer,71.66098022460938,78.3100814819336,-6.649101257324219
Univariate,univariate,WTI Oil,Com_CrudeOil,tscv,15,2025-02-10,619,12,PatchTST,iTransformer,71.62548065185547,74.60453033447266,-2.9790496826171875
Univariate,univariate,WTI Oil,Com_CrudeOil,tscv,15,2024-11-25,608,1,PatchTST,XGBoost,68.7181167602539,70.29756164550781,-1.5794448852539062
Univariate,univariate,WTI Oil,Com_CrudeOil,tscv,15,2024-12-02,609,2,PatchTST,XGBoost,68.11045837402344,67.28060913085938,0.8298492431640625
Univariate,univariate,WTI Oil,Com_CrudeOil,tscv,15,2024-12-09,610,3,PatchTST,XGBoost,70.1072006225586,68.20230102539062,1.9048995971679688
Univariate,univariate,WTI Oil,Com_CrudeOil,tscv,15,2024-12-16,611,4,PatchTST,XGBoost,69.7302017211914,68.70835876464844,1.0218429565429688
Univariate,univariate,WTI Oil,Com_CrudeOil,tscv,15,2024-12-23,612,5,PatchTST,XGBoost,70.14910125732422,68.00382995605469,2.1452713012695312
Univariate,univariate,WTI Oil,Com_CrudeOil,tscv,15,2024-12-30,613,6,PatchTST,XGBoost,72.57513427734375,67.62190246582031,4.9532318115234375
Univariate,univariate,WTI Oil,Com_CrudeOil,tscv,15,2025-01-06,614,7,PatchTST,XGBoost,74.95950317382812,70.33917999267578,4.620323181152344
Univariate,univariate,WTI Oil,Com_CrudeOil,tscv,15,2025-01-13,615,8,PatchTST,XGBoost,78.02933502197266,71.99617767333984,6.0331573486328125
Univariate,univariate,WTI Oil,Com_CrudeOil,tscv,15,2025-01-20,616,9,PatchTST,XGBoost,75.17753601074219,78.49565124511719,-3.318115234375
Univariate,univariate,WTI Oil,Com_CrudeOil,tscv,15,2025-01-27,617,10,PatchTST,XGBoost,73.03900146484375,79.30595397949219,-6.2669525146484375
Univariate,univariate,WTI Oil,Com_CrudeOil,tscv,15,2025-02-03,618,11,PatchTST,XGBoost,71.66098022460938,81.37760162353516,-9.716621398925781
Univariate,univariate,WTI Oil,Com_CrudeOil,tscv,15,2025-02-10,619,12,PatchTST,XGBoost,71.62548065185547,80.35382080078125,-8.728340148925781
Univariate,univariate,WTI Oil,Com_CrudeOil,tscv,15,2024-11-25,608,1,PatchTST,LightGBM,68.7181167602539,69.70653533935547,-0.9884185791015625
Univariate,univariate,WTI Oil,Com_CrudeOil,tscv,15,2024-12-02,609,2,PatchTST,LightGBM,68.11045837402344,67.5303726196289,0.5800857543945312
Univariate,univariate,WTI Oil,Com_CrudeOil,tscv,15,2024-12-09,610,3,PatchTST,LightGBM,70.1072006225586,68.91307830810547,1.194122314453125
Univariate,univariate,WTI Oil,Com_CrudeOil,tscv,15,2024-12-16,611,4,PatchTST,LightGBM,69.7302017211914,69.52777099609375,0.20243072509765625
Univariate,univariate,WTI Oil,Com_CrudeOil,tscv,15,2024-12-23,612,5,PatchTST,LightGBM,70.14910125732422,69.50174713134766,0.6473541259765625
Univariate,univariate,WTI Oil,Com_CrudeOil,tscv,15,2024-12-30,613,6,PatchTST,LightGBM,72.57513427734375,69.00270080566406,3.5724334716796875
Univariate,univariate,WTI Oil,Com_CrudeOil,tscv,15,2025-01-06,614,7,PatchTST,LightGBM,74.95950317382812,71.0037841796875,3.955718994140625
Univariate,univariate,WTI Oil,Com_CrudeOil,tscv,15,2025-01-13,615,8,PatchTST,LightGBM,78.02933502197266,72.73583984375,5.293495178222656
Univariate,univariate,WTI Oil,Com_CrudeOil,tscv,15,2025-01-20,616,9,PatchTST,LightGBM,75.17753601074219,79.36882019042969,-4.1912841796875
Univariate,univariate,WTI Oil,Com_CrudeOil,tscv,15,2025-01-27,617,10,PatchTST,LightGBM,73.03900146484375,80.36659240722656,-7.3275909423828125
Univariate,univariate,WTI Oil,Com_CrudeOil,tscv,15,2025-02-03,618,11,PatchTST,LightGBM,71.66098022460938,82.63326263427734,-10.972282409667969
Univariate,univariate,WTI Oil,Com_CrudeOil,tscv,15,2025-02-10,619,12,PatchTST,LightGBM,71.62548065185547,81.02935791015625,-9.403877258300781
Univariate,univariate,WTI Oil,Com_CrudeOil,tscv,16,2024-12-23,612,1,PatchTST,-,70.14910125732422,75.24397277832031,-5.094871520996094
Univariate,univariate,WTI Oil,Com_CrudeOil,tscv,16,2024-12-30,613,2,PatchTST,-,72.57513427734375,74.3529281616211,-1.7777938842773438
Univariate,univariate,WTI Oil,Com_CrudeOil,tscv,16,2025-01-06,614,3,PatchTST,-,74.95950317382812,74.63861846923828,0.32088470458984375
Univariate,univariate,WTI Oil,Com_CrudeOil,tscv,16,2025-01-13,615,4,PatchTST,-,78.02933502197266,77.37420654296875,0.6551284790039062
Univariate,univariate,WTI Oil,Com_CrudeOil,tscv,16,2025-01-20,616,5,PatchTST,-,75.17753601074219,78.17195129394531,-2.994415283203125
Univariate,univariate,WTI Oil,Com_CrudeOil,tscv,16,2025-01-27,617,6,PatchTST,-,73.03900146484375,78.88011169433594,-5.8411102294921875
Univariate,univariate,WTI Oil,Com_CrudeOil,tscv,16,2025-02-03,618,7,PatchTST,-,71.66098022460938,79.69811248779297,-8.037132263183594
Univariate,univariate,WTI Oil,Com_CrudeOil,tscv,16,2025-02-10,619,8,PatchTST,-,71.62548065185547,80.7590560913086,-9.133575439453125
Univariate,univariate,WTI Oil,Com_CrudeOil,tscv,16,2025-02-17,620,9,PatchTST,-,71.43208312988281,81.67691040039062,-10.244827270507812
Univariate,univariate,WTI Oil,Com_CrudeOil,tscv,16,2025-02-24,621,10,PatchTST,-,69.6719970703125,81.19635772705078,-11.524360656738281
Univariate,univariate,WTI Oil,Com_CrudeOil,tscv,16,2025-03-03,622,11,PatchTST,-,67.26799774169922,78.090576171875,-10.822578430175781
Univariate,univariate,WTI Oil,Com_CrudeOil,tscv,16,2025-03-10,623,12,PatchTST,-,66.92066955566406,76.35910034179688,-9.438430786132812
Univariate,univariate,WTI Oil,Com_CrudeOil,tscv,16,2024-12-23,612,1,PatchTST,NLinear,70.14910125732422,75.49132537841797,-5.34222412109375
Univariate,univariate,WTI Oil,Com_CrudeOil,tscv,16,2024-12-30,613,2,PatchTST,NLinear,72.57513427734375,74.75041198730469,-2.1752777099609375
Univariate,univariate,WTI Oil,Com_CrudeOil,tscv,16,2025-01-06,614,3,PatchTST,NLinear,74.95950317382812,74.79130554199219,0.1681976318359375
Univariate,univariate,WTI Oil,Com_CrudeOil,tscv,16,2025-01-13,615,4,PatchTST,NLinear,78.02933502197266,76.98600006103516,1.0433349609375
Univariate,univariate,WTI Oil,Com_CrudeOil,tscv,16,2025-01-20,616,5,PatchTST,NLinear,75.17753601074219,76.99810028076172,-1.8205642700195312
Univariate,univariate,WTI Oil,Com_CrudeOil,tscv,16,2025-01-27,617,6,PatchTST,NLinear,73.03900146484375,76.79452514648438,-3.755523681640625
Univariate,univariate,WTI Oil,Com_CrudeOil,tscv,16,2025-02-03,618,7,PatchTST,NLinear,71.66098022460938,77.18537139892578,-5.524391174316406
Univariate,univariate,WTI Oil,Com_CrudeOil,tscv,16,2025-02-10,619,8,PatchTST,NLinear,71.62548065185547,78.0473861694336,-6.421905517578125
Univariate,univariate,WTI Oil,Com_CrudeOil,tscv,16,2025-02-17,620,9,PatchTST,NLinear,71.43208312988281,77.82127380371094,-6.389190673828125
Univariate,univariate,WTI Oil,Com_CrudeOil,tscv,16,2025-02-24,621,10,PatchTST,NLinear,69.6719970703125,76.71060180664062,-7.038604736328125
Univariate,univariate,WTI Oil,Com_CrudeOil,tscv,16,2025-03-03,622,11,PatchTST,NLinear,67.26799774169922,72.8971939086914,-5.6291961669921875
Univariate,univariate,WTI Oil,Com_CrudeOil,tscv,16,2025-03-10,623,12,PatchTST,NLinear,66.92066955566406,70.84879302978516,-3.9281234741210938
Univariate,univariate,WTI Oil,Com_CrudeOil,tscv,16,2024-12-23,612,1,PatchTST,iTransformer,70.14910125732422,71.44209289550781,-1.2929916381835938
Univariate,univariate,WTI Oil,Com_CrudeOil,tscv,16,2024-12-30,613,2,PatchTST,iTransformer,72.57513427734375,70.6984634399414,1.8766708374023438
Univariate,univariate,WTI Oil,Com_CrudeOil,tscv,16,2025-01-06,614,3,PatchTST,iTransformer,74.95950317382812,71.13607025146484,3.8234329223632812
Univariate,univariate,WTI Oil,Com_CrudeOil,tscv,16,2025-01-13,615,4,PatchTST,iTransformer,78.02933502197266,73.75975036621094,4.269584655761719
Univariate,univariate,WTI Oil,Com_CrudeOil,tscv,16,2025-01-20,616,5,PatchTST,iTransformer,75.17753601074219,74.52701568603516,0.6505203247070312
Univariate,univariate,WTI Oil,Com_CrudeOil,tscv,16,2025-01-27,617,6,PatchTST,iTransformer,73.03900146484375,72.68486022949219,0.3541412353515625
Univariate,univariate,WTI Oil,Com_CrudeOil,tscv,16,2025-02-03,618,7,PatchTST,iTransformer,71.66098022460938,71.76717376708984,-0.10619354248046875
Univariate,univariate,WTI Oil,Com_CrudeOil,tscv,16,2025-02-10,619,8,PatchTST,iTransformer,71.62548065185547,70.58783721923828,1.0376434326171875
Univariate,univariate,WTI Oil,Com_CrudeOil,tscv,16,2025-02-17,620,9,PatchTST,iTransformer,71.43208312988281,71.18880462646484,0.24327850341796875
Univariate,univariate,WTI Oil,Com_CrudeOil,tscv,16,2025-02-24,621,10,PatchTST,iTransformer,69.6719970703125,70.51583862304688,-0.843841552734375
Univariate,univariate,WTI Oil,Com_CrudeOil,tscv,16,2025-03-03,622,11,PatchTST,iTransformer,67.26799774169922,67.86279296875,-0.5947952270507812
Univariate,univariate,WTI Oil,Com_CrudeOil,tscv,16,2025-03-10,623,12,PatchTST,iTransformer,66.92066955566406,67.15077209472656,-0.2301025390625
Univariate,univariate,WTI Oil,Com_CrudeOil,tscv,16,2024-12-23,612,1,PatchTST,XGBoost,70.14910125732422,69.40272521972656,0.7463760375976562
Univariate,univariate,WTI Oil,Com_CrudeOil,tscv,16,2024-12-30,613,2,PatchTST,XGBoost,72.57513427734375,66.32881927490234,6.246315002441406
Univariate,univariate,WTI Oil,Com_CrudeOil,tscv,16,2025-01-06,614,3,PatchTST,XGBoost,74.95950317382812,66.07991790771484,8.879585266113281
Univariate,univariate,WTI Oil,Com_CrudeOil,tscv,16,2025-01-13,615,4,PatchTST,XGBoost,78.02933502197266,68.77958679199219,9.249748229980469
Univariate,univariate,WTI Oil,Com_CrudeOil,tscv,16,2025-01-20,616,5,PatchTST,XGBoost,75.17753601074219,66.7115478515625,8.465988159179688
Univariate,univariate,WTI Oil,Com_CrudeOil,tscv,16,2025-01-27,617,6,PatchTST,XGBoost,73.03900146484375,68.66618347167969,4.3728179931640625
Univariate,univariate,WTI Oil,Com_CrudeOil,tscv,16,2025-02-03,618,7,PatchTST,XGBoost,71.66098022460938,71.23152160644531,0.4294586181640625
Univariate,univariate,WTI Oil,Com_CrudeOil,tscv,16,2025-02-10,619,8,PatchTST,XGBoost,71.62548065185547,72.15106964111328,-0.5255889892578125
Univariate,univariate,WTI Oil,Com_CrudeOil,tscv,16,2025-02-17,620,9,PatchTST,XGBoost,71.43208312988281,73.94610595703125,-2.5140228271484375
Univariate,univariate,WTI Oil,Com_CrudeOil,tscv,16,2025-02-24,621,10,PatchTST,XGBoost,69.6719970703125,74.0623779296875,-4.390380859375
Univariate,univariate,WTI Oil,Com_CrudeOil,tscv,16,2025-03-03,622,11,PatchTST,XGBoost,67.26799774169922,71.44416046142578,-4.1761627197265625
Univariate,univariate,WTI Oil,Com_CrudeOil,tscv,16,2025-03-10,623,12,PatchTST,XGBoost,66.92066955566406,70.25914001464844,-3.338470458984375
Univariate,univariate,WTI Oil,Com_CrudeOil,tscv,16,2024-12-23,612,1,PatchTST,LightGBM,70.14910125732422,70.53327941894531,-0.38417816162109375
Univariate,univariate,WTI Oil,Com_CrudeOil,tscv,16,2024-12-30,613,2,PatchTST,LightGBM,72.57513427734375,70.14789581298828,2.4272384643554688
Univariate,univariate,WTI Oil,Com_CrudeOil,tscv,16,2025-01-06,614,3,PatchTST,LightGBM,74.95950317382812,69.92792510986328,5.031578063964844
Univariate,univariate,WTI Oil,Com_CrudeOil,tscv,16,2025-01-13,615,4,PatchTST,LightGBM,78.02933502197266,72.66351318359375,5.365821838378906
Univariate,univariate,WTI Oil,Com_CrudeOil,tscv,16,2025-01-20,616,5,PatchTST,LightGBM,75.17753601074219,72.92737579345703,2.2501602172851562
Univariate,univariate,WTI Oil,Com_CrudeOil,tscv,16,2025-01-27,617,6,PatchTST,LightGBM,73.03900146484375,74.16941833496094,-1.1304168701171875
Univariate,univariate,WTI Oil,Com_CrudeOil,tscv,16,2025-02-03,618,7,PatchTST,LightGBM,71.66098022460938,74.98741912841797,-3.3264389038085938
Univariate,univariate,WTI Oil,Com_CrudeOil,tscv,16,2025-02-10,619,8,PatchTST,LightGBM,71.62548065185547,76.0483627319336,-4.422882080078125
Univariate,univariate,WTI Oil,Com_CrudeOil,tscv,16,2025-02-17,620,9,PatchTST,LightGBM,71.43208312988281,76.96621704101562,-5.5341339111328125
Univariate,univariate,WTI Oil,Com_CrudeOil,tscv,16,2025-02-24,621,10,PatchTST,LightGBM,69.6719970703125,76.48566436767578,-6.813667297363281
Univariate,univariate,WTI Oil,Com_CrudeOil,tscv,16,2025-03-03,622,11,PatchTST,LightGBM,67.26799774169922,73.3798828125,-6.111885070800781
Univariate,univariate,WTI Oil,Com_CrudeOil,tscv,16,2025-03-10,623,12,PatchTST,LightGBM,66.92066955566406,71.64840698242188,-4.7277374267578125
Univariate,univariate,WTI Oil,Com_CrudeOil,tscv,17,2025-01-20,616,1,PatchTST,-,75.17753601074219,80.31944274902344,-5.14190673828125
Univariate,univariate,WTI Oil,Com_CrudeOil,tscv,17,2025-01-27,617,2,PatchTST,-,73.03900146484375,82.23040008544922,-9.191398620605469
Univariate,univariate,WTI Oil,Com_CrudeOil,tscv,17,2025-02-03,618,3,PatchTST,-,71.66098022460938,84.15567016601562,-12.49468994140625
Univariate,univariate,WTI Oil,Com_CrudeOil,tscv,17,2025-02-10,619,4,PatchTST,-,71.62548065185547,83.88910675048828,-12.263626098632812
Univariate,univariate,WTI Oil,Com_CrudeOil,tscv,17,2025-02-17,620,5,PatchTST,-,71.43208312988281,84.00898742675781,-12.576904296875
Univariate,univariate,WTI Oil,Com_CrudeOil,tscv,17,2025-02-24,621,6,PatchTST,-,69.6719970703125,81.30177307128906,-11.629776000976562
Univariate,univariate,WTI Oil,Com_CrudeOil,tscv,17,2025-03-03,622,7,PatchTST,-,67.26799774169922,80.58893585205078,-13.320938110351562
Univariate,univariate,WTI Oil,Com_CrudeOil,tscv,17,2025-03-10,623,8,PatchTST,-,66.92066955566406,76.57464599609375,-9.653976440429688
Univariate,univariate,WTI Oil,Com_CrudeOil,tscv,17,2025-03-17,624,9,PatchTST,-,67.67898559570312,73.87145233154297,-6.192466735839844
Univariate,univariate,WTI Oil,Com_CrudeOil,tscv,17,2025-03-24,625,10,PatchTST,-,69.34062957763672,72.71965026855469,-3.3790206909179688
Univariate,univariate,WTI Oil,Com_CrudeOil,tscv,17,2025-03-31,626,11,PatchTST,-,66.51853942871094,71.99677276611328,-5.478233337402344
Univariate,univariate,WTI Oil,Com_CrudeOil,tscv,17,2025-04-07,627,12,PatchTST,-,60.9921875,70.84847259521484,-9.856285095214844
Univariate,univariate,WTI Oil,Com_CrudeOil,tscv,17,2025-01-20,616,1,PatchTST,NLinear,75.17753601074219,82.05906677246094,-6.88153076171875
Univariate,univariate,WTI Oil,Com_CrudeOil,tscv,17,2025-01-27,617,2,PatchTST,NLinear,73.03900146484375,84.91539001464844,-11.876388549804688
Univariate,univariate,WTI Oil,Com_CrudeOil,tscv,17,2025-02-03,618,3,PatchTST,NLinear,71.66098022460938,86.4648666381836,-14.803886413574219
Univariate,univariate,WTI Oil,Com_CrudeOil,tscv,17,2025-02-10,619,4,PatchTST,NLinear,71.62548065185547,86.29157257080078,-14.666091918945312
Univariate,univariate,WTI Oil,Com_CrudeOil,tscv,17,2025-02-17,620,5,PatchTST,NLinear,71.43208312988281,86.18095397949219,-14.748870849609375
Univariate,univariate,WTI Oil,Com_CrudeOil,tscv,17,2025-02-24,621,6,PatchTST,NLinear,69.6719970703125,83.11028289794922,-13.438285827636719
Univariate,univariate,WTI Oil,Com_CrudeOil,tscv,17,2025-03-03,622,7,PatchTST,NLinear,67.26799774169922,82.44851684570312,-15.180519104003906
Univariate,univariate,WTI Oil,Com_CrudeOil,tscv,17,2025-03-10,623,8,PatchTST,NLinear,66.92066955566406,77.5909194946289,-10.670249938964844
Univariate,univariate,WTI Oil,Com_CrudeOil,tscv,17,2025-03-17,624,9,PatchTST,NLinear,67.67898559570312,74.16606903076172,-6.487083435058594
Univariate,univariate,WTI Oil,Com_CrudeOil,tscv,17,2025-03-24,625,10,PatchTST,NLinear,69.34062957763672,71.8376693725586,-2.497039794921875
Univariate,univariate,WTI Oil,Com_CrudeOil,tscv,17,2025-03-31,626,11,PatchTST,NLinear,66.51853942871094,69.62659454345703,-3.1080551147460938
Univariate,univariate,WTI Oil,Com_CrudeOil,tscv,17,2025-04-07,627,12,PatchTST,NLinear,60.9921875,67.99564361572266,-7.003456115722656
Univariate,univariate,WTI Oil,Com_CrudeOil,tscv,17,2025-01-20,616,1,PatchTST,iTransformer,75.17753601074219,74.2079086303711,0.9696273803710938
Univariate,univariate,WTI Oil,Com_CrudeOil,tscv,17,2025-01-27,617,2,PatchTST,iTransformer,73.03900146484375,75.94558715820312,-2.906585693359375
Univariate,univariate,WTI Oil,Com_CrudeOil,tscv,17,2025-02-03,618,3,PatchTST,iTransformer,71.66098022460938,76.97000885009766,-5.309028625488281
Univariate,univariate,WTI Oil,Com_CrudeOil,tscv,17,2025-02-10,619,4,PatchTST,iTransformer,71.62548065185547,76.75939178466797,-5.1339111328125
Univariate,univariate,WTI Oil,Com_CrudeOil,tscv,17,2025-02-17,620,5,PatchTST,iTransformer,71.43208312988281,76.4342041015625,-5.0021209716796875
Univariate,univariate,WTI Oil,Com_CrudeOil,tscv,17,2025-02-24,621,6,PatchTST,iTransformer,69.6719970703125,73.6952896118164,-4.023292541503906
Univariate,univariate,WTI Oil,Com_CrudeOil,tscv,17,2025-03-03,622,7,PatchTST,iTransformer,67.26799774169922,72.77440643310547,-5.50640869140625
Univariate,univariate,WTI Oil,Com_CrudeOil,tscv,17,2025-03-10,623,8,PatchTST,iTransformer,66.92066955566406,68.69845581054688,-1.7777862548828125
Univariate,univariate,WTI Oil,Com_CrudeOil,tscv,17,2025-03-17,624,9,PatchTST,iTransformer,67.67898559570312,65.87993621826172,1.7990493774414062
Univariate,univariate,WTI Oil,Com_CrudeOil,tscv,17,2025-03-24,625,10,PatchTST,iTransformer,69.34062957763672,64.78133392333984,4.559295654296875
Univariate,univariate,WTI Oil,Com_CrudeOil,tscv,17,2025-03-31,626,11,PatchTST,iTransformer,66.51853942871094,63.95762634277344,2.5609130859375
Univariate,univariate,WTI Oil,Com_CrudeOil,tscv,17,2025-04-07,627,12,PatchTST,iTransformer,60.9921875,62.68149948120117,-1.6893119812011719
Univariate,univariate,WTI Oil,Com_CrudeOil,tscv,17,2025-01-20,616,1,PatchTST,XGBoost,75.17753601074219,75.62055969238281,-0.443023681640625
Univariate,univariate,WTI Oil,Com_CrudeOil,tscv,17,2025-01-27,617,2,PatchTST,XGBoost,73.03900146484375,77.06521606445312,-4.026214599609375
Univariate,univariate,WTI Oil,Com_CrudeOil,tscv,17,2025-02-03,618,3,PatchTST,XGBoost,71.66098022460938,77.80238342285156,-6.1414031982421875
Univariate,univariate,WTI Oil,Com_CrudeOil,tscv,17,2025-02-10,619,4,PatchTST,XGBoost,71.62548065185547,75.51708221435547,-3.8916015625
Univariate,univariate,WTI Oil,Com_CrudeOil,tscv,17,2025-02-17,620,5,PatchTST,XGBoost,71.43208312988281,75.47499084472656,-4.04290771484375
Univariate,univariate,WTI Oil,Com_CrudeOil,tscv,17,2025-02-24,621,6,PatchTST,XGBoost,69.6719970703125,72.11605072021484,-2.4440536499023438
Univariate,univariate,WTI Oil,Com_CrudeOil,tscv,17,2025-03-03,622,7,PatchTST,XGBoost,67.26799774169922,71.48847961425781,-4.220481872558594
Univariate,univariate,WTI Oil,Com_CrudeOil,tscv,17,2025-03-10,623,8,PatchTST,XGBoost,66.92066955566406,67.74435424804688,-0.8236846923828125
Univariate,univariate,WTI Oil,Com_CrudeOil,tscv,17,2025-03-17,624,9,PatchTST,XGBoost,67.67898559570312,63.75891876220703,3.9200668334960938
Univariate,univariate,WTI Oil,Com_CrudeOil,tscv,17,2025-03-24,625,10,PatchTST,XGBoost,69.34062957763672,62.079559326171875,7.261070251464844
Univariate,univariate,WTI Oil,Com_CrudeOil,tscv,17,2025-03-31,626,11,PatchTST,XGBoost,66.51853942871094,62.64497375488281,3.873565673828125
Univariate,univariate,WTI Oil,Com_CrudeOil,tscv,17,2025-04-07,627,12,PatchTST,XGBoost,60.9921875,63.165870666503906,-2.1736831665039062
Univariate,univariate,WTI Oil,Com_CrudeOil,tscv,17,2025-01-20,616,1,PatchTST,LightGBM,75.17753601074219,77.5562515258789,-2.3787155151367188
Univariate,univariate,WTI Oil,Com_CrudeOil,tscv,17,2025-01-27,617,2,PatchTST,LightGBM,73.03900146484375,79.46720886230469,-6.4282073974609375
Univariate,univariate,WTI Oil,Com_CrudeOil,tscv,17,2025-02-03,618,3,PatchTST,LightGBM,71.66098022460938,81.3924789428711,-9.731498718261719
Univariate,univariate,WTI Oil,Com_CrudeOil,tscv,17,2025-02-10,619,4,PatchTST,LightGBM,71.62548065185547,81.12591552734375,-9.500434875488281
Univariate,univariate,WTI Oil,Com_CrudeOil,tscv,17,2025-02-17,620,5,PatchTST,LightGBM,71.43208312988281,81.24579620361328,-9.813713073730469
Univariate,univariate,WTI Oil,Com_CrudeOil,tscv,17,2025-02-24,621,6,PatchTST,LightGBM,69.6719970703125,78.66095733642578,-8.988960266113281
Univariate,univariate,WTI Oil,Com_CrudeOil,tscv,17,2025-03-03,622,7,PatchTST,LightGBM,67.26799774169922,78.0574951171875,-10.789497375488281
Univariate,univariate,WTI Oil,Com_CrudeOil,tscv,17,2025-03-10,623,8,PatchTST,LightGBM,66.92066955566406,74.04320526123047,-7.122535705566406
Univariate,univariate,WTI Oil,Com_CrudeOil,tscv,17,2025-03-17,624,9,PatchTST,LightGBM,67.67898559570312,71.34001159667969,-3.6610260009765625
Univariate,univariate,WTI Oil,Com_CrudeOil,tscv,17,2025-03-24,625,10,PatchTST,LightGBM,69.34062957763672,70.1882095336914,-0.8475799560546875
Univariate,univariate,WTI Oil,Com_CrudeOil,tscv,17,2025-03-31,626,11,PatchTST,LightGBM,66.51853942871094,69.46533203125,-2.9467926025390625
Univariate,univariate,WTI Oil,Com_CrudeOil,tscv,17,2025-04-07,627,12,PatchTST,LightGBM,60.9921875,68.31703186035156,-7.3248443603515625
Univariate,univariate,WTI Oil,Com_CrudeOil,tscv,18,2025-02-17,620,1,PatchTST,-,71.43208312988281,72.96544647216797,-1.5333633422851562
Univariate,univariate,WTI Oil,Com_CrudeOil,tscv,18,2025-02-24,621,2,PatchTST,-,69.6719970703125,74.13882446289062,-4.466827392578125
Univariate,univariate,WTI Oil,Com_CrudeOil,tscv,18,2025-03-03,622,3,PatchTST,-,67.26799774169922,73.78805541992188,-6.520057678222656
Univariate,univariate,WTI Oil,Com_CrudeOil,tscv,18,2025-03-10,623,4,PatchTST,-,66.92066955566406,74.16874694824219,-7.248077392578125
Univariate,univariate,WTI Oil,Com_CrudeOil,tscv,18,2025-03-17,624,5,PatchTST,-,67.67898559570312,71.29253387451172,-3.6135482788085938
Univariate,univariate,WTI Oil,Com_CrudeOil,tscv,18,2025-03-24,625,6,PatchTST,-,69.34062957763672,71.27256774902344,-1.9319381713867188
Univariate,univariate,WTI Oil,Com_CrudeOil,tscv,18,2025-03-31,626,7,PatchTST,-,66.51853942871094,71.21073913574219,-4.69219970703125
Univariate,univariate,WTI Oil,Com_CrudeOil,tscv,18,2025-04-07,627,8,PatchTST,-,60.9921875,70.51055908203125,-9.51837158203125
Univariate,univariate,WTI Oil,Com_CrudeOil,tscv,18,2025-04-14,628,9,PatchTST,-,63.110198974609375,68.28895568847656,-5.1787567138671875
Univariate,univariate,WTI Oil,Com_CrudeOil,tscv,18,2025-04-21,629,10,PatchTST,-,62.90476989746094,66.4286880493164,-3.5239181518554688
Univariate,univariate,WTI Oil,Com_CrudeOil,tscv,18,2025-04-28,630,11,PatchTST,-,58.91098403930664,64.08354949951172,-5.172565460205078
Univariate,univariate,WTI Oil,Com_CrudeOil,tscv,18,2025-05-05,631,12,PatchTST,-,59.65278625488281,62.55065155029297,-2.8978652954101562
Univariate,univariate,WTI Oil,Com_CrudeOil,tscv,18,2025-02-17,620,1,PatchTST,NLinear,71.43208312988281,70.22261047363281,1.20947265625
Univariate,univariate,WTI Oil,Com_CrudeOil,tscv,18,2025-02-24,621,2,PatchTST,NLinear,69.6719970703125,70.27393341064453,-0.6019363403320312
Univariate,univariate,WTI Oil,Com_CrudeOil,tscv,18,2025-03-03,622,3,PatchTST,NLinear,67.26799774169922,68.65409088134766,-1.3860931396484375
Univariate,univariate,WTI Oil,Com_CrudeOil,tscv,18,2025-03-10,623,4,PatchTST,NLinear,66.92066955566406,67.83594512939453,-0.9152755737304688
Univariate,univariate,WTI Oil,Com_CrudeOil,tscv,18,2025-03-17,624,5,PatchTST,NLinear,67.67898559570312,63.374961853027344,4.304023742675781
Univariate,univariate,WTI Oil,Com_CrudeOil,tscv,18,2025-03-24,625,6,PatchTST,NLinear,69.34062957763672,62.173805236816406,7.1668243408203125
Univariate,univariate,WTI Oil,Com_CrudeOil,tscv,18,2025-03-31,626,7,PatchTST,NLinear,66.51853942871094,60.92840576171875,5.5901336669921875
Univariate,univariate,WTI Oil,Com_CrudeOil,tscv,18,2025-04-07,627,8,PatchTST,NLinear,60.9921875,58.960792541503906,2.0313949584960938
Univariate,univariate,WTI Oil,Com_CrudeOil,tscv,18,2025-04-14,628,9,PatchTST,NLinear,63.110198974609375,56.13265609741211,6.977542877197266
Univariate,univariate,WTI Oil,Com_CrudeOil,tscv,18,2025-04-21,629,10,PatchTST,NLinear,62.90476989746094,53.050872802734375,9.853897094726562
Univariate,univariate,WTI Oil,Com_CrudeOil,tscv,18,2025-04-28,630,11,PatchTST,NLinear,58.91098403930664,50.152034759521484,8.758949279785156
Univariate,univariate,WTI Oil,Com_CrudeOil,tscv,18,2025-05-05,631,12,PatchTST,NLinear,59.65278625488281,48.94336700439453,10.709419250488281
Univariate,univariate,WTI Oil,Com_CrudeOil,tscv,18,2025-02-17,620,1,PatchTST,iTransformer,71.43208312988281,68.11688232421875,3.3152008056640625
Univariate,univariate,WTI Oil,Com_CrudeOil,tscv,18,2025-02-24,621,2,PatchTST,iTransformer,69.6719970703125,69.2936782836914,0.37831878662109375
Univariate,univariate,WTI Oil,Com_CrudeOil,tscv,18,2025-03-03,622,3,PatchTST,iTransformer,67.26799774169922,68.945068359375,-1.6770706176757812
Univariate,univariate,WTI Oil,Com_CrudeOil,tscv,18,2025-03-10,623,4,PatchTST,iTransformer,66.92066955566406,69.33232116699219,-2.411651611328125
Univariate,univariate,WTI Oil,Com_CrudeOil,tscv,18,2025-03-17,624,5,PatchTST,iTransformer,67.67898559570312,66.45449829101562,1.2244873046875
Univariate,univariate,WTI Oil,Com_CrudeOil,tscv,18,2025-03-24,625,6,PatchTST,iTransformer,69.34062957763672,66.43800354003906,2.9026260375976562
Univariate,univariate,WTI Oil,Com_CrudeOil,tscv,18,2025-03-31,626,7,PatchTST,iTransformer,66.51853942871094,66.38129425048828,0.13724517822265625
Univariate,univariate,WTI Oil,Com_CrudeOil,tscv,18,2025-04-07,627,8,PatchTST,iTransformer,60.9921875,65.68272399902344,-4.6905364990234375
Univariate,univariate,WTI Oil,Com_CrudeOil,tscv,18,2025-04-14,628,9,PatchTST,iTransformer,63.110198974609375,63.46538162231445,-0.3551826477050781
Univariate,univariate,WTI Oil,Com_CrudeOil,tscv,18,2025-04-21,629,10,PatchTST,iTransformer,62.90476989746094,61.620880126953125,1.2838897705078125
Univariate,univariate,WTI Oil,Com_CrudeOil,tscv,18,2025-04-28,630,11,PatchTST,iTransformer,58.91098403930664,59.27845001220703,-0.3674659729003906
Univariate,univariate,WTI Oil,Com_CrudeOil,tscv,18,2025-05-05,631,12,PatchTST,iTransformer,59.65278625488281,57.76347351074219,1.889312744140625
Univariate,univariate,WTI Oil,Com_CrudeOil,tscv,18,2025-02-17,620,1,PatchTST,XGBoost,71.43208312988281,68.21417999267578,3.2179031372070312
Univariate,univariate,WTI Oil,Com_CrudeOil,tscv,18,2025-02-24,621,2,PatchTST,XGBoost,69.6719970703125,67.61832427978516,2.0536727905273438
Univariate,univariate,WTI Oil,Com_CrudeOil,tscv,18,2025-03-03,622,3,PatchTST,XGBoost,67.26799774169922,67.34870910644531,-0.08071136474609375
Univariate,univariate,WTI Oil,Com_CrudeOil,tscv,18,2025-03-10,623,4,PatchTST,XGBoost,66.92066955566406,67.56723022460938,-0.6465606689453125
Univariate,univariate,WTI Oil,Com_CrudeOil,tscv,18,2025-03-17,624,5,PatchTST,XGBoost,67.67898559570312,63.64738464355469,4.0316009521484375
Univariate,univariate,WTI Oil,Com_CrudeOil,tscv,18,2025-03-24,625,6,PatchTST,XGBoost,69.34062957763672,64.12308502197266,5.2175445556640625
Univariate,univariate,WTI Oil,Com_CrudeOil,tscv,18,2025-03-31,626,7,PatchTST,XGBoost,66.51853942871094,63.687217712402344,2.8313217163085938
Univariate,univariate,WTI Oil,Com_CrudeOil,tscv,18,2025-04-07,627,8,PatchTST,XGBoost,60.9921875,62.92927551269531,-1.9370880126953125
Univariate,univariate,WTI Oil,Com_CrudeOil,tscv,18,2025-04-14,628,9,PatchTST,XGBoost,63.110198974609375,60.52171325683594,2.5884857177734375
Univariate,univariate,WTI Oil,Com_CrudeOil,tscv,18,2025-04-21,629,10,PatchTST,XGBoost,62.90476989746094,56.477108001708984,6.427661895751953
Univariate,univariate,WTI Oil,Com_CrudeOil,tscv,18,2025-04-28,630,11,PatchTST,XGBoost,58.91098403930664,54.015480041503906,4.895503997802734
Univariate,univariate,WTI Oil,Com_CrudeOil,tscv,18,2025-05-05,631,12,PatchTST,XGBoost,59.65278625488281,53.17354202270508,6.479244232177734
Univariate,univariate,WTI Oil,Com_CrudeOil,tscv,18,2025-02-17,620,1,PatchTST,LightGBM,71.43208312988281,70.34005737304688,1.0920257568359375
Univariate,univariate,WTI Oil,Com_CrudeOil,tscv,18,2025-02-24,621,2,PatchTST,LightGBM,69.6719970703125,71.25428771972656,-1.5822906494140625
Univariate,univariate,WTI Oil,Com_CrudeOil,tscv,18,2025-03-03,622,3,PatchTST,LightGBM,67.26799774169922,70.48153686523438,-3.2135391235351562
Univariate,univariate,WTI Oil,Com_CrudeOil,tscv,18,2025-03-10,623,4,PatchTST,LightGBM,66.92066955566406,70.80146789550781,-3.88079833984375
Univariate,univariate,WTI Oil,Com_CrudeOil,tscv,18,2025-03-17,624,5,PatchTST,LightGBM,67.67898559570312,66.40811157226562,1.2708740234375
Univariate,univariate,WTI Oil,Com_CrudeOil,tscv,18,2025-03-24,625,6,PatchTST,LightGBM,69.34062957763672,66.38814544677734,2.952484130859375
Univariate,univariate,WTI Oil,Com_CrudeOil,tscv,18,2025-03-31,626,7,PatchTST,LightGBM,66.51853942871094,66.3263168334961,0.19222259521484375
Univariate,univariate,WTI Oil,Com_CrudeOil,tscv,18,2025-04-07,627,8,PatchTST,LightGBM,60.9921875,65.42798614501953,-4.435798645019531
Univariate,univariate,WTI Oil,Com_CrudeOil,tscv,18,2025-04-14,628,9,PatchTST,LightGBM,63.110198974609375,63.40453338623047,-0.29433441162109375
Univariate,univariate,WTI Oil,Com_CrudeOil,tscv,18,2025-04-21,629,10,PatchTST,LightGBM,62.90476989746094,61.34611511230469,1.55865478515625
Univariate,univariate,WTI Oil,Com_CrudeOil,tscv,18,2025-04-28,630,11,PatchTST,LightGBM,58.91098403930664,59.0009765625,-0.08999252319335938
Univariate,univariate,WTI Oil,Com_CrudeOil,tscv,18,2025-05-05,631,12,PatchTST,LightGBM,59.65278625488281,57.46807861328125,2.1847076416015625
Univariate,univariate,WTI Oil,Com_CrudeOil,tscv,19,2025-03-17,624,1,PatchTST,-,67.67898559570312,76.39067077636719,-8.711685180664062
Univariate,univariate,WTI Oil,Com_CrudeOil,tscv,19,2025-03-24,625,2,PatchTST,-,69.34062957763672,74.78103637695312,-5.440406799316406
Univariate,univariate,WTI Oil,Com_CrudeOil,tscv,19,2025-03-31,626,3,PatchTST,-,66.51853942871094,73.08100128173828,-6.562461853027344
Univariate,univariate,WTI Oil,Com_CrudeOil,tscv,19,2025-04-07,627,4,PatchTST,-,60.9921875,69.70986938476562,-8.717681884765625
Univariate,univariate,WTI Oil,Com_CrudeOil,tscv,19,2025-04-14,628,5,PatchTST,-,63.110198974609375,64.66666412353516,-1.5564651489257812
Univariate,univariate,WTI Oil,Com_CrudeOil,tscv,19,2025-04-21,629,6,PatchTST,-,62.90476989746094,62.26621627807617,0.6385536193847656
Univariate,univariate,WTI Oil,Com_CrudeOil,tscv,19,2025-04-28,630,7,PatchTST,-,58.91098403930664,61.03471755981445,-2.1237335205078125
Univariate,univariate,WTI Oil,Com_CrudeOil,tscv,19,2025-05-05,631,8,PatchTST,-,59.65278625488281,56.777889251708984,2.874897003173828
Univariate,univariate,WTI Oil,Com_CrudeOil,tscv,19,2025-05-12,632,9,PatchTST,-,62.43055725097656,56.94940185546875,5.4811553955078125
Univariate,univariate,WTI Oil,Com_CrudeOil,tscv,19,2025-05-19,633,10,PatchTST,-,61.70574188232422,55.77278137207031,5.932960510253906
Univariate,univariate,WTI Oil,Com_CrudeOil,tscv,19,2025-05-26,634,11,PatchTST,-,61.3050422668457,55.86959457397461,5.435447692871094
Univariate,univariate,WTI Oil,Com_CrudeOil,tscv,19,2025-06-02,635,12,PatchTST,-,63.6950569152832,54.89170455932617,8.803352355957031
Univariate,univariate,WTI Oil,Com_CrudeOil,tscv,19,2025-03-17,624,1,PatchTST,NLinear,67.67898559570312,71.20528411865234,-3.5262985229492188
Univariate,univariate,WTI Oil,Com_CrudeOil,tscv,19,2025-03-24,625,2,PatchTST,NLinear,69.34062957763672,70.00579833984375,-0.6651687622070312
Univariate,univariate,WTI Oil,Com_CrudeOil,tscv,19,2025-03-31,626,3,PatchTST,NLinear,66.51853942871094,68.70828247070312,-2.1897430419921875
Univariate,univariate,WTI Oil,Com_CrudeOil,tscv,19,2025-04-07,627,4,PatchTST,NLinear,60.9921875,65.15794372558594,-4.1657562255859375
Univariate,univariate,WTI Oil,Com_CrudeOil,tscv,19,2025-04-14,628,5,PatchTST,NLinear,63.110198974609375,60.176551818847656,2.9336471557617188
Univariate,univariate,WTI Oil,Com_CrudeOil,tscv,19,2025-04-21,629,6,PatchTST,NLinear,62.90476989746094,57.80356979370117,5.101200103759766
Univariate,univariate,WTI Oil,Com_CrudeOil,tscv,19,2025-04-28,630,7,PatchTST,NLinear,58.91098403930664,57.06439208984375,1.8465919494628906
Univariate,univariate,WTI Oil,Com_CrudeOil,tscv,19,2025-05-05,631,8,PatchTST,NLinear,59.65278625488281,52.98558807373047,6.667198181152344
Univariate,univariate,WTI Oil,Com_CrudeOil,tscv,19,2025-05-12,632,9,PatchTST,NLinear,62.43055725097656,53.429534912109375,9.001022338867188
Univariate,univariate,WTI Oil,Com_CrudeOil,tscv,19,2025-05-19,633,10,PatchTST,NLinear,61.70574188232422,52.17246627807617,9.533275604248047
Univariate,univariate,WTI Oil,Com_CrudeOil,tscv,19,2025-05-26,634,11,PatchTST,NLinear,61.3050422668457,52.35258483886719,8.952457427978516
Univariate,univariate,WTI Oil,Com_CrudeOil,tscv,19,2025-06-02,635,12,PatchTST,NLinear,63.6950569152832,51.328426361083984,12.366630554199219
Univariate,univariate,WTI Oil,Com_CrudeOil,tscv,19,2025-03-17,624,1,PatchTST,iTransformer,67.67898559570312,69.05048370361328,-1.3714981079101562
Univariate,univariate,WTI Oil,Com_CrudeOil,tscv,19,2025-03-24,625,2,PatchTST,iTransformer,69.34062957763672,67.75882720947266,1.5818023681640625
Univariate,univariate,WTI Oil,Com_CrudeOil,tscv,19,2025-03-31,626,3,PatchTST,iTransformer,66.51853942871094,66.41893768310547,0.09960174560546875
Univariate,univariate,WTI Oil,Com_CrudeOil,tscv,19,2025-04-07,627,4,PatchTST,iTransformer,60.9921875,64.41184997558594,-3.4196624755859375
Univariate,univariate,WTI Oil,Com_CrudeOil,tscv,19,2025-04-14,628,5,PatchTST,iTransformer,63.110198974609375,60.83925247192383,2.270946502685547
Univariate,univariate,WTI Oil,Com_CrudeOil,tscv,19,2025-04-21,629,6,PatchTST,iTransformer,62.90476989746094,61.1461296081543,1.7586402893066406
Univariate,univariate,WTI Oil,Com_CrudeOil,tscv,19,2025-04-28,630,7,PatchTST,iTransformer,58.91098403930664,61.07381057739258,-2.1628265380859375
Univariate,univariate,WTI Oil,Com_CrudeOil,tscv,19,2025-05-05,631,8,PatchTST,iTransformer,59.65278625488281,57.68010711669922,1.9726791381835938
Univariate,univariate,WTI Oil,Com_CrudeOil,tscv,19,2025-05-12,632,9,PatchTST,iTransformer,62.43055725097656,58.19155502319336,4.239002227783203
Univariate,univariate,WTI Oil,Com_CrudeOil,tscv,19,2025-05-19,633,10,PatchTST,iTransformer,61.70574188232422,57.607173919677734,4.098567962646484
Univariate,univariate,WTI Oil,Com_CrudeOil,tscv,19,2025-05-26,634,11,PatchTST,iTransformer,61.3050422668457,57.90735626220703,3.397686004638672
Univariate,univariate,WTI Oil,Com_CrudeOil,tscv,19,2025-06-02,635,12,PatchTST,iTransformer,63.6950569152832,57.037811279296875,6.657245635986328
Univariate,univariate,WTI Oil,Com_CrudeOil,tscv,19,2025-03-17,624,1,PatchTST,XGBoost,67.67898559570312,70.52153778076172,-2.8425521850585938
Univariate,univariate,WTI Oil,Com_CrudeOil,tscv,19,2025-03-24,625,2,PatchTST,XGBoost,69.34062957763672,69.88129425048828,-0.5406646728515625
Univariate,univariate,WTI Oil,Com_CrudeOil,tscv,19,2025-03-31,626,3,PatchTST,XGBoost,66.51853942871094,67.91820526123047,-1.3996658325195312
Univariate,univariate,WTI Oil,Com_CrudeOil,tscv,19,2025-04-07,627,4,PatchTST,XGBoost,60.9921875,63.66743850708008,-2.675251007080078
Univariate,univariate,WTI Oil,Com_CrudeOil,tscv,19,2025-04-14,628,5,PatchTST,XGBoost,63.110198974609375,59.07367706298828,4.036521911621094
Univariate,univariate,WTI Oil,Com_CrudeOil,tscv,19,2025-04-21,629,6,PatchTST,XGBoost,62.90476989746094,58.6657829284668,4.238986968994141
Univariate,univariate,WTI Oil,Com_CrudeOil,tscv,19,2025-04-28,630,7,PatchTST,XGBoost,58.91098403930664,55.57169723510742,3.3392868041992188
Univariate,univariate,WTI Oil,Com_CrudeOil,tscv,19,2025-05-05,631,8,PatchTST,XGBoost,59.65278625488281,52.61298370361328,7.039802551269531
Univariate,univariate,WTI Oil,Com_CrudeOil,tscv,19,2025-05-12,632,9,PatchTST,XGBoost,62.43055725097656,52.75392150878906,9.6766357421875
Univariate,univariate,WTI Oil,Com_CrudeOil,tscv,19,2025-05-19,633,10,PatchTST,XGBoost,61.70574188232422,53.65690612792969,8.048835754394531
Univariate,univariate,WTI Oil,Com_CrudeOil,tscv,19,2025-05-26,634,11,PatchTST,XGBoost,61.3050422668457,54.28887176513672,7.016170501708984
Univariate,univariate,WTI Oil,Com_CrudeOil,tscv,19,2025-06-02,635,12,PatchTST,XGBoost,63.6950569152832,52.93164825439453,10.763408660888672
Univariate,univariate,WTI Oil,Com_CrudeOil,tscv,19,2025-03-17,624,1,PatchTST,LightGBM,67.67898559570312,69.34075927734375,-1.661773681640625
Univariate,univariate,WTI Oil,Com_CrudeOil,tscv,19,2025-03-24,625,2,PatchTST,LightGBM,69.34062957763672,68.6163101196289,0.7243194580078125
Univariate,univariate,WTI Oil,Com_CrudeOil,tscv,19,2025-03-31,626,3,PatchTST,LightGBM,66.51853942871094,65.55022430419922,0.9683151245117188
Univariate,univariate,WTI Oil,Com_CrudeOil,tscv,19,2025-04-07,627,4,PatchTST,LightGBM,60.9921875,64.53772735595703,-3.5455398559570312
Univariate,univariate,WTI Oil,Com_CrudeOil,tscv,19,2025-04-14,628,5,PatchTST,LightGBM,63.110198974609375,58.67625427246094,4.4339447021484375
Univariate,univariate,WTI Oil,Com_CrudeOil,tscv,19,2025-04-21,629,6,PatchTST,LightGBM,62.90476989746094,57.40802001953125,5.4967498779296875
Univariate,univariate,WTI Oil,Com_CrudeOil,tscv,19,2025-04-28,630,7,PatchTST,LightGBM,58.91098403930664,57.12175750732422,1.7892265319824219
Univariate,univariate,WTI Oil,Com_CrudeOil,tscv,19,2025-05-05,631,8,PatchTST,LightGBM,59.65278625488281,52.975440979003906,6.677345275878906
Univariate,univariate,WTI Oil,Com_CrudeOil,tscv,19,2025-05-12,632,9,PatchTST,LightGBM,62.43055725097656,54.92158126831055,7.508975982666016
Univariate,univariate,WTI Oil,Com_CrudeOil,tscv,19,2025-05-19,633,10,PatchTST,LightGBM,61.70574188232422,54.5766716003418,7.129070281982422
Univariate,univariate,WTI Oil,Com_CrudeOil,tscv,19,2025-05-26,634,11,PatchTST,LightGBM,61.3050422668457,56.10742950439453,5.197612762451172
Univariate,univariate,WTI Oil,Com_CrudeOil,tscv,19,2025-06-02,635,12,PatchTST,LightGBM,63.6950569152832,55.129539489746094,8.56551742553711
Univariate,univariate,WTI Oil,Com_CrudeOil,tscv,20,2025-04-14,628,1,PatchTST,-,63.110198974609375,65.93495178222656,-2.8247528076171875
Univariate,univariate,WTI Oil,Com_CrudeOil,tscv,20,2025-04-21,629,2,PatchTST,-,62.90476989746094,61.37080764770508,1.5339622497558594
Univariate,univariate,WTI Oil,Com_CrudeOil,tscv,20,2025-04-28,630,3,PatchTST,-,58.91098403930664,60.978790283203125,-2.0678062438964844
Univariate,univariate,WTI Oil,Com_CrudeOil,tscv,20,2025-05-05,631,4,PatchTST,-,59.65278625488281,56.22797393798828,3.4248123168945312
Univariate,univariate,WTI Oil,Com_CrudeOil,tscv,20,2025-05-12,632,5,PatchTST,-,62.43055725097656,56.08416748046875,6.3463897705078125
Univariate,univariate,WTI Oil,Com_CrudeOil,tscv,20,2025-05-19,633,6,PatchTST,-,61.70574188232422,55.64037322998047,6.06536865234375
Univariate,univariate,WTI Oil,Com_CrudeOil,tscv,20,2025-05-26,634,7,PatchTST,-,61.3050422668457,56.42074203491211,4.884300231933594
Univariate,univariate,WTI Oil,Com_CrudeOil,tscv,20,2025-06-02,635,8,PatchTST,-,63.6950569152832,56.15941619873047,7.535640716552734
Univariate,univariate,WTI Oil,Com_CrudeOil,tscv,20,2025-06-09,636,9,PatchTST,-,69.44467163085938,56.23274612426758,13.211925506591797
Univariate,univariate,WTI Oil,Com_CrudeOil,tscv,20,2025-06-16,637,10,PatchTST,-,73.4095687866211,60.88572311401367,12.523845672607422
Univariate,univariate,WTI Oil,Com_CrudeOil,tscv,20,2025-06-23,638,11,PatchTST,-,65.62223052978516,67.19709777832031,-1.5748672485351562
Univariate,univariate,WTI Oil,Com_CrudeOil,tscv,20,2025-06-30,639,12,PatchTST,-,66.21095275878906,63.72756576538086,2.483386993408203
Univariate,univariate,WTI Oil,Com_CrudeOil,tscv,20,2025-04-14,628,1,PatchTST,NLinear,63.110198974609375,57.402950286865234,5.707248687744141
Univariate,univariate,WTI Oil,Com_CrudeOil,tscv,20,2025-04-21,629,2,PatchTST,NLinear,62.90476989746094,52.33063507080078,10.574134826660156
Univariate,univariate,WTI Oil,Com_CrudeOil,tscv,20,2025-04-28,630,3,PatchTST,NLinear,58.91098403930664,51.195404052734375,7.715579986572266
Univariate,univariate,WTI Oil,Com_CrudeOil,tscv,20,2025-05-05,631,4,PatchTST,NLinear,59.65278625488281,45.64341354370117,14.00937271118164
Univariate,univariate,WTI Oil,Com_CrudeOil,tscv,20,2025-05-12,632,5,PatchTST,NLinear,62.43055725097656,45.09822463989258,17.332332611083984
Univariate,univariate,WTI Oil,Com_CrudeOil,tscv,20,2025-05-19,633,6,PatchTST,NLinear,61.70574188232422,44.125858306884766,17.579883575439453
Univariate,univariate,WTI Oil,Com_CrudeOil,tscv,20,2025-05-26,634,7,PatchTST,NLinear,61.3050422668457,44.0430908203125,17.261951446533203
Univariate,univariate,WTI Oil,Com_CrudeOil,tscv,20,2025-06-02,635,8,PatchTST,NLinear,63.6950569152832,43.38794708251953,20.307109832763672
Univariate,univariate,WTI Oil,Com_CrudeOil,tscv,20,2025-06-09,636,9,PatchTST,NLinear,69.44467163085938,42.637733459472656,26.80693817138672
Univariate,univariate,WTI Oil,Com_CrudeOil,tscv,20,2025-06-16,637,10,PatchTST,NLinear,73.4095687866211,47.00389099121094,26.405677795410156
Univariate,univariate,WTI Oil,Com_CrudeOil,tscv,20,2025-06-23,638,11,PatchTST,NLinear,65.62223052978516,52.86098861694336,12.761241912841797
Univariate,univariate,WTI Oil,Com_CrudeOil,tscv,20,2025-06-30,639,12,PatchTST,NLinear,66.21095275878906,49.9669189453125,16.244033813476562
Univariate,univariate,WTI Oil,Com_CrudeOil,tscv,20,2025-04-14,628,1,PatchTST,iTransformer,63.110198974609375,57.9892578125,5.120941162109375
Univariate,univariate,WTI Oil,Com_CrudeOil,tscv,20,2025-04-21,629,2,PatchTST,iTransformer,62.90476989746094,53.48715591430664,9.417613983154297
Univariate,univariate,WTI Oil,Com_CrudeOil,tscv,20,2025-04-28,630,3,PatchTST,iTransformer,58.91098403930664,57.048606872558594,1.8623771667480469
Univariate,univariate,WTI Oil,Com_CrudeOil,tscv,20,2025-05-05,631,4,PatchTST,iTransformer,59.65278625488281,47.86389923095703,11.788887023925781
Univariate,univariate,WTI Oil,Com_CrudeOil,tscv,20,2025-05-12,632,5,PatchTST,iTransformer,62.43055725097656,49.650604248046875,12.779953002929688
Univariate,univariate,WTI Oil,Com_CrudeOil,tscv,20,2025-05-19,633,6,PatchTST,iTransformer,61.70574188232422,50.06825637817383,11.63748550415039
Univariate,univariate,WTI Oil,Com_CrudeOil,tscv,20,2025-05-26,634,7,PatchTST,iTransformer,61.3050422668457,54.88386535644531,6.421176910400391
Univariate,univariate,WTI Oil,Com_CrudeOil,tscv,20,2025-06-02,635,8,PatchTST,iTransformer,63.6950569152832,56.53046417236328,7.164592742919922
Univariate,univariate,WTI Oil,Com_CrudeOil,tscv,20,2025-06-09,636,9,PatchTST,iTransformer,69.44467163085938,56.99915313720703,12.445518493652344
Univariate,univariate,WTI Oil,Com_CrudeOil,tscv,20,2025-06-16,637,10,PatchTST,iTransformer,73.4095687866211,62.19540786743164,11.214160919189453
Univariate,univariate,WTI Oil,Com_CrudeOil,tscv,20,2025-06-23,638,11,PatchTST,iTransformer,65.62223052978516,69.21277618408203,-3.590545654296875
Univariate,univariate,WTI Oil,Com_CrudeOil,tscv,20,2025-06-30,639,12,PatchTST,iTransformer,66.21095275878906,65.54559326171875,0.6653594970703125
Univariate,univariate,WTI Oil,Com_CrudeOil,tscv,20,2025-04-14,628,1,PatchTST,XGBoost,63.110198974609375,58.5492057800293,4.560993194580078
Univariate,univariate,WTI Oil,Com_CrudeOil,tscv,20,2025-04-21,629,2,PatchTST,XGBoost,62.90476989746094,53.92084884643555,8.98392105102539
Univariate,univariate,WTI Oil,Com_CrudeOil,tscv,20,2025-04-28,630,3,PatchTST,XGBoost,58.91098403930664,53.4350471496582,5.4759368896484375
Univariate,univariate,WTI Oil,Com_CrudeOil,tscv,20,2025-05-05,631,4,PatchTST,XGBoost,59.65278625488281,47.577449798583984,12.075336456298828
Univariate,univariate,WTI Oil,Com_CrudeOil,tscv,20,2025-05-12,632,5,PatchTST,XGBoost,62.43055725097656,47.25596618652344,15.174591064453125
Univariate,univariate,WTI Oil,Com_CrudeOil,tscv,20,2025-05-19,633,6,PatchTST,XGBoost,61.70574188232422,46.1027717590332,15.602970123291016
Univariate,univariate,WTI Oil,Com_CrudeOil,tscv,20,2025-05-26,634,7,PatchTST,XGBoost,61.3050422668457,46.943504333496094,14.36153793334961
Univariate,univariate,WTI Oil,Com_CrudeOil,tscv,20,2025-06-02,635,8,PatchTST,XGBoost,63.6950569152832,46.78972625732422,16.905330657958984
Univariate,univariate,WTI Oil,Com_CrudeOil,tscv,20,2025-06-09,636,9,PatchTST,XGBoost,69.44467163085938,46.901302337646484,22.54336929321289
Univariate,univariate,WTI Oil,Com_CrudeOil,tscv,20,2025-06-16,637,10,PatchTST,XGBoost,73.4095687866211,51.035221099853516,22.374347686767578
Univariate,univariate,WTI Oil,Com_CrudeOil,tscv,20,2025-06-23,638,11,PatchTST,XGBoost,65.62223052978516,56.548439025878906,9.07379150390625
Univariate,univariate,WTI Oil,Com_CrudeOil,tscv,20,2025-06-30,639,12,PatchTST,XGBoost,66.21095275878906,52.990657806396484,13.220294952392578
Univariate,univariate,WTI Oil,Com_CrudeOil,tscv,20,2025-04-14,628,1,PatchTST,LightGBM,63.110198974609375,59.15839767456055,3.951801300048828
Univariate,univariate,WTI Oil,Com_CrudeOil,tscv,20,2025-04-21,629,2,PatchTST,LightGBM,62.90476989746094,53.5840950012207,9.320674896240234
Univariate,univariate,WTI Oil,Com_CrudeOil,tscv,20,2025-04-28,630,3,PatchTST,LightGBM,58.91098403930664,52.43431854248047,6.476665496826172
Univariate,univariate,WTI Oil,Com_CrudeOil,tscv,20,2025-05-05,631,4,PatchTST,LightGBM,59.65278625488281,47.683502197265625,11.969284057617188
Univariate,univariate,WTI Oil,Com_CrudeOil,tscv,20,2025-05-12,632,5,PatchTST,LightGBM,62.43055725097656,47.539695739746094,14.890861511230469
Univariate,univariate,WTI Oil,Com_CrudeOil,tscv,20,2025-05-19,633,6,PatchTST,LightGBM,61.70574188232422,47.09590148925781,14.609840393066406
Univariate,univariate,WTI Oil,Com_CrudeOil,tscv,20,2025-05-26,634,7,PatchTST,LightGBM,61.3050422668457,47.87627029418945,13.42877197265625
Univariate,univariate,WTI Oil,Com_CrudeOil,tscv,20,2025-06-02,635,8,PatchTST,LightGBM,63.6950569152832,47.61494445800781,16.08011245727539
Univariate,univariate,WTI Oil,Com_CrudeOil,tscv,20,2025-06-09,636,9,PatchTST,LightGBM,69.44467163085938,47.68827438354492,21.756397247314453
Univariate,univariate,WTI Oil,Com_CrudeOil,tscv,20,2025-06-16,637,10,PatchTST,LightGBM,73.4095687866211,52.341251373291016,21.068317413330078
Univariate,univariate,WTI Oil,Com_CrudeOil,tscv,20,2025-06-23,638,11,PatchTST,LightGBM,65.62223052978516,58.652626037597656,6.9696044921875
Univariate,univariate,WTI Oil,Com_CrudeOil,tscv,20,2025-06-30,639,12,PatchTST,LightGBM,66.21095275878906,55.1830940246582,11.02785873413086
Univariate,univariate,WTI Oil,Com_CrudeOil,tscv,21,2025-05-12,632,1,PatchTST,-,62.43055725097656,53.76103973388672,8.669517517089844
Univariate,univariate,WTI Oil,Com_CrudeOil,tscv,21,2025-05-19,633,2,PatchTST,-,61.70574188232422,53.25518798828125,8.450553894042969
Univariate,univariate,WTI Oil,Com_CrudeOil,tscv,21,2025-05-26,634,3,PatchTST,-,61.3050422668457,52.91012954711914,8.394912719726562
Univariate,univariate,WTI Oil,Com_CrudeOil,tscv,21,2025-06-02,635,4,PatchTST,-,63.6950569152832,52.723663330078125,10.971393585205078
Univariate,univariate,WTI Oil,Com_CrudeOil,tscv,21,2025-06-09,636,5,PatchTST,-,69.44467163085938,53.18163299560547,16.263038635253906
Univariate,univariate,WTI Oil,Com_CrudeOil,tscv,21,2025-06-16,637,6,PatchTST,-,73.4095687866211,55.954307556152344,17.45526123046875
Univariate,univariate,WTI Oil,Com_CrudeOil,tscv,21,2025-06-23,638,7,PatchTST,-,65.62223052978516,61.586360931396484,4.035869598388672
Univariate,univariate,WTI Oil,Com_CrudeOil,tscv,21,2025-06-30,639,8,PatchTST,-,66.21095275878906,62.02421188354492,4.186740875244141
Univariate,univariate,WTI Oil,Com_CrudeOil,tscv,21,2025-07-07,640,9,PatchTST,-,68.04521942138672,65.14666748046875,2.8985519409179688
Univariate,univariate,WTI Oil,Com_CrudeOil,tscv,21,2025-07-14,641,10,PatchTST,-,66.42243194580078,63.6873664855957,2.735065460205078
Univariate,univariate,WTI Oil,Com_CrudeOil,tscv,21,2025-07-21,642,11,PatchTST,-,65.51323699951172,63.4250373840332,2.0881996154785156
Univariate,univariate,WTI Oil,Com_CrudeOil,tscv,21,2025-07-28,643,12,PatchTST,-,68.28096771240234,64.52998352050781,3.7509841918945312
Univariate,univariate,WTI Oil,Com_CrudeOil,tscv,21,2025-05-12,632,1,PatchTST,NLinear,62.43055725097656,51.45673370361328,10.973823547363281
Univariate,univariate,WTI Oil,Com_CrudeOil,tscv,21,2025-05-19,633,2,PatchTST,NLinear,61.70574188232422,50.650814056396484,11.054927825927734
Univariate,univariate,WTI Oil,Com_CrudeOil,tscv,21,2025-05-26,634,3,PatchTST,NLinear,61.3050422668457,50.509822845458984,10.795219421386719
Univariate,univariate,WTI Oil,Com_CrudeOil,tscv,21,2025-06-02,635,4,PatchTST,NLinear,63.6950569152832,51.13283920288086,12.562217712402344
Univariate,univariate,WTI Oil,Com_CrudeOil,tscv,21,2025-06-09,636,5,PatchTST,NLinear,69.44467163085938,52.68336868286133,16.761302947998047
Univariate,univariate,WTI Oil,Com_CrudeOil,tscv,21,2025-06-16,637,6,PatchTST,NLinear,73.4095687866211,56.35203170776367,17.057537078857422
Univariate,univariate,WTI Oil,Com_CrudeOil,tscv,21,2025-06-23,638,7,PatchTST,NLinear,65.62223052978516,62.849281311035156,2.77294921875
Univariate,univariate,WTI Oil,Com_CrudeOil,tscv,21,2025-06-30,639,8,PatchTST,NLinear,66.21095275878906,63.390533447265625,2.8204193115234375
Univariate,univariate,WTI Oil,Com_CrudeOil,tscv,21,2025-07-07,640,9,PatchTST,NLinear,68.04521942138672,67.70282745361328,0.3423919677734375
Univariate,univariate,WTI Oil,Com_CrudeOil,tscv,21,2025-07-14,641,10,PatchTST,NLinear,66.42243194580078,67.34255981445312,-0.9201278686523438
Univariate,univariate,WTI Oil,Com_CrudeOil,tscv,21,2025-07-21,642,11,PatchTST,NLinear,65.51323699951172,67.77969360351562,-2.2664566040039062
Univariate,univariate,WTI Oil,Com_CrudeOil,tscv,21,2025-07-28,643,12,PatchTST,NLinear,68.28096771240234,69.64008331298828,-1.3591156005859375
Univariate,univariate,WTI Oil,Com_CrudeOil,tscv,21,2025-05-12,632,1,PatchTST,iTransformer,62.43055725097656,51.88729476928711,10.543262481689453
Univariate,univariate,WTI Oil,Com_CrudeOil,tscv,21,2025-05-19,633,2,PatchTST,iTransformer,61.70574188232422,53.33121871948242,8.374523162841797
Univariate,univariate,WTI Oil,Com_CrudeOil,tscv,21,2025-05-26,634,3,PatchTST,iTransformer,61.3050422668457,53.862770080566406,7.442272186279297
Univariate,univariate,WTI Oil,Com_CrudeOil,tscv,21,2025-06-02,635,4,PatchTST,iTransformer,63.6950569152832,53.8504753112793,9.844581604003906
Univariate,univariate,WTI Oil,Com_CrudeOil,tscv,21,2025-06-09,636,5,PatchTST,iTransformer,69.44467163085938,54.36350631713867,15.081165313720703
Univariate,univariate,WTI Oil,Com_CrudeOil,tscv,21,2025-06-16,637,6,PatchTST,iTransformer,73.4095687866211,57.16633224487305,16.243236541748047
Univariate,univariate,WTI Oil,Com_CrudeOil,tscv,21,2025-06-23,638,7,PatchTST,iTransformer,65.62223052978516,62.80033493041992,2.8218955993652344
Univariate,univariate,WTI Oil,Com_CrudeOil,tscv,21,2025-06-30,639,8,PatchTST,iTransformer,66.21095275878906,63.210693359375,3.0002593994140625
Univariate,univariate,WTI Oil,Com_CrudeOil,tscv,21,2025-07-07,640,9,PatchTST,iTransformer,68.04521942138672,66.34697723388672,1.6982421875
Univariate,univariate,WTI Oil,Com_CrudeOil,tscv,21,2025-07-14,641,10,PatchTST,iTransformer,66.42243194580078,64.860595703125,1.5618362426757812
Univariate,univariate,WTI Oil,Com_CrudeOil,tscv,21,2025-07-21,642,11,PatchTST,iTransformer,65.51323699951172,64.51099395751953,1.0022430419921875
Univariate,univariate,WTI Oil,Com_CrudeOil,tscv,21,2025-07-28,643,12,PatchTST,iTransformer,68.28096771240234,65.54024505615234,2.74072265625
Univariate,univariate,WTI Oil,Com_CrudeOil,tscv,21,2025-05-12,632,1,PatchTST,XGBoost,62.43055725097656,49.34789276123047,13.082664489746094
Univariate,univariate,WTI Oil,Com_CrudeOil,tscv,21,2025-05-19,633,2,PatchTST,XGBoost,61.70574188232422,48.150394439697266,13.555347442626953
Univariate,univariate,WTI Oil,Com_CrudeOil,tscv,21,2025-05-26,634,3,PatchTST,XGBoost,61.3050422668457,45.91896438598633,15.386077880859375
Univariate,univariate,WTI Oil,Com_CrudeOil,tscv,21,2025-06-02,635,4,PatchTST,XGBoost,63.6950569152832,46.940181732177734,16.75487518310547
Univariate,univariate,WTI Oil,Com_CrudeOil,tscv,21,2025-06-09,636,5,PatchTST,XGBoost,69.44467163085938,47.595523834228516,21.84914779663086
Univariate,univariate,WTI Oil,Com_CrudeOil,tscv,21,2025-06-16,637,6,PatchTST,XGBoost,73.4095687866211,48.934486389160156,24.475082397460938
Univariate,univariate,WTI Oil,Com_CrudeOil,tscv,21,2025-06-23,638,7,PatchTST,XGBoost,65.62223052978516,54.695289611816406,10.92694091796875
Univariate,univariate,WTI Oil,Com_CrudeOil,tscv,21,2025-06-30,639,8,PatchTST,XGBoost,66.21095275878906,55.557899475097656,10.653053283691406
Univariate,univariate,WTI Oil,Com_CrudeOil,tscv,21,2025-07-07,640,9,PatchTST,XGBoost,68.04521942138672,58.589820861816406,9.455398559570312
Univariate,univariate,WTI Oil,Com_CrudeOil,tscv,21,2025-07-14,641,10,PatchTST,XGBoost,66.42243194580078,57.0411491394043,9.381282806396484
Univariate,univariate,WTI Oil,Com_CrudeOil,tscv,21,2025-07-21,642,11,PatchTST,XGBoost,65.51323699951172,56.57543182373047,8.93780517578125
Univariate,univariate,WTI Oil,Com_CrudeOil,tscv,21,2025-07-28,643,12,PatchTST,XGBoost,68.28096771240234,59.37152862548828,8.909439086914062
Univariate,univariate,WTI Oil,Com_CrudeOil,tscv,21,2025-05-12,632,1,PatchTST,LightGBM,62.43055725097656,50.78915023803711,11.641407012939453
Univariate,univariate,WTI Oil,Com_CrudeOil,tscv,21,2025-05-19,633,2,PatchTST,LightGBM,61.70574188232422,49.2928466796875,12.412895202636719
Univariate,univariate,WTI Oil,Com_CrudeOil,tscv,21,2025-05-26,634,3,PatchTST,LightGBM,61.3050422668457,48.94778823852539,12.357254028320312
Univariate,univariate,WTI Oil,Com_CrudeOil,tscv,21,2025-06-02,635,4,PatchTST,LightGBM,63.6950569152832,48.453006744384766,15.242050170898438
Univariate,univariate,WTI Oil,Com_CrudeOil,tscv,21,2025-06-09,636,5,PatchTST,LightGBM,69.44467163085938,49.510528564453125,19.93414306640625
Univariate,univariate,WTI Oil,Com_CrudeOil,tscv,21,2025-06-16,637,6,PatchTST,LightGBM,73.4095687866211,52.283203125,21.126365661621094
Univariate,univariate,WTI Oil,Com_CrudeOil,tscv,21,2025-06-23,638,7,PatchTST,LightGBM,65.62223052978516,57.315704345703125,8.306526184082031
Univariate,univariate,WTI Oil,Com_CrudeOil,tscv,21,2025-06-30,639,8,PatchTST,LightGBM,66.21095275878906,58.35310363769531,7.85784912109375
Univariate,univariate,WTI Oil,Com_CrudeOil,tscv,21,2025-07-07,640,9,PatchTST,LightGBM,68.04521942138672,61.475563049316406,6.5696563720703125
Univariate,univariate,WTI Oil,Com_CrudeOil,tscv,21,2025-07-14,641,10,PatchTST,LightGBM,66.42243194580078,60.016258239746094,6.4061737060546875
Univariate,univariate,WTI Oil,Com_CrudeOil,tscv,21,2025-07-21,642,11,PatchTST,LightGBM,65.51323699951172,59.753929138183594,5.759307861328125
Univariate,univariate,WTI Oil,Com_CrudeOil,tscv,21,2025-07-28,643,12,PatchTST,LightGBM,68.28096771240234,60.85887908935547,7.422088623046875
Univariate,univariate,WTI Oil,Com_CrudeOil,tscv,22,2025-06-09,636,1,PatchTST,-,69.44467163085938,52.732826232910156,16.71184539794922
Univariate,univariate,WTI Oil,Com_CrudeOil,tscv,22,2025-06-16,637,2,PatchTST,-,73.4095687866211,56.26918029785156,17.14038848876953
Univariate,univariate,WTI Oil,Com_CrudeOil,tscv,22,2025-06-23,638,3,PatchTST,-,65.62223052978516,60.221153259277344,5.4010772705078125
Univariate,univariate,WTI Oil,Com_CrudeOil,tscv,22,2025-06-30,639,4,PatchTST,-,66.21095275878906,60.30435562133789,5.906597137451172
Univariate,univariate,WTI Oil,Com_CrudeOil,tscv,22,2025-07-07,640,5,PatchTST,-,68.04521942138672,60.947303771972656,7.0979156494140625
Univariate,univariate,WTI Oil,Com_CrudeOil,tscv,22,2025-07-14,641,6,PatchTST,-,66.42243194580078,63.38557052612305,3.0368614196777344
Univariate,univariate,WTI Oil,Com_CrudeOil,tscv,22,2025-07-21,642,7,PatchTST,-,65.51323699951172,64.86500549316406,0.6482315063476562
Univariate,univariate,WTI Oil,Com_CrudeOil,tscv,22,2025-07-28,643,8,PatchTST,-,68.28096771240234,63.149696350097656,5.1312713623046875
Univariate,univariate,WTI Oil,Com_CrudeOil,tscv,22,2025-08-04,644,9,PatchTST,-,64.51432037353516,63.095680236816406,1.41864013671875
Univariate,univariate,WTI Oil,Com_CrudeOil,tscv,22,2025-08-11,645,10,PatchTST,-,63.105133056640625,67.17752838134766,-4.072395324707031
Univariate,univariate,WTI Oil,Com_CrudeOil,tscv,22,2025-08-18,646,11,PatchTST,-,63.027198791503906,65.91117858886719,-2.8839797973632812
Univariate,univariate,WTI Oil,Com_CrudeOil,tscv,22,2025-08-25,647,12,PatchTST,-,64.09881591796875,62.932613372802734,1.1662025451660156
Univariate,univariate,WTI Oil,Com_CrudeOil,tscv,22,2025-06-09,636,1,PatchTST,NLinear,69.44467163085938,55.892303466796875,13.5523681640625
Univariate,univariate,WTI Oil,Com_CrudeOil,tscv,22,2025-06-16,637,2,PatchTST,NLinear,73.4095687866211,58.97915267944336,14.430416107177734
Univariate,univariate,WTI Oil,Com_CrudeOil,tscv,22,2025-06-23,638,3,PatchTST,NLinear,65.62223052978516,61.516014099121094,4.1062164306640625
Univariate,univariate,WTI Oil,Com_CrudeOil,tscv,22,2025-06-30,639,4,PatchTST,NLinear,66.21095275878906,60.551902770996094,5.659049987792969
Univariate,univariate,WTI Oil,Com_CrudeOil,tscv,22,2025-07-07,640,5,PatchTST,NLinear,68.04521942138672,61.255496978759766,6.789722442626953
Univariate,univariate,WTI Oil,Com_CrudeOil,tscv,22,2025-07-14,641,6,PatchTST,NLinear,66.42243194580078,62.09490966796875,4.327522277832031
Univariate,univariate,WTI Oil,Com_CrudeOil,tscv,22,2025-07-21,642,7,PatchTST,NLinear,65.51323699951172,62.73073959350586,2.7824974060058594
Univariate,univariate,WTI Oil,Com_CrudeOil,tscv,22,2025-07-28,643,8,PatchTST,NLinear,68.28096771240234,61.462669372558594,6.81829833984375
Univariate,univariate,WTI Oil,Com_CrudeOil,tscv,22,2025-08-04,644,9,PatchTST,NLinear,64.51432037353516,60.893550872802734,3.620769500732422
Univariate,univariate,WTI Oil,Com_CrudeOil,tscv,22,2025-08-11,645,10,PatchTST,NLinear,63.105133056640625,65.0479507446289,-1.9428176879882812
Univariate,univariate,WTI Oil,Com_CrudeOil,tscv,22,2025-08-18,646,11,PatchTST,NLinear,63.027198791503906,63.09946823120117,-0.07226943969726562
Univariate,univariate,WTI Oil,Com_CrudeOil,tscv,22,2025-08-25,647,12,PatchTST,NLinear,64.09881591796875,60.03781509399414,4.061000823974609
Univariate,univariate,WTI Oil,Com_CrudeOil,tscv,22,2025-06-09,636,1,PatchTST,iTransformer,69.44467163085938,50.039764404296875,19.4049072265625
Univariate,univariate,WTI Oil,Com_CrudeOil,tscv,22,2025-06-16,637,2,PatchTST,iTransformer,73.4095687866211,53.51978302001953,19.889785766601562
Univariate,univariate,WTI Oil,Com_CrudeOil,tscv,22,2025-06-23,638,3,PatchTST,iTransformer,65.62223052978516,57.52631378173828,8.095916748046875
Univariate,univariate,WTI Oil,Com_CrudeOil,tscv,22,2025-06-30,639,4,PatchTST,iTransformer,66.21095275878906,57.7362060546875,8.474746704101562
Univariate,univariate,WTI Oil,Com_CrudeOil,tscv,22,2025-07-07,640,5,PatchTST,iTransformer,68.04521942138672,58.22734451293945,9.817874908447266
Univariate,univariate,WTI Oil,Com_CrudeOil,tscv,22,2025-07-14,641,6,PatchTST,iTransformer,66.42243194580078,60.62754821777344,5.794883728027344
Univariate,univariate,WTI Oil,Com_CrudeOil,tscv,22,2025-07-21,642,7,PatchTST,iTransformer,65.51323699951172,62.10564422607422,3.4075927734375
Univariate,univariate,WTI Oil,Com_CrudeOil,tscv,22,2025-07-28,643,8,PatchTST,iTransformer,68.28096771240234,60.57918930053711,7.701778411865234
Univariate,univariate,WTI Oil,Com_CrudeOil,tscv,22,2025-08-04,644,9,PatchTST,iTransformer,64.51432037353516,60.44274139404297,4.0715789794921875
Univariate,univariate,WTI Oil,Com_CrudeOil,tscv,22,2025-08-11,645,10,PatchTST,iTransformer,63.105133056640625,64.43876647949219,-1.3336334228515625
Univariate,univariate,WTI Oil,Com_CrudeOil,tscv,22,2025-08-18,646,11,PatchTST,iTransformer,63.027198791503906,63.25701904296875,-0.22982025146484375
Univariate,univariate,WTI Oil,Com_CrudeOil,tscv,22,2025-08-25,647,12,PatchTST,iTransformer,64.09881591796875,60.35767364501953,3.7411422729492188
Univariate,univariate,WTI Oil,Com_CrudeOil,tscv,22,2025-06-09,636,1,PatchTST,XGBoost,69.44467163085938,52.556217193603516,16.88845443725586
Univariate,univariate,WTI Oil,Com_CrudeOil,tscv,22,2025-06-16,637,2,PatchTST,XGBoost,73.4095687866211,57.8320198059082,15.57754898071289
Univariate,univariate,WTI Oil,Com_CrudeOil,tscv,22,2025-06-23,638,3,PatchTST,XGBoost,65.62223052978516,58.329383850097656,7.2928466796875
Univariate,univariate,WTI Oil,Com_CrudeOil,tscv,22,2025-06-30,639,4,PatchTST,XGBoost,66.21095275878906,57.10844421386719,9.102508544921875
Univariate,univariate,WTI Oil,Com_CrudeOil,tscv,22,2025-07-07,640,5,PatchTST,XGBoost,68.04521942138672,52.989646911621094,15.055572509765625
Univariate,univariate,WTI Oil,Com_CrudeOil,tscv,22,2025-07-14,641,6,PatchTST,XGBoost,66.42243194580078,54.22515869140625,12.197273254394531
Univariate,univariate,WTI Oil,Com_CrudeOil,tscv,22,2025-07-21,642,7,PatchTST,XGBoost,65.51323699951172,55.75447082519531,9.758766174316406
Univariate,univariate,WTI Oil,Com_CrudeOil,tscv,22,2025-07-28,643,8,PatchTST,XGBoost,68.28096771240234,51.85480880737305,16.426158905029297
Univariate,univariate,WTI Oil,Com_CrudeOil,tscv,22,2025-08-04,644,9,PatchTST,XGBoost,64.51432037353516,50.63763427734375,13.876686096191406
Univariate,univariate,WTI Oil,Com_CrudeOil,tscv,22,2025-08-11,645,10,PatchTST,XGBoost,63.105133056640625,54.895835876464844,8.209297180175781
Univariate,univariate,WTI Oil,Com_CrudeOil,tscv,22,2025-08-18,646,11,PatchTST,XGBoost,63.027198791503906,53.63525390625,9.391944885253906
Univariate,univariate,WTI Oil,Com_CrudeOil,tscv,22,2025-08-25,647,12,PatchTST,XGBoost,64.09881591796875,50.994014739990234,13.104801177978516
Univariate,univariate,WTI Oil,Com_CrudeOil,tscv,22,2025-06-09,636,1,PatchTST,LightGBM,69.44467163085938,50.16883087158203,19.275840759277344
Univariate,univariate,WTI Oil,Com_CrudeOil,tscv,22,2025-06-16,637,2,PatchTST,LightGBM,73.4095687866211,54.25785827636719,19.151710510253906
Univariate,univariate,WTI Oil,Com_CrudeOil,tscv,22,2025-06-23,638,3,PatchTST,LightGBM,65.62223052978516,56.93975830078125,8.682472229003906
Univariate,univariate,WTI Oil,Com_CrudeOil,tscv,22,2025-06-30,639,4,PatchTST,LightGBM,66.21095275878906,57.0229606628418,9.187992095947266
Univariate,univariate,WTI Oil,Com_CrudeOil,tscv,22,2025-07-07,640,5,PatchTST,LightGBM,68.04521942138672,57.66590881347656,10.379310607910156
Univariate,univariate,WTI Oil,Com_CrudeOil,tscv,22,2025-07-14,641,6,PatchTST,LightGBM,66.42243194580078,60.0536994934082,6.368732452392578
Univariate,univariate,WTI Oil,Com_CrudeOil,tscv,22,2025-07-21,642,7,PatchTST,LightGBM,65.51323699951172,62.30101013183594,3.2122268676757812
Univariate,univariate,WTI Oil,Com_CrudeOil,tscv,22,2025-07-28,643,8,PatchTST,LightGBM,68.28096771240234,59.81782531738281,8.463142395019531
Univariate,univariate,WTI Oil,Com_CrudeOil,tscv,22,2025-08-04,644,9,PatchTST,LightGBM,64.51432037353516,59.76380920410156,4.750511169433594
Univariate,univariate,WTI Oil,Com_CrudeOil,tscv,22,2025-08-11,645,10,PatchTST,LightGBM,63.105133056640625,63.84565734863281,-0.7405242919921875
Univariate,univariate,WTI Oil,Com_CrudeOil,tscv,22,2025-08-18,646,11,PatchTST,LightGBM,63.027198791503906,62.579307556152344,0.4478912353515625
Univariate,univariate,WTI Oil,Com_CrudeOil,tscv,22,2025-08-25,647,12,PatchTST,LightGBM,64.09881591796875,60.20389175415039,3.8949241638183594
Univariate,univariate,WTI Oil,Com_CrudeOil,tscv,23,2025-07-07,640,1,PatchTST,-,68.04521942138672,71.28985595703125,-3.2446365356445312
Univariate,univariate,WTI Oil,Com_CrudeOil,tscv,23,2025-07-14,641,2,PatchTST,-,66.42243194580078,71.1651382446289,-4.742706298828125
Univariate,univariate,WTI Oil,Com_CrudeOil,tscv,23,2025-07-21,642,3,PatchTST,-,65.51323699951172,71.01392364501953,-5.5006866455078125
Univariate,univariate,WTI Oil,Com_CrudeOil,tscv,23,2025-07-28,643,4,PatchTST,-,68.28096771240234,71.59781646728516,-3.3168487548828125
Univariate,univariate,WTI Oil,Com_CrudeOil,tscv,23,2025-08-04,644,5,PatchTST,-,64.51432037353516,71.64028930664062,-7.125968933105469
Univariate,univariate,WTI Oil,Com_CrudeOil,tscv,23,2025-08-11,645,6,PatchTST,-,63.105133056640625,71.51940155029297,-8.414268493652344
Univariate,univariate,WTI Oil,Com_CrudeOil,tscv,23,2025-08-18,646,7,PatchTST,-,63.027198791503906,71.72179412841797,-8.694595336914062
Univariate,univariate,WTI Oil,Com_CrudeOil,tscv,23,2025-08-25,647,8,PatchTST,-,64.09881591796875,68.0564193725586,-3.9576034545898438
Univariate,univariate,WTI Oil,Com_CrudeOil,tscv,23,2025-09-01,648,9,PatchTST,-,63.698848724365234,67.9560775756836,-4.257228851318359
Univariate,univariate,WTI Oil,Com_CrudeOil,tscv,23,2025-09-08,649,10,PatchTST,-,62.78846740722656,69.4124526977539,-6.623985290527344
Univariate,univariate,WTI Oil,Com_CrudeOil,tscv,23,2025-09-15,650,11,PatchTST,-,63.33338165283203,66.49420166015625,-3.1608200073242188
Univariate,univariate,WTI Oil,Com_CrudeOil,tscv,23,2025-09-22,651,12,PatchTST,-,64.44023132324219,67.36956787109375,-2.9293365478515625
Univariate,univariate,WTI Oil,Com_CrudeOil,tscv,23,2025-07-07,640,1,PatchTST,NLinear,68.04521942138672,69.77935791015625,-1.7341384887695312
Univariate,univariate,WTI Oil,Com_CrudeOil,tscv,23,2025-07-14,641,2,PatchTST,NLinear,66.42243194580078,64.99370574951172,1.4287261962890625
Univariate,univariate,WTI Oil,Com_CrudeOil,tscv,23,2025-07-21,642,3,PatchTST,NLinear,65.51323699951172,58.74967956542969,6.763557434082031
Univariate,univariate,WTI Oil,Com_CrudeOil,tscv,23,2025-07-28,643,4,PatchTST,NLinear,68.28096771240234,54.005401611328125,14.275566101074219
Univariate,univariate,WTI Oil,Com_CrudeOil,tscv,23,2025-08-04,644,5,PatchTST,NLinear,64.51432037353516,48.8859748840332,15.628345489501953
Univariate,univariate,WTI Oil,Com_CrudeOil,tscv,23,2025-08-11,645,6,PatchTST,NLinear,63.105133056640625,43.77392578125,19.331207275390625
Univariate,univariate,WTI Oil,Com_CrudeOil,tscv,23,2025-08-18,646,7,PatchTST,NLinear,63.027198791503906,40.62995910644531,22.397239685058594
Univariate,univariate,WTI Oil,Com_CrudeOil,tscv,23,2025-08-25,647,8,PatchTST,NLinear,64.09881591796875,33.91592025756836,30.18289566040039
Univariate,univariate,WTI Oil,Com_CrudeOil,tscv,23,2025-09-01,648,9,PatchTST,NLinear,63.698848724365234,31.75516128540039,31.943687438964844
Univariate,univariate,WTI Oil,Com_CrudeOil,tscv,23,2025-09-08,649,10,PatchTST,NLinear,62.78846740722656,32.93864822387695,29.84981918334961
Univariate,univariate,WTI Oil,Com_CrudeOil,tscv,23,2025-09-15,650,11,PatchTST,NLinear,63.33338165283203,31.262413024902344,32.07096862792969
Univariate,univariate,WTI Oil,Com_CrudeOil,tscv,23,2025-09-22,651,12,PatchTST,NLinear,64.44023132324219,34.14859390258789,30.291637420654297
Univariate,univariate,WTI Oil,Com_CrudeOil,tscv,23,2025-07-07,640,1,PatchTST,iTransformer,68.04521942138672,70.07521057128906,-2.0299911499023438
Univariate,univariate,WTI Oil,Com_CrudeOil,tscv,23,2025-07-14,641,2,PatchTST,iTransformer,66.42243194580078,70.08206176757812,-3.6596298217773438
Univariate,univariate,WTI Oil,Com_CrudeOil,tscv,23,2025-07-21,642,3,PatchTST,iTransformer,65.51323699951172,69.8987045288086,-4.385467529296875
Univariate,univariate,WTI Oil,Com_CrudeOil,tscv,23,2025-07-28,643,4,PatchTST,iTransformer,68.28096771240234,70.49454498291016,-2.2135772705078125
Univariate,univariate,WTI Oil,Com_CrudeOil,tscv,23,2025-08-04,644,5,PatchTST,iTransformer,64.51432037353516,70.61293029785156,-6.098609924316406
Univariate,univariate,WTI Oil,Com_CrudeOil,tscv,23,2025-08-11,645,6,PatchTST,iTransformer,63.105133056640625,70.47579193115234,-7.370658874511719
Univariate,univariate,WTI Oil,Com_CrudeOil,tscv,23,2025-08-18,646,7,PatchTST,iTransformer,63.027198791503906,70.75808715820312,-7.730888366699219
Univariate,univariate,WTI Oil,Com_CrudeOil,tscv,23,2025-08-25,647,8,PatchTST,iTransformer,64.09881591796875,67.03714752197266,-2.9383316040039062
Univariate,univariate,WTI Oil,Com_CrudeOil,tscv,23,2025-09-01,648,9,PatchTST,iTransformer,63.698848724365234,66.93592071533203,-3.237071990966797
Univariate,univariate,WTI Oil,Com_CrudeOil,tscv,23,2025-09-08,649,10,PatchTST,iTransformer,62.78846740722656,68.51293182373047,-5.724464416503906
Univariate,univariate,WTI Oil,Com_CrudeOil,tscv,23,2025-09-15,650,11,PatchTST,iTransformer,63.33338165283203,65.6395492553711,-2.3061676025390625
Univariate,univariate,WTI Oil,Com_CrudeOil,tscv,23,2025-09-22,651,12,PatchTST,iTransformer,64.44023132324219,66.36219024658203,-1.9219589233398438
Univariate,univariate,WTI Oil,Com_CrudeOil,tscv,23,2025-07-07,640,1,PatchTST,XGBoost,68.04521942138672,68.4979476928711,-0.452728271484375
Univariate,univariate,WTI Oil,Com_CrudeOil,tscv,23,2025-07-14,641,2,PatchTST,XGBoost,66.42243194580078,68.1689682006836,-1.7465362548828125
Univariate,univariate,WTI Oil,Com_CrudeOil,tscv,23,2025-07-21,642,3,PatchTST,XGBoost,65.51323699951172,67.7707290649414,-2.2574920654296875
Univariate,univariate,WTI Oil,Com_CrudeOil,tscv,23,2025-07-28,643,4,PatchTST,XGBoost,68.28096771240234,67.97879028320312,0.30217742919921875
Univariate,univariate,WTI Oil,Com_CrudeOil,tscv,23,2025-08-04,644,5,PatchTST,XGBoost,64.51432037353516,68.12410736083984,-3.6097869873046875
Univariate,univariate,WTI Oil,Com_CrudeOil,tscv,23,2025-08-11,645,6,PatchTST,XGBoost,63.105133056640625,65.80145263671875,-2.696319580078125
Univariate,univariate,WTI Oil,Com_CrudeOil,tscv,23,2025-08-18,646,7,PatchTST,XGBoost,63.027198791503906,65.58976745605469,-2.5625686645507812
Univariate,univariate,WTI Oil,Com_CrudeOil,tscv,23,2025-08-25,647,8,PatchTST,XGBoost,64.09881591796875,61.72017288208008,2.378643035888672
Univariate,univariate,WTI Oil,Com_CrudeOil,tscv,23,2025-09-01,648,9,PatchTST,XGBoost,63.698848724365234,60.88261413574219,2.816234588623047
Univariate,univariate,WTI Oil,Com_CrudeOil,tscv,23,2025-09-08,649,10,PatchTST,XGBoost,62.78846740722656,60.411590576171875,2.3768768310546875
Univariate,univariate,WTI Oil,Com_CrudeOil,tscv,23,2025-09-15,650,11,PatchTST,XGBoost,63.33338165283203,56.72795104980469,6.605430603027344
Univariate,univariate,WTI Oil,Com_CrudeOil,tscv,23,2025-09-22,651,12,PatchTST,XGBoost,64.44023132324219,59.35438537597656,5.085845947265625
Univariate,univariate,WTI Oil,Com_CrudeOil,tscv,23,2025-07-07,640,1,PatchTST,LightGBM,68.04521942138672,64.87019348144531,3.1750259399414062
Univariate,univariate,WTI Oil,Com_CrudeOil,tscv,23,2025-07-14,641,2,PatchTST,LightGBM,66.42243194580078,64.74547576904297,1.6769561767578125
Univariate,univariate,WTI Oil,Com_CrudeOil,tscv,23,2025-07-21,642,3,PatchTST,LightGBM,65.51323699951172,64.52781677246094,0.9854202270507812
Univariate,univariate,WTI Oil,Com_CrudeOil,tscv,23,2025-07-28,643,4,PatchTST,LightGBM,68.28096771240234,64.27392578125,4.007041931152344
Univariate,univariate,WTI Oil,Com_CrudeOil,tscv,23,2025-08-04,644,5,PatchTST,LightGBM,64.51432037353516,65.22062683105469,-0.7063064575195312
Univariate,univariate,WTI Oil,Com_CrudeOil,tscv,23,2025-08-11,645,6,PatchTST,LightGBM,63.105133056640625,65.03329467773438,-1.92816162109375
Univariate,univariate,WTI Oil,Com_CrudeOil,tscv,23,2025-08-18,646,7,PatchTST,LightGBM,63.027198791503906,64.33146667480469,-1.3042678833007812
Univariate,univariate,WTI Oil,Com_CrudeOil,tscv,23,2025-08-25,647,8,PatchTST,LightGBM,64.09881591796875,60.66608810424805,3.432727813720703
Univariate,univariate,WTI Oil,Com_CrudeOil,tscv,23,2025-09-01,648,9,PatchTST,LightGBM,63.698848724365234,60.345523834228516,3.3533248901367188
Univariate,univariate,WTI Oil,Com_CrudeOil,tscv,23,2025-09-08,649,10,PatchTST,LightGBM,62.78846740722656,61.51663589477539,1.2718315124511719
Univariate,univariate,WTI Oil,Com_CrudeOil,tscv,23,2025-09-15,650,11,PatchTST,LightGBM,63.33338165283203,58.818607330322266,4.514774322509766
Univariate,univariate,WTI Oil,Com_CrudeOil,tscv,23,2025-09-22,651,12,PatchTST,LightGBM,64.44023132324219,59.9792366027832,4.460994720458984
Univariate,univariate,WTI Oil,Com_CrudeOil,tscv,24,2025-08-04,644,1,PatchTST,-,64.51432037353516,67.51139831542969,-2.9970779418945312
Univariate,univariate,WTI Oil,Com_CrudeOil,tscv,24,2025-08-11,645,2,PatchTST,-,63.105133056640625,67.9313735961914,-4.826240539550781
Univariate,univariate,WTI Oil,Com_CrudeOil,tscv,24,2025-08-18,646,3,PatchTST,-,63.027198791503906,68.992431640625,-5.965232849121094
Univariate,univariate,WTI Oil,Com_CrudeOil,tscv,24,2025-08-25,647,4,PatchTST,-,64.09881591796875,65.64183044433594,-1.5430145263671875
Univariate,univariate,WTI Oil,Com_CrudeOil,tscv,24,2025-09-01,648,5,PatchTST,-,63.698848724365234,64.70329284667969,-1.0044441223144531
Univariate,univariate,WTI Oil,Com_CrudeOil,tscv,24,2025-09-08,649,6,PatchTST,-,62.78846740722656,66.21595001220703,-3.4274826049804688
Univariate,univariate,WTI Oil,Com_CrudeOil,tscv,24,2025-09-15,650,7,PatchTST,-,63.33338165283203,64.47875213623047,-1.1453704833984375
Univariate,univariate,WTI Oil,Com_CrudeOil,tscv,24,2025-09-22,651,8,PatchTST,-,64.44023132324219,62.88932418823242,1.5509071350097656
Univariate,univariate,WTI Oil,Com_CrudeOil,tscv,24,2025-09-29,652,9,PatchTST,-,61.66062927246094,63.351287841796875,-1.6906585693359375
Univariate,univariate,WTI Oil,Com_CrudeOil,tscv,24,2025-10-06,653,10,PatchTST,-,60.71498489379883,62.95225524902344,-2.2372703552246094
Univariate,univariate,WTI Oil,Com_CrudeOil,tscv,24,2025-10-13,654,11,PatchTST,-,57.92998504638672,62.51516342163086,-4.585178375244141
Univariate,univariate,WTI Oil,Com_CrudeOil,tscv,24,2025-10-20,655,12,PatchTST,-,59.868587493896484,57.308502197265625,2.5600852966308594
Univariate,univariate,WTI Oil,Com_CrudeOil,tscv,24,2025-08-04,644,1,PatchTST,NLinear,64.51432037353516,77.77384948730469,-13.259529113769531
Univariate,univariate,WTI Oil,Com_CrudeOil,tscv,24,2025-08-11,645,2,PatchTST,NLinear,63.105133056640625,77.48312377929688,-14.37799072265625
Univariate,univariate,WTI Oil,Com_CrudeOil,tscv,24,2025-08-18,646,3,PatchTST,NLinear,63.027198791503906,77.9959716796875,-14.968772888183594
Univariate,univariate,WTI Oil,Com_CrudeOil,tscv,24,2025-08-25,647,4,PatchTST,NLinear,64.09881591796875,74.95379638671875,-10.85498046875
Univariate,univariate,WTI Oil,Com_CrudeOil,tscv,24,2025-09-01,648,5,PatchTST,NLinear,63.698848724365234,73.95492553710938,-10.25607681274414
Univariate,univariate,WTI Oil,Com_CrudeOil,tscv,24,2025-09-08,649,6,PatchTST,NLinear,62.78846740722656,75.87409973144531,-13.08563232421875
Univariate,univariate,WTI Oil,Com_CrudeOil,tscv,24,2025-09-15,650,7,PatchTST,NLinear,63.33338165283203,74.69025421142578,-11.35687255859375
Univariate,univariate,WTI Oil,Com_CrudeOil,tscv,24,2025-09-22,651,8,PatchTST,NLinear,64.44023132324219,72.88532257080078,-8.445091247558594
Univariate,univariate,WTI Oil,Com_CrudeOil,tscv,24,2025-09-29,652,9,PatchTST,NLinear,61.66062927246094,73.598876953125,-11.938247680664062
Univariate,univariate,WTI Oil,Com_CrudeOil,tscv,24,2025-10-06,653,10,PatchTST,NLinear,60.71498489379883,73.12997436523438,-12.414989471435547
Univariate,univariate,WTI Oil,Com_CrudeOil,tscv,24,2025-10-13,654,11,PatchTST,NLinear,57.92998504638672,72.7873764038086,-14.857391357421875
Univariate,univariate,WTI Oil,Com_CrudeOil,tscv,24,2025-10-20,655,12,PatchTST,NLinear,59.868587493896484,67.40574645996094,-7.537158966064453
Univariate,univariate,WTI Oil,Com_CrudeOil,tscv,24,2025-08-04,644,1,PatchTST,iTransformer,64.51432037353516,66.83460998535156,-2.3202896118164062
Univariate,univariate,WTI Oil,Com_CrudeOil,tscv,24,2025-08-11,645,2,PatchTST,iTransformer,63.105133056640625,67.32426452636719,-4.2191314697265625
Univariate,univariate,WTI Oil,Com_CrudeOil,tscv,24,2025-08-18,646,3,PatchTST,iTransformer,63.027198791503906,68.45110321044922,-5.4239044189453125
Univariate,univariate,WTI Oil,Com_CrudeOil,tscv,24,2025-08-25,647,4,PatchTST,iTransformer,64.09881591796875,65.16389465332031,-1.0650787353515625
Univariate,univariate,WTI Oil,Com_CrudeOil,tscv,24,2025-09-01,648,5,PatchTST,iTransformer,63.698848724365234,64.203369140625,-0.5045204162597656
Univariate,univariate,WTI Oil,Com_CrudeOil,tscv,24,2025-09-08,649,6,PatchTST,iTransformer,62.78846740722656,65.87409210205078,-3.0856246948242188
Univariate,univariate,WTI Oil,Com_CrudeOil,tscv,24,2025-09-15,650,7,PatchTST,iTransformer,63.33338165283203,64.20628356933594,-0.8729019165039062
Univariate,univariate,WTI Oil,Com_CrudeOil,tscv,24,2025-09-22,651,8,PatchTST,iTransformer,64.44023132324219,62.46757888793945,1.9726524353027344
Univariate,univariate,WTI Oil,Com_CrudeOil,tscv,24,2025-09-29,652,9,PatchTST,iTransformer,61.66062927246094,62.93601608276367,-1.2753868103027344
Univariate,univariate,WTI Oil,Com_CrudeOil,tscv,24,2025-10-06,653,10,PatchTST,iTransformer,60.71498489379883,62.765811920166016,-2.0508270263671875
Univariate,univariate,WTI Oil,Com_CrudeOil,tscv,24,2025-10-13,654,11,PatchTST,iTransformer,57.92998504638672,62.2922477722168,-4.362262725830078
Univariate,univariate,WTI Oil,Com_CrudeOil,tscv,24,2025-10-20,655,12,PatchTST,iTransformer,59.868587493896484,57.04420852661133,2.8243789672851562
Univariate,univariate,WTI Oil,Com_CrudeOil,tscv,24,2025-08-04,644,1,PatchTST,XGBoost,64.51432037353516,64.0768814086914,0.43743896484375
Univariate,univariate,WTI Oil,Com_CrudeOil,tscv,24,2025-08-11,645,2,PatchTST,XGBoost,63.105133056640625,62.77724075317383,0.3278923034667969
Univariate,univariate,WTI Oil,Com_CrudeOil,tscv,24,2025-08-18,646,3,PatchTST,XGBoost,63.027198791503906,63.43548583984375,-0.40828704833984375
Univariate,univariate,WTI Oil,Com_CrudeOil,tscv,24,2025-08-25,647,4,PatchTST,XGBoost,64.09881591796875,58.680912017822266,5.417903900146484
Univariate,univariate,WTI Oil,Com_CrudeOil,tscv,24,2025-09-01,648,5,PatchTST,XGBoost,63.698848724365234,57.69596862792969,6.002880096435547
Univariate,univariate,WTI Oil,Com_CrudeOil,tscv,24,2025-09-08,649,6,PatchTST,XGBoost,62.78846740722656,57.904518127441406,4.883949279785156
Univariate,univariate,WTI Oil,Com_CrudeOil,tscv,24,2025-09-15,650,7,PatchTST,XGBoost,63.33338165283203,55.45032501220703,7.883056640625
Univariate,univariate,WTI Oil,Com_CrudeOil,tscv,24,2025-09-22,651,8,PatchTST,XGBoost,64.44023132324219,54.310020446777344,10.130210876464844
Univariate,univariate,WTI Oil,Com_CrudeOil,tscv,24,2025-09-29,652,9,PatchTST,XGBoost,61.66062927246094,53.67539596557617,7.985233306884766
Univariate,univariate,WTI Oil,Com_CrudeOil,tscv,24,2025-10-06,653,10,PatchTST,XGBoost,60.71498489379883,53.46566390991211,7.249320983886719
Univariate,univariate,WTI Oil,Com_CrudeOil,tscv,24,2025-10-13,654,11,PatchTST,XGBoost,57.92998504638672,52.62101745605469,5.308967590332031
Univariate,univariate,WTI Oil,Com_CrudeOil,tscv,24,2025-10-20,655,12,PatchTST,XGBoost,59.868587493896484,47.28936767578125,12.579219818115234
Univariate,univariate,WTI Oil,Com_CrudeOil,tscv,24,2025-08-04,644,1,PatchTST,LightGBM,64.51432037353516,64.93438720703125,-0.42006683349609375
Univariate,univariate,WTI Oil,Com_CrudeOil,tscv,24,2025-08-11,645,2,PatchTST,LightGBM,63.105133056640625,65.13078308105469,-2.0256500244140625
Univariate,univariate,WTI Oil,Com_CrudeOil,tscv,24,2025-08-18,646,3,PatchTST,LightGBM,63.027198791503906,65.13129425048828,-2.104095458984375
Univariate,univariate,WTI Oil,Com_CrudeOil,tscv,24,2025-08-25,647,4,PatchTST,LightGBM,64.09881591796875,61.55710983276367,2.541706085205078
Univariate,univariate,WTI Oil,Com_CrudeOil,tscv,24,2025-09-01,648,5,PatchTST,LightGBM,63.698848724365234,60.61857223510742,3.0802764892578125
Univariate,univariate,WTI Oil,Com_CrudeOil,tscv,24,2025-09-08,649,6,PatchTST,LightGBM,62.78846740722656,61.2436637878418,1.5448036193847656
Univariate,univariate,WTI Oil,Com_CrudeOil,tscv,24,2025-09-15,650,7,PatchTST,LightGBM,63.33338165283203,59.506465911865234,3.826915740966797
Univariate,univariate,WTI Oil,Com_CrudeOil,tscv,24,2025-09-22,651,8,PatchTST,LightGBM,64.44023132324219,56.071685791015625,8.368545532226562
Univariate,univariate,WTI Oil,Com_CrudeOil,tscv,24,2025-09-29,652,9,PatchTST,LightGBM,61.66062927246094,54.90991973876953,6.750709533691406
Univariate,univariate,WTI Oil,Com_CrudeOil,tscv,24,2025-10-06,653,10,PatchTST,LightGBM,60.71498489379883,54.3177490234375,6.397235870361328
Univariate,univariate,WTI Oil,Com_CrudeOil,tscv,24,2025-10-13,654,11,PatchTST,LightGBM,57.92998504638672,53.880653381347656,4.0493316650390625
Univariate,univariate,WTI Oil,Com_CrudeOil,tscv,24,2025-10-20,655,12,PatchTST,LightGBM,59.868587493896484,48.354007720947266,11.514579772949219
Univariate,univariate,WTI Oil,Com_CrudeOil,holdout,1,2025-10-27,656,1,PatchTST,-,60.77857208251953,54.051246643066406,6.727325439453125
Univariate,univariate,WTI Oil,Com_CrudeOil,holdout,1,2025-11-03,657,2,PatchTST,-,60.05507278442383,53.1015739440918,6.953498840332031
Univariate,univariate,WTI Oil,Com_CrudeOil,holdout,1,2025-11-10,658,3,PatchTST,-,59.70945739746094,51.832550048828125,7.8769073486328125
Univariate,univariate,WTI Oil,Com_CrudeOil,holdout,1,2025-11-17,659,4,PatchTST,-,58.993499755859375,50.597557067871094,8.395942687988281
Univariate,univariate,WTI Oil,Com_CrudeOil,holdout,1,2025-11-24,660,5,PatchTST,-,58.810028076171875,49.041297912597656,9.768730163574219
Univariate,univariate,WTI Oil,Com_CrudeOil,holdout,1,2025-12-01,661,6,PatchTST,-,59.567256927490234,49.377811431884766,10.189445495605469
Univariate,univariate,WTI Oil,Com_CrudeOil,holdout,1,2025-12-08,662,7,PatchTST,-,57.97571563720703,49.385093688964844,8.590621948242188
Univariate,univariate,WTI Oil,Com_CrudeOil,holdout,1,2025-12-15,663,8,PatchTST,-,56.28154373168945,47.2493782043457,9.03216552734375
Univariate,univariate,WTI Oil,Com_CrudeOil,holdout,1,2025-12-22,664,9,PatchTST,-,57.7086296081543,44.266029357910156,13.44260025024414
Univariate,univariate,WTI Oil,Com_CrudeOil,holdout,1,2025-12-29,665,10,PatchTST,-,57.53675842285156,44.788230895996094,12.748527526855469
Univariate,univariate,WTI Oil,Com_CrudeOil,holdout,1,2026-01-05,666,11,PatchTST,-,58.08931350708008,45.632972717285156,12.456340789794922
Univariate,univariate,WTI Oil,Com_CrudeOil,holdout,1,2026-01-12,667,12,PatchTST,-,59.76057052612305,46.30168151855469,13.45888900756836
Univariate,univariate,WTI Oil,Com_CrudeOil,holdout,1,2025-10-27,656,1,PatchTST,NLinear,60.77857208251953,57.51373291015625,3.2648391723632812
Univariate,univariate,WTI Oil,Com_CrudeOil,holdout,1,2025-11-03,657,2,PatchTST,NLinear,60.05507278442383,57.11207580566406,2.9429969787597656
Univariate,univariate,WTI Oil,Com_CrudeOil,holdout,1,2025-11-10,658,3,PatchTST,NLinear,59.70945739746094,56.05500793457031,3.654449462890625
Univariate,univariate,WTI Oil,Com_CrudeOil,holdout,1,2025-11-17,659,4,PatchTST,NLinear,58.993499755859375,54.291160583496094,4.702339172363281
Univariate,univariate,WTI Oil,Com_CrudeOil,holdout,1,2025-11-24,660,5,PatchTST,NLinear,58.810028076171875,52.9961051940918,5.813922882080078
Univariate,univariate,WTI Oil,Com_CrudeOil,holdout,1,2025-12-01,661,6,PatchTST,NLinear,59.567256927490234,52.99345016479492,6.5738067626953125
Univariate,univariate,WTI Oil,Com_CrudeOil,holdout,1,2025-12-08,662,7,PatchTST,NLinear,57.97571563720703,52.540122985839844,5.4355926513671875
Univariate,univariate,WTI Oil,Com_CrudeOil,holdout,1,2025-12-15,663,8,PatchTST,NLinear,56.28154373168945,49.5499382019043,6.731605529785156
Univariate,univariate,WTI Oil,Com_CrudeOil,holdout,1,2025-12-22,664,9,PatchTST,NLinear,57.7086296081543,45.75333786010742,11.955291748046875
Univariate,univariate,WTI Oil,Com_CrudeOil,holdout,1,2025-12-29,665,10,PatchTST,NLinear,57.53675842285156,46.37371063232422,11.163047790527344
Univariate,univariate,WTI Oil,Com_CrudeOil,holdout,1,2026-01-05,666,11,PatchTST,NLinear,58.08931350708008,47.18635940551758,10.9029541015625
Univariate,univariate,WTI Oil,Com_CrudeOil,holdout,1,2026-01-12,667,12,PatchTST,NLinear,59.76057052612305,48.01372528076172,11.746845245361328
Univariate,univariate,WTI Oil,Com_CrudeOil,holdout,1,2025-10-27,656,1,PatchTST,iTransformer,60.77857208251953,55.04556655883789,5.733005523681641
Univariate,univariate,WTI Oil,Com_CrudeOil,holdout,1,2025-11-03,657,2,PatchTST,iTransformer,60.05507278442383,54.08662414550781,5.968448638916016
Univariate,univariate,WTI Oil,Com_CrudeOil,holdout,1,2025-11-10,658,3,PatchTST,iTransformer,59.70945739746094,52.938053131103516,6.771404266357422
Univariate,univariate,WTI Oil,Com_CrudeOil,holdout,1,2025-11-17,659,4,PatchTST,iTransformer,58.993499755859375,51.67436218261719,7.3191375732421875
Univariate,univariate,WTI Oil,Com_CrudeOil,holdout,1,2025-11-24,660,5,PatchTST,iTransformer,58.810028076171875,50.18939971923828,8.620628356933594
Univariate,univariate,WTI Oil,Com_CrudeOil,holdout,1,2025-12-01,661,6,PatchTST,iTransformer,59.567256927490234,50.5489616394043,9.018295288085938
Univariate,univariate,WTI Oil,Com_CrudeOil,holdout,1,2025-12-08,662,7,PatchTST,iTransformer,57.97571563720703,50.567745208740234,7.407970428466797
Univariate,univariate,WTI Oil,Com_CrudeOil,holdout,1,2025-12-15,663,8,PatchTST,iTransformer,56.28154373168945,48.474849700927734,7.806694030761719
Univariate,univariate,WTI Oil,Com_CrudeOil,holdout,1,2025-12-22,664,9,PatchTST,iTransformer,57.7086296081543,45.48764419555664,12.220985412597656
Univariate,univariate,WTI Oil,Com_CrudeOil,holdout,1,2025-12-29,665,10,PatchTST,iTransformer,57.53675842285156,46.03530502319336,11.501453399658203
Univariate,univariate,WTI Oil,Com_CrudeOil,holdout,1,2026-01-05,666,11,PatchTST,iTransformer,58.08931350708008,46.930545806884766,11.158767700195312
Univariate,univariate,WTI Oil,Com_CrudeOil,holdout,1,2026-01-12,667,12,PatchTST,iTransformer,59.76057052612305,47.63719940185547,12.123371124267578
Univariate,univariate,WTI Oil,Com_CrudeOil,holdout,1,2025-10-27,656,1,PatchTST,XGBoost,60.77857208251953,55.666107177734375,5.112464904785156
Univariate,univariate,WTI Oil,Com_CrudeOil,holdout,1,2025-11-03,657,2,PatchTST,XGBoost,60.05507278442383,55.046817779541016,5.0082550048828125
Univariate,univariate,WTI Oil,Com_CrudeOil,holdout,1,2025-11-10,658,3,PatchTST,XGBoost,59.70945739746094,53.777793884277344,5.931663513183594
Univariate,univariate,WTI Oil,Com_CrudeOil,holdout,1,2025-11-17,659,4,PatchTST,XGBoost,58.993499755859375,52.54280090332031,6.4506988525390625
Univariate,univariate,WTI Oil,Com_CrudeOil,holdout,1,2025-11-24,660,5,PatchTST,XGBoost,58.810028076171875,47.902870178222656,10.907157897949219
Univariate,univariate,WTI Oil,Com_CrudeOil,holdout,1,2025-12-01,661,6,PatchTST,XGBoost,59.567256927490234,50.65071105957031,8.916545867919922
Univariate,univariate,WTI Oil,Com_CrudeOil,holdout,1,2025-12-08,662,7,PatchTST,XGBoost,57.97571563720703,51.33033752441406,6.645378112792969
Univariate,univariate,WTI Oil,Com_CrudeOil,holdout,1,2025-12-15,663,8,PatchTST,XGBoost,56.28154373168945,45.72942352294922,10.552120208740234
Univariate,univariate,WTI Oil,Com_CrudeOil,holdout,1,2025-12-22,664,9,PatchTST,XGBoost,57.7086296081543,41.59339904785156,16.115230560302734
Univariate,univariate,WTI Oil,Com_CrudeOil,holdout,1,2025-12-29,665,10,PatchTST,XGBoost,57.53675842285156,41.90446472167969,15.632293701171875
Univariate,univariate,WTI Oil,Com_CrudeOil,holdout,1,2026-01-05,666,11,PatchTST,XGBoost,58.08931350708008,42.44939041137695,15.639923095703125
Univariate,univariate,WTI Oil,Com_CrudeOil,holdout,1,2026-01-12,667,12,PatchTST,XGBoost,59.76057052612305,43.33074188232422,16.429828643798828
Univariate,univariate,WTI Oil,Com_CrudeOil,holdout,1,2025-10-27,656,1,PatchTST,LightGBM,60.77857208251953,53.574371337890625,7.204200744628906
Univariate,univariate,WTI Oil,Com_CrudeOil,holdout,1,2025-11-03,657,2,PatchTST,LightGBM,60.05507278442383,52.624698638916016,7.4303741455078125
Univariate,univariate,WTI Oil,Com_CrudeOil,holdout,1,2025-11-10,658,3,PatchTST,LightGBM,59.70945739746094,51.355674743652344,8.353782653808594
Univariate,univariate,WTI Oil,Com_CrudeOil,holdout,1,2025-11-17,659,4,PatchTST,LightGBM,58.993499755859375,50.12068176269531,8.872817993164062
Univariate,univariate,WTI Oil,Com_CrudeOil,holdout,1,2025-11-24,660,5,PatchTST,LightGBM,58.810028076171875,48.564422607421875,10.24560546875
Univariate,univariate,WTI Oil,Com_CrudeOil,holdout,1,2025-12-01,661,6,PatchTST,LightGBM,59.567256927490234,48.900936126708984,10.66632080078125
Univariate,univariate,WTI Oil,Com_CrudeOil,holdout,1,2025-12-08,662,7,PatchTST,LightGBM,57.97571563720703,48.90821838378906,9.067497253417969
Univariate,univariate,WTI Oil,Com_CrudeOil,holdout,1,2025-12-15,663,8,PatchTST,LightGBM,56.28154373168945,46.77250289916992,9.509040832519531
Univariate,univariate,WTI Oil,Com_CrudeOil,holdout,1,2025-12-22,664,9,PatchTST,LightGBM,57.7086296081543,43.789154052734375,13.919475555419922
Univariate,univariate,WTI Oil,Com_CrudeOil,holdout,1,2025-12-29,665,10,PatchTST,LightGBM,57.53675842285156,44.31135559082031,13.22540283203125
Univariate,univariate,WTI Oil,Com_CrudeOil,holdout,1,2026-01-05,666,11,PatchTST,LightGBM,58.08931350708008,45.156097412109375,12.933216094970703
Univariate,univariate,WTI Oil,Com_CrudeOil,holdout,1,2026-01-12,667,12,PatchTST,LightGBM,59.76057052612305,45.824806213378906,13.93576431274414
Univariate,univariate,Brent Oil,Com_BrentCrudeOil,tscv,1,2023-10-30,552,1,PatchTST,-,84.9540023803711,91.28407287597656,-6.330070495605469
Univariate,univariate,Brent Oil,Com_BrentCrudeOil,tscv,1,2023-11-06,553,2,PatchTST,-,81.2959976196289,90.86979675292969,-9.573799133300781
Univariate,univariate,Brent Oil,Com_BrentCrudeOil,tscv,1,2023-11-13,554,3,PatchTST,-,80.66000366210938,87.57403564453125,-6.914031982421875
Univariate,univariate,Brent Oil,Com_BrentCrudeOil,tscv,1,2023-11-20,555,4,PatchTST,-,81.51799774169922,85.97762298583984,-4.459625244140625
Univariate,univariate,Brent Oil,Com_BrentCrudeOil,tscv,1,2023-11-27,556,5,PatchTST,-,80.5780029296875,84.55313873291016,-3.9751358032226562
Univariate,univariate,Brent Oil,Com_BrentCrudeOil,tscv,1,2023-12-04,557,6,PatchTST,-,75.98600006103516,84.26445007324219,-8.278450012207031
Univariate,univariate,Brent Oil,Com_BrentCrudeOil,tscv,1,2023-12-11,558,7,PatchTST,-,75.5780029296875,81.77485656738281,-6.1968536376953125
Univariate,univariate,Brent Oil,Com_BrentCrudeOil,tscv,1,2023-12-18,559,8,PatchTST,-,79.0199966430664,78.696533203125,0.32346343994140625
Univariate,univariate,Brent Oil,Com_BrentCrudeOil,tscv,1,2023-12-25,560,9,PatchTST,-,78.6449966430664,80.40450286865234,-1.7595062255859375
Univariate,univariate,Brent Oil,Com_BrentCrudeOil,tscv,1,2024-01-01,561,10,PatchTST,-,77.62249755859375,81.1415786743164,-3.5190811157226562
Univariate,univariate,Brent Oil,Com_BrentCrudeOil,tscv,1,2024-01-08,562,11,PatchTST,-,77.24199676513672,81.99364471435547,-4.75164794921875
Univariate,univariate,Brent Oil,Com_BrentCrudeOil,tscv,1,2024-01-15,563,12,PatchTST,-,78.24199676513672,81.31599426269531,-3.0739974975585938
Univariate,univariate,Brent Oil,Com_BrentCrudeOil,tscv,1,2023-10-30,552,1,PatchTST,NLinear,84.9540023803711,82.56998443603516,2.3840179443359375
Univariate,univariate,Brent Oil,Com_BrentCrudeOil,tscv,1,2023-11-06,553,2,PatchTST,NLinear,81.2959976196289,83.44313049316406,-2.1471328735351562
Univariate,univariate,Brent Oil,Com_BrentCrudeOil,tscv,1,2023-11-13,554,3,PatchTST,NLinear,80.66000366210938,80.76406860351562,-0.10406494140625
Univariate,univariate,Brent Oil,Com_BrentCrudeOil,tscv,1,2023-11-20,555,4,PatchTST,NLinear,81.51799774169922,79.56676483154297,1.95123291015625
Univariate,univariate,Brent Oil,Com_BrentCrudeOil,tscv,1,2023-11-27,556,5,PatchTST,NLinear,80.5780029296875,78.96370697021484,1.6142959594726562
Univariate,univariate,Brent Oil,Com_BrentCrudeOil,tscv,1,2023-12-04,557,6,PatchTST,NLinear,75.98600006103516,78.91846466064453,-2.932464599609375
Univariate,univariate,Brent Oil,Com_BrentCrudeOil,tscv,1,2023-12-11,558,7,PatchTST,NLinear,75.5780029296875,76.1489028930664,-0.5708999633789062
Univariate,univariate,Brent Oil,Com_BrentCrudeOil,tscv,1,2023-12-18,559,8,PatchTST,NLinear,79.0199966430664,73.02735900878906,5.992637634277344
Univariate,univariate,Brent Oil,Com_BrentCrudeOil,tscv,1,2023-12-25,560,9,PatchTST,NLinear,78.6449966430664,74.94560241699219,3.6993942260742188
Univariate,univariate,Brent Oil,Com_BrentCrudeOil,tscv,1,2024-01-01,561,10,PatchTST,NLinear,77.62249755859375,76.15373992919922,1.4687576293945312
Univariate,univariate,Brent Oil,Com_BrentCrudeOil,tscv,1,2024-01-08,562,11,PatchTST,NLinear,77.24199676513672,77.25118255615234,-0.009185791015625
Univariate,univariate,Brent Oil,Com_BrentCrudeOil,tscv,1,2024-01-15,563,12,PatchTST,NLinear,78.24199676513672,76.7696762084961,1.472320556640625
Univariate,univariate,Brent Oil,Com_BrentCrudeOil,tscv,1,2023-10-30,552,1,PatchTST,iTransformer,84.9540023803711,88.423828125,-3.4698257446289062
Univariate,univariate,Brent Oil,Com_BrentCrudeOil,tscv,1,2023-11-06,553,2,PatchTST,iTransformer,81.2959976196289,87.99057006835938,-6.694572448730469
Univariate,univariate,Brent Oil,Com_BrentCrudeOil,tscv,1,2023-11-13,554,3,PatchTST,iTransformer,80.66000366210938,84.63946533203125,-3.979461669921875
Univariate,univariate,Brent Oil,Com_BrentCrudeOil,tscv,1,2023-11-20,555,4,PatchTST,iTransformer,81.51799774169922,82.97736358642578,-1.4593658447265625
Univariate,univariate,Brent Oil,Com_BrentCrudeOil,tscv,1,2023-11-27,556,5,PatchTST,iTransformer,80.5780029296875,81.53732299804688,-0.959320068359375
Univariate,univariate,Brent Oil,Com_BrentCrudeOil,tscv,1,2023-12-04,557,6,PatchTST,iTransformer,75.98600006103516,81.21959686279297,-5.2335968017578125
Univariate,univariate,Brent Oil,Com_BrentCrudeOil,tscv,1,2023-12-11,558,7,PatchTST,iTransformer,75.5780029296875,78.69325256347656,-3.1152496337890625
Univariate,univariate,Brent Oil,Com_BrentCrudeOil,tscv,1,2023-12-18,559,8,PatchTST,iTransformer,79.0199966430664,75.59938049316406,3.4206161499023438
Univariate,univariate,Brent Oil,Com_BrentCrudeOil,tscv,1,2023-12-25,560,9,PatchTST,iTransformer,78.6449966430664,77.30401611328125,1.3409805297851562
Univariate,univariate,Brent Oil,Com_BrentCrudeOil,tscv,1,2024-01-01,561,10,PatchTST,iTransformer,77.62249755859375,78.05352020263672,-0.43102264404296875
Univariate,univariate,Brent Oil,Com_BrentCrudeOil,tscv,1,2024-01-08,562,11,PatchTST,iTransformer,77.24199676513672,78.91776275634766,-1.6757659912109375
Univariate,univariate,Brent Oil,Com_BrentCrudeOil,tscv,1,2024-01-15,563,12,PatchTST,iTransformer,78.24199676513672,78.25037384033203,-0.0083770751953125
Univariate,univariate,Brent Oil,Com_BrentCrudeOil,tscv,1,2023-10-30,552,1,PatchTST,XGBoost,84.9540023803711,83.20148468017578,1.7525177001953125
Univariate,univariate,Brent Oil,Com_BrentCrudeOil,tscv,1,2023-11-06,553,2,PatchTST,XGBoost,81.2959976196289,82.44043731689453,-1.144439697265625
Univariate,univariate,Brent Oil,Com_BrentCrudeOil,tscv,1,2023-11-13,554,3,PatchTST,XGBoost,80.66000366210938,80.05790710449219,0.6020965576171875
Univariate,univariate,Brent Oil,Com_BrentCrudeOil,tscv,1,2023-11-20,555,4,PatchTST,XGBoost,81.51799774169922,79.63603210449219,1.8819656372070312
Univariate,univariate,Brent Oil,Com_BrentCrudeOil,tscv,1,2023-11-27,556,5,PatchTST,XGBoost,80.5780029296875,82.31326293945312,-1.735260009765625
Univariate,univariate,Brent Oil,Com_BrentCrudeOil,tscv,1,2023-12-04,557,6,PatchTST,XGBoost,75.98600006103516,81.05419921875,-5.068199157714844
Univariate,univariate,Brent Oil,Com_BrentCrudeOil,tscv,1,2023-12-11,558,7,PatchTST,XGBoost,75.5780029296875,77.2593994140625,-1.681396484375
Univariate,univariate,Brent Oil,Com_BrentCrudeOil,tscv,1,2023-12-18,559,8,PatchTST,XGBoost,79.0199966430664,73.54117584228516,5.47882080078125
Univariate,univariate,Brent Oil,Com_BrentCrudeOil,tscv,1,2023-12-25,560,9,PatchTST,XGBoost,78.6449966430664,74.44889831542969,4.196098327636719
Univariate,univariate,Brent Oil,Com_BrentCrudeOil,tscv,1,2024-01-01,561,10,PatchTST,XGBoost,77.62249755859375,74.88973999023438,2.732757568359375
Univariate,univariate,Brent Oil,Com_BrentCrudeOil,tscv,1,2024-01-08,562,11,PatchTST,XGBoost,77.24199676513672,73.67176055908203,3.5702362060546875
Univariate,univariate,Brent Oil,Com_BrentCrudeOil,tscv,1,2024-01-15,563,12,PatchTST,XGBoost,78.24199676513672,71.36184692382812,6.880149841308594
Univariate,univariate,Brent Oil,Com_BrentCrudeOil,tscv,1,2023-10-30,552,1,PatchTST,LightGBM,84.9540023803711,84.13656616210938,0.8174362182617188
Univariate,univariate,Brent Oil,Com_BrentCrudeOil,tscv,1,2023-11-06,553,2,PatchTST,LightGBM,81.2959976196289,83.7222900390625,-2.4262924194335938
Univariate,univariate,Brent Oil,Com_BrentCrudeOil,tscv,1,2023-11-13,554,3,PatchTST,LightGBM,80.66000366210938,80.8922119140625,-0.232208251953125
Univariate,univariate,Brent Oil,Com_BrentCrudeOil,tscv,1,2023-11-20,555,4,PatchTST,LightGBM,81.51799774169922,80.35488891601562,1.1631088256835938
Univariate,univariate,Brent Oil,Com_BrentCrudeOil,tscv,1,2023-11-27,556,5,PatchTST,LightGBM,80.5780029296875,81.098388671875,-0.5203857421875
Univariate,univariate,Brent Oil,Com_BrentCrudeOil,tscv,1,2023-12-04,557,6,PatchTST,LightGBM,75.98600006103516,78.64171600341797,-2.6557159423828125
Univariate,univariate,Brent Oil,Com_BrentCrudeOil,tscv,1,2023-12-11,558,7,PatchTST,LightGBM,75.5780029296875,76.1521224975586,-0.5741195678710938
Univariate,univariate,Brent Oil,Com_BrentCrudeOil,tscv,1,2023-12-18,559,8,PatchTST,LightGBM,79.0199966430664,73.07379913330078,5.946197509765625
Univariate,univariate,Brent Oil,Com_BrentCrudeOil,tscv,1,2023-12-25,560,9,PatchTST,LightGBM,78.6449966430664,73.9438705444336,4.7011260986328125
Univariate,univariate,Brent Oil,Com_BrentCrudeOil,tscv,1,2024-01-01,561,10,PatchTST,LightGBM,77.62249755859375,75.51884460449219,2.1036529541015625
Univariate,univariate,Brent Oil,Com_BrentCrudeOil,tscv,1,2024-01-08,562,11,PatchTST,LightGBM,77.24199676513672,71.6324462890625,5.609550476074219
Univariate,univariate,Brent Oil,Com_BrentCrudeOil,tscv,1,2024-01-15,563,12,PatchTST,LightGBM,78.24199676513672,73.0242691040039,5.2177276611328125
Univariate,univariate,Brent Oil,Com_BrentCrudeOil,tscv,2,2023-11-27,556,1,PatchTST,-,80.5780029296875,85.28679656982422,-4.708793640136719
Univariate,univariate,Brent Oil,Com_BrentCrudeOil,tscv,2,2023-12-04,557,2,PatchTST,-,75.98600006103516,82.3116226196289,-6.32562255859375
Univariate,univariate,Brent Oil,Com_BrentCrudeOil,tscv,2,2023-12-11,558,3,PatchTST,-,75.5780029296875,78.40377807617188,-2.825775146484375
Univariate,univariate,Brent Oil,Com_BrentCrudeOil,tscv,2,2023-12-18,559,4,PatchTST,-,79.0199966430664,74.441162109375,4.578834533691406
Univariate,univariate,Brent Oil,Com_BrentCrudeOil,tscv,2,2023-12-25,560,5,PatchTST,-,78.6449966430664,74.63577270507812,4.009223937988281
Univariate,univariate,Brent Oil,Com_BrentCrudeOil,tscv,2,2024-01-01,561,6,PatchTST,-,77.62249755859375,75.71788787841797,1.9046096801757812
Univariate,univariate,Brent Oil,Com_BrentCrudeOil,tscv,2,2024-01-08,562,7,PatchTST,-,77.24199676513672,76.28883361816406,0.9531631469726562
Univariate,univariate,Brent Oil,Com_BrentCrudeOil,tscv,2,2024-01-15,563,8,PatchTST,-,78.24199676513672,76.33348846435547,1.90850830078125
Univariate,univariate,Brent Oil,Com_BrentCrudeOil,tscv,2,2024-01-22,564,9,PatchTST,-,80.33999633789062,76.13634490966797,4.203651428222656
Univariate,univariate,Brent Oil,Com_BrentCrudeOil,tscv,2,2024-01-29,565,10,PatchTST,-,79.86599731445312,77.27851867675781,2.5874786376953125
Univariate,univariate,Brent Oil,Com_BrentCrudeOil,tscv,2,2024-02-05,566,11,PatchTST,-,79.51599884033203,78.25908660888672,1.2569122314453125
Univariate,univariate,Brent Oil,Com_BrentCrudeOil,tscv,2,2024-02-12,567,12,PatchTST,-,81.64800262451172,78.74254608154297,2.90545654296875
Univariate,univariate,Brent Oil,Com_BrentCrudeOil,tscv,2,2023-11-27,556,1,PatchTST,NLinear,80.5780029296875,83.09107208251953,-2.5130691528320312
Univariate,univariate,Brent Oil,Com_BrentCrudeOil,tscv,2,2023-12-04,557,2,PatchTST,NLinear,75.98600006103516,80.66238403320312,-4.676383972167969
Univariate,univariate,Brent Oil,Com_BrentCrudeOil,tscv,2,2023-12-11,558,3,PatchTST,NLinear,75.5780029296875,76.99720001220703,-1.4191970825195312
Univariate,univariate,Brent Oil,Com_BrentCrudeOil,tscv,2,2023-12-18,559,4,PatchTST,NLinear,79.0199966430664,72.65563201904297,6.3643646240234375
Univariate,univariate,Brent Oil,Com_BrentCrudeOil,tscv,2,2023-12-25,560,5,PatchTST,NLinear,78.6449966430664,72.27202606201172,6.3729705810546875
Univariate,univariate,Brent Oil,Com_BrentCrudeOil,tscv,2,2024-01-01,561,6,PatchTST,NLinear,77.62249755859375,73.0792465209961,4.543251037597656
Univariate,univariate,Brent Oil,Com_BrentCrudeOil,tscv,2,2024-01-08,562,7,PatchTST,NLinear,77.24199676513672,73.134521484375,4.107475280761719
Univariate,univariate,Brent Oil,Com_BrentCrudeOil,tscv,2,2024-01-15,563,8,PatchTST,NLinear,78.24199676513672,73.02791595458984,5.214080810546875
Univariate,univariate,Brent Oil,Com_BrentCrudeOil,tscv,2,2024-01-22,564,9,PatchTST,NLinear,80.33999633789062,73.2796401977539,7.060356140136719
Univariate,univariate,Brent Oil,Com_BrentCrudeOil,tscv,2,2024-01-29,565,10,PatchTST,NLinear,79.86599731445312,74.88066864013672,4.985328674316406
Univariate,univariate,Brent Oil,Com_BrentCrudeOil,tscv,2,2024-02-05,566,11,PatchTST,NLinear,79.51599884033203,75.98615264892578,3.52984619140625
Univariate,univariate,Brent Oil,Com_BrentCrudeOil,tscv,2,2024-02-12,567,12,PatchTST,NLinear,81.64800262451172,75.88237762451172,5.765625
Univariate,univariate,Brent Oil,Com_BrentCrudeOil,tscv,2,2023-11-27,556,1,PatchTST,iTransformer,80.5780029296875,84.38378143310547,-3.8057785034179688
Univariate,univariate,Brent Oil,Com_BrentCrudeOil,tscv,2,2023-12-04,557,2,PatchTST,iTransformer,75.98600006103516,81.38307189941406,-5.397071838378906
Univariate,univariate,Brent Oil,Com_BrentCrudeOil,tscv,2,2023-12-11,558,3,PatchTST,iTransformer,75.5780029296875,77.46856689453125,-1.89056396484375
Univariate,univariate,Brent Oil,Com_BrentCrudeOil,tscv,2,2023-12-18,559,4,PatchTST,iTransformer,79.0199966430664,73.49944305419922,5.5205535888671875
Univariate,univariate,Brent Oil,Com_BrentCrudeOil,tscv,2,2023-12-25,560,5,PatchTST,iTransformer,78.6449966430664,73.64675903320312,4.998237609863281
Univariate,univariate,Brent Oil,Com_BrentCrudeOil,tscv,2,2024-01-01,561,6,PatchTST,iTransformer,77.62249755859375,74.70204162597656,2.9204559326171875
Univariate,univariate,Brent Oil,Com_BrentCrudeOil,tscv,2,2024-01-08,562,7,PatchTST,iTransformer,77.24199676513672,75.24280548095703,1.9991912841796875
Univariate,univariate,Brent Oil,Com_BrentCrudeOil,tscv,2,2024-01-15,563,8,PatchTST,iTransformer,78.24199676513672,75.31835174560547,2.92364501953125
Univariate,univariate,Brent Oil,Com_BrentCrudeOil,tscv,2,2024-01-22,564,9,PatchTST,iTransformer,80.33999633789062,75.08848571777344,5.2515106201171875
Univariate,univariate,Brent Oil,Com_BrentCrudeOil,tscv,2,2024-01-29,565,10,PatchTST,iTransformer,79.86599731445312,76.2519760131836,3.6140213012695312
Univariate,univariate,Brent Oil,Com_BrentCrudeOil,tscv,2,2024-02-05,566,11,PatchTST,iTransformer,79.51599884033203,77.23229217529297,2.2837066650390625
Univariate,univariate,Brent Oil,Com_BrentCrudeOil,tscv,2,2024-02-12,567,12,PatchTST,iTransformer,81.64800262451172,77.72225189208984,3.925750732421875
Univariate,univariate,Brent Oil,Com_BrentCrudeOil,tscv,2,2023-11-27,556,1,PatchTST,XGBoost,80.5780029296875,82.40571594238281,-1.8277130126953125
Univariate,univariate,Brent Oil,Com_BrentCrudeOil,tscv,2,2023-12-04,557,2,PatchTST,XGBoost,75.98600006103516,82.1515884399414,-6.16558837890625
Univariate,univariate,Brent Oil,Com_BrentCrudeOil,tscv,2,2023-12-11,558,3,PatchTST,XGBoost,75.5780029296875,77.79859161376953,-2.2205886840820312
Univariate,univariate,Brent Oil,Com_BrentCrudeOil,tscv,2,2023-12-18,559,4,PatchTST,XGBoost,79.0199966430664,72.82079315185547,6.1992034912109375
Univariate,univariate,Brent Oil,Com_BrentCrudeOil,tscv,2,2023-12-25,560,5,PatchTST,XGBoost,78.6449966430664,72.26830291748047,6.3766937255859375
Univariate,univariate,Brent Oil,Com_BrentCrudeOil,tscv,2,2024-01-01,561,6,PatchTST,XGBoost,77.62249755859375,74.10087585449219,3.5216217041015625
Univariate,univariate,Brent Oil,Com_BrentCrudeOil,tscv,2,2024-01-08,562,7,PatchTST,XGBoost,77.24199676513672,74.29804992675781,2.9439468383789062
Univariate,univariate,Brent Oil,Com_BrentCrudeOil,tscv,2,2024-01-15,563,8,PatchTST,XGBoost,78.24199676513672,73.88877868652344,4.353218078613281
Univariate,univariate,Brent Oil,Com_BrentCrudeOil,tscv,2,2024-01-22,564,9,PatchTST,XGBoost,80.33999633789062,74.37625885009766,5.963737487792969
Univariate,univariate,Brent Oil,Com_BrentCrudeOil,tscv,2,2024-01-29,565,10,PatchTST,XGBoost,79.86599731445312,75.5306167602539,4.335380554199219
Univariate,univariate,Brent Oil,Com_BrentCrudeOil,tscv,2,2024-02-05,566,11,PatchTST,XGBoost,79.51599884033203,77.1038818359375,2.4121170043945312
Univariate,univariate,Brent Oil,Com_BrentCrudeOil,tscv,2,2024-02-12,567,12,PatchTST,XGBoost,81.64800262451172,79.08078002929688,2.5672225952148438
Univariate,univariate,Brent Oil,Com_BrentCrudeOil,tscv,2,2023-11-27,556,1,PatchTST,LightGBM,80.5780029296875,82.69609069824219,-2.1180877685546875
Univariate,univariate,Brent Oil,Com_BrentCrudeOil,tscv,2,2023-12-04,557,2,PatchTST,LightGBM,75.98600006103516,80.9631576538086,-4.9771575927734375
Univariate,univariate,Brent Oil,Com_BrentCrudeOil,tscv,2,2023-12-11,558,3,PatchTST,LightGBM,75.5780029296875,76.70338439941406,-1.1253814697265625
Univariate,univariate,Brent Oil,Com_BrentCrudeOil,tscv,2,2023-12-18,559,4,PatchTST,LightGBM,79.0199966430664,72.06180572509766,6.95819091796875
Univariate,univariate,Brent Oil,Com_BrentCrudeOil,tscv,2,2023-12-25,560,5,PatchTST,LightGBM,78.6449966430664,72.25641632080078,6.388580322265625
Univariate,univariate,Brent Oil,Com_BrentCrudeOil,tscv,2,2024-01-01,561,6,PatchTST,LightGBM,77.62249755859375,73.33853149414062,4.283966064453125
Univariate,univariate,Brent Oil,Com_BrentCrudeOil,tscv,2,2024-01-08,562,7,PatchTST,LightGBM,77.24199676513672,73.90947723388672,3.33251953125
Univariate,univariate,Brent Oil,Com_BrentCrudeOil,tscv,2,2024-01-15,563,8,PatchTST,LightGBM,78.24199676513672,73.77102661132812,4.470970153808594
Univariate,univariate,Brent Oil,Com_BrentCrudeOil,tscv,2,2024-01-22,564,9,PatchTST,LightGBM,80.33999633789062,73.75698852539062,6.5830078125
Univariate,univariate,Brent Oil,Com_BrentCrudeOil,tscv,2,2024-01-29,565,10,PatchTST,LightGBM,79.86599731445312,74.89916229248047,4.966835021972656
Univariate,univariate,Brent Oil,Com_BrentCrudeOil,tscv,2,2024-02-05,566,11,PatchTST,LightGBM,79.51599884033203,75.87973022460938,3.6362686157226562
Univariate,univariate,Brent Oil,Com_BrentCrudeOil,tscv,2,2024-02-12,567,12,PatchTST,LightGBM,81.64800262451172,76.36318969726562,5.284812927246094
Univariate,univariate,Brent Oil,Com_BrentCrudeOil,tscv,3,2023-12-25,560,1,PatchTST,-,78.6449966430664,76.60780334472656,2.0371932983398438
Univariate,univariate,Brent Oil,Com_BrentCrudeOil,tscv,3,2024-01-01,561,2,PatchTST,-,77.62249755859375,77.8324203491211,-0.20992279052734375
Univariate,univariate,Brent Oil,Com_BrentCrudeOil,tscv,3,2024-01-08,562,3,PatchTST,-,77.24199676513672,76.94107818603516,0.3009185791015625
Univariate,univariate,Brent Oil,Com_BrentCrudeOil,tscv,3,2024-01-15,563,4,PatchTST,-,78.24199676513672,75.3526382446289,2.8893585205078125
Univariate,univariate,Brent Oil,Com_BrentCrudeOil,tscv,3,2024-01-22,564,5,PatchTST,-,80.33999633789062,76.15766906738281,4.1823272705078125
Univariate,univariate,Brent Oil,Com_BrentCrudeOil,tscv,3,2024-01-29,565,6,PatchTST,-,79.86599731445312,77.87493133544922,1.9910659790039062
Univariate,univariate,Brent Oil,Com_BrentCrudeOil,tscv,3,2024-02-05,566,7,PatchTST,-,79.51599884033203,78.67911529541016,0.836883544921875
Univariate,univariate,Brent Oil,Com_BrentCrudeOil,tscv,3,2024-02-12,567,8,PatchTST,-,81.64800262451172,79.05137634277344,2.5966262817382812
Univariate,univariate,Brent Oil,Com_BrentCrudeOil,tscv,3,2024-02-19,568,9,PatchTST,-,81.3219985961914,79.7834243774414,1.53857421875
Univariate,univariate,Brent Oil,Com_BrentCrudeOil,tscv,3,2024-02-26,569,10,PatchTST,-,81.69200134277344,81.28016662597656,0.411834716796875
Univariate,univariate,Brent Oil,Com_BrentCrudeOil,tscv,3,2024-03-04,570,11,PatchTST,-,81.8759994506836,81.16848754882812,0.7075119018554688
Univariate,univariate,Brent Oil,Com_BrentCrudeOil,tscv,3,2024-03-11,571,12,PatchTST,-,83.22200012207031,82.42559051513672,0.7964096069335938
Univariate,univariate,Brent Oil,Com_BrentCrudeOil,tscv,3,2023-12-25,560,1,PatchTST,NLinear,78.6449966430664,76.49606323242188,2.1489334106445312
Univariate,univariate,Brent Oil,Com_BrentCrudeOil,tscv,3,2024-01-01,561,2,PatchTST,NLinear,77.62249755859375,76.18402099609375,1.4384765625
Univariate,univariate,Brent Oil,Com_BrentCrudeOil,tscv,3,2024-01-08,562,3,PatchTST,NLinear,77.24199676513672,74.78823852539062,2.4537582397460938
Univariate,univariate,Brent Oil,Com_BrentCrudeOil,tscv,3,2024-01-15,563,4,PatchTST,NLinear,78.24199676513672,72.47380828857422,5.7681884765625
Univariate,univariate,Brent Oil,Com_BrentCrudeOil,tscv,3,2024-01-22,564,5,PatchTST,NLinear,80.33999633789062,70.91462707519531,9.425369262695312
Univariate,univariate,Brent Oil,Com_BrentCrudeOil,tscv,3,2024-01-29,565,6,PatchTST,NLinear,79.86599731445312,71.20213317871094,8.663864135742188
Univariate,univariate,Brent Oil,Com_BrentCrudeOil,tscv,3,2024-02-05,566,7,PatchTST,NLinear,79.51599884033203,71.08406829833984,8.431930541992188
Univariate,univariate,Brent Oil,Com_BrentCrudeOil,tscv,3,2024-02-12,567,8,PatchTST,NLinear,81.64800262451172,71.25849151611328,10.389511108398438
Univariate,univariate,Brent Oil,Com_BrentCrudeOil,tscv,3,2024-02-19,568,9,PatchTST,NLinear,81.3219985961914,72.7283935546875,8.593605041503906
Univariate,univariate,Brent Oil,Com_BrentCrudeOil,tscv,3,2024-02-26,569,10,PatchTST,NLinear,81.69200134277344,74.96417999267578,6.727821350097656
Univariate,univariate,Brent Oil,Com_BrentCrudeOil,tscv,3,2024-03-04,570,11,PatchTST,NLinear,81.8759994506836,75.28194427490234,6.59405517578125
Univariate,univariate,Brent Oil,Com_BrentCrudeOil,tscv,3,2024-03-11,571,12,PatchTST,NLinear,83.22200012207031,76.92393493652344,6.298065185546875
Univariate,univariate,Brent Oil,Com_BrentCrudeOil,tscv,3,2023-12-25,560,1,PatchTST,iTransformer,78.6449966430664,72.74955749511719,5.895439147949219
Univariate,univariate,Brent Oil,Com_BrentCrudeOil,tscv,3,2024-01-01,561,2,PatchTST,iTransformer,77.62249755859375,73.96609497070312,3.656402587890625
Univariate,univariate,Brent Oil,Com_BrentCrudeOil,tscv,3,2024-01-08,562,3,PatchTST,iTransformer,77.24199676513672,73.07837677001953,4.1636199951171875
Univariate,univariate,Brent Oil,Com_BrentCrudeOil,tscv,3,2024-01-15,563,4,PatchTST,iTransformer,78.24199676513672,71.4906005859375,6.751396179199219
Univariate,univariate,Brent Oil,Com_BrentCrudeOil,tscv,3,2024-01-22,564,5,PatchTST,iTransformer,80.33999633789062,72.29568481445312,8.0443115234375
Univariate,univariate,Brent Oil,Com_BrentCrudeOil,tscv,3,2024-01-29,565,6,PatchTST,iTransformer,79.86599731445312,74.00715637207031,5.8588409423828125
Univariate,univariate,Brent Oil,Com_BrentCrudeOil,tscv,3,2024-02-05,566,7,PatchTST,iTransformer,79.51599884033203,74.80037689208984,4.7156219482421875
Univariate,univariate,Brent Oil,Com_BrentCrudeOil,tscv,3,2024-02-12,567,8,PatchTST,iTransformer,81.64800262451172,75.1695556640625,6.478446960449219
Univariate,univariate,Brent Oil,Com_BrentCrudeOil,tscv,3,2024-02-19,568,9,PatchTST,iTransformer,81.3219985961914,75.89727783203125,5.424720764160156
Univariate,univariate,Brent Oil,Com_BrentCrudeOil,tscv,3,2024-02-26,569,10,PatchTST,iTransformer,81.69200134277344,77.39269256591797,4.299308776855469
Univariate,univariate,Brent Oil,Com_BrentCrudeOil,tscv,3,2024-03-04,570,11,PatchTST,iTransformer,81.8759994506836,77.29090118408203,4.5850982666015625
Univariate,univariate,Brent Oil,Com_BrentCrudeOil,tscv,3,2024-03-11,571,12,PatchTST,iTransformer,83.22200012207031,78.54975891113281,4.6722412109375
Univariate,univariate,Brent Oil,Com_BrentCrudeOil,tscv,3,2023-12-25,560,1,PatchTST,XGBoost,78.6449966430664,71.6041488647461,7.0408477783203125
Univariate,univariate,Brent Oil,Com_BrentCrudeOil,tscv,3,2024-01-01,561,2,PatchTST,XGBoost,77.62249755859375,72.44043731689453,5.182060241699219
Univariate,univariate,Brent Oil,Com_BrentCrudeOil,tscv,3,2024-01-08,562,3,PatchTST,XGBoost,77.24199676513672,71.39938354492188,5.842613220214844
Univariate,univariate,Brent Oil,Com_BrentCrudeOil,tscv,3,2024-01-15,563,4,PatchTST,XGBoost,78.24199676513672,70.20994567871094,8.032051086425781
Univariate,univariate,Brent Oil,Com_BrentCrudeOil,tscv,3,2024-01-22,564,5,PatchTST,XGBoost,80.33999633789062,71.23377227783203,9.106224060058594
Univariate,univariate,Brent Oil,Com_BrentCrudeOil,tscv,3,2024-01-29,565,6,PatchTST,XGBoost,79.86599731445312,72.55252075195312,7.3134765625
Univariate,univariate,Brent Oil,Com_BrentCrudeOil,tscv,3,2024-02-05,566,7,PatchTST,XGBoost,79.51599884033203,73.16703033447266,6.348968505859375
Univariate,univariate,Brent Oil,Com_BrentCrudeOil,tscv,3,2024-02-12,567,8,PatchTST,XGBoost,81.64800262451172,73.39207458496094,8.255928039550781
Univariate,univariate,Brent Oil,Com_BrentCrudeOil,tscv,3,2024-02-19,568,9,PatchTST,XGBoost,81.3219985961914,73.89032745361328,7.431671142578125
Univariate,univariate,Brent Oil,Com_BrentCrudeOil,tscv,3,2024-02-26,569,10,PatchTST,XGBoost,81.69200134277344,75.16639709472656,6.525604248046875
Univariate,univariate,Brent Oil,Com_BrentCrudeOil,tscv,3,2024-03-04,570,11,PatchTST,XGBoost,81.8759994506836,75.59429168701172,6.281707763671875
Univariate,univariate,Brent Oil,Com_BrentCrudeOil,tscv,3,2024-03-11,571,12,PatchTST,XGBoost,83.22200012207031,77.50713348388672,5.714866638183594
Univariate,univariate,Brent Oil,Com_BrentCrudeOil,tscv,3,2023-12-25,560,1,PatchTST,LightGBM,78.6449966430664,72.50370025634766,6.14129638671875
Univariate,univariate,Brent Oil,Com_BrentCrudeOil,tscv,3,2024-01-01,561,2,PatchTST,LightGBM,77.62249755859375,73.4173812866211,4.205116271972656
Univariate,univariate,Brent Oil,Com_BrentCrudeOil,tscv,3,2024-01-08,562,3,PatchTST,LightGBM,77.24199676513672,72.06733703613281,5.174659729003906
Univariate,univariate,Brent Oil,Com_BrentCrudeOil,tscv,3,2024-01-15,563,4,PatchTST,LightGBM,78.24199676513672,70.47889709472656,7.763099670410156
Univariate,univariate,Brent Oil,Com_BrentCrudeOil,tscv,3,2024-01-22,564,5,PatchTST,LightGBM,80.33999633789062,71.85588836669922,8.484107971191406
Univariate,univariate,Brent Oil,Com_BrentCrudeOil,tscv,3,2024-01-29,565,6,PatchTST,LightGBM,79.86599731445312,73.57315063476562,6.2928466796875
Univariate,univariate,Brent Oil,Com_BrentCrudeOil,tscv,3,2024-02-05,566,7,PatchTST,LightGBM,79.51599884033203,74.37733459472656,5.138664245605469
Univariate,univariate,Brent Oil,Com_BrentCrudeOil,tscv,3,2024-02-12,567,8,PatchTST,LightGBM,81.64800262451172,74.11753845214844,7.530464172363281
Univariate,univariate,Brent Oil,Com_BrentCrudeOil,tscv,3,2024-02-19,568,9,PatchTST,LightGBM,81.3219985961914,75.17070770263672,6.1512908935546875
Univariate,univariate,Brent Oil,Com_BrentCrudeOil,tscv,3,2024-02-26,569,10,PatchTST,LightGBM,81.69200134277344,76.20874786376953,5.483253479003906
Univariate,univariate,Brent Oil,Com_BrentCrudeOil,tscv,3,2024-03-04,570,11,PatchTST,LightGBM,81.8759994506836,76.75344848632812,5.122550964355469
Univariate,univariate,Brent Oil,Com_BrentCrudeOil,tscv,3,2024-03-11,571,12,PatchTST,LightGBM,83.22200012207031,78.32148742675781,4.9005126953125
Univariate,univariate,Brent Oil,Com_BrentCrudeOil,tscv,4,2024-01-22,564,1,PatchTST,-,80.33999633789062,77.72821044921875,2.611785888671875
Univariate,univariate,Brent Oil,Com_BrentCrudeOil,tscv,4,2024-01-29,565,2,PatchTST,-,79.86599731445312,78.83429718017578,1.0317001342773438
Univariate,univariate,Brent Oil,Com_BrentCrudeOil,tscv,4,2024-02-05,566,3,PatchTST,-,79.51599884033203,79.78047180175781,-0.26447296142578125
Univariate,univariate,Brent Oil,Com_BrentCrudeOil,tscv,4,2024-02-12,567,4,PatchTST,-,81.64800262451172,79.98670196533203,1.6613006591796875
Univariate,univariate,Brent Oil,Com_BrentCrudeOil,tscv,4,2024-02-19,568,5,PatchTST,-,81.3219985961914,80.32574462890625,0.9962539672851562
Univariate,univariate,Brent Oil,Com_BrentCrudeOil,tscv,4,2024-02-26,569,6,PatchTST,-,81.69200134277344,81.82378387451172,-0.13178253173828125
Univariate,univariate,Brent Oil,Com_BrentCrudeOil,tscv,4,2024-03-04,570,7,PatchTST,-,81.8759994506836,82.8483657836914,-0.9723663330078125
Univariate,univariate,Brent Oil,Com_BrentCrudeOil,tscv,4,2024-03-11,571,8,PatchTST,-,83.22200012207031,84.12550354003906,-0.90350341796875
Univariate,univariate,Brent Oil,Com_BrentCrudeOil,tscv,4,2024-03-18,572,9,PatchTST,-,85.6520004272461,86.67349243164062,-1.0214920043945312
Univariate,univariate,Brent Oil,Com_BrentCrudeOil,tscv,4,2024-03-25,573,10,PatchTST,-,86.2183837890625,89.94098663330078,-3.7226028442382812
Univariate,univariate,Brent Oil,Com_BrentCrudeOil,tscv,4,2024-04-01,574,11,PatchTST,-,89.50199890136719,91.43021392822266,-1.9282150268554688
Univariate,univariate,Brent Oil,Com_BrentCrudeOil,tscv,4,2024-04-08,575,12,PatchTST,-,90.17333221435547,92.67672729492188,-2.5033950805664062
Univariate,univariate,Brent Oil,Com_BrentCrudeOil,tscv,4,2024-01-22,564,1,PatchTST,NLinear,80.33999633789062,75.0628433227539,5.277153015136719
Univariate,univariate,Brent Oil,Com_BrentCrudeOil,tscv,4,2024-01-29,565,2,PatchTST,NLinear,79.86599731445312,75.36507415771484,4.500923156738281
Univariate,univariate,Brent Oil,Com_BrentCrudeOil,tscv,4,2024-02-05,566,3,PatchTST,NLinear,79.51599884033203,75.84040832519531,3.6755905151367188
Univariate,univariate,Brent Oil,Com_BrentCrudeOil,tscv,4,2024-02-12,567,4,PatchTST,NLinear,81.64800262451172,75.42376708984375,6.224235534667969
Univariate,univariate,Brent Oil,Com_BrentCrudeOil,tscv,4,2024-02-19,568,5,PatchTST,NLinear,81.3219985961914,74.89199829101562,6.430000305175781
Univariate,univariate,Brent Oil,Com_BrentCrudeOil,tscv,4,2024-02-26,569,6,PatchTST,NLinear,81.69200134277344,76.87796783447266,4.814033508300781
Univariate,univariate,Brent Oil,Com_BrentCrudeOil,tscv,4,2024-03-04,570,7,PatchTST,NLinear,81.8759994506836,78.73521423339844,3.1407852172851562
Univariate,univariate,Brent Oil,Com_BrentCrudeOil,tscv,4,2024-03-11,571,8,PatchTST,NLinear,83.22200012207031,79.6568603515625,3.5651397705078125
Univariate,univariate,Brent Oil,Com_BrentCrudeOil,tscv,4,2024-03-18,572,9,PatchTST,NLinear,85.6520004272461,81.84474182128906,3.8072586059570312
Univariate,univariate,Brent Oil,Com_BrentCrudeOil,tscv,4,2024-03-25,573,10,PatchTST,NLinear,86.2183837890625,84.88169860839844,1.3366851806640625
Univariate,univariate,Brent Oil,Com_BrentCrudeOil,tscv,4,2024-04-01,574,11,PatchTST,NLinear,89.50199890136719,86.38204193115234,3.1199569702148438
Univariate,univariate,Brent Oil,Com_BrentCrudeOil,tscv,4,2024-04-08,575,12,PatchTST,NLinear,90.17333221435547,87.947998046875,2.2253341674804688
Univariate,univariate,Brent Oil,Com_BrentCrudeOil,tscv,4,2024-01-22,564,1,PatchTST,iTransformer,80.33999633789062,73.27513122558594,7.0648651123046875
Univariate,univariate,Brent Oil,Com_BrentCrudeOil,tscv,4,2024-01-29,565,2,PatchTST,iTransformer,79.86599731445312,74.36670684814453,5.499290466308594
Univariate,univariate,Brent Oil,Com_BrentCrudeOil,tscv,4,2024-02-05,566,3,PatchTST,iTransformer,79.51599884033203,75.29779815673828,4.21820068359375
Univariate,univariate,Brent Oil,Com_BrentCrudeOil,tscv,4,2024-02-12,567,4,PatchTST,iTransformer,81.64800262451172,75.50452423095703,6.1434783935546875
Univariate,univariate,Brent Oil,Com_BrentCrudeOil,tscv,4,2024-02-19,568,5,PatchTST,iTransformer,81.3219985961914,75.83903503417969,5.482963562011719
Univariate,univariate,Brent Oil,Com_BrentCrudeOil,tscv,4,2024-02-26,569,6,PatchTST,iTransformer,81.69200134277344,77.3329849243164,4.359016418457031
Univariate,univariate,Brent Oil,Com_BrentCrudeOil,tscv,4,2024-03-04,570,7,PatchTST,iTransformer,81.8759994506836,78.35464477539062,3.5213546752929688
Univariate,univariate,Brent Oil,Com_BrentCrudeOil,tscv,4,2024-03-11,571,8,PatchTST,iTransformer,83.22200012207031,79.61328887939453,3.6087112426757812
Univariate,univariate,Brent Oil,Com_BrentCrudeOil,tscv,4,2024-03-18,572,9,PatchTST,iTransformer,85.6520004272461,82.15747833251953,3.4945220947265625
Univariate,univariate,Brent Oil,Com_BrentCrudeOil,tscv,4,2024-03-25,573,10,PatchTST,iTransformer,86.2183837890625,85.43508911132812,0.783294677734375
Univariate,univariate,Brent Oil,Com_BrentCrudeOil,tscv,4,2024-04-01,574,11,PatchTST,iTransformer,89.50199890136719,86.93254852294922,2.5694503784179688
Univariate,univariate,Brent Oil,Com_BrentCrudeOil,tscv,4,2024-04-08,575,12,PatchTST,iTransformer,90.17333221435547,88.18663024902344,1.9867019653320312
Univariate,univariate,Brent Oil,Com_BrentCrudeOil,tscv,4,2024-01-22,564,1,PatchTST,XGBoost,80.33999633789062,72.0784912109375,8.261505126953125
Univariate,univariate,Brent Oil,Com_BrentCrudeOil,tscv,4,2024-01-29,565,2,PatchTST,XGBoost,79.86599731445312,74.15042114257812,5.715576171875
Univariate,univariate,Brent Oil,Com_BrentCrudeOil,tscv,4,2024-02-05,566,3,PatchTST,XGBoost,79.51599884033203,75.23419952392578,4.28179931640625
Univariate,univariate,Brent Oil,Com_BrentCrudeOil,tscv,4,2024-02-12,567,4,PatchTST,XGBoost,81.64800262451172,74.81219482421875,6.835807800292969
Univariate,univariate,Brent Oil,Com_BrentCrudeOil,tscv,4,2024-02-19,568,5,PatchTST,XGBoost,81.3219985961914,75.10992431640625,6.212074279785156
Univariate,univariate,Brent Oil,Com_BrentCrudeOil,tscv,4,2024-02-26,569,6,PatchTST,XGBoost,81.69200134277344,77.4398422241211,4.252159118652344
Univariate,univariate,Brent Oil,Com_BrentCrudeOil,tscv,4,2024-03-04,570,7,PatchTST,XGBoost,81.8759994506836,77.76082611083984,4.11517333984375
Univariate,univariate,Brent Oil,Com_BrentCrudeOil,tscv,4,2024-03-11,571,8,PatchTST,XGBoost,83.22200012207031,78.56104278564453,4.660957336425781
Univariate,univariate,Brent Oil,Com_BrentCrudeOil,tscv,4,2024-03-18,572,9,PatchTST,XGBoost,85.6520004272461,80.09254455566406,5.559455871582031
Univariate,univariate,Brent Oil,Com_BrentCrudeOil,tscv,4,2024-03-25,573,10,PatchTST,XGBoost,86.2183837890625,83.17864990234375,3.03973388671875
Univariate,univariate,Brent Oil,Com_BrentCrudeOil,tscv,4,2024-04-01,574,11,PatchTST,XGBoost,89.50199890136719,84.62000274658203,4.881996154785156
Univariate,univariate,Brent Oil,Com_BrentCrudeOil,tscv,4,2024-04-08,575,12,PatchTST,XGBoost,90.17333221435547,87.82340240478516,2.3499298095703125
Univariate,univariate,Brent Oil,Com_BrentCrudeOil,tscv,4,2024-01-22,564,1,PatchTST,LightGBM,80.33999633789062,72.8415298461914,7.498466491699219
Univariate,univariate,Brent Oil,Com_BrentCrudeOil,tscv,4,2024-01-29,565,2,PatchTST,LightGBM,79.86599731445312,73.94761657714844,5.9183807373046875
Univariate,univariate,Brent Oil,Com_BrentCrudeOil,tscv,4,2024-02-05,566,3,PatchTST,LightGBM,79.51599884033203,74.89379119873047,4.6222076416015625
Univariate,univariate,Brent Oil,Com_BrentCrudeOil,tscv,4,2024-02-12,567,4,PatchTST,LightGBM,81.64800262451172,75.10002136230469,6.547981262207031
Univariate,univariate,Brent Oil,Com_BrentCrudeOil,tscv,4,2024-02-19,568,5,PatchTST,LightGBM,81.3219985961914,75.4390640258789,5.8829345703125
Univariate,univariate,Brent Oil,Com_BrentCrudeOil,tscv,4,2024-02-26,569,6,PatchTST,LightGBM,81.69200134277344,76.93710327148438,4.7548980712890625
Univariate,univariate,Brent Oil,Com_BrentCrudeOil,tscv,4,2024-03-04,570,7,PatchTST,LightGBM,81.8759994506836,76.52619934082031,5.349800109863281
Univariate,univariate,Brent Oil,Com_BrentCrudeOil,tscv,4,2024-03-11,571,8,PatchTST,LightGBM,83.22200012207031,77.80333709716797,5.418663024902344
Univariate,univariate,Brent Oil,Com_BrentCrudeOil,tscv,4,2024-03-18,572,9,PatchTST,LightGBM,85.6520004272461,80.35132598876953,5.3006744384765625
Univariate,univariate,Brent Oil,Com_BrentCrudeOil,tscv,4,2024-03-25,573,10,PatchTST,LightGBM,86.2183837890625,83.61882019042969,2.5995635986328125
Univariate,univariate,Brent Oil,Com_BrentCrudeOil,tscv,4,2024-04-01,574,11,PatchTST,LightGBM,89.50199890136719,85.10804748535156,4.393951416015625
Univariate,univariate,Brent Oil,Com_BrentCrudeOil,tscv,4,2024-04-08,575,12,PatchTST,LightGBM,90.17333221435547,87.79004669189453,2.3832855224609375
Univariate,univariate,Brent Oil,Com_BrentCrudeOil,tscv,5,2024-02-19,568,1,PatchTST,-,81.3219985961914,82.58214569091797,-1.2601470947265625
Univariate,univariate,Brent Oil,Com_BrentCrudeOil,tscv,5,2024-02-26,569,2,PatchTST,-,81.69200134277344,84.14330291748047,-2.4513015747070312
Univariate,univariate,Brent Oil,Com_BrentCrudeOil,tscv,5,2024-03-04,570,3,PatchTST,-,81.8759994506836,84.05612182617188,-2.1801223754882812
Univariate,univariate,Brent Oil,Com_BrentCrudeOil,tscv,5,2024-03-11,571,4,PatchTST,-,83.22200012207031,85.03590393066406,-1.81390380859375
Univariate,univariate,Brent Oil,Com_BrentCrudeOil,tscv,5,2024-03-18,572,5,PatchTST,-,85.6520004272461,87.64883422851562,-1.9968338012695312
Univariate,univariate,Brent Oil,Com_BrentCrudeOil,tscv,5,2024-03-25,573,6,PatchTST,-,86.2183837890625,90.38043212890625,-4.16204833984375
Univariate,univariate,Brent Oil,Com_BrentCrudeOil,tscv,5,2024-04-01,574,7,PatchTST,-,89.50199890136719,92.08766174316406,-2.585662841796875
Univariate,univariate,Brent Oil,Com_BrentCrudeOil,tscv,5,2024-04-08,575,8,PatchTST,-,90.17333221435547,94.29837799072266,-4.1250457763671875
Univariate,univariate,Brent Oil,Com_BrentCrudeOil,tscv,5,2024-04-15,576,9,PatchTST,-,88.12903594970703,96.54035949707031,-8.411323547363281
Univariate,univariate,Brent Oil,Com_BrentCrudeOil,tscv,5,2024-04-22,577,10,PatchTST,-,87.90630340576172,98.22447967529297,-10.31817626953125
Univariate,univariate,Brent Oil,Com_BrentCrudeOil,tscv,5,2024-04-29,578,11,PatchTST,-,84.72000122070312,99.46659851074219,-14.746597290039062
Univariate,univariate,Brent Oil,Com_BrentCrudeOil,tscv,5,2024-05-06,579,12,PatchTST,-,83.3479995727539,99.07980346679688,-15.731803894042969
Univariate,univariate,Brent Oil,Com_BrentCrudeOil,tscv,5,2024-02-19,568,1,PatchTST,NLinear,81.3219985961914,84.96939086914062,-3.6473922729492188
Univariate,univariate,Brent Oil,Com_BrentCrudeOil,tscv,5,2024-02-26,569,2,PatchTST,NLinear,81.69200134277344,86.03047943115234,-4.338478088378906
Univariate,univariate,Brent Oil,Com_BrentCrudeOil,tscv,5,2024-03-04,570,3,PatchTST,NLinear,81.8759994506836,86.05960083007812,-4.183601379394531
Univariate,univariate,Brent Oil,Com_BrentCrudeOil,tscv,5,2024-03-11,571,4,PatchTST,NLinear,83.22200012207031,87.60449981689453,-4.382499694824219
Univariate,univariate,Brent Oil,Com_BrentCrudeOil,tscv,5,2024-03-18,572,5,PatchTST,NLinear,85.6520004272461,90.6736831665039,-5.0216827392578125
Univariate,univariate,Brent Oil,Com_BrentCrudeOil,tscv,5,2024-03-25,573,6,PatchTST,NLinear,86.2183837890625,93.38529968261719,-7.1669158935546875
Univariate,univariate,Brent Oil,Com_BrentCrudeOil,tscv,5,2024-04-01,574,7,PatchTST,NLinear,89.50199890136719,94.52896118164062,-5.0269622802734375
Univariate,univariate,Brent Oil,Com_BrentCrudeOil,tscv,5,2024-04-08,575,8,PatchTST,NLinear,90.17333221435547,96.60493469238281,-6.431602478027344
Univariate,univariate,Brent Oil,Com_BrentCrudeOil,tscv,5,2024-04-15,576,9,PatchTST,NLinear,88.12903594970703,98.9821548461914,-10.853118896484375
Univariate,univariate,Brent Oil,Com_BrentCrudeOil,tscv,5,2024-04-22,577,10,PatchTST,NLinear,87.90630340576172,100.43153381347656,-12.525230407714844
Univariate,univariate,Brent Oil,Com_BrentCrudeOil,tscv,5,2024-04-29,578,11,PatchTST,NLinear,84.72000122070312,101.30238342285156,-16.582382202148438
Univariate,univariate,Brent Oil,Com_BrentCrudeOil,tscv,5,2024-05-06,579,12,PatchTST,NLinear,83.3479995727539,100.68275451660156,-17.334754943847656
Univariate,univariate,Brent Oil,Com_BrentCrudeOil,tscv,5,2024-02-19,568,1,PatchTST,iTransformer,81.3219985961914,81.74141693115234,-0.4194183349609375
Univariate,univariate,Brent Oil,Com_BrentCrudeOil,tscv,5,2024-02-26,569,2,PatchTST,iTransformer,81.69200134277344,83.28855895996094,-1.5965576171875
Univariate,univariate,Brent Oil,Com_BrentCrudeOil,tscv,5,2024-03-04,570,3,PatchTST,iTransformer,81.8759994506836,83.22405242919922,-1.348052978515625
Univariate,univariate,Brent Oil,Com_BrentCrudeOil,tscv,5,2024-03-11,571,4,PatchTST,iTransformer,83.22200012207031,84.1853256225586,-0.9633255004882812
Univariate,univariate,Brent Oil,Com_BrentCrudeOil,tscv,5,2024-03-18,572,5,PatchTST,iTransformer,85.6520004272461,86.82630920410156,-1.1743087768554688
Univariate,univariate,Brent Oil,Com_BrentCrudeOil,tscv,5,2024-03-25,573,6,PatchTST,iTransformer,86.2183837890625,89.58731079101562,-3.368927001953125
Univariate,univariate,Brent Oil,Com_BrentCrudeOil,tscv,5,2024-04-01,574,7,PatchTST,iTransformer,89.50199890136719,91.3083724975586,-1.8063735961914062
Univariate,univariate,Brent Oil,Com_BrentCrudeOil,tscv,5,2024-04-08,575,8,PatchTST,iTransformer,90.17333221435547,93.56044006347656,-3.3871078491210938
Univariate,univariate,Brent Oil,Com_BrentCrudeOil,tscv,5,2024-04-15,576,9,PatchTST,iTransformer,88.12903594970703,95.81507873535156,-7.686042785644531
Univariate,univariate,Brent Oil,Com_BrentCrudeOil,tscv,5,2024-04-22,577,10,PatchTST,iTransformer,87.90630340576172,97.51506042480469,-9.608757019042969
Univariate,univariate,Brent Oil,Com_BrentCrudeOil,tscv,5,2024-04-29,578,11,PatchTST,iTransformer,84.72000122070312,98.77770233154297,-14.057701110839844
Univariate,univariate,Brent Oil,Com_BrentCrudeOil,tscv,5,2024-05-06,579,12,PatchTST,iTransformer,83.3479995727539,98.3740005493164,-15.0260009765625
Univariate,univariate,Brent Oil,Com_BrentCrudeOil,tscv,5,2024-02-19,568,1,PatchTST,XGBoost,81.3219985961914,80.26763916015625,1.0543594360351562
Univariate,univariate,Brent Oil,Com_BrentCrudeOil,tscv,5,2024-02-26,569,2,PatchTST,XGBoost,81.69200134277344,81.97796630859375,-0.2859649658203125
Univariate,univariate,Brent Oil,Com_BrentCrudeOil,tscv,5,2024-03-04,570,3,PatchTST,XGBoost,81.8759994506836,82.15948486328125,-0.28348541259765625
Univariate,univariate,Brent Oil,Com_BrentCrudeOil,tscv,5,2024-03-11,571,4,PatchTST,XGBoost,83.22200012207031,83.89505004882812,-0.6730499267578125
Univariate,univariate,Brent Oil,Com_BrentCrudeOil,tscv,5,2024-03-18,572,5,PatchTST,XGBoost,85.6520004272461,86.7428207397461,-1.0908203125
Univariate,univariate,Brent Oil,Com_BrentCrudeOil,tscv,5,2024-03-25,573,6,PatchTST,XGBoost,86.2183837890625,87.3323745727539,-1.1139907836914062
Univariate,univariate,Brent Oil,Com_BrentCrudeOil,tscv,5,2024-04-01,574,7,PatchTST,XGBoost,89.50199890136719,89.1700439453125,0.3319549560546875
Univariate,univariate,Brent Oil,Com_BrentCrudeOil,tscv,5,2024-04-08,575,8,PatchTST,XGBoost,90.17333221435547,90.66985321044922,-0.49652099609375
Univariate,univariate,Brent Oil,Com_BrentCrudeOil,tscv,5,2024-04-15,576,9,PatchTST,XGBoost,88.12903594970703,94.83564758300781,-6.706611633300781
Univariate,univariate,Brent Oil,Com_BrentCrudeOil,tscv,5,2024-04-22,577,10,PatchTST,XGBoost,87.90630340576172,97.61973571777344,-9.713432312011719
Univariate,univariate,Brent Oil,Com_BrentCrudeOil,tscv,5,2024-04-29,578,11,PatchTST,XGBoost,84.72000122070312,98.50479888916016,-13.784797668457031
Univariate,univariate,Brent Oil,Com_BrentCrudeOil,tscv,5,2024-05-06,579,12,PatchTST,XGBoost,83.3479995727539,98.22200012207031,-14.874000549316406
Univariate,univariate,Brent Oil,Com_BrentCrudeOil,tscv,5,2024-02-19,568,1,PatchTST,LightGBM,81.3219985961914,78.69068145751953,2.631317138671875
Univariate,univariate,Brent Oil,Com_BrentCrudeOil,tscv,5,2024-02-26,569,2,PatchTST,LightGBM,81.69200134277344,80.25183868408203,1.4401626586914062
Univariate,univariate,Brent Oil,Com_BrentCrudeOil,tscv,5,2024-03-04,570,3,PatchTST,LightGBM,81.8759994506836,80.16465759277344,1.7113418579101562
Univariate,univariate,Brent Oil,Com_BrentCrudeOil,tscv,5,2024-03-11,571,4,PatchTST,LightGBM,83.22200012207031,81.14443969726562,2.0775604248046875
Univariate,univariate,Brent Oil,Com_BrentCrudeOil,tscv,5,2024-03-18,572,5,PatchTST,LightGBM,85.6520004272461,83.75736999511719,1.8946304321289062
Univariate,univariate,Brent Oil,Com_BrentCrudeOil,tscv,5,2024-03-25,573,6,PatchTST,LightGBM,86.2183837890625,86.48896789550781,-0.2705841064453125
Univariate,univariate,Brent Oil,Com_BrentCrudeOil,tscv,5,2024-04-01,574,7,PatchTST,LightGBM,89.50199890136719,86.60916137695312,2.8928375244140625
Univariate,univariate,Brent Oil,Com_BrentCrudeOil,tscv,5,2024-04-08,575,8,PatchTST,LightGBM,90.17333221435547,90.08820343017578,0.0851287841796875
Univariate,univariate,Brent Oil,Com_BrentCrudeOil,tscv,5,2024-04-15,576,9,PatchTST,LightGBM,88.12903594970703,92.64889526367188,-4.519859313964844
Univariate,univariate,Brent Oil,Com_BrentCrudeOil,tscv,5,2024-04-22,577,10,PatchTST,LightGBM,87.90630340576172,94.33301544189453,-6.4267120361328125
Univariate,univariate,Brent Oil,Com_BrentCrudeOil,tscv,5,2024-04-29,578,11,PatchTST,LightGBM,84.72000122070312,95.74447631835938,-11.02447509765625
Univariate,univariate,Brent Oil,Com_BrentCrudeOil,tscv,5,2024-05-06,579,12,PatchTST,LightGBM,83.3479995727539,95.35768127441406,-12.009681701660156
Univariate,univariate,Brent Oil,Com_BrentCrudeOil,tscv,6,2024-03-18,572,1,PatchTST,-,85.6520004272461,88.31398010253906,-2.6619796752929688
Univariate,univariate,Brent Oil,Com_BrentCrudeOil,tscv,6,2024-03-25,573,2,PatchTST,-,86.2183837890625,92.4639892578125,-6.24560546875
Univariate,univariate,Brent Oil,Com_BrentCrudeOil,tscv,6,2024-04-01,574,3,PatchTST,-,89.50199890136719,93.87257385253906,-4.370574951171875
Univariate,univariate,Brent Oil,Com_BrentCrudeOil,tscv,6,2024-04-08,575,4,PatchTST,-,90.17333221435547,95.67925262451172,-5.50592041015625
Univariate,univariate,Brent Oil,Com_BrentCrudeOil,tscv,6,2024-04-15,576,5,PatchTST,-,88.12903594970703,99.622314453125,-11.493278503417969
Univariate,univariate,Brent Oil,Com_BrentCrudeOil,tscv,6,2024-04-22,577,6,PatchTST,-,87.90630340576172,100.528076171875,-12.621772766113281
Univariate,univariate,Brent Oil,Com_BrentCrudeOil,tscv,6,2024-04-29,578,7,PatchTST,-,84.72000122070312,99.89414978027344,-15.174148559570312
Univariate,univariate,Brent Oil,Com_BrentCrudeOil,tscv,6,2024-05-06,579,8,PatchTST,-,83.3479995727539,98.8848648071289,-15.536865234375
Univariate,univariate,Brent Oil,Com_BrentCrudeOil,tscv,6,2024-05-13,580,9,PatchTST,-,83.14800262451172,97.189697265625,-14.041694641113281
Univariate,univariate,Brent Oil,Com_BrentCrudeOil,tscv,6,2024-05-20,581,10,PatchTST,-,82.39399719238281,96.06002044677734,-13.666023254394531
Univariate,univariate,Brent Oil,Com_BrentCrudeOil,tscv,6,2024-05-27,582,11,PatchTST,-,82.64234161376953,94.6055908203125,-11.963249206542969
Univariate,univariate,Brent Oil,Com_BrentCrudeOil,tscv,6,2024-06-03,583,12,PatchTST,-,78.75599670410156,94.63432312011719,-15.878326416015625
Univariate,univariate,Brent Oil,Com_BrentCrudeOil,tscv,6,2024-03-18,572,1,PatchTST,NLinear,85.6520004272461,85.55420684814453,0.0977935791015625
Univariate,univariate,Brent Oil,Com_BrentCrudeOil,tscv,6,2024-03-25,573,2,PatchTST,NLinear,86.2183837890625,88.66382598876953,-2.4454421997070312
Univariate,univariate,Brent Oil,Com_BrentCrudeOil,tscv,6,2024-04-01,574,3,PatchTST,NLinear,89.50199890136719,89.19739532470703,0.30460357666015625
Univariate,univariate,Brent Oil,Com_BrentCrudeOil,tscv,6,2024-04-08,575,4,PatchTST,NLinear,90.17333221435547,90.30679321289062,-0.13346099853515625
Univariate,univariate,Brent Oil,Com_BrentCrudeOil,tscv,6,2024-04-15,576,5,PatchTST,NLinear,88.12903594970703,94.02240753173828,-5.89337158203125
Univariate,univariate,Brent Oil,Com_BrentCrudeOil,tscv,6,2024-04-22,577,6,PatchTST,NLinear,87.90630340576172,95.1797866821289,-7.2734832763671875
Univariate,univariate,Brent Oil,Com_BrentCrudeOil,tscv,6,2024-04-29,578,7,PatchTST,NLinear,84.72000122070312,95.3277359008789,-10.607734680175781
Univariate,univariate,Brent Oil,Com_BrentCrudeOil,tscv,6,2024-05-06,579,8,PatchTST,NLinear,83.3479995727539,95.17601776123047,-11.828018188476562
Univariate,univariate,Brent Oil,Com_BrentCrudeOil,tscv,6,2024-05-13,580,9,PatchTST,NLinear,83.14800262451172,93.71243286132812,-10.564430236816406
Univariate,univariate,Brent Oil,Com_BrentCrudeOil,tscv,6,2024-05-20,581,10,PatchTST,NLinear,82.39399719238281,92.87388610839844,-10.479888916015625
Univariate,univariate,Brent Oil,Com_BrentCrudeOil,tscv,6,2024-05-27,582,11,PatchTST,NLinear,82.64234161376953,91.72488403320312,-9.082542419433594
Univariate,univariate,Brent Oil,Com_BrentCrudeOil,tscv,6,2024-06-03,583,12,PatchTST,NLinear,78.75599670410156,91.89134979248047,-13.135353088378906
Univariate,univariate,Brent Oil,Com_BrentCrudeOil,tscv,6,2024-03-18,572,1,PatchTST,iTransformer,85.6520004272461,82.7733154296875,2.8786849975585938
Univariate,univariate,Brent Oil,Com_BrentCrudeOil,tscv,6,2024-03-25,573,2,PatchTST,iTransformer,86.2183837890625,86.91084289550781,-0.6924591064453125
Univariate,univariate,Brent Oil,Com_BrentCrudeOil,tscv,6,2024-04-01,574,3,PatchTST,iTransformer,89.50199890136719,88.31700134277344,1.18499755859375
Univariate,univariate,Brent Oil,Com_BrentCrudeOil,tscv,6,2024-04-08,575,4,PatchTST,iTransformer,90.17333221435547,90.12470245361328,0.0486297607421875
Univariate,univariate,Brent Oil,Com_BrentCrudeOil,tscv,6,2024-04-15,576,5,PatchTST,iTransformer,88.12903594970703,94.07395935058594,-5.944923400878906
Univariate,univariate,Brent Oil,Com_BrentCrudeOil,tscv,6,2024-04-22,577,6,PatchTST,iTransformer,87.90630340576172,94.98323822021484,-7.076934814453125
Univariate,univariate,Brent Oil,Com_BrentCrudeOil,tscv,6,2024-04-29,578,7,PatchTST,iTransformer,84.72000122070312,94.36090087890625,-9.640899658203125
Univariate,univariate,Brent Oil,Com_BrentCrudeOil,tscv,6,2024-05-06,579,8,PatchTST,iTransformer,83.3479995727539,93.3410415649414,-9.9930419921875
Univariate,univariate,Brent Oil,Com_BrentCrudeOil,tscv,6,2024-05-13,580,9,PatchTST,iTransformer,83.14800262451172,91.65949249267578,-8.511489868164062
Univariate,univariate,Brent Oil,Com_BrentCrudeOil,tscv,6,2024-05-20,581,10,PatchTST,iTransformer,82.39399719238281,90.53499603271484,-8.140998840332031
Univariate,univariate,Brent Oil,Com_BrentCrudeOil,tscv,6,2024-05-27,582,11,PatchTST,iTransformer,82.64234161376953,89.07025146484375,-6.427909851074219
Univariate,univariate,Brent Oil,Com_BrentCrudeOil,tscv,6,2024-06-03,583,12,PatchTST,iTransformer,78.75599670410156,89.10523986816406,-10.3492431640625
Univariate,univariate,Brent Oil,Com_BrentCrudeOil,tscv,6,2024-03-18,572,1,PatchTST,XGBoost,85.6520004272461,80.65227508544922,4.999725341796875
Univariate,univariate,Brent Oil,Com_BrentCrudeOil,tscv,6,2024-03-25,573,2,PatchTST,XGBoost,86.2183837890625,83.82840728759766,2.3899765014648438
Univariate,univariate,Brent Oil,Com_BrentCrudeOil,tscv,6,2024-04-01,574,3,PatchTST,XGBoost,89.50199890136719,85.28975677490234,4.212242126464844
Univariate,univariate,Brent Oil,Com_BrentCrudeOil,tscv,6,2024-04-08,575,4,PatchTST,XGBoost,90.17333221435547,86.7711410522461,3.402191162109375
Univariate,univariate,Brent Oil,Com_BrentCrudeOil,tscv,6,2024-04-15,576,5,PatchTST,XGBoost,88.12903594970703,90.22528839111328,-2.09625244140625
Univariate,univariate,Brent Oil,Com_BrentCrudeOil,tscv,6,2024-04-22,577,6,PatchTST,XGBoost,87.90630340576172,92.10147857666016,-4.1951751708984375
Univariate,univariate,Brent Oil,Com_BrentCrudeOil,tscv,6,2024-04-29,578,7,PatchTST,XGBoost,84.72000122070312,92.14962768554688,-7.42962646484375
Univariate,univariate,Brent Oil,Com_BrentCrudeOil,tscv,6,2024-05-06,579,8,PatchTST,XGBoost,83.3479995727539,90.57000732421875,-7.222007751464844
Univariate,univariate,Brent Oil,Com_BrentCrudeOil,tscv,6,2024-05-13,580,9,PatchTST,XGBoost,83.14800262451172,88.79226684570312,-5.644264221191406
Univariate,univariate,Brent Oil,Com_BrentCrudeOil,tscv,6,2024-05-20,581,10,PatchTST,XGBoost,82.39399719238281,88.13652801513672,-5.742530822753906
Univariate,univariate,Brent Oil,Com_BrentCrudeOil,tscv,6,2024-05-27,582,11,PatchTST,XGBoost,82.64234161376953,86.85040283203125,-4.208061218261719
Univariate,univariate,Brent Oil,Com_BrentCrudeOil,tscv,6,2024-06-03,583,12,PatchTST,XGBoost,78.75599670410156,85.96174621582031,-7.20574951171875
Univariate,univariate,Brent Oil,Com_BrentCrudeOil,tscv,6,2024-03-18,572,1,PatchTST,LightGBM,85.6520004272461,80.88921356201172,4.762786865234375
Univariate,univariate,Brent Oil,Com_BrentCrudeOil,tscv,6,2024-03-25,573,2,PatchTST,LightGBM,86.2183837890625,84.53748321533203,1.6809005737304688
Univariate,univariate,Brent Oil,Com_BrentCrudeOil,tscv,6,2024-04-01,574,3,PatchTST,LightGBM,89.50199890136719,85.22464752197266,4.277351379394531
Univariate,univariate,Brent Oil,Com_BrentCrudeOil,tscv,6,2024-04-08,575,4,PatchTST,LightGBM,90.17333221435547,86.72958374023438,3.4437484741210938
Univariate,univariate,Brent Oil,Com_BrentCrudeOil,tscv,6,2024-04-15,576,5,PatchTST,LightGBM,88.12903594970703,90.67264556884766,-2.543609619140625
Univariate,univariate,Brent Oil,Com_BrentCrudeOil,tscv,6,2024-04-22,577,6,PatchTST,LightGBM,87.90630340576172,91.42422485351562,-3.5179214477539062
Univariate,univariate,Brent Oil,Com_BrentCrudeOil,tscv,6,2024-04-29,578,7,PatchTST,LightGBM,84.72000122070312,90.9444808959961,-6.224479675292969
Univariate,univariate,Brent Oil,Com_BrentCrudeOil,tscv,6,2024-05-06,579,8,PatchTST,LightGBM,83.3479995727539,89.781005859375,-6.433006286621094
Univariate,univariate,Brent Oil,Com_BrentCrudeOil,tscv,6,2024-05-13,580,9,PatchTST,LightGBM,83.14800262451172,88.08584594726562,-4.937843322753906
Univariate,univariate,Brent Oil,Com_BrentCrudeOil,tscv,6,2024-05-20,581,10,PatchTST,LightGBM,82.39399719238281,87.1103515625,-4.7163543701171875
Univariate,univariate,Brent Oil,Com_BrentCrudeOil,tscv,6,2024-05-27,582,11,PatchTST,LightGBM,82.64234161376953,86.13600158691406,-3.4936599731445312
Univariate,univariate,Brent Oil,Com_BrentCrudeOil,tscv,6,2024-06-03,583,12,PatchTST,LightGBM,78.75599670410156,86.16473388671875,-7.4087371826171875
Univariate,univariate,Brent Oil,Com_BrentCrudeOil,tscv,7,2024-04-15,576,1,PatchTST,-,88.12903594970703,97.33610534667969,-9.207069396972656
Univariate,univariate,Brent Oil,Com_BrentCrudeOil,tscv,7,2024-04-22,577,2,PatchTST,-,87.90630340576172,97.35719299316406,-9.450889587402344
Univariate,univariate,Brent Oil,Com_BrentCrudeOil,tscv,7,2024-04-29,578,3,PatchTST,-,84.72000122070312,97.53893280029297,-12.818931579589844
Univariate,univariate,Brent Oil,Com_BrentCrudeOil,tscv,7,2024-05-06,579,4,PatchTST,-,83.3479995727539,96.71841430664062,-13.370414733886719
Univariate,univariate,Brent Oil,Com_BrentCrudeOil,tscv,7,2024-05-13,580,5,PatchTST,-,83.14800262451172,95.1225357055664,-11.974533081054688
Univariate,univariate,Brent Oil,Com_BrentCrudeOil,tscv,7,2024-05-20,581,6,PatchTST,-,82.39399719238281,94.2594985961914,-11.865501403808594
Univariate,univariate,Brent Oil,Com_BrentCrudeOil,tscv,7,2024-05-27,582,7,PatchTST,-,82.64234161376953,93.23614501953125,-10.593803405761719
Univariate,univariate,Brent Oil,Com_BrentCrudeOil,tscv,7,2024-06-03,583,8,PatchTST,-,78.75599670410156,93.55850982666016,-14.802513122558594
Univariate,univariate,Brent Oil,Com_BrentCrudeOil,tscv,7,2024-06-10,584,9,PatchTST,-,82.30400085449219,91.09723663330078,-8.793235778808594
Univariate,univariate,Brent Oil,Com_BrentCrudeOil,tscv,7,2024-06-17,585,10,PatchTST,-,85.13249969482422,90.14813995361328,-5.0156402587890625
Univariate,univariate,Brent Oil,Com_BrentCrudeOil,tscv,7,2024-06-24,586,11,PatchTST,-,84.99199676513672,91.96249389648438,-6.970497131347656
Univariate,univariate,Brent Oil,Com_BrentCrudeOil,tscv,7,2024-07-01,587,12,PatchTST,-,86.68726348876953,92.36659240722656,-5.679328918457031
Univariate,univariate,Brent Oil,Com_BrentCrudeOil,tscv,7,2024-04-15,576,1,PatchTST,NLinear,88.12903594970703,94.7847671508789,-6.655731201171875
Univariate,univariate,Brent Oil,Com_BrentCrudeOil,tscv,7,2024-04-22,577,2,PatchTST,NLinear,87.90630340576172,94.65282440185547,-6.74652099609375
Univariate,univariate,Brent Oil,Com_BrentCrudeOil,tscv,7,2024-04-29,578,3,PatchTST,NLinear,84.72000122070312,94.69924926757812,-9.979248046875
Univariate,univariate,Brent Oil,Com_BrentCrudeOil,tscv,7,2024-05-06,579,4,PatchTST,NLinear,83.3479995727539,94.23211669921875,-10.884117126464844
Univariate,univariate,Brent Oil,Com_BrentCrudeOil,tscv,7,2024-05-13,580,5,PatchTST,NLinear,83.14800262451172,92.78803253173828,-9.640029907226562
Univariate,univariate,Brent Oil,Com_BrentCrudeOil,tscv,7,2024-05-20,581,6,PatchTST,NLinear,82.39399719238281,92.46702575683594,-10.073028564453125
Univariate,univariate,Brent Oil,Com_BrentCrudeOil,tscv,7,2024-05-27,582,7,PatchTST,NLinear,82.64234161376953,91.95299530029297,-9.310653686523438
Univariate,univariate,Brent Oil,Com_BrentCrudeOil,tscv,7,2024-06-03,583,8,PatchTST,NLinear,78.75599670410156,92.74723052978516,-13.991233825683594
Univariate,univariate,Brent Oil,Com_BrentCrudeOil,tscv,7,2024-06-10,584,9,PatchTST,NLinear,82.30400085449219,91.357421875,-9.053421020507812
Univariate,univariate,Brent Oil,Com_BrentCrudeOil,tscv,7,2024-06-17,585,10,PatchTST,NLinear,85.13249969482422,90.93671417236328,-5.8042144775390625
Univariate,univariate,Brent Oil,Com_BrentCrudeOil,tscv,7,2024-06-24,586,11,PatchTST,NLinear,84.99199676513672,93.07135772705078,-8.079360961914062
Univariate,univariate,Brent Oil,Com_BrentCrudeOil,tscv,7,2024-07-01,587,12,PatchTST,NLinear,86.68726348876953,93.48664093017578,-6.79937744140625
Univariate,univariate,Brent Oil,Com_BrentCrudeOil,tscv,7,2024-04-15,576,1,PatchTST,iTransformer,88.12903594970703,95.02395629882812,-6.894920349121094
Univariate,univariate,Brent Oil,Com_BrentCrudeOil,tscv,7,2024-04-22,577,2,PatchTST,iTransformer,87.90630340576172,95.03587341308594,-7.129570007324219
Univariate,univariate,Brent Oil,Com_BrentCrudeOil,tscv,7,2024-04-29,578,3,PatchTST,iTransformer,84.72000122070312,95.18736267089844,-10.467361450195312
Univariate,univariate,Brent Oil,Com_BrentCrudeOil,tscv,7,2024-05-06,579,4,PatchTST,iTransformer,83.3479995727539,94.34219360351562,-10.994194030761719
Univariate,univariate,Brent Oil,Com_BrentCrudeOil,tscv,7,2024-05-13,580,5,PatchTST,iTransformer,83.14800262451172,92.76103210449219,-9.613029479980469
Univariate,univariate,Brent Oil,Com_BrentCrudeOil,tscv,7,2024-05-20,581,6,PatchTST,iTransformer,82.39399719238281,91.90982818603516,-9.515830993652344
Univariate,univariate,Brent Oil,Com_BrentCrudeOil,tscv,7,2024-05-27,582,7,PatchTST,iTransformer,82.64234161376953,90.85259246826172,-8.210250854492188
Univariate,univariate,Brent Oil,Com_BrentCrudeOil,tscv,7,2024-06-03,583,8,PatchTST,iTransformer,78.75599670410156,91.17526245117188,-12.419265747070312
Univariate,univariate,Brent Oil,Com_BrentCrudeOil,tscv,7,2024-06-10,584,9,PatchTST,iTransformer,82.30400085449219,88.7118911743164,-6.407890319824219
Univariate,univariate,Brent Oil,Com_BrentCrudeOil,tscv,7,2024-06-17,585,10,PatchTST,iTransformer,85.13249969482422,87.76300048828125,-2.6305007934570312
Univariate,univariate,Brent Oil,Com_BrentCrudeOil,tscv,7,2024-06-24,586,11,PatchTST,iTransformer,84.99199676513672,89.58065032958984,-4.588653564453125
Univariate,univariate,Brent Oil,Com_BrentCrudeOil,tscv,7,2024-07-01,587,12,PatchTST,iTransformer,86.68726348876953,89.98377990722656,-3.2965164184570312
Univariate,univariate,Brent Oil,Com_BrentCrudeOil,tscv,7,2024-04-15,576,1,PatchTST,XGBoost,88.12903594970703,94.2223892211914,-6.093353271484375
Univariate,univariate,Brent Oil,Com_BrentCrudeOil,tscv,7,2024-04-22,577,2,PatchTST,XGBoost,87.90630340576172,94.36915588378906,-6.462852478027344
Univariate,univariate,Brent Oil,Com_BrentCrudeOil,tscv,7,2024-04-29,578,3,PatchTST,XGBoost,84.72000122070312,95.06092071533203,-10.340919494628906
Univariate,univariate,Brent Oil,Com_BrentCrudeOil,tscv,7,2024-05-06,579,4,PatchTST,XGBoost,83.3479995727539,94.6559829711914,-11.3079833984375
Univariate,univariate,Brent Oil,Com_BrentCrudeOil,tscv,7,2024-05-13,580,5,PatchTST,XGBoost,83.14800262451172,93.27877044677734,-10.130767822265625
Univariate,univariate,Brent Oil,Com_BrentCrudeOil,tscv,7,2024-05-20,581,6,PatchTST,XGBoost,82.39399719238281,92.51771545410156,-10.12371826171875
Univariate,univariate,Brent Oil,Com_BrentCrudeOil,tscv,7,2024-05-27,582,7,PatchTST,XGBoost,82.64234161376953,91.24297332763672,-8.600631713867188
Univariate,univariate,Brent Oil,Com_BrentCrudeOil,tscv,7,2024-06-03,583,8,PatchTST,XGBoost,78.75599670410156,91.24317932128906,-12.4871826171875
Univariate,univariate,Brent Oil,Com_BrentCrudeOil,tscv,7,2024-06-10,584,9,PatchTST,XGBoost,82.30400085449219,88.61731719970703,-6.313316345214844
Univariate,univariate,Brent Oil,Com_BrentCrudeOil,tscv,7,2024-06-17,585,10,PatchTST,XGBoost,85.13249969482422,87.14447021484375,-2.0119705200195312
Univariate,univariate,Brent Oil,Com_BrentCrudeOil,tscv,7,2024-06-24,586,11,PatchTST,XGBoost,84.99199676513672,89.06111145019531,-4.069114685058594
Univariate,univariate,Brent Oil,Com_BrentCrudeOil,tscv,7,2024-07-01,587,12,PatchTST,XGBoost,86.68726348876953,89.8614273071289,-3.174163818359375
Univariate,univariate,Brent Oil,Com_BrentCrudeOil,tscv,7,2024-04-15,576,1,PatchTST,LightGBM,88.12903594970703,95.11205291748047,-6.9830169677734375
Univariate,univariate,Brent Oil,Com_BrentCrudeOil,tscv,7,2024-04-22,577,2,PatchTST,LightGBM,87.90630340576172,95.13314056396484,-7.226837158203125
Univariate,univariate,Brent Oil,Com_BrentCrudeOil,tscv,7,2024-04-29,578,3,PatchTST,LightGBM,84.72000122070312,95.31488037109375,-10.594879150390625
Univariate,univariate,Brent Oil,Com_BrentCrudeOil,tscv,7,2024-05-06,579,4,PatchTST,LightGBM,83.3479995727539,94.4943618774414,-11.1463623046875
Univariate,univariate,Brent Oil,Com_BrentCrudeOil,tscv,7,2024-05-13,580,5,PatchTST,LightGBM,83.14800262451172,92.89848327636719,-9.750480651855469
Univariate,univariate,Brent Oil,Com_BrentCrudeOil,tscv,7,2024-05-20,581,6,PatchTST,LightGBM,82.39399719238281,92.87828826904297,-10.484291076660156
Univariate,univariate,Brent Oil,Com_BrentCrudeOil,tscv,7,2024-05-27,582,7,PatchTST,LightGBM,82.64234161376953,92.10548400878906,-9.463142395019531
Univariate,univariate,Brent Oil,Com_BrentCrudeOil,tscv,7,2024-06-03,583,8,PatchTST,LightGBM,78.75599670410156,91.58501434326172,-12.829017639160156
Univariate,univariate,Brent Oil,Com_BrentCrudeOil,tscv,7,2024-06-10,584,9,PatchTST,LightGBM,82.30400085449219,89.78697204589844,-7.48297119140625
Univariate,univariate,Brent Oil,Com_BrentCrudeOil,tscv,7,2024-06-17,585,10,PatchTST,LightGBM,85.13249969482422,87.56903839111328,-2.4365386962890625
Univariate,univariate,Brent Oil,Com_BrentCrudeOil,tscv,7,2024-06-24,586,11,PatchTST,LightGBM,84.99199676513672,89.1328353881836,-4.140838623046875
Univariate,univariate,Brent Oil,Com_BrentCrudeOil,tscv,7,2024-07-01,587,12,PatchTST,LightGBM,86.68726348876953,90.14253997802734,-3.4552764892578125
Univariate,univariate,Brent Oil,Com_BrentCrudeOil,tscv,8,2024-05-13,580,1,PatchTST,-,83.14800262451172,100.58972930908203,-17.441726684570312
Univariate,univariate,Brent Oil,Com_BrentCrudeOil,tscv,8,2024-05-20,581,2,PatchTST,-,82.39399719238281,98.98617553710938,-16.592178344726562
Univariate,univariate,Brent Oil,Com_BrentCrudeOil,tscv,8,2024-05-27,582,3,PatchTST,-,82.64234161376953,98.01226806640625,-15.369926452636719
Univariate,univariate,Brent Oil,Com_BrentCrudeOil,tscv,8,2024-06-03,583,4,PatchTST,-,78.75599670410156,98.4888916015625,-19.732894897460938
Univariate,univariate,Brent Oil,Com_BrentCrudeOil,tscv,8,2024-06-10,584,5,PatchTST,-,82.30400085449219,93.61294555664062,-11.308944702148438
Univariate,univariate,Brent Oil,Com_BrentCrudeOil,tscv,8,2024-06-17,585,6,PatchTST,-,85.13249969482422,94.84910583496094,-9.716606140136719
Univariate,univariate,Brent Oil,Com_BrentCrudeOil,tscv,8,2024-06-24,586,7,PatchTST,-,84.99199676513672,98.26509857177734,-13.273101806640625
Univariate,univariate,Brent Oil,Com_BrentCrudeOil,tscv,8,2024-07-01,587,8,PatchTST,-,86.68726348876953,98.52755737304688,-11.840293884277344
Univariate,univariate,Brent Oil,Com_BrentCrudeOil,tscv,8,2024-07-08,588,9,PatchTST,-,85.18399810791016,99.38240814208984,-14.198410034179688
Univariate,univariate,Brent Oil,Com_BrentCrudeOil,tscv,8,2024-07-15,589,10,PatchTST,-,84.27999877929688,98.05145263671875,-13.771453857421875
Univariate,univariate,Brent Oil,Com_BrentCrudeOil,tscv,8,2024-07-22,590,11,PatchTST,-,81.7239990234375,97.26779174804688,-15.543792724609375
Univariate,univariate,Brent Oil,Com_BrentCrudeOil,tscv,8,2024-07-29,591,12,PatchTST,-,78.4143295288086,94.07695007324219,-15.662620544433594
Univariate,univariate,Brent Oil,Com_BrentCrudeOil,tscv,8,2024-05-13,580,1,PatchTST,NLinear,83.14800262451172,92.64363098144531,-9.495628356933594
Univariate,univariate,Brent Oil,Com_BrentCrudeOil,tscv,8,2024-05-20,581,2,PatchTST,NLinear,82.39399719238281,91.53421783447266,-9.140220642089844
Univariate,univariate,Brent Oil,Com_BrentCrudeOil,tscv,8,2024-05-27,582,3,PatchTST,NLinear,82.64234161376953,91.43171691894531,-8.789375305175781
Univariate,univariate,Brent Oil,Com_BrentCrudeOil,tscv,8,2024-06-03,583,4,PatchTST,NLinear,78.75599670410156,93.02216339111328,-14.266166687011719
Univariate,univariate,Brent Oil,Com_BrentCrudeOil,tscv,8,2024-06-10,584,5,PatchTST,NLinear,82.30400085449219,89.2901840209961,-6.986183166503906
Univariate,univariate,Brent Oil,Com_BrentCrudeOil,tscv,8,2024-06-17,585,6,PatchTST,NLinear,85.13249969482422,91.64462280273438,-6.512123107910156
Univariate,univariate,Brent Oil,Com_BrentCrudeOil,tscv,8,2024-06-24,586,7,PatchTST,NLinear,84.99199676513672,95.39906311035156,-10.407066345214844
Univariate,univariate,Brent Oil,Com_BrentCrudeOil,tscv,8,2024-07-01,587,8,PatchTST,NLinear,86.68726348876953,96.81523895263672,-10.127975463867188
Univariate,univariate,Brent Oil,Com_BrentCrudeOil,tscv,8,2024-07-08,588,9,PatchTST,NLinear,85.18399810791016,98.40081024169922,-13.216812133789062
Univariate,univariate,Brent Oil,Com_BrentCrudeOil,tscv,8,2024-07-15,589,10,PatchTST,NLinear,84.27999877929688,97.40416717529297,-13.124168395996094
Univariate,univariate,Brent Oil,Com_BrentCrudeOil,tscv,8,2024-07-22,590,11,PatchTST,NLinear,81.7239990234375,96.64637756347656,-14.922378540039062
Univariate,univariate,Brent Oil,Com_BrentCrudeOil,tscv,8,2024-07-29,591,12,PatchTST,NLinear,78.4143295288086,93.72035217285156,-15.306022644042969
Univariate,univariate,Brent Oil,Com_BrentCrudeOil,tscv,8,2024-05-13,580,1,PatchTST,iTransformer,83.14800262451172,99.78780364990234,-16.639801025390625
Univariate,univariate,Brent Oil,Com_BrentCrudeOil,tscv,8,2024-05-20,581,2,PatchTST,iTransformer,82.39399719238281,98.1498031616211,-15.755805969238281
Univariate,univariate,Brent Oil,Com_BrentCrudeOil,tscv,8,2024-05-27,582,3,PatchTST,iTransformer,82.64234161376953,97.18663787841797,-14.544296264648438
Univariate,univariate,Brent Oil,Com_BrentCrudeOil,tscv,8,2024-06-03,583,4,PatchTST,iTransformer,78.75599670410156,97.68986511230469,-18.933868408203125
Univariate,univariate,Brent Oil,Com_BrentCrudeOil,tscv,8,2024-06-10,584,5,PatchTST,iTransformer,82.30400085449219,92.78054809570312,-10.476547241210938
Univariate,univariate,Brent Oil,Com_BrentCrudeOil,tscv,8,2024-06-17,585,6,PatchTST,iTransformer,85.13249969482422,94.01038360595703,-8.877883911132812
Univariate,univariate,Brent Oil,Com_BrentCrudeOil,tscv,8,2024-06-24,586,7,PatchTST,iTransformer,84.99199676513672,97.4261245727539,-12.434127807617188
Univariate,univariate,Brent Oil,Com_BrentCrudeOil,tscv,8,2024-07-01,587,8,PatchTST,iTransformer,86.68726348876953,97.71630096435547,-11.029037475585938
Univariate,univariate,Brent Oil,Com_BrentCrudeOil,tscv,8,2024-07-08,588,9,PatchTST,iTransformer,85.18399810791016,98.58386993408203,-13.399871826171875
Univariate,univariate,Brent Oil,Com_BrentCrudeOil,tscv,8,2024-07-15,589,10,PatchTST,iTransformer,84.27999877929688,97.19713592529297,-12.917137145996094
Univariate,univariate,Brent Oil,Com_BrentCrudeOil,tscv,8,2024-07-22,590,11,PatchTST,iTransformer,81.7239990234375,96.4104232788086,-14.686424255371094
Univariate,univariate,Brent Oil,Com_BrentCrudeOil,tscv,8,2024-07-29,591,12,PatchTST,iTransformer,78.4143295288086,93.25035858154297,-14.836029052734375
Univariate,univariate,Brent Oil,Com_BrentCrudeOil,tscv,8,2024-05-13,580,1,PatchTST,XGBoost,83.14800262451172,96.98672485351562,-13.838722229003906
Univariate,univariate,Brent Oil,Com_BrentCrudeOil,tscv,8,2024-05-20,581,2,PatchTST,XGBoost,82.39399719238281,96.16651916503906,-13.77252197265625
Univariate,univariate,Brent Oil,Com_BrentCrudeOil,tscv,8,2024-05-27,582,3,PatchTST,XGBoost,82.64234161376953,95.0092544555664,-12.366912841796875
Univariate,univariate,Brent Oil,Com_BrentCrudeOil,tscv,8,2024-06-03,583,4,PatchTST,XGBoost,78.75599670410156,95.3436279296875,-16.587631225585938
Univariate,univariate,Brent Oil,Com_BrentCrudeOil,tscv,8,2024-06-10,584,5,PatchTST,XGBoost,82.30400085449219,91.01115417480469,-8.7071533203125
Univariate,univariate,Brent Oil,Com_BrentCrudeOil,tscv,8,2024-06-17,585,6,PatchTST,XGBoost,85.13249969482422,92.08650970458984,-6.954010009765625
Univariate,univariate,Brent Oil,Com_BrentCrudeOil,tscv,8,2024-06-24,586,7,PatchTST,XGBoost,84.99199676513672,95.61689758300781,-10.624900817871094
Univariate,univariate,Brent Oil,Com_BrentCrudeOil,tscv,8,2024-07-01,587,8,PatchTST,XGBoost,86.68726348876953,96.12450408935547,-9.437240600585938
Univariate,univariate,Brent Oil,Com_BrentCrudeOil,tscv,8,2024-07-08,588,9,PatchTST,XGBoost,85.18399810791016,97.78286743164062,-12.598869323730469
Univariate,univariate,Brent Oil,Com_BrentCrudeOil,tscv,8,2024-07-15,589,10,PatchTST,XGBoost,84.27999877929688,97.63733673095703,-13.357337951660156
Univariate,univariate,Brent Oil,Com_BrentCrudeOil,tscv,8,2024-07-22,590,11,PatchTST,XGBoost,81.7239990234375,96.7817611694336,-15.057762145996094
Univariate,univariate,Brent Oil,Com_BrentCrudeOil,tscv,8,2024-07-29,591,12,PatchTST,XGBoost,78.4143295288086,93.57322692871094,-15.158897399902344
Univariate,univariate,Brent Oil,Com_BrentCrudeOil,tscv,8,2024-05-13,580,1,PatchTST,LightGBM,83.14800262451172,96.88494110107422,-13.7369384765625
Univariate,univariate,Brent Oil,Com_BrentCrudeOil,tscv,8,2024-05-20,581,2,PatchTST,LightGBM,82.39399719238281,96.5846176147461,-14.190620422363281
Univariate,univariate,Brent Oil,Com_BrentCrudeOil,tscv,8,2024-05-27,582,3,PatchTST,LightGBM,82.64234161376953,96.44605255126953,-13.8037109375
Univariate,univariate,Brent Oil,Com_BrentCrudeOil,tscv,8,2024-06-03,583,4,PatchTST,LightGBM,78.75599670410156,96.56600189208984,-17.81000518798828
Univariate,univariate,Brent Oil,Com_BrentCrudeOil,tscv,8,2024-06-10,584,5,PatchTST,LightGBM,82.30400085449219,91.0428237915039,-8.738822937011719
Univariate,univariate,Brent Oil,Com_BrentCrudeOil,tscv,8,2024-06-17,585,6,PatchTST,LightGBM,85.13249969482422,92.62635040283203,-7.4938507080078125
Univariate,univariate,Brent Oil,Com_BrentCrudeOil,tscv,8,2024-06-24,586,7,PatchTST,LightGBM,84.99199676513672,95.54759216308594,-10.555595397949219
Univariate,univariate,Brent Oil,Com_BrentCrudeOil,tscv,8,2024-07-01,587,8,PatchTST,LightGBM,86.68726348876953,96.150634765625,-9.463371276855469
Univariate,univariate,Brent Oil,Com_BrentCrudeOil,tscv,8,2024-07-08,588,9,PatchTST,LightGBM,85.18399810791016,97.00548553466797,-11.821487426757812
Univariate,univariate,Brent Oil,Com_BrentCrudeOil,tscv,8,2024-07-15,589,10,PatchTST,LightGBM,84.27999877929688,95.42317962646484,-11.143180847167969
Univariate,univariate,Brent Oil,Com_BrentCrudeOil,tscv,8,2024-07-22,590,11,PatchTST,LightGBM,81.7239990234375,95.064697265625,-13.3406982421875
Univariate,univariate,Brent Oil,Com_BrentCrudeOil,tscv,8,2024-07-29,591,12,PatchTST,LightGBM,78.4143295288086,91.84741973876953,-13.433090209960938
Univariate,univariate,Brent Oil,Com_BrentCrudeOil,tscv,9,2024-06-10,584,1,PatchTST,-,82.30400085449219,90.498046875,-8.194046020507812
Univariate,univariate,Brent Oil,Com_BrentCrudeOil,tscv,9,2024-06-17,585,2,PatchTST,-,85.13249969482422,89.93605041503906,-4.803550720214844
Univariate,univariate,Brent Oil,Com_BrentCrudeOil,tscv,9,2024-06-24,586,3,PatchTST,-,84.99199676513672,91.39054870605469,-6.398551940917969
Univariate,univariate,Brent Oil,Com_BrentCrudeOil,tscv,9,2024-07-01,587,4,PatchTST,-,86.68726348876953,91.54781341552734,-4.8605499267578125
Univariate,univariate,Brent Oil,Com_BrentCrudeOil,tscv,9,2024-07-08,588,5,PatchTST,-,85.18399810791016,93.126953125,-7.942955017089844
Univariate,univariate,Brent Oil,Com_BrentCrudeOil,tscv,9,2024-07-15,589,6,PatchTST,-,84.27999877929688,94.84083557128906,-10.560836791992188
Univariate,univariate,Brent Oil,Com_BrentCrudeOil,tscv,9,2024-07-22,590,7,PatchTST,-,81.7239990234375,92.78175354003906,-11.057754516601562
Univariate,univariate,Brent Oil,Com_BrentCrudeOil,tscv,9,2024-07-29,591,8,PatchTST,-,78.4143295288086,91.6766357421875,-13.262306213378906
Univariate,univariate,Brent Oil,Com_BrentCrudeOil,tscv,9,2024-08-05,592,9,PatchTST,-,78.48297119140625,86.65333557128906,-8.170364379882812
Univariate,univariate,Brent Oil,Com_BrentCrudeOil,tscv,9,2024-08-12,593,10,PatchTST,-,80.38911437988281,83.16050720214844,-2.771392822265625
Univariate,univariate,Brent Oil,Com_BrentCrudeOil,tscv,9,2024-08-19,594,11,PatchTST,-,77.96463012695312,84.28532409667969,-6.3206939697265625
Univariate,univariate,Brent Oil,Com_BrentCrudeOil,tscv,9,2024-08-26,595,12,PatchTST,-,78.09672546386719,80.82914733886719,-2.732421875
Univariate,univariate,Brent Oil,Com_BrentCrudeOil,tscv,9,2024-06-10,584,1,PatchTST,NLinear,82.30400085449219,77.1556396484375,5.1483612060546875
Univariate,univariate,Brent Oil,Com_BrentCrudeOil,tscv,9,2024-06-17,585,2,PatchTST,NLinear,85.13249969482422,76.05381774902344,9.078681945800781
Univariate,univariate,Brent Oil,Com_BrentCrudeOil,tscv,9,2024-06-24,586,3,PatchTST,NLinear,84.99199676513672,77.11534118652344,7.876655578613281
Univariate,univariate,Brent Oil,Com_BrentCrudeOil,tscv,9,2024-07-01,587,4,PatchTST,NLinear,86.68726348876953,77.14067077636719,9.546592712402344
Univariate,univariate,Brent Oil,Com_BrentCrudeOil,tscv,9,2024-07-08,588,5,PatchTST,NLinear,85.18399810791016,78.21077728271484,6.9732208251953125
Univariate,univariate,Brent Oil,Com_BrentCrudeOil,tscv,9,2024-07-15,589,6,PatchTST,NLinear,84.27999877929688,78.68269348144531,5.5973052978515625
Univariate,univariate,Brent Oil,Com_BrentCrudeOil,tscv,9,2024-07-22,590,7,PatchTST,NLinear,81.7239990234375,75.7162857055664,6.007713317871094
Univariate,univariate,Brent Oil,Com_BrentCrudeOil,tscv,9,2024-07-29,591,8,PatchTST,NLinear,78.4143295288086,73.65179443359375,4.762535095214844
Univariate,univariate,Brent Oil,Com_BrentCrudeOil,tscv,9,2024-08-05,592,9,PatchTST,NLinear,78.48297119140625,67.94761657714844,10.535354614257812
Univariate,univariate,Brent Oil,Com_BrentCrudeOil,tscv,9,2024-08-12,593,10,PatchTST,NLinear,80.38911437988281,63.885536193847656,16.503578186035156
Univariate,univariate,Brent Oil,Com_BrentCrudeOil,tscv,9,2024-08-19,594,11,PatchTST,NLinear,77.96463012695312,64.11724853515625,13.847381591796875
Univariate,univariate,Brent Oil,Com_BrentCrudeOil,tscv,9,2024-08-26,595,12,PatchTST,NLinear,78.09672546386719,59.40110778808594,18.69561767578125
Univariate,univariate,Brent Oil,Com_BrentCrudeOil,tscv,9,2024-06-10,584,1,PatchTST,iTransformer,82.30400085449219,86.82112884521484,-4.517127990722656
Univariate,univariate,Brent Oil,Com_BrentCrudeOil,tscv,9,2024-06-17,585,2,PatchTST,iTransformer,85.13249969482422,86.2562255859375,-1.1237258911132812
Univariate,univariate,Brent Oil,Com_BrentCrudeOil,tscv,9,2024-06-24,586,3,PatchTST,iTransformer,84.99199676513672,87.70355224609375,-2.7115554809570312
Univariate,univariate,Brent Oil,Com_BrentCrudeOil,tscv,9,2024-07-01,587,4,PatchTST,iTransformer,86.68726348876953,87.86205291748047,-1.1747894287109375
Univariate,univariate,Brent Oil,Com_BrentCrudeOil,tscv,9,2024-07-08,588,5,PatchTST,iTransformer,85.18399810791016,89.45063781738281,-4.266639709472656
Univariate,univariate,Brent Oil,Com_BrentCrudeOil,tscv,9,2024-07-15,589,6,PatchTST,iTransformer,84.27999877929688,91.1783447265625,-6.898345947265625
Univariate,univariate,Brent Oil,Com_BrentCrudeOil,tscv,9,2024-07-22,590,7,PatchTST,iTransformer,81.7239990234375,89.11325073242188,-7.389251708984375
Univariate,univariate,Brent Oil,Com_BrentCrudeOil,tscv,9,2024-07-29,591,8,PatchTST,iTransformer,78.4143295288086,88.00392150878906,-9.589591979980469
Univariate,univariate,Brent Oil,Com_BrentCrudeOil,tscv,9,2024-08-05,592,9,PatchTST,iTransformer,78.48297119140625,82.99989318847656,-4.5169219970703125
Univariate,univariate,Brent Oil,Com_BrentCrudeOil,tscv,9,2024-08-12,593,10,PatchTST,iTransformer,80.38911437988281,79.51055145263672,0.8785629272460938
Univariate,univariate,Brent Oil,Com_BrentCrudeOil,tscv,9,2024-08-19,594,11,PatchTST,iTransformer,77.96463012695312,80.62388610839844,-2.6592559814453125
Univariate,univariate,Brent Oil,Com_BrentCrudeOil,tscv,9,2024-08-26,595,12,PatchTST,iTransformer,78.09672546386719,77.16817474365234,0.9285507202148438
Univariate,univariate,Brent Oil,Com_BrentCrudeOil,tscv,9,2024-06-10,584,1,PatchTST,XGBoost,82.30400085449219,88.1053695678711,-5.801368713378906
Univariate,univariate,Brent Oil,Com_BrentCrudeOil,tscv,9,2024-06-17,585,2,PatchTST,XGBoost,85.13249969482422,88.73492431640625,-3.6024246215820312
Univariate,univariate,Brent Oil,Com_BrentCrudeOil,tscv,9,2024-06-24,586,3,PatchTST,XGBoost,84.99199676513672,90.16797637939453,-5.1759796142578125
Univariate,univariate,Brent Oil,Com_BrentCrudeOil,tscv,9,2024-07-01,587,4,PatchTST,XGBoost,86.68726348876953,90.21345520019531,-3.5261917114257812
Univariate,univariate,Brent Oil,Com_BrentCrudeOil,tscv,9,2024-07-08,588,5,PatchTST,XGBoost,85.18399810791016,92.03556060791016,-6.8515625
Univariate,univariate,Brent Oil,Com_BrentCrudeOil,tscv,9,2024-07-15,589,6,PatchTST,XGBoost,84.27999877929688,93.54492950439453,-9.264930725097656
Univariate,univariate,Brent Oil,Com_BrentCrudeOil,tscv,9,2024-07-22,590,7,PatchTST,XGBoost,81.7239990234375,91.34288787841797,-9.618888854980469
Univariate,univariate,Brent Oil,Com_BrentCrudeOil,tscv,9,2024-07-29,591,8,PatchTST,XGBoost,78.4143295288086,90.35145568847656,-11.937126159667969
Univariate,univariate,Brent Oil,Com_BrentCrudeOil,tscv,9,2024-08-05,592,9,PatchTST,XGBoost,78.48297119140625,85.46354675292969,-6.9805755615234375
Univariate,univariate,Brent Oil,Com_BrentCrudeOil,tscv,9,2024-08-12,593,10,PatchTST,XGBoost,80.38911437988281,82.07644653320312,-1.6873321533203125
Univariate,univariate,Brent Oil,Com_BrentCrudeOil,tscv,9,2024-08-19,594,11,PatchTST,XGBoost,77.96463012695312,83.42755889892578,-5.462928771972656
Univariate,univariate,Brent Oil,Com_BrentCrudeOil,tscv,9,2024-08-26,595,12,PatchTST,XGBoost,78.09672546386719,80.78862762451172,-2.6919021606445312
Univariate,univariate,Brent Oil,Com_BrentCrudeOil,tscv,9,2024-06-10,584,1,PatchTST,LightGBM,82.30400085449219,87.8697738647461,-5.565773010253906
Univariate,univariate,Brent Oil,Com_BrentCrudeOil,tscv,9,2024-06-17,585,2,PatchTST,LightGBM,85.13249969482422,88.51815032958984,-3.385650634765625
Univariate,univariate,Brent Oil,Com_BrentCrudeOil,tscv,9,2024-06-24,586,3,PatchTST,LightGBM,84.99199676513672,89.97264862060547,-4.98065185546875
Univariate,univariate,Brent Oil,Com_BrentCrudeOil,tscv,9,2024-07-01,587,4,PatchTST,LightGBM,86.68726348876953,90.12991333007812,-3.4426498413085938
Univariate,univariate,Brent Oil,Com_BrentCrudeOil,tscv,9,2024-07-08,588,5,PatchTST,LightGBM,85.18399810791016,91.70905303955078,-6.525054931640625
Univariate,univariate,Brent Oil,Com_BrentCrudeOil,tscv,9,2024-07-15,589,6,PatchTST,LightGBM,84.27999877929688,93.36444091796875,-9.084442138671875
Univariate,univariate,Brent Oil,Com_BrentCrudeOil,tscv,9,2024-07-22,590,7,PatchTST,LightGBM,81.7239990234375,91.36385345458984,-9.639854431152344
Univariate,univariate,Brent Oil,Com_BrentCrudeOil,tscv,9,2024-07-29,591,8,PatchTST,LightGBM,78.4143295288086,89.54889678955078,-11.134567260742188
Univariate,univariate,Brent Oil,Com_BrentCrudeOil,tscv,9,2024-08-05,592,9,PatchTST,LightGBM,78.48297119140625,85.16219329833984,-6.679222106933594
Univariate,univariate,Brent Oil,Com_BrentCrudeOil,tscv,9,2024-08-12,593,10,PatchTST,LightGBM,80.38911437988281,81.66936492919922,-1.2802505493164062
Univariate,univariate,Brent Oil,Com_BrentCrudeOil,tscv,9,2024-08-19,594,11,PatchTST,LightGBM,77.96463012695312,82.34034729003906,-4.3757171630859375
Univariate,univariate,Brent Oil,Com_BrentCrudeOil,tscv,9,2024-08-26,595,12,PatchTST,LightGBM,78.09672546386719,79.33800506591797,-1.2412796020507812
Univariate,univariate,Brent Oil,Com_BrentCrudeOil,tscv,10,2024-07-08,588,1,PatchTST,-,85.18399810791016,94.8062744140625,-9.622276306152344
Univariate,univariate,Brent Oil,Com_BrentCrudeOil,tscv,10,2024-07-15,589,2,PatchTST,-,84.27999877929688,95.1546401977539,-10.874641418457031
Univariate,univariate,Brent Oil,Com_BrentCrudeOil,tscv,10,2024-07-22,590,3,PatchTST,-,81.7239990234375,92.70242309570312,-10.978424072265625
Univariate,univariate,Brent Oil,Com_BrentCrudeOil,tscv,10,2024-07-29,591,4,PatchTST,-,78.4143295288086,89.84782409667969,-11.433494567871094
Univariate,univariate,Brent Oil,Com_BrentCrudeOil,tscv,10,2024-08-05,592,5,PatchTST,-,78.48297119140625,85.48844909667969,-7.0054779052734375
Univariate,univariate,Brent Oil,Com_BrentCrudeOil,tscv,10,2024-08-12,593,6,PatchTST,-,80.38911437988281,82.74555969238281,-2.3564453125
Univariate,univariate,Brent Oil,Com_BrentCrudeOil,tscv,10,2024-08-19,594,7,PatchTST,-,77.96463012695312,84.1552505493164,-6.190620422363281
Univariate,univariate,Brent Oil,Com_BrentCrudeOil,tscv,10,2024-08-26,595,8,PatchTST,-,78.09672546386719,81.79840087890625,-3.7016754150390625
Univariate,univariate,Brent Oil,Com_BrentCrudeOil,tscv,10,2024-09-02,596,9,PatchTST,-,72.91812896728516,80.86599731445312,-7.947868347167969
Univariate,univariate,Brent Oil,Com_BrentCrudeOil,tscv,10,2024-09-09,597,10,PatchTST,-,71.21612548828125,76.32540893554688,-5.109283447265625
Univariate,univariate,Brent Oil,Com_BrentCrudeOil,tscv,10,2024-09-16,598,11,PatchTST,-,74.13544464111328,71.23866271972656,2.8967819213867188
Univariate,univariate,Brent Oil,Com_BrentCrudeOil,tscv,10,2024-09-23,599,12,PatchTST,-,72.62645721435547,71.50092315673828,1.1255340576171875
Univariate,univariate,Brent Oil,Com_BrentCrudeOil,tscv,10,2024-07-08,588,1,PatchTST,NLinear,85.18399810791016,91.17616271972656,-5.992164611816406
Univariate,univariate,Brent Oil,Com_BrentCrudeOil,tscv,10,2024-07-15,589,2,PatchTST,NLinear,84.27999877929688,90.54945373535156,-6.2694549560546875
Univariate,univariate,Brent Oil,Com_BrentCrudeOil,tscv,10,2024-07-22,590,3,PatchTST,NLinear,81.7239990234375,87.22454071044922,-5.500541687011719
Univariate,univariate,Brent Oil,Com_BrentCrudeOil,tscv,10,2024-07-29,591,4,PatchTST,NLinear,78.4143295288086,84.16692352294922,-5.752593994140625
Univariate,univariate,Brent Oil,Com_BrentCrudeOil,tscv,10,2024-08-05,592,5,PatchTST,NLinear,78.48297119140625,80.029052734375,-1.54608154296875
Univariate,univariate,Brent Oil,Com_BrentCrudeOil,tscv,10,2024-08-12,593,6,PatchTST,NLinear,80.38911437988281,77.79832458496094,2.590789794921875
Univariate,univariate,Brent Oil,Com_BrentCrudeOil,tscv,10,2024-08-19,594,7,PatchTST,NLinear,77.96463012695312,79.74131774902344,-1.7766876220703125
Univariate,univariate,Brent Oil,Com_BrentCrudeOil,tscv,10,2024-08-26,595,8,PatchTST,NLinear,78.09672546386719,78.30379486083984,-0.20706939697265625
Univariate,univariate,Brent Oil,Com_BrentCrudeOil,tscv,10,2024-09-02,596,9,PatchTST,NLinear,72.91812896728516,78.12609100341797,-5.2079620361328125
Univariate,univariate,Brent Oil,Com_BrentCrudeOil,tscv,10,2024-09-09,597,10,PatchTST,NLinear,71.21612548828125,74.63592529296875,-3.4197998046875
Univariate,univariate,Brent Oil,Com_BrentCrudeOil,tscv,10,2024-09-16,598,11,PatchTST,NLinear,74.13544464111328,71.58651733398438,2.5489273071289062
Univariate,univariate,Brent Oil,Com_BrentCrudeOil,tscv,10,2024-09-23,599,12,PatchTST,NLinear,72.62645721435547,73.56494140625,-0.9384841918945312
Univariate,univariate,Brent Oil,Com_BrentCrudeOil,tscv,10,2024-07-08,588,1,PatchTST,iTransformer,85.18399810791016,89.26446533203125,-4.080467224121094
Univariate,univariate,Brent Oil,Com_BrentCrudeOil,tscv,10,2024-07-15,589,2,PatchTST,iTransformer,84.27999877929688,89.62953186035156,-5.3495330810546875
Univariate,univariate,Brent Oil,Com_BrentCrudeOil,tscv,10,2024-07-22,590,3,PatchTST,iTransformer,81.7239990234375,87.16980743408203,-5.445808410644531
Univariate,univariate,Brent Oil,Com_BrentCrudeOil,tscv,10,2024-07-29,591,4,PatchTST,iTransformer,78.4143295288086,84.34344482421875,-5.929115295410156
Univariate,univariate,Brent Oil,Com_BrentCrudeOil,tscv,10,2024-08-05,592,5,PatchTST,iTransformer,78.48297119140625,79.93742370605469,-1.4544525146484375
Univariate,univariate,Brent Oil,Com_BrentCrudeOil,tscv,10,2024-08-12,593,6,PatchTST,iTransformer,80.38911437988281,77.19049072265625,3.1986236572265625
Univariate,univariate,Brent Oil,Com_BrentCrudeOil,tscv,10,2024-08-19,594,7,PatchTST,iTransformer,77.96463012695312,78.58761596679688,-0.62298583984375
Univariate,univariate,Brent Oil,Com_BrentCrudeOil,tscv,10,2024-08-26,595,8,PatchTST,iTransformer,78.09672546386719,76.20011138916016,1.8966140747070312
Univariate,univariate,Brent Oil,Com_BrentCrudeOil,tscv,10,2024-09-02,596,9,PatchTST,iTransformer,72.91812896728516,75.22740936279297,-2.3092803955078125
Univariate,univariate,Brent Oil,Com_BrentCrudeOil,tscv,10,2024-09-09,597,10,PatchTST,iTransformer,71.21612548828125,70.67462921142578,0.5414962768554688
Univariate,univariate,Brent Oil,Com_BrentCrudeOil,tscv,10,2024-09-16,598,11,PatchTST,iTransformer,74.13544464111328,65.63276672363281,8.502677917480469
Univariate,univariate,Brent Oil,Com_BrentCrudeOil,tscv,10,2024-09-23,599,12,PatchTST,iTransformer,72.62645721435547,65.84965515136719,6.776802062988281
Univariate,univariate,Brent Oil,Com_BrentCrudeOil,tscv,10,2024-07-08,588,1,PatchTST,XGBoost,85.18399810791016,90.66477966308594,-5.480781555175781
Univariate,univariate,Brent Oil,Com_BrentCrudeOil,tscv,10,2024-07-15,589,2,PatchTST,XGBoost,84.27999877929688,89.57928466796875,-5.299285888671875
Univariate,univariate,Brent Oil,Com_BrentCrudeOil,tscv,10,2024-07-22,590,3,PatchTST,XGBoost,81.7239990234375,87.78553771972656,-6.0615386962890625
Univariate,univariate,Brent Oil,Com_BrentCrudeOil,tscv,10,2024-07-29,591,4,PatchTST,XGBoost,78.4143295288086,85.68334197998047,-7.269012451171875
Univariate,univariate,Brent Oil,Com_BrentCrudeOil,tscv,10,2024-08-05,592,5,PatchTST,XGBoost,78.48297119140625,82.56415557861328,-4.081184387207031
Univariate,univariate,Brent Oil,Com_BrentCrudeOil,tscv,10,2024-08-12,593,6,PatchTST,XGBoost,80.38911437988281,81.47125244140625,-1.0821380615234375
Univariate,univariate,Brent Oil,Com_BrentCrudeOil,tscv,10,2024-08-19,594,7,PatchTST,XGBoost,77.96463012695312,82.64073181152344,-4.6761016845703125
Univariate,univariate,Brent Oil,Com_BrentCrudeOil,tscv,10,2024-08-26,595,8,PatchTST,XGBoost,78.09672546386719,80.46614074707031,-2.369415283203125
Univariate,univariate,Brent Oil,Com_BrentCrudeOil,tscv,10,2024-09-02,596,9,PatchTST,XGBoost,72.91812896728516,79.65585327148438,-6.737724304199219
Univariate,univariate,Brent Oil,Com_BrentCrudeOil,tscv,10,2024-09-09,597,10,PatchTST,XGBoost,71.21612548828125,75.92561340332031,-4.7094879150390625
Univariate,univariate,Brent Oil,Com_BrentCrudeOil,tscv,10,2024-09-16,598,11,PatchTST,XGBoost,74.13544464111328,70.56572723388672,3.5697174072265625
Univariate,univariate,Brent Oil,Com_BrentCrudeOil,tscv,10,2024-09-23,599,12,PatchTST,XGBoost,72.62645721435547,68.64935302734375,3.9771041870117188
Univariate,univariate,Brent Oil,Com_BrentCrudeOil,tscv,10,2024-07-08,588,1,PatchTST,LightGBM,85.18399810791016,89.79113006591797,-4.6071319580078125
Univariate,univariate,Brent Oil,Com_BrentCrudeOil,tscv,10,2024-07-15,589,2,PatchTST,LightGBM,84.27999877929688,87.54257202148438,-3.2625732421875
Univariate,univariate,Brent Oil,Com_BrentCrudeOil,tscv,10,2024-07-22,590,3,PatchTST,LightGBM,81.7239990234375,85.03245544433594,-3.3084564208984375
Univariate,univariate,Brent Oil,Com_BrentCrudeOil,tscv,10,2024-07-29,591,4,PatchTST,LightGBM,78.4143295288086,82.1778564453125,-3.7635269165039062
Univariate,univariate,Brent Oil,Com_BrentCrudeOil,tscv,10,2024-08-05,592,5,PatchTST,LightGBM,78.48297119140625,80.14332580566406,-1.6603546142578125
Univariate,univariate,Brent Oil,Com_BrentCrudeOil,tscv,10,2024-08-12,593,6,PatchTST,LightGBM,80.38911437988281,78.35039520263672,2.0387191772460938
Univariate,univariate,Brent Oil,Com_BrentCrudeOil,tscv,10,2024-08-19,594,7,PatchTST,LightGBM,77.96463012695312,78.38986206054688,-0.42523193359375
Univariate,univariate,Brent Oil,Com_BrentCrudeOil,tscv,10,2024-08-26,595,8,PatchTST,LightGBM,78.09672546386719,75.84513854980469,2.2515869140625
Univariate,univariate,Brent Oil,Com_BrentCrudeOil,tscv,10,2024-09-02,596,9,PatchTST,LightGBM,72.91812896728516,74.91273498535156,-1.9946060180664062
Univariate,univariate,Brent Oil,Com_BrentCrudeOil,tscv,10,2024-09-09,597,10,PatchTST,LightGBM,71.21612548828125,70.37214660644531,0.8439788818359375
Univariate,univariate,Brent Oil,Com_BrentCrudeOil,tscv,10,2024-09-16,598,11,PatchTST,LightGBM,74.13544464111328,66.58832550048828,7.547119140625
Univariate,univariate,Brent Oil,Com_BrentCrudeOil,tscv,10,2024-09-23,599,12,PatchTST,LightGBM,72.62645721435547,67.81607055664062,4.810386657714844
Univariate,univariate,Brent Oil,Com_BrentCrudeOil,tscv,11,2024-08-05,592,1,PatchTST,-,78.48297119140625,84.12259674072266,-5.639625549316406
Univariate,univariate,Brent Oil,Com_BrentCrudeOil,tscv,11,2024-08-12,593,2,PatchTST,-,80.38911437988281,82.01498413085938,-1.6258697509765625
Univariate,univariate,Brent Oil,Com_BrentCrudeOil,tscv,11,2024-08-19,594,3,PatchTST,-,77.96463012695312,82.84384155273438,-4.87921142578125
Univariate,univariate,Brent Oil,Com_BrentCrudeOil,tscv,11,2024-08-26,595,4,PatchTST,-,78.09672546386719,80.04886627197266,-1.9521408081054688
Univariate,univariate,Brent Oil,Com_BrentCrudeOil,tscv,11,2024-09-02,596,5,PatchTST,-,72.91812896728516,79.28901672363281,-6.370887756347656
Univariate,univariate,Brent Oil,Com_BrentCrudeOil,tscv,11,2024-09-09,597,6,PatchTST,-,71.21612548828125,76.7680435180664,-5.551918029785156
Univariate,univariate,Brent Oil,Com_BrentCrudeOil,tscv,11,2024-09-16,598,7,PatchTST,-,74.13544464111328,71.77778625488281,2.3576583862304688
Univariate,univariate,Brent Oil,Com_BrentCrudeOil,tscv,11,2024-09-23,599,8,PatchTST,-,72.62645721435547,72.64543914794922,-0.01898193359375
Univariate,univariate,Brent Oil,Com_BrentCrudeOil,tscv,11,2024-09-30,600,9,PatchTST,-,75.79288482666016,69.8440933227539,5.94879150390625
Univariate,univariate,Brent Oil,Com_BrentCrudeOil,tscv,11,2024-10-07,601,10,PatchTST,-,78.61448669433594,71.56072235107422,7.053764343261719
Univariate,univariate,Brent Oil,Com_BrentCrudeOil,tscv,11,2024-10-14,602,11,PatchTST,-,74.26461791992188,77.3136978149414,-3.0490798950195312
Univariate,univariate,Brent Oil,Com_BrentCrudeOil,tscv,11,2024-10-21,603,12,PatchTST,-,74.91790008544922,75.83805084228516,-0.9201507568359375
Univariate,univariate,Brent Oil,Com_BrentCrudeOil,tscv,11,2024-08-05,592,1,PatchTST,NLinear,78.48297119140625,74.9695053100586,3.5134658813476562
Univariate,univariate,Brent Oil,Com_BrentCrudeOil,tscv,11,2024-08-12,593,2,PatchTST,NLinear,80.38911437988281,72.74897003173828,7.640144348144531
Univariate,univariate,Brent Oil,Com_BrentCrudeOil,tscv,11,2024-08-19,594,3,PatchTST,NLinear,77.96463012695312,73.48164367675781,4.4829864501953125
Univariate,univariate,Brent Oil,Com_BrentCrudeOil,tscv,11,2024-08-26,595,4,PatchTST,NLinear,78.09672546386719,70.29533386230469,7.8013916015625
Univariate,univariate,Brent Oil,Com_BrentCrudeOil,tscv,11,2024-09-02,596,5,PatchTST,NLinear,72.91812896728516,68.81613159179688,4.101997375488281
Univariate,univariate,Brent Oil,Com_BrentCrudeOil,tscv,11,2024-09-09,597,6,PatchTST,NLinear,71.21612548828125,65.00324249267578,6.212882995605469
Univariate,univariate,Brent Oil,Com_BrentCrudeOil,tscv,11,2024-09-16,598,7,PatchTST,NLinear,74.13544464111328,58.57697296142578,15.5584716796875
Univariate,univariate,Brent Oil,Com_BrentCrudeOil,tscv,11,2024-09-23,599,8,PatchTST,NLinear,72.62645721435547,58.208709716796875,14.417747497558594
Univariate,univariate,Brent Oil,Com_BrentCrudeOil,tscv,11,2024-09-30,600,9,PatchTST,NLinear,75.79288482666016,53.864837646484375,21.92804718017578
Univariate,univariate,Brent Oil,Com_BrentCrudeOil,tscv,11,2024-10-07,601,10,PatchTST,NLinear,78.61448669433594,54.43156433105469,24.18292236328125
Univariate,univariate,Brent Oil,Com_BrentCrudeOil,tscv,11,2024-10-14,602,11,PatchTST,NLinear,74.26461791992188,59.38290786743164,14.881710052490234
Univariate,univariate,Brent Oil,Com_BrentCrudeOil,tscv,11,2024-10-21,603,12,PatchTST,NLinear,74.91790008544922,57.41269302368164,17.505207061767578
Univariate,univariate,Brent Oil,Com_BrentCrudeOil,tscv,11,2024-08-05,592,1,PatchTST,iTransformer,78.48297119140625,79.64356231689453,-1.1605911254882812
Univariate,univariate,Brent Oil,Com_BrentCrudeOil,tscv,11,2024-08-12,593,2,PatchTST,iTransformer,80.38911437988281,77.55619049072266,2.8329238891601562
Univariate,univariate,Brent Oil,Com_BrentCrudeOil,tscv,11,2024-08-19,594,3,PatchTST,iTransformer,77.96463012695312,78.38165283203125,-0.417022705078125
Univariate,univariate,Brent Oil,Com_BrentCrudeOil,tscv,11,2024-08-26,595,4,PatchTST,iTransformer,78.09672546386719,75.59806060791016,2.4986648559570312
Univariate,univariate,Brent Oil,Com_BrentCrudeOil,tscv,11,2024-09-02,596,5,PatchTST,iTransformer,72.91812896728516,74.81476593017578,-1.896636962890625
Univariate,univariate,Brent Oil,Com_BrentCrudeOil,tscv,11,2024-09-09,597,6,PatchTST,iTransformer,71.21612548828125,72.29661560058594,-1.0804901123046875
Univariate,univariate,Brent Oil,Com_BrentCrudeOil,tscv,11,2024-09-16,598,7,PatchTST,iTransformer,74.13544464111328,67.2737045288086,6.8617401123046875
Univariate,univariate,Brent Oil,Com_BrentCrudeOil,tscv,11,2024-09-23,599,8,PatchTST,iTransformer,72.62645721435547,68.07957458496094,4.546882629394531
Univariate,univariate,Brent Oil,Com_BrentCrudeOil,tscv,11,2024-09-30,600,9,PatchTST,iTransformer,75.79288482666016,65.26203155517578,10.530853271484375
Univariate,univariate,Brent Oil,Com_BrentCrudeOil,tscv,11,2024-10-07,601,10,PatchTST,iTransformer,78.61448669433594,66.9566650390625,11.657821655273438
Univariate,univariate,Brent Oil,Com_BrentCrudeOil,tscv,11,2024-10-14,602,11,PatchTST,iTransformer,74.26461791992188,72.71136474609375,1.553253173828125
Univariate,univariate,Brent Oil,Com_BrentCrudeOil,tscv,11,2024-10-21,603,12,PatchTST,iTransformer,74.91790008544922,71.24132537841797,3.67657470703125
Univariate,univariate,Brent Oil,Com_BrentCrudeOil,tscv,11,2024-08-05,592,1,PatchTST,XGBoost,78.48297119140625,80.6087417602539,-2.1257705688476562
Univariate,univariate,Brent Oil,Com_BrentCrudeOil,tscv,11,2024-08-12,593,2,PatchTST,XGBoost,80.38911437988281,79.32367706298828,1.0654373168945312
Univariate,univariate,Brent Oil,Com_BrentCrudeOil,tscv,11,2024-08-19,594,3,PatchTST,XGBoost,77.96463012695312,79.5326919555664,-1.5680618286132812
Univariate,univariate,Brent Oil,Com_BrentCrudeOil,tscv,11,2024-08-26,595,4,PatchTST,XGBoost,78.09672546386719,76.7993392944336,1.2973861694335938
Univariate,univariate,Brent Oil,Com_BrentCrudeOil,tscv,11,2024-09-02,596,5,PatchTST,XGBoost,72.91812896728516,76.54766845703125,-3.6295394897460938
Univariate,univariate,Brent Oil,Com_BrentCrudeOil,tscv,11,2024-09-09,597,6,PatchTST,XGBoost,71.21612548828125,75.03466796875,-3.81854248046875
Univariate,univariate,Brent Oil,Com_BrentCrudeOil,tscv,11,2024-09-16,598,7,PatchTST,XGBoost,74.13544464111328,70.31842803955078,3.8170166015625
Univariate,univariate,Brent Oil,Com_BrentCrudeOil,tscv,11,2024-09-23,599,8,PatchTST,XGBoost,72.62645721435547,71.6162338256836,1.010223388671875
Univariate,univariate,Brent Oil,Com_BrentCrudeOil,tscv,11,2024-09-30,600,9,PatchTST,XGBoost,75.79288482666016,69.24497985839844,6.547904968261719
Univariate,univariate,Brent Oil,Com_BrentCrudeOil,tscv,11,2024-10-07,601,10,PatchTST,XGBoost,78.61448669433594,71.06948852539062,7.5449981689453125
Univariate,univariate,Brent Oil,Com_BrentCrudeOil,tscv,11,2024-10-14,602,11,PatchTST,XGBoost,74.26461791992188,76.95735931396484,-2.6927413940429688
Univariate,univariate,Brent Oil,Com_BrentCrudeOil,tscv,11,2024-10-21,603,12,PatchTST,XGBoost,74.91790008544922,74.62899780273438,0.28890228271484375
Univariate,univariate,Brent Oil,Com_BrentCrudeOil,tscv,11,2024-08-05,592,1,PatchTST,LightGBM,78.48297119140625,80.56339263916016,-2.0804214477539062
Univariate,univariate,Brent Oil,Com_BrentCrudeOil,tscv,11,2024-08-12,593,2,PatchTST,LightGBM,80.38911437988281,78.45578002929688,1.9333343505859375
Univariate,univariate,Brent Oil,Com_BrentCrudeOil,tscv,11,2024-08-19,594,3,PatchTST,LightGBM,77.96463012695312,79.0167236328125,-1.052093505859375
Univariate,univariate,Brent Oil,Com_BrentCrudeOil,tscv,11,2024-08-26,595,4,PatchTST,LightGBM,78.09672546386719,76.7527084350586,1.3440170288085938
Univariate,univariate,Brent Oil,Com_BrentCrudeOil,tscv,11,2024-09-02,596,5,PatchTST,LightGBM,72.91812896728516,76.52266693115234,-3.6045379638671875
Univariate,univariate,Brent Oil,Com_BrentCrudeOil,tscv,11,2024-09-09,597,6,PatchTST,LightGBM,71.21612548828125,74.35481262207031,-3.1386871337890625
Univariate,univariate,Brent Oil,Com_BrentCrudeOil,tscv,11,2024-09-16,598,7,PatchTST,LightGBM,74.13544464111328,70.90415954589844,3.2312850952148438
Univariate,univariate,Brent Oil,Com_BrentCrudeOil,tscv,11,2024-09-23,599,8,PatchTST,LightGBM,72.62645721435547,71.95690155029297,0.6695556640625
Univariate,univariate,Brent Oil,Com_BrentCrudeOil,tscv,11,2024-09-30,600,9,PatchTST,LightGBM,75.79288482666016,69.15555572509766,6.6373291015625
Univariate,univariate,Brent Oil,Com_BrentCrudeOil,tscv,11,2024-10-07,601,10,PatchTST,LightGBM,78.61448669433594,70.83505249023438,7.7794342041015625
Univariate,univariate,Brent Oil,Com_BrentCrudeOil,tscv,11,2024-10-14,602,11,PatchTST,LightGBM,74.26461791992188,76.58802795410156,-2.3234100341796875
Univariate,univariate,Brent Oil,Com_BrentCrudeOil,tscv,11,2024-10-21,603,12,PatchTST,LightGBM,74.91790008544922,74.93153381347656,-0.01363372802734375
Univariate,univariate,Brent Oil,Com_BrentCrudeOil,tscv,12,2024-09-02,596,1,PatchTST,-,72.91812896728516,79.52313232421875,-6.605003356933594
Univariate,univariate,Brent Oil,Com_BrentCrudeOil,tscv,12,2024-09-09,597,2,PatchTST,-,71.21612548828125,73.83773040771484,-2.6216049194335938
Univariate,univariate,Brent Oil,Com_BrentCrudeOil,tscv,12,2024-09-16,598,3,PatchTST,-,74.13544464111328,69.35726928710938,4.778175354003906
Univariate,univariate,Brent Oil,Com_BrentCrudeOil,tscv,12,2024-09-23,599,4,PatchTST,-,72.62645721435547,69.37358093261719,3.2528762817382812
Univariate,univariate,Brent Oil,Com_BrentCrudeOil,tscv,12,2024-09-30,600,5,PatchTST,-,75.79288482666016,68.07271575927734,7.7201690673828125
Univariate,univariate,Brent Oil,Com_BrentCrudeOil,tscv,12,2024-10-07,601,6,PatchTST,-,78.61448669433594,70.98854064941406,7.625946044921875
Univariate,univariate,Brent Oil,Com_BrentCrudeOil,tscv,12,2024-10-14,602,7,PatchTST,-,74.26461791992188,75.60655212402344,-1.3419342041015625
Univariate,univariate,Brent Oil,Com_BrentCrudeOil,tscv,12,2024-10-21,603,8,PatchTST,-,74.91790008544922,74.87136840820312,0.04653167724609375
Univariate,univariate,Brent Oil,Com_BrentCrudeOil,tscv,12,2024-10-28,604,9,PatchTST,-,72.1500015258789,75.11196899414062,-2.9619674682617188
Univariate,univariate,Brent Oil,Com_BrentCrudeOil,tscv,12,2024-11-04,605,10,PatchTST,-,74.633544921875,73.70345306396484,0.9300918579101562
Univariate,univariate,Brent Oil,Com_BrentCrudeOil,tscv,12,2024-11-11,606,11,PatchTST,-,71.7145004272461,74.28946685791016,-2.5749664306640625
Univariate,univariate,Brent Oil,Com_BrentCrudeOil,tscv,12,2024-11-18,607,12,PatchTST,-,73.94104766845703,73.74517059326172,0.1958770751953125
Univariate,univariate,Brent Oil,Com_BrentCrudeOil,tscv,12,2024-09-02,596,1,PatchTST,NLinear,72.91812896728516,78.89728546142578,-5.979156494140625
Univariate,univariate,Brent Oil,Com_BrentCrudeOil,tscv,12,2024-09-09,597,2,PatchTST,NLinear,71.21612548828125,72.93768310546875,-1.7215576171875
Univariate,univariate,Brent Oil,Com_BrentCrudeOil,tscv,12,2024-09-16,598,3,PatchTST,NLinear,74.13544464111328,69.13876342773438,4.996681213378906
Univariate,univariate,Brent Oil,Com_BrentCrudeOil,tscv,12,2024-09-23,599,4,PatchTST,NLinear,72.62645721435547,70.69831848144531,1.9281387329101562
Univariate,univariate,Brent Oil,Com_BrentCrudeOil,tscv,12,2024-09-30,600,5,PatchTST,NLinear,75.79288482666016,70.23932647705078,5.553558349609375
Univariate,univariate,Brent Oil,Com_BrentCrudeOil,tscv,12,2024-10-07,601,6,PatchTST,NLinear,78.61448669433594,73.46061706542969,5.15386962890625
Univariate,univariate,Brent Oil,Com_BrentCrudeOil,tscv,12,2024-10-14,602,7,PatchTST,NLinear,74.26461791992188,77.7582778930664,-3.4936599731445312
Univariate,univariate,Brent Oil,Com_BrentCrudeOil,tscv,12,2024-10-21,603,8,PatchTST,NLinear,74.91790008544922,77.060791015625,-2.1428909301757812
Univariate,univariate,Brent Oil,Com_BrentCrudeOil,tscv,12,2024-10-28,604,9,PatchTST,NLinear,72.1500015258789,76.68254089355469,-4.532539367675781
Univariate,univariate,Brent Oil,Com_BrentCrudeOil,tscv,12,2024-11-04,605,10,PatchTST,NLinear,74.633544921875,74.00347900390625,0.63006591796875
Univariate,univariate,Brent Oil,Com_BrentCrudeOil,tscv,12,2024-11-11,606,11,PatchTST,NLinear,71.7145004272461,73.21732330322266,-1.5028228759765625
Univariate,univariate,Brent Oil,Com_BrentCrudeOil,tscv,12,2024-11-18,607,12,PatchTST,NLinear,73.94104766845703,72.34806060791016,1.592987060546875
Univariate,univariate,Brent Oil,Com_BrentCrudeOil,tscv,12,2024-09-02,596,1,PatchTST,iTransformer,72.91812896728516,74.90382385253906,-1.9856948852539062
Univariate,univariate,Brent Oil,Com_BrentCrudeOil,tscv,12,2024-09-09,597,2,PatchTST,iTransformer,71.21612548828125,69.20270538330078,2.0134201049804688
Univariate,univariate,Brent Oil,Com_BrentCrudeOil,tscv,12,2024-09-16,598,3,PatchTST,iTransformer,74.13544464111328,64.72889709472656,9.406547546386719
Univariate,univariate,Brent Oil,Com_BrentCrudeOil,tscv,12,2024-09-23,599,4,PatchTST,iTransformer,72.62645721435547,64.73507690429688,7.891380310058594
Univariate,univariate,Brent Oil,Com_BrentCrudeOil,tscv,12,2024-09-30,600,5,PatchTST,iTransformer,75.79288482666016,63.4112434387207,12.381641387939453
Univariate,univariate,Brent Oil,Com_BrentCrudeOil,tscv,12,2024-10-07,601,6,PatchTST,iTransformer,78.61448669433594,66.32125091552734,12.293235778808594
Univariate,univariate,Brent Oil,Com_BrentCrudeOil,tscv,12,2024-10-14,602,7,PatchTST,iTransformer,74.26461791992188,70.9381332397461,3.3264846801757812
Univariate,univariate,Brent Oil,Com_BrentCrudeOil,tscv,12,2024-10-21,603,8,PatchTST,iTransformer,74.91790008544922,70.19010162353516,4.7277984619140625
Univariate,univariate,Brent Oil,Com_BrentCrudeOil,tscv,12,2024-10-28,604,9,PatchTST,iTransformer,72.1500015258789,70.4207763671875,1.7292251586914062
Univariate,univariate,Brent Oil,Com_BrentCrudeOil,tscv,12,2024-11-04,605,10,PatchTST,iTransformer,74.633544921875,69.01091766357422,5.622627258300781
Univariate,univariate,Brent Oil,Com_BrentCrudeOil,tscv,12,2024-11-11,606,11,PatchTST,iTransformer,71.7145004272461,69.618896484375,2.0956039428710938
Univariate,univariate,Brent Oil,Com_BrentCrudeOil,tscv,12,2024-11-18,607,12,PatchTST,iTransformer,73.94104766845703,69.0994873046875,4.841560363769531
Univariate,univariate,Brent Oil,Com_BrentCrudeOil,tscv,12,2024-09-02,596,1,PatchTST,XGBoost,72.91812896728516,81.73127746582031,-8.813148498535156
Univariate,univariate,Brent Oil,Com_BrentCrudeOil,tscv,12,2024-09-09,597,2,PatchTST,XGBoost,71.21612548828125,75.96055603027344,-4.7444305419921875
Univariate,univariate,Brent Oil,Com_BrentCrudeOil,tscv,12,2024-09-16,598,3,PatchTST,XGBoost,74.13544464111328,71.48745727539062,2.6479873657226562
Univariate,univariate,Brent Oil,Com_BrentCrudeOil,tscv,12,2024-09-23,599,4,PatchTST,XGBoost,72.62645721435547,71.85258483886719,0.7738723754882812
Univariate,univariate,Brent Oil,Com_BrentCrudeOil,tscv,12,2024-09-30,600,5,PatchTST,XGBoost,75.79288482666016,71.11934661865234,4.6735382080078125
Univariate,univariate,Brent Oil,Com_BrentCrudeOil,tscv,12,2024-10-07,601,6,PatchTST,XGBoost,78.61448669433594,73.63545989990234,4.979026794433594
Univariate,univariate,Brent Oil,Com_BrentCrudeOil,tscv,12,2024-10-14,602,7,PatchTST,XGBoost,74.26461791992188,78.04830932617188,-3.78369140625
Univariate,univariate,Brent Oil,Com_BrentCrudeOil,tscv,12,2024-10-21,603,8,PatchTST,XGBoost,74.91790008544922,77.31534576416016,-2.3974456787109375
Univariate,univariate,Brent Oil,Com_BrentCrudeOil,tscv,12,2024-10-28,604,9,PatchTST,XGBoost,72.1500015258789,76.91648864746094,-4.766487121582031
Univariate,univariate,Brent Oil,Com_BrentCrudeOil,tscv,12,2024-11-04,605,10,PatchTST,XGBoost,74.633544921875,75.74386596679688,-1.110321044921875
Univariate,univariate,Brent Oil,Com_BrentCrudeOil,tscv,12,2024-11-11,606,11,PatchTST,XGBoost,71.7145004272461,75.89293670654297,-4.178436279296875
Univariate,univariate,Brent Oil,Com_BrentCrudeOil,tscv,12,2024-11-18,607,12,PatchTST,XGBoost,73.94104766845703,75.01028442382812,-1.0692367553710938
Univariate,univariate,Brent Oil,Com_BrentCrudeOil,tscv,12,2024-09-02,596,1,PatchTST,LightGBM,72.91812896728516,81.2027587890625,-8.284629821777344
Univariate,univariate,Brent Oil,Com_BrentCrudeOil,tscv,12,2024-09-09,597,2,PatchTST,LightGBM,71.21612548828125,75.845947265625,-4.62982177734375
Univariate,univariate,Brent Oil,Com_BrentCrudeOil,tscv,12,2024-09-16,598,3,PatchTST,LightGBM,74.13544464111328,71.36548614501953,2.76995849609375
Univariate,univariate,Brent Oil,Com_BrentCrudeOil,tscv,12,2024-09-23,599,4,PatchTST,LightGBM,72.62645721435547,71.38179779052734,1.244659423828125
Univariate,univariate,Brent Oil,Com_BrentCrudeOil,tscv,12,2024-09-30,600,5,PatchTST,LightGBM,75.79288482666016,70.0809326171875,5.711952209472656
Univariate,univariate,Brent Oil,Com_BrentCrudeOil,tscv,12,2024-10-07,601,6,PatchTST,LightGBM,78.61448669433594,72.99675750732422,5.617729187011719
Univariate,univariate,Brent Oil,Com_BrentCrudeOil,tscv,12,2024-10-14,602,7,PatchTST,LightGBM,74.26461791992188,77.6147689819336,-3.3501510620117188
Univariate,univariate,Brent Oil,Com_BrentCrudeOil,tscv,12,2024-10-21,603,8,PatchTST,LightGBM,74.91790008544922,76.37883758544922,-1.4609375
Univariate,univariate,Brent Oil,Com_BrentCrudeOil,tscv,12,2024-10-28,604,9,PatchTST,LightGBM,72.1500015258789,75.33928680419922,-3.1892852783203125
Univariate,univariate,Brent Oil,Com_BrentCrudeOil,tscv,12,2024-11-04,605,10,PatchTST,LightGBM,74.633544921875,73.93077087402344,0.7027740478515625
Univariate,univariate,Brent Oil,Com_BrentCrudeOil,tscv,12,2024-11-11,606,11,PatchTST,LightGBM,71.7145004272461,74.51678466796875,-2.8022842407226562
Univariate,univariate,Brent Oil,Com_BrentCrudeOil,tscv,12,2024-11-18,607,12,PatchTST,LightGBM,73.94104766845703,73.97248840332031,-0.03144073486328125
Univariate,univariate,Brent Oil,Com_BrentCrudeOil,tscv,13,2024-09-30,600,1,PatchTST,-,75.79288482666016,73.11688232421875,2.6760025024414062
Univariate,univariate,Brent Oil,Com_BrentCrudeOil,tscv,13,2024-10-07,601,2,PatchTST,-,78.61448669433594,76.0845947265625,2.5298919677734375
Univariate,univariate,Brent Oil,Com_BrentCrudeOil,tscv,13,2024-10-14,602,3,PatchTST,-,74.26461791992188,81.22882080078125,-6.964202880859375
Univariate,univariate,Brent Oil,Com_BrentCrudeOil,tscv,13,2024-10-21,603,4,PatchTST,-,74.91790008544922,80.79249572753906,-5.874595642089844
Univariate,univariate,Brent Oil,Com_BrentCrudeOil,tscv,13,2024-10-28,604,5,PatchTST,-,72.1500015258789,82.2612533569336,-10.111251831054688
Univariate,univariate,Brent Oil,Com_BrentCrudeOil,tscv,13,2024-11-04,605,6,PatchTST,-,74.633544921875,78.67353057861328,-4.039985656738281
Univariate,univariate,Brent Oil,Com_BrentCrudeOil,tscv,13,2024-11-11,606,7,PatchTST,-,71.7145004272461,79.3541030883789,-7.6396026611328125
Univariate,univariate,Brent Oil,Com_BrentCrudeOil,tscv,13,2024-11-18,607,8,PatchTST,-,73.94104766845703,76.19195556640625,-2.2509078979492188
Univariate,univariate,Brent Oil,Com_BrentCrudeOil,tscv,13,2024-11-25,608,9,PatchTST,-,72.4459457397461,76.1362075805664,-3.6902618408203125
Univariate,univariate,Brent Oil,Com_BrentCrudeOil,tscv,13,2024-12-02,609,10,PatchTST,-,71.92588806152344,76.89412689208984,-4.968238830566406
Univariate,univariate,Brent Oil,Com_BrentCrudeOil,tscv,13,2024-12-09,610,11,PatchTST,-,73.48958587646484,77.09742736816406,-3.6078414916992188
Univariate,univariate,Brent Oil,Com_BrentCrudeOil,tscv,13,2024-12-16,611,12,PatchTST,-,73.21955871582031,79.46446990966797,-6.244911193847656
Univariate,univariate,Brent Oil,Com_BrentCrudeOil,tscv,13,2024-09-30,600,1,PatchTST,NLinear,75.79288482666016,63.863800048828125,11.929084777832031
Univariate,univariate,Brent Oil,Com_BrentCrudeOil,tscv,13,2024-10-07,601,2,PatchTST,NLinear,78.61448669433594,67.52799987792969,11.08648681640625
Univariate,univariate,Brent Oil,Com_BrentCrudeOil,tscv,13,2024-10-14,602,3,PatchTST,NLinear,74.26461791992188,73.23860168457031,1.0260162353515625
Univariate,univariate,Brent Oil,Com_BrentCrudeOil,tscv,13,2024-10-21,603,4,PatchTST,NLinear,74.91790008544922,72.97441864013672,1.9434814453125
Univariate,univariate,Brent Oil,Com_BrentCrudeOil,tscv,13,2024-10-28,604,5,PatchTST,NLinear,72.1500015258789,74.8947525024414,-2.7447509765625
Univariate,univariate,Brent Oil,Com_BrentCrudeOil,tscv,13,2024-11-04,605,6,PatchTST,NLinear,74.633544921875,71.0155258178711,3.6180191040039062
Univariate,univariate,Brent Oil,Com_BrentCrudeOil,tscv,13,2024-11-11,606,7,PatchTST,NLinear,71.7145004272461,71.6718521118164,0.0426483154296875
Univariate,univariate,Brent Oil,Com_BrentCrudeOil,tscv,13,2024-11-18,607,8,PatchTST,NLinear,73.94104766845703,68.6705551147461,5.2704925537109375
Univariate,univariate,Brent Oil,Com_BrentCrudeOil,tscv,13,2024-11-25,608,9,PatchTST,NLinear,72.4459457397461,68.8763656616211,3.569580078125
Univariate,univariate,Brent Oil,Com_BrentCrudeOil,tscv,13,2024-12-02,609,10,PatchTST,NLinear,71.92588806152344,69.86247253417969,2.06341552734375
Univariate,univariate,Brent Oil,Com_BrentCrudeOil,tscv,13,2024-12-09,610,11,PatchTST,NLinear,73.48958587646484,69.97221374511719,3.5173721313476562
Univariate,univariate,Brent Oil,Com_BrentCrudeOil,tscv,13,2024-12-16,611,12,PatchTST,NLinear,73.21955871582031,72.55528259277344,0.664276123046875
Univariate,univariate,Brent Oil,Com_BrentCrudeOil,tscv,13,2024-09-30,600,1,PatchTST,iTransformer,75.79288482666016,65.4480972290039,10.34478759765625
Univariate,univariate,Brent Oil,Com_BrentCrudeOil,tscv,13,2024-10-07,601,2,PatchTST,iTransformer,78.61448669433594,68.40988159179688,10.204605102539062
Univariate,univariate,Brent Oil,Com_BrentCrudeOil,tscv,13,2024-10-14,602,3,PatchTST,iTransformer,74.26461791992188,73.5667495727539,0.6978683471679688
Univariate,univariate,Brent Oil,Com_BrentCrudeOil,tscv,13,2024-10-21,603,4,PatchTST,iTransformer,74.91790008544922,73.12393188476562,1.7939682006835938
Univariate,univariate,Brent Oil,Com_BrentCrudeOil,tscv,13,2024-10-28,604,5,PatchTST,iTransformer,72.1500015258789,74.60073852539062,-2.4507369995117188
Univariate,univariate,Brent Oil,Com_BrentCrudeOil,tscv,13,2024-11-04,605,6,PatchTST,iTransformer,74.633544921875,71.01785278320312,3.615692138671875
Univariate,univariate,Brent Oil,Com_BrentCrudeOil,tscv,13,2024-11-11,606,7,PatchTST,iTransformer,71.7145004272461,71.6951675415039,0.0193328857421875
Univariate,univariate,Brent Oil,Com_BrentCrudeOil,tscv,13,2024-11-18,607,8,PatchTST,iTransformer,73.94104766845703,68.56717681884766,5.373870849609375
Univariate,univariate,Brent Oil,Com_BrentCrudeOil,tscv,13,2024-11-25,608,9,PatchTST,iTransformer,72.4459457397461,68.52340698242188,3.9225387573242188
Univariate,univariate,Brent Oil,Com_BrentCrudeOil,tscv,13,2024-12-02,609,10,PatchTST,iTransformer,71.92588806152344,69.27688598632812,2.6490020751953125
Univariate,univariate,Brent Oil,Com_BrentCrudeOil,tscv,13,2024-12-09,610,11,PatchTST,iTransformer,73.48958587646484,69.47504425048828,4.0145416259765625
Univariate,univariate,Brent Oil,Com_BrentCrudeOil,tscv,13,2024-12-16,611,12,PatchTST,iTransformer,73.21955871582031,71.8429946899414,1.3765640258789062
Univariate,univariate,Brent Oil,Com_BrentCrudeOil,tscv,13,2024-09-30,600,1,PatchTST,XGBoost,75.79288482666016,67.82250213623047,7.9703826904296875
Univariate,univariate,Brent Oil,Com_BrentCrudeOil,tscv,13,2024-10-07,601,2,PatchTST,XGBoost,78.61448669433594,71.35442352294922,7.260063171386719
Univariate,univariate,Brent Oil,Com_BrentCrudeOil,tscv,13,2024-10-14,602,3,PatchTST,XGBoost,74.26461791992188,76.8648910522461,-2.6002731323242188
Univariate,univariate,Brent Oil,Com_BrentCrudeOil,tscv,13,2024-10-21,603,4,PatchTST,XGBoost,74.91790008544922,76.57115936279297,-1.65325927734375
Univariate,univariate,Brent Oil,Com_BrentCrudeOil,tscv,13,2024-10-28,604,5,PatchTST,XGBoost,72.1500015258789,77.98871612548828,-5.838714599609375
Univariate,univariate,Brent Oil,Com_BrentCrudeOil,tscv,13,2024-11-04,605,6,PatchTST,XGBoost,74.633544921875,74.19281768798828,0.44072723388671875
Univariate,univariate,Brent Oil,Com_BrentCrudeOil,tscv,13,2024-11-11,606,7,PatchTST,XGBoost,71.7145004272461,74.80020141601562,-3.0857009887695312
Univariate,univariate,Brent Oil,Com_BrentCrudeOil,tscv,13,2024-11-18,607,8,PatchTST,XGBoost,73.94104766845703,71.63805389404297,2.3029937744140625
Univariate,univariate,Brent Oil,Com_BrentCrudeOil,tscv,13,2024-11-25,608,9,PatchTST,XGBoost,72.4459457397461,71.68743896484375,0.7585067749023438
Univariate,univariate,Brent Oil,Com_BrentCrudeOil,tscv,13,2024-12-02,609,10,PatchTST,XGBoost,71.92588806152344,72.39283752441406,-0.466949462890625
Univariate,univariate,Brent Oil,Com_BrentCrudeOil,tscv,13,2024-12-09,610,11,PatchTST,XGBoost,73.48958587646484,72.69434356689453,0.7952423095703125
Univariate,univariate,Brent Oil,Com_BrentCrudeOil,tscv,13,2024-12-16,611,12,PatchTST,XGBoost,73.21955871582031,75.16449737548828,-1.9449386596679688
Univariate,univariate,Brent Oil,Com_BrentCrudeOil,tscv,13,2024-09-30,600,1,PatchTST,LightGBM,75.79288482666016,67.42892456054688,8.363960266113281
Univariate,univariate,Brent Oil,Com_BrentCrudeOil,tscv,13,2024-10-07,601,2,PatchTST,LightGBM,78.61448669433594,71.18352508544922,7.430961608886719
Univariate,univariate,Brent Oil,Com_BrentCrudeOil,tscv,13,2024-10-14,602,3,PatchTST,LightGBM,74.26461791992188,77.32532501220703,-3.0607070922851562
Univariate,univariate,Brent Oil,Com_BrentCrudeOil,tscv,13,2024-10-21,603,4,PatchTST,LightGBM,74.91790008544922,76.88899993896484,-1.971099853515625
Univariate,univariate,Brent Oil,Com_BrentCrudeOil,tscv,13,2024-10-28,604,5,PatchTST,LightGBM,72.1500015258789,78.35775756835938,-6.207756042480469
Univariate,univariate,Brent Oil,Com_BrentCrudeOil,tscv,13,2024-11-04,605,6,PatchTST,LightGBM,74.633544921875,74.26378631591797,0.36975860595703125
Univariate,univariate,Brent Oil,Com_BrentCrudeOil,tscv,13,2024-11-11,606,7,PatchTST,LightGBM,71.7145004272461,75.45060729980469,-3.7361068725585938
Univariate,univariate,Brent Oil,Com_BrentCrudeOil,tscv,13,2024-11-18,607,8,PatchTST,LightGBM,73.94104766845703,72.28845977783203,1.652587890625
Univariate,univariate,Brent Oil,Com_BrentCrudeOil,tscv,13,2024-11-25,608,9,PatchTST,LightGBM,72.4459457397461,72.23271179199219,0.21323394775390625
Univariate,univariate,Brent Oil,Com_BrentCrudeOil,tscv,13,2024-12-02,609,10,PatchTST,LightGBM,71.92588806152344,72.99063110351562,-1.0647430419921875
Univariate,univariate,Brent Oil,Com_BrentCrudeOil,tscv,13,2024-12-09,610,11,PatchTST,LightGBM,73.48958587646484,73.19393157958984,0.295654296875
Univariate,univariate,Brent Oil,Com_BrentCrudeOil,tscv,13,2024-12-16,611,12,PatchTST,LightGBM,73.21955871582031,75.56097412109375,-2.3414154052734375
Univariate,univariate,Brent Oil,Com_BrentCrudeOil,tscv,14,2024-10-28,604,1,PatchTST,-,72.1500015258789,80.02678680419922,-7.8767852783203125
Univariate,univariate,Brent Oil,Com_BrentCrudeOil,tscv,14,2024-11-04,605,2,PatchTST,-,74.633544921875,76.95327758789062,-2.319732666015625
Univariate,univariate,Brent Oil,Com_BrentCrudeOil,tscv,14,2024-11-11,606,3,PatchTST,-,71.7145004272461,78.29439544677734,-6.57989501953125
Univariate,univariate,Brent Oil,Com_BrentCrudeOil,tscv,14,2024-11-18,607,4,PatchTST,-,73.94104766845703,76.35183715820312,-2.4107894897460938
Univariate,univariate,Brent Oil,Com_BrentCrudeOil,tscv,14,2024-11-25,608,5,PatchTST,-,72.4459457397461,77.24224090576172,-4.796295166015625
Univariate,univariate,Brent Oil,Com_BrentCrudeOil,tscv,14,2024-12-02,609,6,PatchTST,-,71.92588806152344,78.19567108154297,-6.269783020019531
Univariate,univariate,Brent Oil,Com_BrentCrudeOil,tscv,14,2024-12-09,610,7,PatchTST,-,73.48958587646484,77.85917663574219,-4.369590759277344
Univariate,univariate,Brent Oil,Com_BrentCrudeOil,tscv,14,2024-12-16,611,8,PatchTST,-,73.21955871582031,78.34190368652344,-5.122344970703125
Univariate,univariate,Brent Oil,Com_BrentCrudeOil,tscv,14,2024-12-23,612,9,PatchTST,-,73.44568634033203,78.0970687866211,-4.6513824462890625
Univariate,univariate,Brent Oil,Com_BrentCrudeOil,tscv,14,2024-12-30,613,10,PatchTST,-,75.3517837524414,76.78727722167969,-1.4354934692382812
Univariate,univariate,Brent Oil,Com_BrentCrudeOil,tscv,14,2025-01-06,614,11,PatchTST,-,77.89148712158203,78.01138305664062,-0.11989593505859375
Univariate,univariate,Brent Oil,Com_BrentCrudeOil,tscv,14,2025-01-13,615,12,PatchTST,-,80.95013427734375,80.45237731933594,0.4977569580078125
Univariate,univariate,Brent Oil,Com_BrentCrudeOil,tscv,14,2024-10-28,604,1,PatchTST,NLinear,72.1500015258789,76.94361877441406,-4.793617248535156
Univariate,univariate,Brent Oil,Com_BrentCrudeOil,tscv,14,2024-11-04,605,2,PatchTST,NLinear,74.633544921875,74.48369598388672,0.14984893798828125
Univariate,univariate,Brent Oil,Com_BrentCrudeOil,tscv,14,2024-11-11,606,3,PatchTST,NLinear,71.7145004272461,75.14956665039062,-3.4350662231445312
Univariate,univariate,Brent Oil,Com_BrentCrudeOil,tscv,14,2024-11-18,607,4,PatchTST,NLinear,73.94104766845703,72.53358459472656,1.4074630737304688
Univariate,univariate,Brent Oil,Com_BrentCrudeOil,tscv,14,2024-11-25,608,5,PatchTST,NLinear,72.4459457397461,72.81168365478516,-0.3657379150390625
Univariate,univariate,Brent Oil,Com_BrentCrudeOil,tscv,14,2024-12-02,609,6,PatchTST,NLinear,71.92588806152344,74.02955627441406,-2.103668212890625
Univariate,univariate,Brent Oil,Com_BrentCrudeOil,tscv,14,2024-12-09,610,7,PatchTST,NLinear,73.48958587646484,73.49066162109375,-0.00107574462890625
Univariate,univariate,Brent Oil,Com_BrentCrudeOil,tscv,14,2024-12-16,611,8,PatchTST,NLinear,73.21955871582031,72.68661499023438,0.5329437255859375
Univariate,univariate,Brent Oil,Com_BrentCrudeOil,tscv,14,2024-12-23,612,9,PatchTST,NLinear,73.44568634033203,70.81761169433594,2.6280746459960938
Univariate,univariate,Brent Oil,Com_BrentCrudeOil,tscv,14,2024-12-30,613,10,PatchTST,NLinear,75.3517837524414,68.41014862060547,6.9416351318359375
Univariate,univariate,Brent Oil,Com_BrentCrudeOil,tscv,14,2025-01-06,614,11,PatchTST,NLinear,77.89148712158203,69.22183990478516,8.669647216796875
Univariate,univariate,Brent Oil,Com_BrentCrudeOil,tscv,14,2025-01-13,615,12,PatchTST,NLinear,80.95013427734375,71.58811950683594,9.362014770507812
Univariate,univariate,Brent Oil,Com_BrentCrudeOil,tscv,14,2024-10-28,604,1,PatchTST,iTransformer,72.1500015258789,80.15133666992188,-8.001335144042969
Univariate,univariate,Brent Oil,Com_BrentCrudeOil,tscv,14,2024-11-04,605,2,PatchTST,iTransformer,74.633544921875,76.92842864990234,-2.2948837280273438
Univariate,univariate,Brent Oil,Com_BrentCrudeOil,tscv,14,2024-11-11,606,3,PatchTST,iTransformer,71.7145004272461,78.58670806884766,-6.8722076416015625
Univariate,univariate,Brent Oil,Com_BrentCrudeOil,tscv,14,2024-11-18,607,4,PatchTST,iTransformer,73.94104766845703,76.68047332763672,-2.7394256591796875
Univariate,univariate,Brent Oil,Com_BrentCrudeOil,tscv,14,2024-11-25,608,5,PatchTST,iTransformer,72.4459457397461,77.5935287475586,-5.1475830078125
Univariate,univariate,Brent Oil,Com_BrentCrudeOil,tscv,14,2024-12-02,609,6,PatchTST,iTransformer,71.92588806152344,78.59723663330078,-6.671348571777344
Univariate,univariate,Brent Oil,Com_BrentCrudeOil,tscv,14,2024-12-09,610,7,PatchTST,iTransformer,73.48958587646484,78.26115417480469,-4.771568298339844
Univariate,univariate,Brent Oil,Com_BrentCrudeOil,tscv,14,2024-12-16,611,8,PatchTST,iTransformer,73.21955871582031,78.73577117919922,-5.516212463378906
Univariate,univariate,Brent Oil,Com_BrentCrudeOil,tscv,14,2024-12-23,612,9,PatchTST,iTransformer,73.44568634033203,78.49712371826172,-5.0514373779296875
Univariate,univariate,Brent Oil,Com_BrentCrudeOil,tscv,14,2024-12-30,613,10,PatchTST,iTransformer,75.3517837524414,77.09901428222656,-1.7472305297851562
Univariate,univariate,Brent Oil,Com_BrentCrudeOil,tscv,14,2025-01-06,614,11,PatchTST,iTransformer,77.89148712158203,78.36688995361328,-0.47540283203125
Univariate,univariate,Brent Oil,Com_BrentCrudeOil,tscv,14,2025-01-13,615,12,PatchTST,iTransformer,80.95013427734375,80.7489013671875,0.20123291015625
Univariate,univariate,Brent Oil,Com_BrentCrudeOil,tscv,14,2024-10-28,604,1,PatchTST,XGBoost,72.1500015258789,76.71849822998047,-4.5684967041015625
Univariate,univariate,Brent Oil,Com_BrentCrudeOil,tscv,14,2024-11-04,605,2,PatchTST,XGBoost,74.633544921875,72.95003509521484,1.6835098266601562
Univariate,univariate,Brent Oil,Com_BrentCrudeOil,tscv,14,2024-11-11,606,3,PatchTST,XGBoost,71.7145004272461,74.38153839111328,-2.6670379638671875
Univariate,univariate,Brent Oil,Com_BrentCrudeOil,tscv,14,2024-11-18,607,4,PatchTST,XGBoost,73.94104766845703,73.16159057617188,0.7794570922851562
Univariate,univariate,Brent Oil,Com_BrentCrudeOil,tscv,14,2024-11-25,608,5,PatchTST,XGBoost,72.4459457397461,73.64496612548828,-1.1990203857421875
Univariate,univariate,Brent Oil,Com_BrentCrudeOil,tscv,14,2024-12-02,609,6,PatchTST,XGBoost,71.92588806152344,73.87334442138672,-1.9474563598632812
Univariate,univariate,Brent Oil,Com_BrentCrudeOil,tscv,14,2024-12-09,610,7,PatchTST,XGBoost,73.48958587646484,72.18441772460938,1.3051681518554688
Univariate,univariate,Brent Oil,Com_BrentCrudeOil,tscv,14,2024-12-16,611,8,PatchTST,XGBoost,73.21955871582031,71.75015258789062,1.4694061279296875
Univariate,univariate,Brent Oil,Com_BrentCrudeOil,tscv,14,2024-12-23,612,9,PatchTST,XGBoost,73.44568634033203,70.16309356689453,3.2825927734375
Univariate,univariate,Brent Oil,Com_BrentCrudeOil,tscv,14,2024-12-30,613,10,PatchTST,XGBoost,75.3517837524414,69.50565338134766,5.84613037109375
Univariate,univariate,Brent Oil,Com_BrentCrudeOil,tscv,14,2025-01-06,614,11,PatchTST,XGBoost,77.89148712158203,72.40926361083984,5.4822235107421875
Univariate,univariate,Brent Oil,Com_BrentCrudeOil,tscv,14,2025-01-13,615,12,PatchTST,XGBoost,80.95013427734375,75.50125122070312,5.448883056640625
Univariate,univariate,Brent Oil,Com_BrentCrudeOil,tscv,14,2024-10-28,604,1,PatchTST,LightGBM,72.1500015258789,76.5347671508789,-4.384765625
Univariate,univariate,Brent Oil,Com_BrentCrudeOil,tscv,14,2024-11-04,605,2,PatchTST,LightGBM,74.633544921875,73.46125793457031,1.1722869873046875
Univariate,univariate,Brent Oil,Com_BrentCrudeOil,tscv,14,2024-11-11,606,3,PatchTST,LightGBM,71.7145004272461,74.37041473388672,-2.655914306640625
Univariate,univariate,Brent Oil,Com_BrentCrudeOil,tscv,14,2024-11-18,607,4,PatchTST,LightGBM,73.94104766845703,72.4278564453125,1.5131912231445312
Univariate,univariate,Brent Oil,Com_BrentCrudeOil,tscv,14,2024-11-25,608,5,PatchTST,LightGBM,72.4459457397461,73.3182601928711,-0.872314453125
Univariate,univariate,Brent Oil,Com_BrentCrudeOil,tscv,14,2024-12-02,609,6,PatchTST,LightGBM,71.92588806152344,74.70365142822266,-2.7777633666992188
Univariate,univariate,Brent Oil,Com_BrentCrudeOil,tscv,14,2024-12-09,610,7,PatchTST,LightGBM,73.48958587646484,73.93519592285156,-0.44561004638671875
Univariate,univariate,Brent Oil,Com_BrentCrudeOil,tscv,14,2024-12-16,611,8,PatchTST,LightGBM,73.21955871582031,72.85967254638672,0.35988616943359375
Univariate,univariate,Brent Oil,Com_BrentCrudeOil,tscv,14,2024-12-23,612,9,PatchTST,LightGBM,73.44568634033203,72.6290054321289,0.816680908203125
Univariate,univariate,Brent Oil,Com_BrentCrudeOil,tscv,14,2024-12-30,613,10,PatchTST,LightGBM,75.3517837524414,72.25159454345703,3.100189208984375
Univariate,univariate,Brent Oil,Com_BrentCrudeOil,tscv,14,2025-01-06,614,11,PatchTST,LightGBM,77.89148712158203,74.08740234375,3.8040847778320312
Univariate,univariate,Brent Oil,Com_BrentCrudeOil,tscv,14,2025-01-13,615,12,PatchTST,LightGBM,80.95013427734375,76.52839660644531,4.4217376708984375
Univariate,univariate,Brent Oil,Com_BrentCrudeOil,tscv,15,2024-11-25,608,1,PatchTST,-,72.4459457397461,72.91995239257812,-0.47400665283203125
Univariate,univariate,Brent Oil,Com_BrentCrudeOil,tscv,15,2024-12-02,609,2,PatchTST,-,71.92588806152344,73.71218872070312,-1.7863006591796875
Univariate,univariate,Brent Oil,Com_BrentCrudeOil,tscv,15,2024-12-09,610,3,PatchTST,-,73.48958587646484,75.65347290039062,-2.1638870239257812
Univariate,univariate,Brent Oil,Com_BrentCrudeOil,tscv,15,2024-12-16,611,4,PatchTST,-,73.21955871582031,74.58080291748047,-1.3612442016601562
Univariate,univariate,Brent Oil,Com_BrentCrudeOil,tscv,15,2024-12-23,612,5,PatchTST,-,73.44568634033203,78.24247741699219,-4.796791076660156
Univariate,univariate,Brent Oil,Com_BrentCrudeOil,tscv,15,2024-12-30,613,6,PatchTST,-,75.3517837524414,75.82505798339844,-0.47327423095703125
Univariate,univariate,Brent Oil,Com_BrentCrudeOil,tscv,15,2025-01-06,614,7,PatchTST,-,77.89148712158203,76.85726165771484,1.0342254638671875
Univariate,univariate,Brent Oil,Com_BrentCrudeOil,tscv,15,2025-01-13,615,8,PatchTST,-,80.95013427734375,78.06988525390625,2.8802490234375
Univariate,univariate,Brent Oil,Com_BrentCrudeOil,tscv,15,2025-01-20,616,9,PatchTST,-,78.79235076904297,79.07243347167969,-0.28008270263671875
Univariate,univariate,Brent Oil,Com_BrentCrudeOil,tscv,15,2025-01-27,617,10,PatchTST,-,76.10587310791016,79.12786102294922,-3.0219879150390625
Univariate,univariate,Brent Oil,Com_BrentCrudeOil,tscv,15,2025-02-03,618,11,PatchTST,-,75.14842987060547,83.89904022216797,-8.7506103515625
Univariate,univariate,Brent Oil,Com_BrentCrudeOil,tscv,15,2025-02-10,619,12,PatchTST,-,75.43816375732422,81.97616577148438,-6.538002014160156
Univariate,univariate,Brent Oil,Com_BrentCrudeOil,tscv,15,2024-11-25,608,1,PatchTST,NLinear,72.4459457397461,69.46837615966797,2.977569580078125
Univariate,univariate,Brent Oil,Com_BrentCrudeOil,tscv,15,2024-12-02,609,2,PatchTST,NLinear,71.92588806152344,69.66405487060547,2.2618331909179688
Univariate,univariate,Brent Oil,Com_BrentCrudeOil,tscv,15,2024-12-09,610,3,PatchTST,NLinear,73.48958587646484,71.31379699707031,2.1757888793945312
Univariate,univariate,Brent Oil,Com_BrentCrudeOil,tscv,15,2024-12-16,611,4,PatchTST,NLinear,73.21955871582031,69.755615234375,3.4639434814453125
Univariate,univariate,Brent Oil,Com_BrentCrudeOil,tscv,15,2024-12-23,612,5,PatchTST,NLinear,73.44568634033203,73.71189880371094,-0.26621246337890625
Univariate,univariate,Brent Oil,Com_BrentCrudeOil,tscv,15,2024-12-30,613,6,PatchTST,NLinear,75.3517837524414,70.98380279541016,4.36798095703125
Univariate,univariate,Brent Oil,Com_BrentCrudeOil,tscv,15,2025-01-06,614,7,PatchTST,NLinear,77.89148712158203,71.73839569091797,6.1530914306640625
Univariate,univariate,Brent Oil,Com_BrentCrudeOil,tscv,15,2025-01-13,615,8,PatchTST,NLinear,80.95013427734375,72.42726135253906,8.522872924804688
Univariate,univariate,Brent Oil,Com_BrentCrudeOil,tscv,15,2025-01-20,616,9,PatchTST,NLinear,78.79235076904297,73.84503173828125,4.947319030761719
Univariate,univariate,Brent Oil,Com_BrentCrudeOil,tscv,15,2025-01-27,617,10,PatchTST,NLinear,76.10587310791016,73.82046508789062,2.2854080200195312
Univariate,univariate,Brent Oil,Com_BrentCrudeOil,tscv,15,2025-02-03,618,11,PatchTST,NLinear,75.14842987060547,78.24362182617188,-3.0951919555664062
Univariate,univariate,Brent Oil,Com_BrentCrudeOil,tscv,15,2025-02-10,619,12,PatchTST,NLinear,75.43816375732422,76.67675018310547,-1.23858642578125
Univariate,univariate,Brent Oil,Com_BrentCrudeOil,tscv,15,2024-11-25,608,1,PatchTST,iTransformer,72.4459457397461,66.91972351074219,5.526222229003906
Univariate,univariate,Brent Oil,Com_BrentCrudeOil,tscv,15,2024-12-02,609,2,PatchTST,iTransformer,71.92588806152344,67.69795227050781,4.227935791015625
Univariate,univariate,Brent Oil,Com_BrentCrudeOil,tscv,15,2024-12-09,610,3,PatchTST,iTransformer,73.48958587646484,69.67108917236328,3.8184967041015625
Univariate,univariate,Brent Oil,Com_BrentCrudeOil,tscv,15,2024-12-16,611,4,PatchTST,iTransformer,73.21955871582031,68.58089447021484,4.638664245605469
Univariate,univariate,Brent Oil,Com_BrentCrudeOil,tscv,15,2024-12-23,612,5,PatchTST,iTransformer,73.44568634033203,72.31961822509766,1.126068115234375
Univariate,univariate,Brent Oil,Com_BrentCrudeOil,tscv,15,2024-12-30,613,6,PatchTST,iTransformer,75.3517837524414,69.90290069580078,5.448883056640625
Univariate,univariate,Brent Oil,Com_BrentCrudeOil,tscv,15,2025-01-06,614,7,PatchTST,iTransformer,77.89148712158203,70.96981811523438,6.921669006347656
Univariate,univariate,Brent Oil,Com_BrentCrudeOil,tscv,15,2025-01-13,615,8,PatchTST,iTransformer,80.95013427734375,72.25398254394531,8.696151733398438
Univariate,univariate,Brent Oil,Com_BrentCrudeOil,tscv,15,2025-01-20,616,9,PatchTST,iTransformer,78.79235076904297,73.23638916015625,5.555961608886719
Univariate,univariate,Brent Oil,Com_BrentCrudeOil,tscv,15,2025-01-27,617,10,PatchTST,iTransformer,76.10587310791016,73.33317565917969,2.7726974487304688
Univariate,univariate,Brent Oil,Com_BrentCrudeOil,tscv,15,2025-02-03,618,11,PatchTST,iTransformer,75.14842987060547,78.11619567871094,-2.9677658081054688
Univariate,univariate,Brent Oil,Com_BrentCrudeOil,tscv,15,2025-02-10,619,12,PatchTST,iTransformer,75.43816375732422,76.18144989013672,-0.7432861328125
Univariate,univariate,Brent Oil,Com_BrentCrudeOil,tscv,15,2024-11-25,608,1,PatchTST,XGBoost,72.4459457397461,70.00776672363281,2.4381790161132812
Univariate,univariate,Brent Oil,Com_BrentCrudeOil,tscv,15,2024-12-02,609,2,PatchTST,XGBoost,71.92588806152344,70.01819610595703,1.9076919555664062
Univariate,univariate,Brent Oil,Com_BrentCrudeOil,tscv,15,2024-12-09,610,3,PatchTST,XGBoost,73.48958587646484,70.42442321777344,3.0651626586914062
Univariate,univariate,Brent Oil,Com_BrentCrudeOil,tscv,15,2024-12-16,611,4,PatchTST,XGBoost,73.21955871582031,69.98003387451172,3.2395248413085938
Univariate,univariate,Brent Oil,Com_BrentCrudeOil,tscv,15,2024-12-23,612,5,PatchTST,XGBoost,73.44568634033203,73.23100280761719,0.21468353271484375
Univariate,univariate,Brent Oil,Com_BrentCrudeOil,tscv,15,2024-12-30,613,6,PatchTST,XGBoost,75.3517837524414,71.34488677978516,4.00689697265625
Univariate,univariate,Brent Oil,Com_BrentCrudeOil,tscv,15,2025-01-06,614,7,PatchTST,XGBoost,77.89148712158203,73.50262451171875,4.388862609863281
Univariate,univariate,Brent Oil,Com_BrentCrudeOil,tscv,15,2025-01-13,615,8,PatchTST,XGBoost,80.95013427734375,74.84708404541016,6.103050231933594
Univariate,univariate,Brent Oil,Com_BrentCrudeOil,tscv,15,2025-01-20,616,9,PatchTST,XGBoost,78.79235076904297,74.6741714477539,4.1181793212890625
Univariate,univariate,Brent Oil,Com_BrentCrudeOil,tscv,15,2025-01-27,617,10,PatchTST,XGBoost,76.10587310791016,74.26610565185547,1.8397674560546875
Univariate,univariate,Brent Oil,Com_BrentCrudeOil,tscv,15,2025-02-03,618,11,PatchTST,XGBoost,75.14842987060547,78.5852279663086,-3.436798095703125
Univariate,univariate,Brent Oil,Com_BrentCrudeOil,tscv,15,2025-02-10,619,12,PatchTST,XGBoost,75.43816375732422,77.45298767089844,-2.0148239135742188
Univariate,univariate,Brent Oil,Com_BrentCrudeOil,tscv,15,2024-11-25,608,1,PatchTST,LightGBM,72.4459457397461,68.92086791992188,3.5250778198242188
Univariate,univariate,Brent Oil,Com_BrentCrudeOil,tscv,15,2024-12-02,609,2,PatchTST,LightGBM,71.92588806152344,69.71310424804688,2.2127838134765625
Univariate,univariate,Brent Oil,Com_BrentCrudeOil,tscv,15,2024-12-09,610,3,PatchTST,LightGBM,73.48958587646484,71.65438842773438,1.8351974487304688
Univariate,univariate,Brent Oil,Com_BrentCrudeOil,tscv,15,2024-12-16,611,4,PatchTST,LightGBM,73.21955871582031,70.58171844482422,2.6378402709960938
Univariate,univariate,Brent Oil,Com_BrentCrudeOil,tscv,15,2024-12-23,612,5,PatchTST,LightGBM,73.44568634033203,74.24339294433594,-0.7977066040039062
Univariate,univariate,Brent Oil,Com_BrentCrudeOil,tscv,15,2024-12-30,613,6,PatchTST,LightGBM,75.3517837524414,71.82597351074219,3.5258102416992188
Univariate,univariate,Brent Oil,Com_BrentCrudeOil,tscv,15,2025-01-06,614,7,PatchTST,LightGBM,77.89148712158203,72.8581771850586,5.0333099365234375
Univariate,univariate,Brent Oil,Com_BrentCrudeOil,tscv,15,2025-01-13,615,8,PatchTST,LightGBM,80.95013427734375,74.07080078125,6.87933349609375
Univariate,univariate,Brent Oil,Com_BrentCrudeOil,tscv,15,2025-01-20,616,9,PatchTST,LightGBM,78.79235076904297,74.71339416503906,4.078956604003906
Univariate,univariate,Brent Oil,Com_BrentCrudeOil,tscv,15,2025-01-27,617,10,PatchTST,LightGBM,76.10587310791016,75.12877655029297,0.9770965576171875
Univariate,univariate,Brent Oil,Com_BrentCrudeOil,tscv,15,2025-02-03,618,11,PatchTST,LightGBM,75.14842987060547,79.54000091552734,-4.391571044921875
Univariate,univariate,Brent Oil,Com_BrentCrudeOil,tscv,15,2025-02-10,619,12,PatchTST,LightGBM,75.43816375732422,77.61712646484375,-2.1789627075195312
Univariate,univariate,Brent Oil,Com_BrentCrudeOil,tscv,16,2024-12-23,612,1,PatchTST,-,73.44568634033203,75.73632049560547,-2.2906341552734375
Univariate,univariate,Brent Oil,Com_BrentCrudeOil,tscv,16,2024-12-30,613,2,PatchTST,-,75.3517837524414,75.03388977050781,0.31789398193359375
Univariate,univariate,Brent Oil,Com_BrentCrudeOil,tscv,16,2025-01-06,614,3,PatchTST,-,77.89148712158203,77.18547821044922,0.7060089111328125
Univariate,univariate,Brent Oil,Com_BrentCrudeOil,tscv,16,2025-01-13,615,4,PatchTST,-,80.95013427734375,76.77379608154297,4.176338195800781
Univariate,univariate,Brent Oil,Com_BrentCrudeOil,tscv,16,2025-01-20,616,5,PatchTST,-,78.79235076904297,77.11787414550781,1.6744766235351562
Univariate,univariate,Brent Oil,Com_BrentCrudeOil,tscv,16,2025-01-27,617,6,PatchTST,-,76.10587310791016,77.26586151123047,-1.1599884033203125
Univariate,univariate,Brent Oil,Com_BrentCrudeOil,tscv,16,2025-02-03,618,7,PatchTST,-,75.14842987060547,77.92676544189453,-2.7783355712890625
Univariate,univariate,Brent Oil,Com_BrentCrudeOil,tscv,16,2025-02-10,619,8,PatchTST,-,75.43816375732422,77.52799224853516,-2.0898284912109375
Univariate,univariate,Brent Oil,Com_BrentCrudeOil,tscv,16,2025-02-17,620,9,PatchTST,-,75.4046630859375,78.11774444580078,-2.7130813598632812
Univariate,univariate,Brent Oil,Com_BrentCrudeOil,tscv,16,2025-02-24,621,10,PatchTST,-,73.14600372314453,77.7368392944336,-4.5908355712890625
Univariate,univariate,Brent Oil,Com_BrentCrudeOil,tscv,16,2025-03-03,622,11,PatchTST,-,70.35600280761719,77.97159576416016,-7.615592956542969
Univariate,univariate,Brent Oil,Com_BrentCrudeOil,tscv,16,2025-03-10,623,12,PatchTST,-,70.26238250732422,76.63314819335938,-6.370765686035156
Univariate,univariate,Brent Oil,Com_BrentCrudeOil,tscv,16,2024-12-23,612,1,PatchTST,NLinear,73.44568634033203,72.5986328125,0.8470535278320312
Univariate,univariate,Brent Oil,Com_BrentCrudeOil,tscv,16,2024-12-30,613,2,PatchTST,NLinear,75.3517837524414,72.41797637939453,2.933807373046875
Univariate,univariate,Brent Oil,Com_BrentCrudeOil,tscv,16,2025-01-06,614,3,PatchTST,NLinear,77.89148712158203,74.18344116210938,3.7080459594726562
Univariate,univariate,Brent Oil,Com_BrentCrudeOil,tscv,16,2025-01-13,615,4,PatchTST,NLinear,80.95013427734375,73.28763580322266,7.662498474121094
Univariate,univariate,Brent Oil,Com_BrentCrudeOil,tscv,16,2025-01-20,616,5,PatchTST,NLinear,78.79235076904297,72.8265609741211,5.965789794921875
Univariate,univariate,Brent Oil,Com_BrentCrudeOil,tscv,16,2025-01-27,617,6,PatchTST,NLinear,76.10587310791016,72.02163696289062,4.084236145019531
Univariate,univariate,Brent Oil,Com_BrentCrudeOil,tscv,16,2025-02-03,618,7,PatchTST,NLinear,75.14842987060547,71.67576599121094,3.4726638793945312
Univariate,univariate,Brent Oil,Com_BrentCrudeOil,tscv,16,2025-02-10,619,8,PatchTST,NLinear,75.43816375732422,70.3465805053711,5.091583251953125
Univariate,univariate,Brent Oil,Com_BrentCrudeOil,tscv,16,2025-02-17,620,9,PatchTST,NLinear,75.4046630859375,70.45036315917969,4.9542999267578125
Univariate,univariate,Brent Oil,Com_BrentCrudeOil,tscv,16,2025-02-24,621,10,PatchTST,NLinear,73.14600372314453,69.34545135498047,3.8005523681640625
Univariate,univariate,Brent Oil,Com_BrentCrudeOil,tscv,16,2025-03-03,622,11,PatchTST,NLinear,70.35600280761719,69.75714111328125,0.5988616943359375
Univariate,univariate,Brent Oil,Com_BrentCrudeOil,tscv,16,2025-03-10,623,12,PatchTST,NLinear,70.26238250732422,68.70686340332031,1.5555191040039062
Univariate,univariate,Brent Oil,Com_BrentCrudeOil,tscv,16,2024-12-23,612,1,PatchTST,iTransformer,73.44568634033203,71.11547088623047,2.3302154541015625
Univariate,univariate,Brent Oil,Com_BrentCrudeOil,tscv,16,2024-12-30,613,2,PatchTST,iTransformer,75.3517837524414,70.42117309570312,4.930610656738281
Univariate,univariate,Brent Oil,Com_BrentCrudeOil,tscv,16,2025-01-06,614,3,PatchTST,iTransformer,77.89148712158203,72.63362121582031,5.257865905761719
Univariate,univariate,Brent Oil,Com_BrentCrudeOil,tscv,16,2025-01-13,615,4,PatchTST,iTransformer,80.95013427734375,72.24609375,8.70404052734375
Univariate,univariate,Brent Oil,Com_BrentCrudeOil,tscv,16,2025-01-20,616,5,PatchTST,iTransformer,78.79235076904297,72.61126708984375,6.181083679199219
Univariate,univariate,Brent Oil,Com_BrentCrudeOil,tscv,16,2025-01-27,617,6,PatchTST,iTransformer,76.10587310791016,72.75537109375,3.3505020141601562
Univariate,univariate,Brent Oil,Com_BrentCrudeOil,tscv,16,2025-02-03,618,7,PatchTST,iTransformer,75.14842987060547,73.43833923339844,1.7100906372070312
Univariate,univariate,Brent Oil,Com_BrentCrudeOil,tscv,16,2025-02-10,619,8,PatchTST,iTransformer,75.43816375732422,73.02536010742188,2.4128036499023438
Univariate,univariate,Brent Oil,Com_BrentCrudeOil,tscv,16,2025-02-17,620,9,PatchTST,iTransformer,75.4046630859375,73.60790252685547,1.7967605590820312
Univariate,univariate,Brent Oil,Com_BrentCrudeOil,tscv,16,2025-02-24,621,10,PatchTST,iTransformer,73.14600372314453,73.22783660888672,-0.0818328857421875
Univariate,univariate,Brent Oil,Com_BrentCrudeOil,tscv,16,2025-03-03,622,11,PatchTST,iTransformer,70.35600280761719,73.42805480957031,-3.072052001953125
Univariate,univariate,Brent Oil,Com_BrentCrudeOil,tscv,16,2025-03-10,623,12,PatchTST,iTransformer,70.26238250732422,72.10002136230469,-1.8376388549804688
Univariate,univariate,Brent Oil,Com_BrentCrudeOil,tscv,16,2024-12-23,612,1,PatchTST,XGBoost,73.44568634033203,71.15894317626953,2.2867431640625
Univariate,univariate,Brent Oil,Com_BrentCrudeOil,tscv,16,2024-12-30,613,2,PatchTST,XGBoost,75.3517837524414,69.29429626464844,6.057487487792969
Univariate,univariate,Brent Oil,Com_BrentCrudeOil,tscv,16,2025-01-06,614,3,PatchTST,XGBoost,77.89148712158203,71.52255249023438,6.368934631347656
Univariate,univariate,Brent Oil,Com_BrentCrudeOil,tscv,16,2025-01-13,615,4,PatchTST,XGBoost,80.95013427734375,70.9063949584961,10.043739318847656
Univariate,univariate,Brent Oil,Com_BrentCrudeOil,tscv,16,2025-01-20,616,5,PatchTST,XGBoost,78.79235076904297,71.10515594482422,7.68719482421875
Univariate,univariate,Brent Oil,Com_BrentCrudeOil,tscv,16,2025-01-27,617,6,PatchTST,XGBoost,76.10587310791016,71.20066833496094,4.905204772949219
Univariate,univariate,Brent Oil,Com_BrentCrudeOil,tscv,16,2025-02-03,618,7,PatchTST,XGBoost,75.14842987060547,72.17120361328125,2.9772262573242188
Univariate,univariate,Brent Oil,Com_BrentCrudeOil,tscv,16,2025-02-10,619,8,PatchTST,XGBoost,75.43816375732422,71.6978988647461,3.740264892578125
Univariate,univariate,Brent Oil,Com_BrentCrudeOil,tscv,16,2025-02-17,620,9,PatchTST,XGBoost,75.4046630859375,72.22019958496094,3.1844635009765625
Univariate,univariate,Brent Oil,Com_BrentCrudeOil,tscv,16,2025-02-24,621,10,PatchTST,XGBoost,73.14600372314453,71.94430541992188,1.2016983032226562
Univariate,univariate,Brent Oil,Com_BrentCrudeOil,tscv,16,2025-03-03,622,11,PatchTST,XGBoost,70.35600280761719,72.70675659179688,-2.3507537841796875
Univariate,univariate,Brent Oil,Com_BrentCrudeOil,tscv,16,2025-03-10,623,12,PatchTST,XGBoost,70.26238250732422,71.75625610351562,-1.4938735961914062
Univariate,univariate,Brent Oil,Com_BrentCrudeOil,tscv,16,2024-12-23,612,1,PatchTST,LightGBM,73.44568634033203,72.78380584716797,0.6618804931640625
Univariate,univariate,Brent Oil,Com_BrentCrudeOil,tscv,16,2024-12-30,613,2,PatchTST,LightGBM,75.3517837524414,71.86016845703125,3.4916152954101562
Univariate,univariate,Brent Oil,Com_BrentCrudeOil,tscv,16,2025-01-06,614,3,PatchTST,LightGBM,77.89148712158203,74.01175689697266,3.879730224609375
Univariate,univariate,Brent Oil,Com_BrentCrudeOil,tscv,16,2025-01-13,615,4,PatchTST,LightGBM,80.95013427734375,72.35516357421875,8.594970703125
Univariate,univariate,Brent Oil,Com_BrentCrudeOil,tscv,16,2025-01-20,616,5,PatchTST,LightGBM,78.79235076904297,71.33716583251953,7.4551849365234375
Univariate,univariate,Brent Oil,Com_BrentCrudeOil,tscv,16,2025-01-27,617,6,PatchTST,LightGBM,76.10587310791016,71.12088012695312,4.984992980957031
Univariate,univariate,Brent Oil,Com_BrentCrudeOil,tscv,16,2025-02-03,618,7,PatchTST,LightGBM,75.14842987060547,71.21739196777344,3.9310379028320312
Univariate,univariate,Brent Oil,Com_BrentCrudeOil,tscv,16,2025-02-10,619,8,PatchTST,LightGBM,75.43816375732422,71.659423828125,3.7787399291992188
Univariate,univariate,Brent Oil,Com_BrentCrudeOil,tscv,16,2025-02-17,620,9,PatchTST,LightGBM,75.4046630859375,72.99266052246094,2.4120025634765625
Univariate,univariate,Brent Oil,Com_BrentCrudeOil,tscv,16,2025-02-24,621,10,PatchTST,LightGBM,73.14600372314453,72.48451232910156,0.6614913940429688
Univariate,univariate,Brent Oil,Com_BrentCrudeOil,tscv,16,2025-03-03,622,11,PatchTST,LightGBM,70.35600280761719,72.11099243164062,-1.7549896240234375
Univariate,univariate,Brent Oil,Com_BrentCrudeOil,tscv,16,2025-03-10,623,12,PatchTST,LightGBM,70.26238250732422,71.38082122802734,-1.118438720703125
Univariate,univariate,Brent Oil,Com_BrentCrudeOil,tscv,17,2025-01-20,616,1,PatchTST,-,78.79235076904297,77.98306274414062,0.8092880249023438
Univariate,univariate,Brent Oil,Com_BrentCrudeOil,tscv,17,2025-01-27,617,2,PatchTST,-,76.10587310791016,79.77759552001953,-3.671722412109375
Univariate,univariate,Brent Oil,Com_BrentCrudeOil,tscv,17,2025-02-03,618,3,PatchTST,-,75.14842987060547,81.61370849609375,-6.465278625488281
Univariate,univariate,Brent Oil,Com_BrentCrudeOil,tscv,17,2025-02-10,619,4,PatchTST,-,75.43816375732422,80.80777740478516,-5.3696136474609375
Univariate,univariate,Brent Oil,Com_BrentCrudeOil,tscv,17,2025-02-17,620,5,PatchTST,-,75.4046630859375,81.71699523925781,-6.3123321533203125
Univariate,univariate,Brent Oil,Com_BrentCrudeOil,tscv,17,2025-02-24,621,6,PatchTST,-,73.14600372314453,81.23944854736328,-8.09344482421875
Univariate,univariate,Brent Oil,Com_BrentCrudeOil,tscv,17,2025-03-03,622,7,PatchTST,-,70.35600280761719,79.63202667236328,-9.276023864746094
Univariate,univariate,Brent Oil,Com_BrentCrudeOil,tscv,17,2025-03-10,623,8,PatchTST,-,70.26238250732422,76.3072280883789,-6.0448455810546875
Univariate,univariate,Brent Oil,Com_BrentCrudeOil,tscv,17,2025-03-17,624,9,PatchTST,-,71.52252960205078,73.44757080078125,-1.9250411987304688
Univariate,univariate,Brent Oil,Com_BrentCrudeOil,tscv,17,2025-03-24,625,10,PatchTST,-,73.04026794433594,72.19027709960938,0.8499908447265625
Univariate,univariate,Brent Oil,Com_BrentCrudeOil,tscv,17,2025-03-31,626,11,PatchTST,-,69.90252685546875,73.23422241210938,-3.331695556640625
Univariate,univariate,Brent Oil,Com_BrentCrudeOil,tscv,17,2025-04-07,627,12,PatchTST,-,64.27491760253906,71.82192993164062,-7.5470123291015625
Univariate,univariate,Brent Oil,Com_BrentCrudeOil,tscv,17,2025-01-20,616,1,PatchTST,NLinear,78.79235076904297,76.01609802246094,2.7762527465820312
Univariate,univariate,Brent Oil,Com_BrentCrudeOil,tscv,17,2025-01-27,617,2,PatchTST,NLinear,76.10587310791016,78.35896301269531,-2.2530899047851562
Univariate,univariate,Brent Oil,Com_BrentCrudeOil,tscv,17,2025-02-03,618,3,PatchTST,NLinear,75.14842987060547,80.6485366821289,-5.5001068115234375
Univariate,univariate,Brent Oil,Com_BrentCrudeOil,tscv,17,2025-02-10,619,4,PatchTST,NLinear,75.43816375732422,79.6290054321289,-4.1908416748046875
Univariate,univariate,Brent Oil,Com_BrentCrudeOil,tscv,17,2025-02-17,620,5,PatchTST,NLinear,75.4046630859375,79.88919830322266,-4.484535217285156
Univariate,univariate,Brent Oil,Com_BrentCrudeOil,tscv,17,2025-02-24,621,6,PatchTST,NLinear,73.14600372314453,78.64517974853516,-5.499176025390625
Univariate,univariate,Brent Oil,Com_BrentCrudeOil,tscv,17,2025-03-03,622,7,PatchTST,NLinear,70.35600280761719,77.02350616455078,-6.667503356933594
Univariate,univariate,Brent Oil,Com_BrentCrudeOil,tscv,17,2025-03-10,623,8,PatchTST,NLinear,70.26238250732422,73.21399688720703,-2.9516143798828125
Univariate,univariate,Brent Oil,Com_BrentCrudeOil,tscv,17,2025-03-17,624,9,PatchTST,NLinear,71.52252960205078,69.87026977539062,1.6522598266601562
Univariate,univariate,Brent Oil,Com_BrentCrudeOil,tscv,17,2025-03-24,625,10,PatchTST,NLinear,73.04026794433594,67.84907531738281,5.191192626953125
Univariate,univariate,Brent Oil,Com_BrentCrudeOil,tscv,17,2025-03-31,626,11,PatchTST,NLinear,69.90252685546875,68.33074951171875,1.57177734375
Univariate,univariate,Brent Oil,Com_BrentCrudeOil,tscv,17,2025-04-07,627,12,PatchTST,NLinear,64.27491760253906,66.66129302978516,-2.3863754272460938
Univariate,univariate,Brent Oil,Com_BrentCrudeOil,tscv,17,2025-01-20,616,1,PatchTST,iTransformer,78.79235076904297,74.55876922607422,4.23358154296875
Univariate,univariate,Brent Oil,Com_BrentCrudeOil,tscv,17,2025-01-27,617,2,PatchTST,iTransformer,76.10587310791016,76.33625030517578,-0.230377197265625
Univariate,univariate,Brent Oil,Com_BrentCrudeOil,tscv,17,2025-02-03,618,3,PatchTST,iTransformer,75.14842987060547,78.16500854492188,-3.0165786743164062
Univariate,univariate,Brent Oil,Com_BrentCrudeOil,tscv,17,2025-02-10,619,4,PatchTST,iTransformer,75.43816375732422,77.4240493774414,-1.9858856201171875
Univariate,univariate,Brent Oil,Com_BrentCrudeOil,tscv,17,2025-02-17,620,5,PatchTST,iTransformer,75.4046630859375,78.25118255615234,-2.8465194702148438
Univariate,univariate,Brent Oil,Com_BrentCrudeOil,tscv,17,2025-02-24,621,6,PatchTST,iTransformer,73.14600372314453,77.75403594970703,-4.6080322265625
Univariate,univariate,Brent Oil,Com_BrentCrudeOil,tscv,17,2025-03-03,622,7,PatchTST,iTransformer,70.35600280761719,76.14493560791016,-5.788932800292969
Univariate,univariate,Brent Oil,Com_BrentCrudeOil,tscv,17,2025-03-10,623,8,PatchTST,iTransformer,70.26238250732422,72.86975860595703,-2.6073760986328125
Univariate,univariate,Brent Oil,Com_BrentCrudeOil,tscv,17,2025-03-17,624,9,PatchTST,iTransformer,71.52252960205078,70.09526824951172,1.4272613525390625
Univariate,univariate,Brent Oil,Com_BrentCrudeOil,tscv,17,2025-03-24,625,10,PatchTST,iTransformer,73.04026794433594,68.74110412597656,4.299163818359375
Univariate,univariate,Brent Oil,Com_BrentCrudeOil,tscv,17,2025-03-31,626,11,PatchTST,iTransformer,69.90252685546875,69.7710189819336,0.13150787353515625
Univariate,univariate,Brent Oil,Com_BrentCrudeOil,tscv,17,2025-04-07,627,12,PatchTST,iTransformer,64.27491760253906,68.34586334228516,-4.070945739746094
Univariate,univariate,Brent Oil,Com_BrentCrudeOil,tscv,17,2025-01-20,616,1,PatchTST,XGBoost,78.79235076904297,74.45629119873047,4.3360595703125
Univariate,univariate,Brent Oil,Com_BrentCrudeOil,tscv,17,2025-01-27,617,2,PatchTST,XGBoost,76.10587310791016,75.09669494628906,1.0091781616210938
Univariate,univariate,Brent Oil,Com_BrentCrudeOil,tscv,17,2025-02-03,618,3,PatchTST,XGBoost,75.14842987060547,78.29187774658203,-3.1434478759765625
Univariate,univariate,Brent Oil,Com_BrentCrudeOil,tscv,17,2025-02-10,619,4,PatchTST,XGBoost,75.43816375732422,77.48594665527344,-2.0477828979492188
Univariate,univariate,Brent Oil,Com_BrentCrudeOil,tscv,17,2025-02-17,620,5,PatchTST,XGBoost,75.4046630859375,78.571044921875,-3.1663818359375
Univariate,univariate,Brent Oil,Com_BrentCrudeOil,tscv,17,2025-02-24,621,6,PatchTST,XGBoost,73.14600372314453,77.03340148925781,-3.8873977661132812
Univariate,univariate,Brent Oil,Com_BrentCrudeOil,tscv,17,2025-03-03,622,7,PatchTST,XGBoost,70.35600280761719,75.586181640625,-5.2301788330078125
Univariate,univariate,Brent Oil,Com_BrentCrudeOil,tscv,17,2025-03-10,623,8,PatchTST,XGBoost,70.26238250732422,73.09591674804688,-2.8335342407226562
Univariate,univariate,Brent Oil,Com_BrentCrudeOil,tscv,17,2025-03-17,624,9,PatchTST,XGBoost,71.52252960205078,69.17616271972656,2.3463668823242188
Univariate,univariate,Brent Oil,Com_BrentCrudeOil,tscv,17,2025-03-24,625,10,PatchTST,XGBoost,73.04026794433594,67.7729263305664,5.267341613769531
Univariate,univariate,Brent Oil,Com_BrentCrudeOil,tscv,17,2025-03-31,626,11,PatchTST,XGBoost,69.90252685546875,68.8168716430664,1.0856552124023438
Univariate,univariate,Brent Oil,Com_BrentCrudeOil,tscv,17,2025-04-07,627,12,PatchTST,XGBoost,64.27491760253906,67.40457916259766,-3.1296615600585938
Univariate,univariate,Brent Oil,Com_BrentCrudeOil,tscv,17,2025-01-20,616,1,PatchTST,LightGBM,78.79235076904297,74.57133483886719,4.221015930175781
Univariate,univariate,Brent Oil,Com_BrentCrudeOil,tscv,17,2025-01-27,617,2,PatchTST,LightGBM,76.10587310791016,75.38400268554688,0.7218704223632812
Univariate,univariate,Brent Oil,Com_BrentCrudeOil,tscv,17,2025-02-03,618,3,PatchTST,LightGBM,75.14842987060547,77.2201156616211,-2.071685791015625
Univariate,univariate,Brent Oil,Com_BrentCrudeOil,tscv,17,2025-02-10,619,4,PatchTST,LightGBM,75.43816375732422,76.4141845703125,-0.9760208129882812
Univariate,univariate,Brent Oil,Com_BrentCrudeOil,tscv,17,2025-02-17,620,5,PatchTST,LightGBM,75.4046630859375,77.32340240478516,-1.9187393188476562
Univariate,univariate,Brent Oil,Com_BrentCrudeOil,tscv,17,2025-02-24,621,6,PatchTST,LightGBM,73.14600372314453,76.84585571289062,-3.6998519897460938
Univariate,univariate,Brent Oil,Com_BrentCrudeOil,tscv,17,2025-03-03,622,7,PatchTST,LightGBM,70.35600280761719,75.23843383789062,-4.8824310302734375
Univariate,univariate,Brent Oil,Com_BrentCrudeOil,tscv,17,2025-03-10,623,8,PatchTST,LightGBM,70.26238250732422,71.91363525390625,-1.6512527465820312
Univariate,univariate,Brent Oil,Com_BrentCrudeOil,tscv,17,2025-03-17,624,9,PatchTST,LightGBM,71.52252960205078,69.0539779663086,2.4685516357421875
Univariate,univariate,Brent Oil,Com_BrentCrudeOil,tscv,17,2025-03-24,625,10,PatchTST,LightGBM,73.04026794433594,67.79668426513672,5.243583679199219
Univariate,univariate,Brent Oil,Com_BrentCrudeOil,tscv,17,2025-03-31,626,11,PatchTST,LightGBM,69.90252685546875,68.84062957763672,1.0618972778320312
Univariate,univariate,Brent Oil,Com_BrentCrudeOil,tscv,17,2025-04-07,627,12,PatchTST,LightGBM,64.27491760253906,67.42833709716797,-3.1534194946289062
Univariate,univariate,Brent Oil,Com_BrentCrudeOil,tscv,18,2025-02-17,620,1,PatchTST,-,75.4046630859375,78.8156509399414,-3.4109878540039062
Univariate,univariate,Brent Oil,Com_BrentCrudeOil,tscv,18,2025-02-24,621,2,PatchTST,-,73.14600372314453,76.8260726928711,-3.6800689697265625
Univariate,univariate,Brent Oil,Com_BrentCrudeOil,tscv,18,2025-03-03,622,3,PatchTST,-,70.35600280761719,76.10271453857422,-5.746711730957031
Univariate,univariate,Brent Oil,Com_BrentCrudeOil,tscv,18,2025-03-10,623,4,PatchTST,-,70.26238250732422,74.43316650390625,-4.170783996582031
Univariate,univariate,Brent Oil,Com_BrentCrudeOil,tscv,18,2025-03-17,624,5,PatchTST,-,71.52252960205078,73.4375228881836,-1.9149932861328125
Univariate,univariate,Brent Oil,Com_BrentCrudeOil,tscv,18,2025-03-24,625,6,PatchTST,-,73.04026794433594,73.28168487548828,-0.24141693115234375
Univariate,univariate,Brent Oil,Com_BrentCrudeOil,tscv,18,2025-03-31,626,7,PatchTST,-,69.90252685546875,72.98387908935547,-3.0813522338867188
Univariate,univariate,Brent Oil,Com_BrentCrudeOil,tscv,18,2025-04-07,627,8,PatchTST,-,64.27491760253906,70.3427963256836,-6.067878723144531
Univariate,univariate,Brent Oil,Com_BrentCrudeOil,tscv,18,2025-04-14,628,9,PatchTST,-,66.60935974121094,67.7182388305664,-1.1088790893554688
Univariate,univariate,Brent Oil,Com_BrentCrudeOil,tscv,18,2025-04-21,629,10,PatchTST,-,66.57654571533203,64.15596771240234,2.4205780029296875
Univariate,univariate,Brent Oil,Com_BrentCrudeOil,tscv,18,2025-04-28,630,11,PatchTST,-,61.81767272949219,63.05135726928711,-1.2336845397949219
Univariate,univariate,Brent Oil,Com_BrentCrudeOil,tscv,18,2025-05-05,631,12,PatchTST,-,62.62345886230469,59.727657318115234,2.895801544189453
Univariate,univariate,Brent Oil,Com_BrentCrudeOil,tscv,18,2025-02-17,620,1,PatchTST,NLinear,75.4046630859375,74.54376983642578,0.8608932495117188
Univariate,univariate,Brent Oil,Com_BrentCrudeOil,tscv,18,2025-02-24,621,2,PatchTST,NLinear,73.14600372314453,71.0474853515625,2.0985183715820312
Univariate,univariate,Brent Oil,Com_BrentCrudeOil,tscv,18,2025-03-03,622,3,PatchTST,NLinear,70.35600280761719,68.9490966796875,1.4069061279296875
Univariate,univariate,Brent Oil,Com_BrentCrudeOil,tscv,18,2025-03-10,623,4,PatchTST,NLinear,70.26238250732422,65.7558822631836,4.506500244140625
Univariate,univariate,Brent Oil,Com_BrentCrudeOil,tscv,18,2025-03-17,624,5,PatchTST,NLinear,71.52252960205078,64.31686401367188,7.205665588378906
Univariate,univariate,Brent Oil,Com_BrentCrudeOil,tscv,18,2025-03-24,625,6,PatchTST,NLinear,73.04026794433594,63.355133056640625,9.685134887695312
Univariate,univariate,Brent Oil,Com_BrentCrudeOil,tscv,18,2025-03-31,626,7,PatchTST,NLinear,69.90252685546875,62.37015151977539,7.532375335693359
Univariate,univariate,Brent Oil,Com_BrentCrudeOil,tscv,18,2025-04-07,627,8,PatchTST,NLinear,64.27491760253906,59.084266662597656,5.190650939941406
Univariate,univariate,Brent Oil,Com_BrentCrudeOil,tscv,18,2025-04-14,628,9,PatchTST,NLinear,66.60935974121094,54.70090103149414,11.908458709716797
Univariate,univariate,Brent Oil,Com_BrentCrudeOil,tscv,18,2025-04-21,629,10,PatchTST,NLinear,66.57654571533203,49.85361099243164,16.72293472290039
Univariate,univariate,Brent Oil,Com_BrentCrudeOil,tscv,18,2025-04-28,630,11,PatchTST,NLinear,61.81767272949219,47.13018035888672,14.687492370605469
Univariate,univariate,Brent Oil,Com_BrentCrudeOil,tscv,18,2025-05-05,631,12,PatchTST,NLinear,62.62345886230469,41.219024658203125,21.404434204101562
Univariate,univariate,Brent Oil,Com_BrentCrudeOil,tscv,18,2025-02-17,620,1,PatchTST,iTransformer,75.4046630859375,77.79415130615234,-2.3894882202148438
Univariate,univariate,Brent Oil,Com_BrentCrudeOil,tscv,18,2025-02-24,621,2,PatchTST,iTransformer,73.14600372314453,75.8440933227539,-2.698089599609375
Univariate,univariate,Brent Oil,Com_BrentCrudeOil,tscv,18,2025-03-03,622,3,PatchTST,iTransformer,70.35600280761719,75.1822280883789,-4.826225280761719
Univariate,univariate,Brent Oil,Com_BrentCrudeOil,tscv,18,2025-03-10,623,4,PatchTST,iTransformer,70.26238250732422,73.54197692871094,-3.2795944213867188
Univariate,univariate,Brent Oil,Com_BrentCrudeOil,tscv,18,2025-03-17,624,5,PatchTST,iTransformer,71.52252960205078,72.43333435058594,-0.9108047485351562
Univariate,univariate,Brent Oil,Com_BrentCrudeOil,tscv,18,2025-03-24,625,6,PatchTST,iTransformer,73.04026794433594,72.29965209960938,0.7406158447265625
Univariate,univariate,Brent Oil,Com_BrentCrudeOil,tscv,18,2025-03-31,626,7,PatchTST,iTransformer,69.90252685546875,72.02029418945312,-2.117767333984375
Univariate,univariate,Brent Oil,Com_BrentCrudeOil,tscv,18,2025-04-07,627,8,PatchTST,iTransformer,64.27491760253906,69.38241577148438,-5.1074981689453125
Univariate,univariate,Brent Oil,Com_BrentCrudeOil,tscv,18,2025-04-14,628,9,PatchTST,iTransformer,66.60935974121094,66.75924682617188,-0.1498870849609375
Univariate,univariate,Brent Oil,Com_BrentCrudeOil,tscv,18,2025-04-21,629,10,PatchTST,iTransformer,66.57654571533203,63.14131546020508,3.435230255126953
Univariate,univariate,Brent Oil,Com_BrentCrudeOil,tscv,18,2025-04-28,630,11,PatchTST,iTransformer,61.81767272949219,62.12789535522461,-0.3102226257324219
Univariate,univariate,Brent Oil,Com_BrentCrudeOil,tscv,18,2025-05-05,631,12,PatchTST,iTransformer,62.62345886230469,58.85297775268555,3.7704811096191406
Univariate,univariate,Brent Oil,Com_BrentCrudeOil,tscv,18,2025-02-17,620,1,PatchTST,XGBoost,75.4046630859375,74.13362121582031,1.2710418701171875
Univariate,univariate,Brent Oil,Com_BrentCrudeOil,tscv,18,2025-02-24,621,2,PatchTST,XGBoost,73.14600372314453,71.01282501220703,2.1331787109375
Univariate,univariate,Brent Oil,Com_BrentCrudeOil,tscv,18,2025-03-03,622,3,PatchTST,XGBoost,70.35600280761719,70.93538665771484,-0.5793838500976562
Univariate,univariate,Brent Oil,Com_BrentCrudeOil,tscv,18,2025-03-10,623,4,PatchTST,XGBoost,70.26238250732422,68.64807891845703,1.6143035888671875
Univariate,univariate,Brent Oil,Com_BrentCrudeOil,tscv,18,2025-03-17,624,5,PatchTST,XGBoost,71.52252960205078,67.27252960205078,4.25
Univariate,univariate,Brent Oil,Com_BrentCrudeOil,tscv,18,2025-03-24,625,6,PatchTST,XGBoost,73.04026794433594,67.41657257080078,5.623695373535156
Univariate,univariate,Brent Oil,Com_BrentCrudeOil,tscv,18,2025-03-31,626,7,PatchTST,XGBoost,69.90252685546875,67.3701171875,2.53240966796875
Univariate,univariate,Brent Oil,Com_BrentCrudeOil,tscv,18,2025-04-07,627,8,PatchTST,XGBoost,64.27491760253906,64.57237243652344,-0.297454833984375
Univariate,univariate,Brent Oil,Com_BrentCrudeOil,tscv,18,2025-04-14,628,9,PatchTST,XGBoost,66.60935974121094,62.27717590332031,4.332183837890625
Univariate,univariate,Brent Oil,Com_BrentCrudeOil,tscv,18,2025-04-21,629,10,PatchTST,XGBoost,66.57654571533203,58.809059143066406,7.767486572265625
Univariate,univariate,Brent Oil,Com_BrentCrudeOil,tscv,18,2025-04-28,630,11,PatchTST,XGBoost,61.81767272949219,57.645294189453125,4.1723785400390625
Univariate,univariate,Brent Oil,Com_BrentCrudeOil,tscv,18,2025-05-05,631,12,PatchTST,XGBoost,62.62345886230469,53.73111343383789,8.892345428466797
Univariate,univariate,Brent Oil,Com_BrentCrudeOil,tscv,18,2025-02-17,620,1,PatchTST,LightGBM,75.4046630859375,74.49243927001953,0.9122238159179688
Univariate,univariate,Brent Oil,Com_BrentCrudeOil,tscv,18,2025-02-24,621,2,PatchTST,LightGBM,73.14600372314453,72.37799835205078,0.76800537109375
Univariate,univariate,Brent Oil,Com_BrentCrudeOil,tscv,18,2025-03-03,622,3,PatchTST,LightGBM,70.35600280761719,72.80970764160156,-2.453704833984375
Univariate,univariate,Brent Oil,Com_BrentCrudeOil,tscv,18,2025-03-10,623,4,PatchTST,LightGBM,70.26238250732422,69.98509216308594,0.27729034423828125
Univariate,univariate,Brent Oil,Com_BrentCrudeOil,tscv,18,2025-03-17,624,5,PatchTST,LightGBM,71.52252960205078,69.06998443603516,2.452545166015625
Univariate,univariate,Brent Oil,Com_BrentCrudeOil,tscv,18,2025-03-24,625,6,PatchTST,LightGBM,73.04026794433594,68.83361053466797,4.206657409667969
Univariate,univariate,Brent Oil,Com_BrentCrudeOil,tscv,18,2025-03-31,626,7,PatchTST,LightGBM,69.90252685546875,68.53580474853516,1.3667221069335938
Univariate,univariate,Brent Oil,Com_BrentCrudeOil,tscv,18,2025-04-07,627,8,PatchTST,LightGBM,64.27491760253906,65.89472198486328,-1.6198043823242188
Univariate,univariate,Brent Oil,Com_BrentCrudeOil,tscv,18,2025-04-14,628,9,PatchTST,LightGBM,66.60935974121094,63.27016830444336,3.339191436767578
Univariate,univariate,Brent Oil,Com_BrentCrudeOil,tscv,18,2025-04-21,629,10,PatchTST,LightGBM,66.57654571533203,59.7078971862793,6.868648529052734
Univariate,univariate,Brent Oil,Com_BrentCrudeOil,tscv,18,2025-04-28,630,11,PatchTST,LightGBM,61.81767272949219,58.60328674316406,3.214385986328125
Univariate,univariate,Brent Oil,Com_BrentCrudeOil,tscv,18,2025-05-05,631,12,PatchTST,LightGBM,62.62345886230469,55.27958679199219,7.3438720703125
Univariate,univariate,Brent Oil,Com_BrentCrudeOil,tscv,19,2025-03-17,624,1,PatchTST,-,71.52252960205078,74.97077178955078,-3.4482421875
Univariate,univariate,Brent Oil,Com_BrentCrudeOil,tscv,19,2025-03-24,625,2,PatchTST,-,73.04026794433594,74.83441162109375,-1.7941436767578125
Univariate,univariate,Brent Oil,Com_BrentCrudeOil,tscv,19,2025-03-31,626,3,PatchTST,-,69.90252685546875,75.36183166503906,-5.4593048095703125
Univariate,univariate,Brent Oil,Com_BrentCrudeOil,tscv,19,2025-04-07,627,4,PatchTST,-,64.27491760253906,72.8419418334961,-8.567024230957031
Univariate,univariate,Brent Oil,Com_BrentCrudeOil,tscv,19,2025-04-14,628,5,PatchTST,-,66.60935974121094,67.61421203613281,-1.004852294921875
Univariate,univariate,Brent Oil,Com_BrentCrudeOil,tscv,19,2025-04-21,629,6,PatchTST,-,66.57654571533203,66.4086685180664,0.167877197265625
Univariate,univariate,Brent Oil,Com_BrentCrudeOil,tscv,19,2025-04-28,630,7,PatchTST,-,61.81767272949219,67.21685791015625,-5.3991851806640625
Univariate,univariate,Brent Oil,Com_BrentCrudeOil,tscv,19,2025-05-05,631,8,PatchTST,-,62.62345886230469,63.44770431518555,-0.8242454528808594
Univariate,univariate,Brent Oil,Com_BrentCrudeOil,tscv,19,2025-05-12,632,9,PatchTST,-,65.50987243652344,62.513736724853516,2.996135711669922
Univariate,univariate,Brent Oil,Com_BrentCrudeOil,tscv,19,2025-05-19,633,10,PatchTST,-,65.00296020507812,64.58019256591797,0.42276763916015625
Univariate,univariate,Brent Oil,Com_BrentCrudeOil,tscv,19,2025-05-26,634,11,PatchTST,-,63.65324401855469,66.4831314086914,-2.8298873901367188
Univariate,univariate,Brent Oil,Com_BrentCrudeOil,tscv,19,2025-06-02,635,12,PatchTST,-,65.69291687011719,65.74138641357422,-0.04846954345703125
Univariate,univariate,Brent Oil,Com_BrentCrudeOil,tscv,19,2025-03-17,624,1,PatchTST,NLinear,71.52252960205078,70.4306640625,1.0918655395507812
Univariate,univariate,Brent Oil,Com_BrentCrudeOil,tscv,19,2025-03-24,625,2,PatchTST,NLinear,73.04026794433594,69.69227600097656,3.347991943359375
Univariate,univariate,Brent Oil,Com_BrentCrudeOil,tscv,19,2025-03-31,626,3,PatchTST,NLinear,69.90252685546875,69.43006134033203,0.47246551513671875
Univariate,univariate,Brent Oil,Com_BrentCrudeOil,tscv,19,2025-04-07,627,4,PatchTST,NLinear,64.27491760253906,66.10646057128906,-1.83154296875
Univariate,univariate,Brent Oil,Com_BrentCrudeOil,tscv,19,2025-04-14,628,5,PatchTST,NLinear,66.60935974121094,60.58722686767578,6.022132873535156
Univariate,univariate,Brent Oil,Com_BrentCrudeOil,tscv,19,2025-04-21,629,6,PatchTST,NLinear,66.57654571533203,59.273155212402344,7.3033905029296875
Univariate,univariate,Brent Oil,Com_BrentCrudeOil,tscv,19,2025-04-28,630,7,PatchTST,NLinear,61.81767272949219,60.783531188964844,1.0341415405273438
Univariate,univariate,Brent Oil,Com_BrentCrudeOil,tscv,19,2025-05-05,631,8,PatchTST,NLinear,62.62345886230469,57.727134704589844,4.896324157714844
Univariate,univariate,Brent Oil,Com_BrentCrudeOil,tscv,19,2025-05-12,632,9,PatchTST,NLinear,65.50987243652344,57.596466064453125,7.9134063720703125
Univariate,univariate,Brent Oil,Com_BrentCrudeOil,tscv,19,2025-05-19,633,10,PatchTST,NLinear,65.00296020507812,59.66536331176758,5.337596893310547
Univariate,univariate,Brent Oil,Com_BrentCrudeOil,tscv,19,2025-05-26,634,11,PatchTST,NLinear,63.65324401855469,61.917457580566406,1.7357864379882812
Univariate,univariate,Brent Oil,Com_BrentCrudeOil,tscv,19,2025-06-02,635,12,PatchTST,NLinear,65.69291687011719,60.96897506713867,4.723941802978516
Univariate,univariate,Brent Oil,Com_BrentCrudeOil,tscv,19,2025-03-17,624,1,PatchTST,iTransformer,71.52252960205078,70.64089965820312,0.8816299438476562
Univariate,univariate,Brent Oil,Com_BrentCrudeOil,tscv,19,2025-03-24,625,2,PatchTST,iTransformer,73.04026794433594,69.9534683227539,3.0867996215820312
Univariate,univariate,Brent Oil,Com_BrentCrudeOil,tscv,19,2025-03-31,626,3,PatchTST,iTransformer,69.90252685546875,70.13365936279297,-0.23113250732421875
Univariate,univariate,Brent Oil,Com_BrentCrudeOil,tscv,19,2025-04-07,627,4,PatchTST,iTransformer,64.27491760253906,70.29376220703125,-6.0188446044921875
Univariate,univariate,Brent Oil,Com_BrentCrudeOil,tscv,19,2025-04-14,628,5,PatchTST,iTransformer,66.60935974121094,68.55706787109375,-1.9477081298828125
Univariate,univariate,Brent Oil,Com_BrentCrudeOil,tscv,19,2025-04-21,629,6,PatchTST,iTransformer,66.57654571533203,67.55896759033203,-0.982421875
Univariate,univariate,Brent Oil,Com_BrentCrudeOil,tscv,19,2025-04-28,630,7,PatchTST,iTransformer,61.81767272949219,68.30874633789062,-6.4910736083984375
Univariate,univariate,Brent Oil,Com_BrentCrudeOil,tscv,19,2025-05-05,631,8,PatchTST,iTransformer,62.62345886230469,64.48394775390625,-1.8604888916015625
Univariate,univariate,Brent Oil,Com_BrentCrudeOil,tscv,19,2025-05-12,632,9,PatchTST,iTransformer,65.50987243652344,63.60960388183594,1.9002685546875
Univariate,univariate,Brent Oil,Com_BrentCrudeOil,tscv,19,2025-05-19,633,10,PatchTST,iTransformer,65.00296020507812,65.68511199951172,-0.6821517944335938
Univariate,univariate,Brent Oil,Com_BrentCrudeOil,tscv,19,2025-05-26,634,11,PatchTST,iTransformer,63.65324401855469,67.61767578125,-3.9644317626953125
Univariate,univariate,Brent Oil,Com_BrentCrudeOil,tscv,19,2025-06-02,635,12,PatchTST,iTransformer,65.69291687011719,66.86421203613281,-1.171295166015625
Univariate,univariate,Brent Oil,Com_BrentCrudeOil,tscv,19,2025-03-17,624,1,PatchTST,XGBoost,71.52252960205078,69.95314025878906,1.5693893432617188
Univariate,univariate,Brent Oil,Com_BrentCrudeOil,tscv,19,2025-03-24,625,2,PatchTST,XGBoost,73.04026794433594,69.69462585449219,3.34564208984375
Univariate,univariate,Brent Oil,Com_BrentCrudeOil,tscv,19,2025-03-31,626,3,PatchTST,XGBoost,69.90252685546875,71.77562713623047,-1.8731002807617188
Univariate,univariate,Brent Oil,Com_BrentCrudeOil,tscv,19,2025-04-07,627,4,PatchTST,XGBoost,64.27491760253906,68.2748794555664,-3.9999618530273438
Univariate,univariate,Brent Oil,Com_BrentCrudeOil,tscv,19,2025-04-14,628,5,PatchTST,XGBoost,66.60935974121094,62.703590393066406,3.9057693481445312
Univariate,univariate,Brent Oil,Com_BrentCrudeOil,tscv,19,2025-04-21,629,6,PatchTST,XGBoost,66.57654571533203,61.34883117675781,5.227714538574219
Univariate,univariate,Brent Oil,Com_BrentCrudeOil,tscv,19,2025-04-28,630,7,PatchTST,XGBoost,61.81767272949219,61.04485321044922,0.7728195190429688
Univariate,univariate,Brent Oil,Com_BrentCrudeOil,tscv,19,2025-05-05,631,8,PatchTST,XGBoost,62.62345886230469,54.60189437866211,8.021564483642578
Univariate,univariate,Brent Oil,Com_BrentCrudeOil,tscv,19,2025-05-12,632,9,PatchTST,XGBoost,65.50987243652344,54.50090789794922,11.008964538574219
Univariate,univariate,Brent Oil,Com_BrentCrudeOil,tscv,19,2025-05-19,633,10,PatchTST,XGBoost,65.00296020507812,58.42099380493164,6.581966400146484
Univariate,univariate,Brent Oil,Com_BrentCrudeOil,tscv,19,2025-05-26,634,11,PatchTST,XGBoost,63.65324401855469,61.756187438964844,1.8970565795898438
Univariate,univariate,Brent Oil,Com_BrentCrudeOil,tscv,19,2025-06-02,635,12,PatchTST,XGBoost,65.69291687011719,63.588558197021484,2.104358673095703
Univariate,univariate,Brent Oil,Com_BrentCrudeOil,tscv,19,2025-03-17,624,1,PatchTST,LightGBM,71.52252960205078,69.47852325439453,2.04400634765625
Univariate,univariate,Brent Oil,Com_BrentCrudeOil,tscv,19,2025-03-24,625,2,PatchTST,LightGBM,73.04026794433594,68.52608489990234,4.514183044433594
Univariate,univariate,Brent Oil,Com_BrentCrudeOil,tscv,19,2025-03-31,626,3,PatchTST,LightGBM,69.90252685546875,70.7651138305664,-0.8625869750976562
Univariate,univariate,Brent Oil,Com_BrentCrudeOil,tscv,19,2025-04-07,627,4,PatchTST,LightGBM,64.27491760253906,67.6219711303711,-3.3470535278320312
Univariate,univariate,Brent Oil,Com_BrentCrudeOil,tscv,19,2025-04-14,628,5,PatchTST,LightGBM,66.60935974121094,59.22586441040039,7.383495330810547
Univariate,univariate,Brent Oil,Com_BrentCrudeOil,tscv,19,2025-04-21,629,6,PatchTST,LightGBM,66.57654571533203,56.8817253112793,9.694820404052734
Univariate,univariate,Brent Oil,Com_BrentCrudeOil,tscv,19,2025-04-28,630,7,PatchTST,LightGBM,61.81767272949219,57.68991470336914,4.127758026123047
Univariate,univariate,Brent Oil,Com_BrentCrudeOil,tscv,19,2025-05-05,631,8,PatchTST,LightGBM,62.62345886230469,53.92076110839844,8.70269775390625
Univariate,univariate,Brent Oil,Com_BrentCrudeOil,tscv,19,2025-05-12,632,9,PatchTST,LightGBM,65.50987243652344,52.986793518066406,12.523078918457031
Univariate,univariate,Brent Oil,Com_BrentCrudeOil,tscv,19,2025-05-19,633,10,PatchTST,LightGBM,65.00296020507812,57.40555191040039,7.597408294677734
Univariate,univariate,Brent Oil,Com_BrentCrudeOil,tscv,19,2025-05-26,634,11,PatchTST,LightGBM,63.65324401855469,60.7478141784668,2.9054298400878906
Univariate,univariate,Brent Oil,Com_BrentCrudeOil,tscv,19,2025-06-02,635,12,PatchTST,LightGBM,65.69291687011719,61.1446647644043,4.548252105712891
Univariate,univariate,Brent Oil,Com_BrentCrudeOil,tscv,20,2025-04-14,628,1,PatchTST,-,66.60935974121094,66.19379425048828,0.41556549072265625
Univariate,univariate,Brent Oil,Com_BrentCrudeOil,tscv,20,2025-04-21,629,2,PatchTST,-,66.57654571533203,63.642242431640625,2.9343032836914062
Univariate,univariate,Brent Oil,Com_BrentCrudeOil,tscv,20,2025-04-28,630,3,PatchTST,-,61.81767272949219,63.975616455078125,-2.1579437255859375
Univariate,univariate,Brent Oil,Com_BrentCrudeOil,tscv,20,2025-05-05,631,4,PatchTST,-,62.62345886230469,59.78470230102539,2.838756561279297
Univariate,univariate,Brent Oil,Com_BrentCrudeOil,tscv,20,2025-05-12,632,5,PatchTST,-,65.50987243652344,59.56986999511719,5.94000244140625
Univariate,univariate,Brent Oil,Com_BrentCrudeOil,tscv,20,2025-05-19,633,6,PatchTST,-,65.00296020507812,61.029605865478516,3.9733543395996094
Univariate,univariate,Brent Oil,Com_BrentCrudeOil,tscv,20,2025-05-26,634,7,PatchTST,-,63.65324401855469,62.21671676635742,1.4365272521972656
Univariate,univariate,Brent Oil,Com_BrentCrudeOil,tscv,20,2025-06-02,635,8,PatchTST,-,65.69291687011719,60.88549041748047,4.807426452636719
Univariate,univariate,Brent Oil,Com_BrentCrudeOil,tscv,20,2025-06-09,636,9,PatchTST,-,70.90538787841797,59.95647048950195,10.948917388916016
Univariate,univariate,Brent Oil,Com_BrentCrudeOil,tscv,20,2025-06-16,637,10,PatchTST,-,76.53987121582031,66.1097183227539,10.430152893066406
Univariate,univariate,Brent Oil,Com_BrentCrudeOil,tscv,20,2025-06-23,638,11,PatchTST,-,67.5205307006836,71.9226303100586,-4.402099609375
Univariate,univariate,Brent Oil,Com_BrentCrudeOil,tscv,20,2025-06-30,639,12,PatchTST,-,67.9451675415039,67.80451202392578,0.140655517578125
Univariate,univariate,Brent Oil,Com_BrentCrudeOil,tscv,20,2025-04-14,628,1,PatchTST,NLinear,66.60935974121094,59.225616455078125,7.3837432861328125
Univariate,univariate,Brent Oil,Com_BrentCrudeOil,tscv,20,2025-04-21,629,2,PatchTST,NLinear,66.57654571533203,56.7117805480957,9.864765167236328
Univariate,univariate,Brent Oil,Com_BrentCrudeOil,tscv,20,2025-04-28,630,3,PatchTST,NLinear,61.81767272949219,56.94808578491211,4.869586944580078
Univariate,univariate,Brent Oil,Com_BrentCrudeOil,tscv,20,2025-05-05,631,4,PatchTST,NLinear,62.62345886230469,53.618064880371094,9.005393981933594
Univariate,univariate,Brent Oil,Com_BrentCrudeOil,tscv,20,2025-05-12,632,5,PatchTST,NLinear,65.50987243652344,54.48442077636719,11.02545166015625
Univariate,univariate,Brent Oil,Com_BrentCrudeOil,tscv,20,2025-05-19,633,6,PatchTST,NLinear,65.00296020507812,56.318702697753906,8.684257507324219
Univariate,univariate,Brent Oil,Com_BrentCrudeOil,tscv,20,2025-05-26,634,7,PatchTST,NLinear,63.65324401855469,58.64177322387695,5.011470794677734
Univariate,univariate,Brent Oil,Com_BrentCrudeOil,tscv,20,2025-06-02,635,8,PatchTST,NLinear,65.69291687011719,58.2079963684082,7.484920501708984
Univariate,univariate,Brent Oil,Com_BrentCrudeOil,tscv,20,2025-06-09,636,9,PatchTST,NLinear,70.90538787841797,58.47156524658203,12.433822631835938
Univariate,univariate,Brent Oil,Com_BrentCrudeOil,tscv,20,2025-06-16,637,10,PatchTST,NLinear,76.53987121582031,65.44908142089844,11.090789794921875
Univariate,univariate,Brent Oil,Com_BrentCrudeOil,tscv,20,2025-06-23,638,11,PatchTST,NLinear,67.5205307006836,70.77835845947266,-3.2578277587890625
Univariate,univariate,Brent Oil,Com_BrentCrudeOil,tscv,20,2025-06-30,639,12,PatchTST,NLinear,67.9451675415039,67.20267486572266,0.74249267578125
Univariate,univariate,Brent Oil,Com_BrentCrudeOil,tscv,20,2025-04-14,628,1,PatchTST,iTransformer,66.60935974121094,62.38630294799805,4.223056793212891
Univariate,univariate,Brent Oil,Com_BrentCrudeOil,tscv,20,2025-04-21,629,2,PatchTST,iTransformer,66.57654571533203,61.252235412597656,5.324310302734375
Univariate,univariate,Brent Oil,Com_BrentCrudeOil,tscv,20,2025-04-28,630,3,PatchTST,iTransformer,61.81767272949219,64.3719253540039,-2.5542526245117188
Univariate,univariate,Brent Oil,Com_BrentCrudeOil,tscv,20,2025-05-05,631,4,PatchTST,iTransformer,62.62345886230469,61.059112548828125,1.5643463134765625
Univariate,univariate,Brent Oil,Com_BrentCrudeOil,tscv,20,2025-05-12,632,5,PatchTST,iTransformer,65.50987243652344,61.13636016845703,4.373512268066406
Univariate,univariate,Brent Oil,Com_BrentCrudeOil,tscv,20,2025-05-19,633,6,PatchTST,iTransformer,65.00296020507812,62.72958755493164,2.2733726501464844
Univariate,univariate,Brent Oil,Com_BrentCrudeOil,tscv,20,2025-05-26,634,7,PatchTST,iTransformer,63.65324401855469,64.04606628417969,-0.392822265625
Univariate,univariate,Brent Oil,Com_BrentCrudeOil,tscv,20,2025-06-02,635,8,PatchTST,iTransformer,65.69291687011719,62.78093338012695,2.9119834899902344
Univariate,univariate,Brent Oil,Com_BrentCrudeOil,tscv,20,2025-06-09,636,9,PatchTST,iTransformer,70.90538787841797,61.885169982910156,9.020217895507812
Univariate,univariate,Brent Oil,Com_BrentCrudeOil,tscv,20,2025-06-16,637,10,PatchTST,iTransformer,76.53987121582031,68.06088256835938,8.478988647460938
Univariate,univariate,Brent Oil,Com_BrentCrudeOil,tscv,20,2025-06-23,638,11,PatchTST,iTransformer,67.5205307006836,73.84642791748047,-6.325897216796875
Univariate,univariate,Brent Oil,Com_BrentCrudeOil,tscv,20,2025-06-30,639,12,PatchTST,iTransformer,67.9451675415039,69.68832397460938,-1.7431564331054688
Univariate,univariate,Brent Oil,Com_BrentCrudeOil,tscv,20,2025-04-14,628,1,PatchTST,XGBoost,66.60935974121094,61.625484466552734,4.983875274658203
Univariate,univariate,Brent Oil,Com_BrentCrudeOil,tscv,20,2025-04-21,629,2,PatchTST,XGBoost,66.57654571533203,60.368858337402344,6.2076873779296875
Univariate,univariate,Brent Oil,Com_BrentCrudeOil,tscv,20,2025-04-28,630,3,PatchTST,XGBoost,61.81767272949219,64.26791381835938,-2.4502410888671875
Univariate,univariate,Brent Oil,Com_BrentCrudeOil,tscv,20,2025-05-05,631,4,PatchTST,XGBoost,62.62345886230469,60.416175842285156,2.2072830200195312
Univariate,univariate,Brent Oil,Com_BrentCrudeOil,tscv,20,2025-05-12,632,5,PatchTST,XGBoost,65.50987243652344,59.91813278198242,5.591739654541016
Univariate,univariate,Brent Oil,Com_BrentCrudeOil,tscv,20,2025-05-19,633,6,PatchTST,XGBoost,65.00296020507812,62.020511627197266,2.9824485778808594
Univariate,univariate,Brent Oil,Com_BrentCrudeOil,tscv,20,2025-05-26,634,7,PatchTST,XGBoost,63.65324401855469,62.751861572265625,0.9013824462890625
Univariate,univariate,Brent Oil,Com_BrentCrudeOil,tscv,20,2025-06-02,635,8,PatchTST,XGBoost,65.69291687011719,61.052005767822266,4.640911102294922
Univariate,univariate,Brent Oil,Com_BrentCrudeOil,tscv,20,2025-06-09,636,9,PatchTST,XGBoost,70.90538787841797,60.619937896728516,10.285449981689453
Univariate,univariate,Brent Oil,Com_BrentCrudeOil,tscv,20,2025-06-16,637,10,PatchTST,XGBoost,76.53987121582031,65.89468383789062,10.645187377929688
Univariate,univariate,Brent Oil,Com_BrentCrudeOil,tscv,20,2025-06-23,638,11,PatchTST,XGBoost,67.5205307006836,71.26883697509766,-3.7483062744140625
Univariate,univariate,Brent Oil,Com_BrentCrudeOil,tscv,20,2025-06-30,639,12,PatchTST,XGBoost,67.9451675415039,66.77310943603516,1.17205810546875
Univariate,univariate,Brent Oil,Com_BrentCrudeOil,tscv,20,2025-04-14,628,1,PatchTST,LightGBM,66.60935974121094,60.90167999267578,5.707679748535156
Univariate,univariate,Brent Oil,Com_BrentCrudeOil,tscv,20,2025-04-21,629,2,PatchTST,LightGBM,66.57654571533203,58.562862396240234,8.013683319091797
Univariate,univariate,Brent Oil,Com_BrentCrudeOil,tscv,20,2025-04-28,630,3,PatchTST,LightGBM,61.81767272949219,57.06836700439453,4.749305725097656
Univariate,univariate,Brent Oil,Com_BrentCrudeOil,tscv,20,2025-05-05,631,4,PatchTST,LightGBM,62.62345886230469,52.8177604675293,9.80569839477539
Univariate,univariate,Brent Oil,Com_BrentCrudeOil,tscv,20,2025-05-12,632,5,PatchTST,LightGBM,65.50987243652344,52.41258239746094,13.0972900390625
Univariate,univariate,Brent Oil,Com_BrentCrudeOil,tscv,20,2025-05-19,633,6,PatchTST,LightGBM,65.00296020507812,55.20375442504883,9.799205780029297
Univariate,univariate,Brent Oil,Com_BrentCrudeOil,tscv,20,2025-05-26,634,7,PatchTST,LightGBM,63.65324401855469,56.390865325927734,7.262378692626953
Univariate,univariate,Brent Oil,Com_BrentCrudeOil,tscv,20,2025-06-02,635,8,PatchTST,LightGBM,65.69291687011719,55.05963897705078,10.633277893066406
Univariate,univariate,Brent Oil,Com_BrentCrudeOil,tscv,20,2025-06-09,636,9,PatchTST,LightGBM,70.90538787841797,54.47400665283203,16.431381225585938
Univariate,univariate,Brent Oil,Com_BrentCrudeOil,tscv,20,2025-06-16,637,10,PatchTST,LightGBM,76.53987121582031,60.62725830078125,15.912612915039062
Univariate,univariate,Brent Oil,Com_BrentCrudeOil,tscv,20,2025-06-23,638,11,PatchTST,LightGBM,67.5205307006836,66.6305160522461,0.8900146484375
Univariate,univariate,Brent Oil,Com_BrentCrudeOil,tscv,20,2025-06-30,639,12,PatchTST,LightGBM,67.9451675415039,62.91548156738281,5.029685974121094
Univariate,univariate,Brent Oil,Com_BrentCrudeOil,tscv,21,2025-05-12,632,1,PatchTST,-,65.50987243652344,61.35406494140625,4.1558074951171875
Univariate,univariate,Brent Oil,Com_BrentCrudeOil,tscv,21,2025-05-19,633,2,PatchTST,-,65.00296020507812,63.65719985961914,1.3457603454589844
Univariate,univariate,Brent Oil,Com_BrentCrudeOil,tscv,21,2025-05-26,634,3,PatchTST,-,63.65324401855469,64.18096160888672,-0.5277175903320312
Univariate,univariate,Brent Oil,Com_BrentCrudeOil,tscv,21,2025-06-02,635,4,PatchTST,-,65.69291687011719,62.751060485839844,2.9418563842773438
Univariate,univariate,Brent Oil,Com_BrentCrudeOil,tscv,21,2025-06-09,636,5,PatchTST,-,70.90538787841797,63.10128402709961,7.804103851318359
Univariate,univariate,Brent Oil,Com_BrentCrudeOil,tscv,21,2025-06-16,637,6,PatchTST,-,76.53987121582031,68.20257568359375,8.337295532226562
Univariate,univariate,Brent Oil,Com_BrentCrudeOil,tscv,21,2025-06-23,638,7,PatchTST,-,67.5205307006836,73.00958251953125,-5.489051818847656
Univariate,univariate,Brent Oil,Com_BrentCrudeOil,tscv,21,2025-06-30,639,8,PatchTST,-,67.9451675415039,69.39971923828125,-1.4545516967773438
Univariate,univariate,Brent Oil,Com_BrentCrudeOil,tscv,21,2025-07-07,640,9,PatchTST,-,69.90603637695312,68.1528091430664,1.7532272338867188
Univariate,univariate,Brent Oil,Com_BrentCrudeOil,tscv,21,2025-07-14,641,10,PatchTST,-,69.10814666748047,68.73348236083984,0.374664306640625
Univariate,univariate,Brent Oil,Com_BrentCrudeOil,tscv,21,2025-07-21,642,11,PatchTST,-,68.77239990234375,69.56685638427734,-0.7944564819335938
Univariate,univariate,Brent Oil,Com_BrentCrudeOil,tscv,21,2025-07-28,643,12,PatchTST,-,70.7232666015625,68.5352783203125,2.18798828125
Univariate,univariate,Brent Oil,Com_BrentCrudeOil,tscv,21,2025-05-12,632,1,PatchTST,NLinear,65.50987243652344,58.91636276245117,6.593509674072266
Univariate,univariate,Brent Oil,Com_BrentCrudeOil,tscv,21,2025-05-19,633,2,PatchTST,NLinear,65.00296020507812,60.966087341308594,4.036872863769531
Univariate,univariate,Brent Oil,Com_BrentCrudeOil,tscv,21,2025-05-26,634,3,PatchTST,NLinear,63.65324401855469,61.48575973510742,2.1674842834472656
Univariate,univariate,Brent Oil,Com_BrentCrudeOil,tscv,21,2025-06-02,635,4,PatchTST,NLinear,65.69291687011719,61.29015350341797,4.402763366699219
Univariate,univariate,Brent Oil,Com_BrentCrudeOil,tscv,21,2025-06-09,636,5,PatchTST,NLinear,70.90538787841797,63.72728729248047,7.1781005859375
Univariate,univariate,Brent Oil,Com_BrentCrudeOil,tscv,21,2025-06-16,637,6,PatchTST,NLinear,76.53987121582031,69.63143920898438,6.9084320068359375
Univariate,univariate,Brent Oil,Com_BrentCrudeOil,tscv,21,2025-06-23,638,7,PatchTST,NLinear,67.5205307006836,73.6278305053711,-6.1072998046875
Univariate,univariate,Brent Oil,Com_BrentCrudeOil,tscv,21,2025-06-30,639,8,PatchTST,NLinear,67.9451675415039,69.978271484375,-2.0331039428710938
Univariate,univariate,Brent Oil,Com_BrentCrudeOil,tscv,21,2025-07-07,640,9,PatchTST,NLinear,69.90603637695312,69.56661987304688,0.33941650390625
Univariate,univariate,Brent Oil,Com_BrentCrudeOil,tscv,21,2025-07-14,641,10,PatchTST,NLinear,69.10814666748047,70.72573852539062,-1.6175918579101562
Univariate,univariate,Brent Oil,Com_BrentCrudeOil,tscv,21,2025-07-21,642,11,PatchTST,NLinear,68.77239990234375,70.56719207763672,-1.7947921752929688
Univariate,univariate,Brent Oil,Com_BrentCrudeOil,tscv,21,2025-07-28,643,12,PatchTST,NLinear,70.7232666015625,68.70401763916016,2.0192489624023438
Univariate,univariate,Brent Oil,Com_BrentCrudeOil,tscv,21,2025-05-12,632,1,PatchTST,iTransformer,65.50987243652344,63.04827117919922,2.4616012573242188
Univariate,univariate,Brent Oil,Com_BrentCrudeOil,tscv,21,2025-05-19,633,2,PatchTST,iTransformer,65.00296020507812,65.363037109375,-0.360076904296875
Univariate,univariate,Brent Oil,Com_BrentCrudeOil,tscv,21,2025-05-26,634,3,PatchTST,iTransformer,63.65324401855469,65.87329864501953,-2.2200546264648438
Univariate,univariate,Brent Oil,Com_BrentCrudeOil,tscv,21,2025-06-02,635,4,PatchTST,iTransformer,65.69291687011719,64.43898010253906,1.253936767578125
Univariate,univariate,Brent Oil,Com_BrentCrudeOil,tscv,21,2025-06-09,636,5,PatchTST,iTransformer,70.90538787841797,64.79984283447266,6.1055450439453125
Univariate,univariate,Brent Oil,Com_BrentCrudeOil,tscv,21,2025-06-16,637,6,PatchTST,iTransformer,76.53987121582031,69.91307830810547,6.626792907714844
Univariate,univariate,Brent Oil,Com_BrentCrudeOil,tscv,21,2025-06-23,638,7,PatchTST,iTransformer,67.5205307006836,74.72157287597656,-7.201042175292969
Univariate,univariate,Brent Oil,Com_BrentCrudeOil,tscv,21,2025-06-30,639,8,PatchTST,iTransformer,67.9451675415039,71.07298278808594,-3.1278152465820312
Univariate,univariate,Brent Oil,Com_BrentCrudeOil,tscv,21,2025-07-07,640,9,PatchTST,iTransformer,69.90603637695312,69.82421112060547,0.08182525634765625
Univariate,univariate,Brent Oil,Com_BrentCrudeOil,tscv,21,2025-07-14,641,10,PatchTST,iTransformer,69.10814666748047,70.36460876464844,-1.2564620971679688
Univariate,univariate,Brent Oil,Com_BrentCrudeOil,tscv,21,2025-07-21,642,11,PatchTST,iTransformer,68.77239990234375,71.114501953125,-2.34210205078125
Univariate,univariate,Brent Oil,Com_BrentCrudeOil,tscv,21,2025-07-28,643,12,PatchTST,iTransformer,70.7232666015625,70.08465576171875,0.63861083984375
Univariate,univariate,Brent Oil,Com_BrentCrudeOil,tscv,21,2025-05-12,632,1,PatchTST,XGBoost,65.50987243652344,58.97294998168945,6.536922454833984
Univariate,univariate,Brent Oil,Com_BrentCrudeOil,tscv,21,2025-05-19,633,2,PatchTST,XGBoost,65.00296020507812,61.173789978027344,3.8291702270507812
Univariate,univariate,Brent Oil,Com_BrentCrudeOil,tscv,21,2025-05-26,634,3,PatchTST,XGBoost,63.65324401855469,62.344947814941406,1.3082962036132812
Univariate,univariate,Brent Oil,Com_BrentCrudeOil,tscv,21,2025-06-02,635,4,PatchTST,XGBoost,65.69291687011719,61.80564498901367,3.8872718811035156
Univariate,univariate,Brent Oil,Com_BrentCrudeOil,tscv,21,2025-06-09,636,5,PatchTST,XGBoost,70.90538787841797,62.23341751098633,8.67197036743164
Univariate,univariate,Brent Oil,Com_BrentCrudeOil,tscv,21,2025-06-16,637,6,PatchTST,XGBoost,76.53987121582031,67.96601867675781,8.5738525390625
Univariate,univariate,Brent Oil,Com_BrentCrudeOil,tscv,21,2025-06-23,638,7,PatchTST,XGBoost,67.5205307006836,71.38202667236328,-3.8614959716796875
Univariate,univariate,Brent Oil,Com_BrentCrudeOil,tscv,21,2025-06-30,639,8,PatchTST,XGBoost,67.9451675415039,69.74952697753906,-1.8043594360351562
Univariate,univariate,Brent Oil,Com_BrentCrudeOil,tscv,21,2025-07-07,640,9,PatchTST,XGBoost,69.90603637695312,68.22063446044922,1.6854019165039062
Univariate,univariate,Brent Oil,Com_BrentCrudeOil,tscv,21,2025-07-14,641,10,PatchTST,XGBoost,69.10814666748047,68.18367004394531,0.9244766235351562
Univariate,univariate,Brent Oil,Com_BrentCrudeOil,tscv,21,2025-07-21,642,11,PatchTST,XGBoost,68.77239990234375,69.38178253173828,-0.6093826293945312
Univariate,univariate,Brent Oil,Com_BrentCrudeOil,tscv,21,2025-07-28,643,12,PatchTST,XGBoost,70.7232666015625,68.09071350097656,2.6325531005859375
Univariate,univariate,Brent Oil,Com_BrentCrudeOil,tscv,21,2025-05-12,632,1,PatchTST,LightGBM,65.50987243652344,58.8382453918457,6.671627044677734
Univariate,univariate,Brent Oil,Com_BrentCrudeOil,tscv,21,2025-05-19,633,2,PatchTST,LightGBM,65.00296020507812,61.46935272216797,3.5336074829101562
Univariate,univariate,Brent Oil,Com_BrentCrudeOil,tscv,21,2025-05-26,634,3,PatchTST,LightGBM,63.65324401855469,61.99311447143555,1.6601295471191406
Univariate,univariate,Brent Oil,Com_BrentCrudeOil,tscv,21,2025-06-02,635,4,PatchTST,LightGBM,65.69291687011719,60.56321334838867,5.129703521728516
Univariate,univariate,Brent Oil,Com_BrentCrudeOil,tscv,21,2025-06-09,636,5,PatchTST,LightGBM,70.90538787841797,60.91343688964844,9.991950988769531
Univariate,univariate,Brent Oil,Com_BrentCrudeOil,tscv,21,2025-06-16,637,6,PatchTST,LightGBM,76.53987121582031,66.01472473144531,10.525146484375
Univariate,univariate,Brent Oil,Com_BrentCrudeOil,tscv,21,2025-06-23,638,7,PatchTST,LightGBM,67.5205307006836,70.82173156738281,-3.3012008666992188
Univariate,univariate,Brent Oil,Com_BrentCrudeOil,tscv,21,2025-06-30,639,8,PatchTST,LightGBM,67.9451675415039,67.21186828613281,0.7332992553710938
Univariate,univariate,Brent Oil,Com_BrentCrudeOil,tscv,21,2025-07-07,640,9,PatchTST,LightGBM,69.90603637695312,65.9649658203125,3.941070556640625
Univariate,univariate,Brent Oil,Com_BrentCrudeOil,tscv,21,2025-07-14,641,10,PatchTST,LightGBM,69.10814666748047,66.54563903808594,2.5625076293945312
Univariate,univariate,Brent Oil,Com_BrentCrudeOil,tscv,21,2025-07-21,642,11,PatchTST,LightGBM,68.77239990234375,66.51998138427734,2.2524185180664062
Univariate,univariate,Brent Oil,Com_BrentCrudeOil,tscv,21,2025-07-28,643,12,PatchTST,LightGBM,70.7232666015625,65.09025573730469,5.6330108642578125
Univariate,univariate,Brent Oil,Com_BrentCrudeOil,tscv,22,2025-06-09,636,1,PatchTST,-,70.90538787841797,58.10203170776367,12.803356170654297
Univariate,univariate,Brent Oil,Com_BrentCrudeOil,tscv,22,2025-06-16,637,2,PatchTST,-,76.53987121582031,58.06454086303711,18.475330352783203
Univariate,univariate,Brent Oil,Com_BrentCrudeOil,tscv,22,2025-06-23,638,3,PatchTST,-,67.5205307006836,59.42369079589844,8.096839904785156
Univariate,univariate,Brent Oil,Com_BrentCrudeOil,tscv,22,2025-06-30,639,4,PatchTST,-,67.9451675415039,60.53946304321289,7.405704498291016
Univariate,univariate,Brent Oil,Com_BrentCrudeOil,tscv,22,2025-07-07,640,5,PatchTST,-,69.90603637695312,59.18317413330078,10.722862243652344
Univariate,univariate,Brent Oil,Com_BrentCrudeOil,tscv,22,2025-07-14,641,6,PatchTST,-,69.10814666748047,59.4434928894043,9.664653778076172
Univariate,univariate,Brent Oil,Com_BrentCrudeOil,tscv,22,2025-07-21,642,7,PatchTST,-,68.77239990234375,60.45383071899414,8.31856918334961
Univariate,univariate,Brent Oil,Com_BrentCrudeOil,tscv,22,2025-07-28,643,8,PatchTST,-,70.7232666015625,61.68925857543945,9.034008026123047
Univariate,univariate,Brent Oil,Com_BrentCrudeOil,tscv,22,2025-08-04,644,9,PatchTST,-,67.10191345214844,60.402400970458984,6.699512481689453
Univariate,univariate,Brent Oil,Com_BrentCrudeOil,tscv,22,2025-08-11,645,10,PatchTST,-,66.15612030029297,60.245208740234375,5.910911560058594
Univariate,univariate,Brent Oil,Com_BrentCrudeOil,tscv,22,2025-08-18,646,11,PatchTST,-,67.08045196533203,60.216148376464844,6.8643035888671875
Univariate,univariate,Brent Oil,Com_BrentCrudeOil,tscv,22,2025-08-25,647,12,PatchTST,-,67.60226440429688,62.10023880004883,5.502025604248047
Univariate,univariate,Brent Oil,Com_BrentCrudeOil,tscv,22,2025-06-09,636,1,PatchTST,NLinear,70.90538787841797,60.65299606323242,10.252391815185547
Univariate,univariate,Brent Oil,Com_BrentCrudeOil,tscv,22,2025-06-16,637,2,PatchTST,NLinear,76.53987121582031,60.37053680419922,16.169334411621094
Univariate,univariate,Brent Oil,Com_BrentCrudeOil,tscv,22,2025-06-23,638,3,PatchTST,NLinear,67.5205307006836,61.050418853759766,6.470111846923828
Univariate,univariate,Brent Oil,Com_BrentCrudeOil,tscv,22,2025-06-30,639,4,PatchTST,NLinear,67.9451675415039,61.5179443359375,6.427223205566406
Univariate,univariate,Brent Oil,Com_BrentCrudeOil,tscv,22,2025-07-07,640,5,PatchTST,NLinear,69.90603637695312,59.32323455810547,10.582801818847656
Univariate,univariate,Brent Oil,Com_BrentCrudeOil,tscv,22,2025-07-14,641,6,PatchTST,NLinear,69.10814666748047,60.10730743408203,9.000839233398438
Univariate,univariate,Brent Oil,Com_BrentCrudeOil,tscv,22,2025-07-21,642,7,PatchTST,NLinear,68.77239990234375,61.56864929199219,7.2037506103515625
Univariate,univariate,Brent Oil,Com_BrentCrudeOil,tscv,22,2025-07-28,643,8,PatchTST,NLinear,70.7232666015625,63.83189392089844,6.8913726806640625
Univariate,univariate,Brent Oil,Com_BrentCrudeOil,tscv,22,2025-08-04,644,9,PatchTST,NLinear,67.10191345214844,62.37256622314453,4.729347229003906
Univariate,univariate,Brent Oil,Com_BrentCrudeOil,tscv,22,2025-08-11,645,10,PatchTST,NLinear,66.15612030029297,62.26021194458008,3.8959083557128906
Univariate,univariate,Brent Oil,Com_BrentCrudeOil,tscv,22,2025-08-18,646,11,PatchTST,NLinear,67.08045196533203,61.97775650024414,5.102695465087891
Univariate,univariate,Brent Oil,Com_BrentCrudeOil,tscv,22,2025-08-25,647,12,PatchTST,NLinear,67.60226440429688,63.5569953918457,4.045269012451172
Univariate,univariate,Brent Oil,Com_BrentCrudeOil,tscv,22,2025-06-09,636,1,PatchTST,iTransformer,70.90538787841797,56.7909049987793,14.114482879638672
Univariate,univariate,Brent Oil,Com_BrentCrudeOil,tscv,22,2025-06-16,637,2,PatchTST,iTransformer,76.53987121582031,56.780418395996094,19.75945281982422
Univariate,univariate,Brent Oil,Com_BrentCrudeOil,tscv,22,2025-06-23,638,3,PatchTST,iTransformer,67.5205307006836,58.205650329589844,9.31488037109375
Univariate,univariate,Brent Oil,Com_BrentCrudeOil,tscv,22,2025-06-30,639,4,PatchTST,iTransformer,67.9451675415039,59.32398986816406,8.621177673339844
Univariate,univariate,Brent Oil,Com_BrentCrudeOil,tscv,22,2025-07-07,640,5,PatchTST,iTransformer,69.90603637695312,57.904293060302734,12.00174331665039
Univariate,univariate,Brent Oil,Com_BrentCrudeOil,tscv,22,2025-07-14,641,6,PatchTST,iTransformer,69.10814666748047,58.166961669921875,10.941184997558594
Univariate,univariate,Brent Oil,Com_BrentCrudeOil,tscv,22,2025-07-21,642,7,PatchTST,iTransformer,68.77239990234375,59.379432678222656,9.392967224121094
Univariate,univariate,Brent Oil,Com_BrentCrudeOil,tscv,22,2025-07-28,643,8,PatchTST,iTransformer,70.7232666015625,60.52738952636719,10.195877075195312
Univariate,univariate,Brent Oil,Com_BrentCrudeOil,tscv,22,2025-08-04,644,9,PatchTST,iTransformer,67.10191345214844,59.30887985229492,7.793033599853516
Univariate,univariate,Brent Oil,Com_BrentCrudeOil,tscv,22,2025-08-11,645,10,PatchTST,iTransformer,66.15612030029297,59.19144058227539,6.964679718017578
Univariate,univariate,Brent Oil,Com_BrentCrudeOil,tscv,22,2025-08-18,646,11,PatchTST,iTransformer,67.08045196533203,59.21834182739258,7.862110137939453
Univariate,univariate,Brent Oil,Com_BrentCrudeOil,tscv,22,2025-08-25,647,12,PatchTST,iTransformer,67.60226440429688,61.16352844238281,6.4387359619140625
Univariate,univariate,Brent Oil,Com_BrentCrudeOil,tscv,22,2025-06-09,636,1,PatchTST,XGBoost,70.90538787841797,52.81003189086914,18.095355987548828
Univariate,univariate,Brent Oil,Com_BrentCrudeOil,tscv,22,2025-06-16,637,2,PatchTST,XGBoost,76.53987121582031,52.770320892333984,23.769550323486328
Univariate,univariate,Brent Oil,Com_BrentCrudeOil,tscv,22,2025-06-23,638,3,PatchTST,XGBoost,67.5205307006836,53.88045883178711,13.640071868896484
Univariate,univariate,Brent Oil,Com_BrentCrudeOil,tscv,22,2025-06-30,639,4,PatchTST,XGBoost,67.9451675415039,55.031131744384766,12.91403579711914
Univariate,univariate,Brent Oil,Com_BrentCrudeOil,tscv,22,2025-07-07,640,5,PatchTST,XGBoost,69.90603637695312,53.79936599731445,16.106670379638672
Univariate,univariate,Brent Oil,Com_BrentCrudeOil,tscv,22,2025-07-14,641,6,PatchTST,XGBoost,69.10814666748047,53.90026092529297,15.2078857421875
Univariate,univariate,Brent Oil,Com_BrentCrudeOil,tscv,22,2025-07-21,642,7,PatchTST,XGBoost,68.77239990234375,54.881919860839844,13.890480041503906
Univariate,univariate,Brent Oil,Com_BrentCrudeOil,tscv,22,2025-07-28,643,8,PatchTST,XGBoost,70.7232666015625,56.200260162353516,14.523006439208984
Univariate,univariate,Brent Oil,Com_BrentCrudeOil,tscv,22,2025-08-04,644,9,PatchTST,XGBoost,67.10191345214844,54.83378601074219,12.26812744140625
Univariate,univariate,Brent Oil,Com_BrentCrudeOil,tscv,22,2025-08-11,645,10,PatchTST,XGBoost,66.15612030029297,54.735137939453125,11.420982360839844
Univariate,univariate,Brent Oil,Com_BrentCrudeOil,tscv,22,2025-08-18,646,11,PatchTST,XGBoost,67.08045196533203,54.64490509033203,12.435546875
Univariate,univariate,Brent Oil,Com_BrentCrudeOil,tscv,22,2025-08-25,647,12,PatchTST,XGBoost,67.60226440429688,56.52832794189453,11.073936462402344
Univariate,univariate,Brent Oil,Com_BrentCrudeOil,tscv,22,2025-06-09,636,1,PatchTST,LightGBM,70.90538787841797,52.723087310791016,18.182300567626953
Univariate,univariate,Brent Oil,Com_BrentCrudeOil,tscv,22,2025-06-16,637,2,PatchTST,LightGBM,76.53987121582031,52.68559646606445,23.85427474975586
Univariate,univariate,Brent Oil,Com_BrentCrudeOil,tscv,22,2025-06-23,638,3,PatchTST,LightGBM,67.5205307006836,53.884708404541016,13.635822296142578
Univariate,univariate,Brent Oil,Com_BrentCrudeOil,tscv,22,2025-06-30,639,4,PatchTST,LightGBM,67.9451675415039,55.00048065185547,12.944686889648438
Univariate,univariate,Brent Oil,Com_BrentCrudeOil,tscv,22,2025-07-07,640,5,PatchTST,LightGBM,69.90603637695312,53.64419174194336,16.261844635009766
Univariate,univariate,Brent Oil,Com_BrentCrudeOil,tscv,22,2025-07-14,641,6,PatchTST,LightGBM,69.10814666748047,54.06454849243164,15.043598175048828
Univariate,univariate,Brent Oil,Com_BrentCrudeOil,tscv,22,2025-07-21,642,7,PatchTST,LightGBM,68.77239990234375,54.91484832763672,13.857551574707031
Univariate,univariate,Brent Oil,Com_BrentCrudeOil,tscv,22,2025-07-28,643,8,PatchTST,LightGBM,70.7232666015625,56.15027618408203,14.572990417480469
Univariate,univariate,Brent Oil,Com_BrentCrudeOil,tscv,22,2025-08-04,644,9,PatchTST,LightGBM,67.10191345214844,54.86341857910156,12.238494873046875
Univariate,univariate,Brent Oil,Com_BrentCrudeOil,tscv,22,2025-08-11,645,10,PatchTST,LightGBM,66.15612030029297,54.70622634887695,11.449893951416016
Univariate,univariate,Brent Oil,Com_BrentCrudeOil,tscv,22,2025-08-18,646,11,PatchTST,LightGBM,67.08045196533203,54.83720397949219,12.243247985839844
Univariate,univariate,Brent Oil,Com_BrentCrudeOil,tscv,22,2025-08-25,647,12,PatchTST,LightGBM,67.60226440429688,56.561256408691406,11.041007995605469
Univariate,univariate,Brent Oil,Com_BrentCrudeOil,tscv,23,2025-07-07,640,1,PatchTST,-,69.90603637695312,62.04416275024414,7.861873626708984
Univariate,univariate,Brent Oil,Com_BrentCrudeOil,tscv,23,2025-07-14,641,2,PatchTST,-,69.10814666748047,62.69013595581055,6.418010711669922
Univariate,univariate,Brent Oil,Com_BrentCrudeOil,tscv,23,2025-07-21,642,3,PatchTST,-,68.77239990234375,63.111549377441406,5.660850524902344
Univariate,univariate,Brent Oil,Com_BrentCrudeOil,tscv,23,2025-07-28,643,4,PatchTST,-,70.7232666015625,62.87751770019531,7.8457489013671875
Univariate,univariate,Brent Oil,Com_BrentCrudeOil,tscv,23,2025-08-04,644,5,PatchTST,-,67.10191345214844,63.43172073364258,3.6701927185058594
Univariate,univariate,Brent Oil,Com_BrentCrudeOil,tscv,23,2025-08-11,645,6,PatchTST,-,66.15612030029297,64.69093322753906,1.4651870727539062
Univariate,univariate,Brent Oil,Com_BrentCrudeOil,tscv,23,2025-08-18,646,7,PatchTST,-,67.08045196533203,65.53214263916016,1.548309326171875
Univariate,univariate,Brent Oil,Com_BrentCrudeOil,tscv,23,2025-08-25,647,8,PatchTST,-,67.60226440429688,63.26564025878906,4.3366241455078125
Univariate,univariate,Brent Oil,Com_BrentCrudeOil,tscv,23,2025-09-01,648,9,PatchTST,-,67.27151489257812,64.12557983398438,3.14593505859375
Univariate,univariate,Brent Oil,Com_BrentCrudeOil,tscv,23,2025-09-08,649,10,PatchTST,-,66.77435302734375,65.36611938476562,1.408233642578125
Univariate,univariate,Brent Oil,Com_BrentCrudeOil,tscv,23,2025-09-15,650,11,PatchTST,-,67.5166015625,64.4854736328125,3.0311279296875
Univariate,univariate,Brent Oil,Com_BrentCrudeOil,tscv,23,2025-09-22,651,12,PatchTST,-,68.50713348388672,64.9285888671875,3.5785446166992188
Univariate,univariate,Brent Oil,Com_BrentCrudeOil,tscv,23,2025-07-07,640,1,PatchTST,NLinear,69.90603637695312,60.067649841308594,9.838386535644531
Univariate,univariate,Brent Oil,Com_BrentCrudeOil,tscv,23,2025-07-14,641,2,PatchTST,NLinear,69.10814666748047,60.38609313964844,8.722053527832031
Univariate,univariate,Brent Oil,Com_BrentCrudeOil,tscv,23,2025-07-21,642,3,PatchTST,NLinear,68.77239990234375,60.119144439697266,8.653255462646484
Univariate,univariate,Brent Oil,Com_BrentCrudeOil,tscv,23,2025-07-28,643,4,PatchTST,NLinear,70.7232666015625,58.89301681518555,11.830249786376953
Univariate,univariate,Brent Oil,Com_BrentCrudeOil,tscv,23,2025-08-04,644,5,PatchTST,NLinear,67.10191345214844,59.07029724121094,8.0316162109375
Univariate,univariate,Brent Oil,Com_BrentCrudeOil,tscv,23,2025-08-11,645,6,PatchTST,NLinear,66.15612030029297,60.977638244628906,5.1784820556640625
Univariate,univariate,Brent Oil,Com_BrentCrudeOil,tscv,23,2025-08-18,646,7,PatchTST,NLinear,67.08045196533203,61.60021209716797,5.4802398681640625
Univariate,univariate,Brent Oil,Com_BrentCrudeOil,tscv,23,2025-08-25,647,8,PatchTST,NLinear,67.60226440429688,59.448089599609375,8.1541748046875
Univariate,univariate,Brent Oil,Com_BrentCrudeOil,tscv,23,2025-09-01,648,9,PatchTST,NLinear,67.27151489257812,60.06535720825195,7.206157684326172
Univariate,univariate,Brent Oil,Com_BrentCrudeOil,tscv,23,2025-09-08,649,10,PatchTST,NLinear,66.77435302734375,61.3748664855957,5.399486541748047
Univariate,univariate,Brent Oil,Com_BrentCrudeOil,tscv,23,2025-09-15,650,11,PatchTST,NLinear,67.5166015625,60.64349365234375,6.87310791015625
Univariate,univariate,Brent Oil,Com_BrentCrudeOil,tscv,23,2025-09-22,651,12,PatchTST,NLinear,68.50713348388672,61.44340515136719,7.063728332519531
Univariate,univariate,Brent Oil,Com_BrentCrudeOil,tscv,23,2025-07-07,640,1,PatchTST,iTransformer,69.90603637695312,63.423614501953125,6.482421875
Univariate,univariate,Brent Oil,Com_BrentCrudeOil,tscv,23,2025-07-14,641,2,PatchTST,iTransformer,69.10814666748047,64.08546447753906,5.022682189941406
Univariate,univariate,Brent Oil,Com_BrentCrudeOil,tscv,23,2025-07-21,642,3,PatchTST,iTransformer,68.77239990234375,64.6006851196289,4.171714782714844
Univariate,univariate,Brent Oil,Com_BrentCrudeOil,tscv,23,2025-07-28,643,4,PatchTST,iTransformer,70.7232666015625,64.33210754394531,6.3911590576171875
Univariate,univariate,Brent Oil,Com_BrentCrudeOil,tscv,23,2025-08-04,644,5,PatchTST,iTransformer,67.10191345214844,64.767578125,2.3343353271484375
Univariate,univariate,Brent Oil,Com_BrentCrudeOil,tscv,23,2025-08-11,645,6,PatchTST,iTransformer,66.15612030029297,65.6676254272461,0.488494873046875
Univariate,univariate,Brent Oil,Com_BrentCrudeOil,tscv,23,2025-08-18,646,7,PatchTST,iTransformer,67.08045196533203,66.62386322021484,0.4565887451171875
Univariate,univariate,Brent Oil,Com_BrentCrudeOil,tscv,23,2025-08-25,647,8,PatchTST,iTransformer,67.60226440429688,64.52987670898438,3.0723876953125
Univariate,univariate,Brent Oil,Com_BrentCrudeOil,tscv,23,2025-09-01,648,9,PatchTST,iTransformer,67.27151489257812,65.21501922607422,2.0564956665039062
Univariate,univariate,Brent Oil,Com_BrentCrudeOil,tscv,23,2025-09-08,649,10,PatchTST,iTransformer,66.77435302734375,66.20747375488281,0.5668792724609375
Univariate,univariate,Brent Oil,Com_BrentCrudeOil,tscv,23,2025-09-15,650,11,PatchTST,iTransformer,67.5166015625,63.73781204223633,3.778789520263672
Univariate,univariate,Brent Oil,Com_BrentCrudeOil,tscv,23,2025-09-22,651,12,PatchTST,iTransformer,68.50713348388672,62.76420593261719,5.742927551269531
Univariate,univariate,Brent Oil,Com_BrentCrudeOil,tscv,23,2025-07-07,640,1,PatchTST,XGBoost,69.90603637695312,61.53778839111328,8.368247985839844
Univariate,univariate,Brent Oil,Com_BrentCrudeOil,tscv,23,2025-07-14,641,2,PatchTST,XGBoost,69.10814666748047,61.42689514160156,7.681251525878906
Univariate,univariate,Brent Oil,Com_BrentCrudeOil,tscv,23,2025-07-21,642,3,PatchTST,XGBoost,68.77239990234375,63.07754898071289,5.694850921630859
Univariate,univariate,Brent Oil,Com_BrentCrudeOil,tscv,23,2025-07-28,643,4,PatchTST,XGBoost,70.7232666015625,62.38947677612305,8.333789825439453
Univariate,univariate,Brent Oil,Com_BrentCrudeOil,tscv,23,2025-08-04,644,5,PatchTST,XGBoost,67.10191345214844,63.104740142822266,3.997173309326172
Univariate,univariate,Brent Oil,Com_BrentCrudeOil,tscv,23,2025-08-11,645,6,PatchTST,XGBoost,66.15612030029297,63.36327362060547,2.7928466796875
Univariate,univariate,Brent Oil,Com_BrentCrudeOil,tscv,23,2025-08-18,646,7,PatchTST,XGBoost,67.08045196533203,63.28255081176758,3.797901153564453
Univariate,univariate,Brent Oil,Com_BrentCrudeOil,tscv,23,2025-08-25,647,8,PatchTST,XGBoost,67.60226440429688,60.03815460205078,7.564109802246094
Univariate,univariate,Brent Oil,Com_BrentCrudeOil,tscv,23,2025-09-01,648,9,PatchTST,XGBoost,67.27151489257812,60.7293815612793,6.542133331298828
Univariate,univariate,Brent Oil,Com_BrentCrudeOil,tscv,23,2025-09-08,649,10,PatchTST,XGBoost,66.77435302734375,62.24332046508789,4.531032562255859
Univariate,univariate,Brent Oil,Com_BrentCrudeOil,tscv,23,2025-09-15,650,11,PatchTST,XGBoost,67.5166015625,61.48128890991211,6.035312652587891
Univariate,univariate,Brent Oil,Com_BrentCrudeOil,tscv,23,2025-09-22,651,12,PatchTST,XGBoost,68.50713348388672,62.04246520996094,6.464668273925781
Univariate,univariate,Brent Oil,Com_BrentCrudeOil,tscv,23,2025-07-07,640,1,PatchTST,LightGBM,69.90603637695312,62.09189987182617,7.814136505126953
Univariate,univariate,Brent Oil,Com_BrentCrudeOil,tscv,23,2025-07-14,641,2,PatchTST,LightGBM,69.10814666748047,62.89337921142578,6.2147674560546875
Univariate,univariate,Brent Oil,Com_BrentCrudeOil,tscv,23,2025-07-21,642,3,PatchTST,LightGBM,68.77239990234375,62.99298095703125,5.7794189453125
Univariate,univariate,Brent Oil,Com_BrentCrudeOil,tscv,23,2025-07-28,643,4,PatchTST,LightGBM,70.7232666015625,59.831905364990234,10.891361236572266
Univariate,univariate,Brent Oil,Com_BrentCrudeOil,tscv,23,2025-08-04,644,5,PatchTST,LightGBM,67.10191345214844,59.73394012451172,7.367973327636719
Univariate,univariate,Brent Oil,Com_BrentCrudeOil,tscv,23,2025-08-11,645,6,PatchTST,LightGBM,66.15612030029297,60.42768096923828,5.7284393310546875
Univariate,univariate,Brent Oil,Com_BrentCrudeOil,tscv,23,2025-08-18,646,7,PatchTST,LightGBM,67.08045196533203,61.862674713134766,5.217777252197266
Univariate,univariate,Brent Oil,Com_BrentCrudeOil,tscv,23,2025-08-25,647,8,PatchTST,LightGBM,67.60226440429688,58.399269104003906,9.202995300292969
Univariate,univariate,Brent Oil,Com_BrentCrudeOil,tscv,23,2025-09-01,648,9,PatchTST,LightGBM,67.27151489257812,59.25920867919922,8.012306213378906
Univariate,univariate,Brent Oil,Com_BrentCrudeOil,tscv,23,2025-09-08,649,10,PatchTST,LightGBM,66.77435302734375,61.220726013183594,5.553627014160156
Univariate,univariate,Brent Oil,Com_BrentCrudeOil,tscv,23,2025-09-15,650,11,PatchTST,LightGBM,67.5166015625,60.696739196777344,6.819862365722656
Univariate,univariate,Brent Oil,Com_BrentCrudeOil,tscv,23,2025-09-22,651,12,PatchTST,LightGBM,68.50713348388672,61.139854431152344,7.367279052734375
Univariate,univariate,Brent Oil,Com_BrentCrudeOil,tscv,24,2025-08-04,644,1,PatchTST,-,67.10191345214844,69.90995788574219,-2.80804443359375
Univariate,univariate,Brent Oil,Com_BrentCrudeOil,tscv,24,2025-08-11,645,2,PatchTST,-,66.15612030029297,66.26861572265625,-0.11249542236328125
Univariate,univariate,Brent Oil,Com_BrentCrudeOil,tscv,24,2025-08-18,646,3,PatchTST,-,67.08045196533203,66.76943969726562,0.31101226806640625
Univariate,univariate,Brent Oil,Com_BrentCrudeOil,tscv,24,2025-08-25,647,4,PatchTST,-,67.60226440429688,64.31226348876953,3.2900009155273438
Univariate,univariate,Brent Oil,Com_BrentCrudeOil,tscv,24,2025-09-01,648,5,PatchTST,-,67.27151489257812,64.10009002685547,3.1714248657226562
Univariate,univariate,Brent Oil,Com_BrentCrudeOil,tscv,24,2025-09-08,649,6,PatchTST,-,66.77435302734375,65.24649047851562,1.527862548828125
Univariate,univariate,Brent Oil,Com_BrentCrudeOil,tscv,24,2025-09-15,650,7,PatchTST,-,67.5166015625,65.76763916015625,1.74896240234375
Univariate,univariate,Brent Oil,Com_BrentCrudeOil,tscv,24,2025-09-22,651,8,PatchTST,-,68.50713348388672,64.26553344726562,4.241600036621094
Univariate,univariate,Brent Oil,Com_BrentCrudeOil,tscv,24,2025-09-29,652,9,PatchTST,-,65.30098724365234,63.97528839111328,1.3256988525390625
Univariate,univariate,Brent Oil,Com_BrentCrudeOil,tscv,24,2025-10-06,653,10,PatchTST,-,64.48927307128906,61.690155029296875,2.7991180419921875
Univariate,univariate,Brent Oil,Com_BrentCrudeOil,tscv,24,2025-10-13,654,11,PatchTST,-,61.7679557800293,64.31245422363281,-2.5444984436035156
Univariate,univariate,Brent Oil,Com_BrentCrudeOil,tscv,24,2025-10-20,655,12,PatchTST,-,63.904998779296875,60.997657775878906,2.9073410034179688
Univariate,univariate,Brent Oil,Com_BrentCrudeOil,tscv,24,2025-08-04,644,1,PatchTST,NLinear,67.10191345214844,77.33000183105469,-10.22808837890625
Univariate,univariate,Brent Oil,Com_BrentCrudeOil,tscv,24,2025-08-11,645,2,PatchTST,NLinear,66.15612030029297,73.20457458496094,-7.048454284667969
Univariate,univariate,Brent Oil,Com_BrentCrudeOil,tscv,24,2025-08-18,646,3,PatchTST,NLinear,67.08045196533203,73.42269134521484,-6.3422393798828125
Univariate,univariate,Brent Oil,Com_BrentCrudeOil,tscv,24,2025-08-25,647,4,PatchTST,NLinear,67.60226440429688,71.40291595458984,-3.8006515502929688
Univariate,univariate,Brent Oil,Com_BrentCrudeOil,tscv,24,2025-09-01,648,5,PatchTST,NLinear,67.27151489257812,72.39981079101562,-5.1282958984375
Univariate,univariate,Brent Oil,Com_BrentCrudeOil,tscv,24,2025-09-08,649,6,PatchTST,NLinear,66.77435302734375,74.40481567382812,-7.630462646484375
Univariate,univariate,Brent Oil,Com_BrentCrudeOil,tscv,24,2025-09-15,650,7,PatchTST,NLinear,67.5166015625,74.50836181640625,-6.99176025390625
Univariate,univariate,Brent Oil,Com_BrentCrudeOil,tscv,24,2025-09-22,651,8,PatchTST,NLinear,68.50713348388672,72.55193328857422,-4.0447998046875
Univariate,univariate,Brent Oil,Com_BrentCrudeOil,tscv,24,2025-09-29,652,9,PatchTST,NLinear,65.30098724365234,72.32877349853516,-7.0277862548828125
Univariate,univariate,Brent Oil,Com_BrentCrudeOil,tscv,24,2025-10-06,653,10,PatchTST,NLinear,64.48927307128906,70.06083679199219,-5.571563720703125
Univariate,univariate,Brent Oil,Com_BrentCrudeOil,tscv,24,2025-10-13,654,11,PatchTST,NLinear,61.7679557800293,72.56181335449219,-10.79385757446289
Univariate,univariate,Brent Oil,Com_BrentCrudeOil,tscv,24,2025-10-20,655,12,PatchTST,NLinear,63.904998779296875,69.36190032958984,-5.456901550292969
Univariate,univariate,Brent Oil,Com_BrentCrudeOil,tscv,24,2025-08-04,644,1,PatchTST,iTransformer,67.10191345214844,70.33475494384766,-3.2328414916992188
Univariate,univariate,Brent Oil,Com_BrentCrudeOil,tscv,24,2025-08-11,645,2,PatchTST,iTransformer,66.15612030029297,65.63182830810547,0.5242919921875
Univariate,univariate,Brent Oil,Com_BrentCrudeOil,tscv,24,2025-08-18,646,3,PatchTST,iTransformer,67.08045196533203,62.898193359375,4.182258605957031
Univariate,univariate,Brent Oil,Com_BrentCrudeOil,tscv,24,2025-08-25,647,4,PatchTST,iTransformer,67.60226440429688,58.540687561035156,9.061576843261719
Univariate,univariate,Brent Oil,Com_BrentCrudeOil,tscv,24,2025-09-01,648,5,PatchTST,iTransformer,67.27151489257812,58.56440353393555,8.707111358642578
Univariate,univariate,Brent Oil,Com_BrentCrudeOil,tscv,24,2025-09-08,649,6,PatchTST,iTransformer,66.77435302734375,59.239749908447266,7.534603118896484
Univariate,univariate,Brent Oil,Com_BrentCrudeOil,tscv,24,2025-09-15,650,7,PatchTST,iTransformer,67.5166015625,60.50816345214844,7.0084381103515625
Univariate,univariate,Brent Oil,Com_BrentCrudeOil,tscv,24,2025-09-22,651,8,PatchTST,iTransformer,68.50713348388672,59.044803619384766,9.462329864501953
Univariate,univariate,Brent Oil,Com_BrentCrudeOil,tscv,24,2025-09-29,652,9,PatchTST,iTransformer,65.30098724365234,57.818565368652344,7.482421875
Univariate,univariate,Brent Oil,Com_BrentCrudeOil,tscv,24,2025-10-06,653,10,PatchTST,iTransformer,64.48927307128906,55.501041412353516,8.988231658935547
Univariate,univariate,Brent Oil,Com_BrentCrudeOil,tscv,24,2025-10-13,654,11,PatchTST,iTransformer,61.7679557800293,58.33316421508789,3.4347915649414062
Univariate,univariate,Brent Oil,Com_BrentCrudeOil,tscv,24,2025-10-20,655,12,PatchTST,iTransformer,63.904998779296875,56.366127014160156,7.538871765136719
Univariate,univariate,Brent Oil,Com_BrentCrudeOil,tscv,24,2025-08-04,644,1,PatchTST,XGBoost,67.10191345214844,64.81614685058594,2.2857666015625
Univariate,univariate,Brent Oil,Com_BrentCrudeOil,tscv,24,2025-08-11,645,2,PatchTST,XGBoost,66.15612030029297,60.62004089355469,5.536079406738281
Univariate,univariate,Brent Oil,Com_BrentCrudeOil,tscv,24,2025-08-18,646,3,PatchTST,XGBoost,67.08045196533203,60.405235290527344,6.6752166748046875
Univariate,univariate,Brent Oil,Com_BrentCrudeOil,tscv,24,2025-08-25,647,4,PatchTST,XGBoost,67.60226440429688,59.01506042480469,8.587203979492188
Univariate,univariate,Brent Oil,Com_BrentCrudeOil,tscv,24,2025-09-01,648,5,PatchTST,XGBoost,67.27151489257812,59.535980224609375,7.73553466796875
Univariate,univariate,Brent Oil,Com_BrentCrudeOil,tscv,24,2025-09-08,649,6,PatchTST,XGBoost,66.77435302734375,60.295021057128906,6.479331970214844
Univariate,univariate,Brent Oil,Com_BrentCrudeOil,tscv,24,2025-09-15,650,7,PatchTST,XGBoost,67.5166015625,61.123802185058594,6.392799377441406
Univariate,univariate,Brent Oil,Com_BrentCrudeOil,tscv,24,2025-09-22,651,8,PatchTST,XGBoost,68.50713348388672,59.24246597290039,9.264667510986328
Univariate,univariate,Brent Oil,Com_BrentCrudeOil,tscv,24,2025-09-29,652,9,PatchTST,XGBoost,65.30098724365234,58.63533020019531,6.665657043457031
Univariate,univariate,Brent Oil,Com_BrentCrudeOil,tscv,24,2025-10-06,653,10,PatchTST,XGBoost,64.48927307128906,56.285804748535156,8.203468322753906
Univariate,univariate,Brent Oil,Com_BrentCrudeOil,tscv,24,2025-10-13,654,11,PatchTST,XGBoost,61.7679557800293,59.21055221557617,2.557403564453125
Univariate,univariate,Brent Oil,Com_BrentCrudeOil,tscv,24,2025-10-20,655,12,PatchTST,XGBoost,63.904998779296875,55.95499038696289,7.950008392333984
Univariate,univariate,Brent Oil,Com_BrentCrudeOil,tscv,24,2025-08-04,644,1,PatchTST,LightGBM,67.10191345214844,63.936763763427734,3.165149688720703
Univariate,univariate,Brent Oil,Com_BrentCrudeOil,tscv,24,2025-08-11,645,2,PatchTST,LightGBM,66.15612030029297,61.19085693359375,4.965263366699219
Univariate,univariate,Brent Oil,Com_BrentCrudeOil,tscv,24,2025-08-18,646,3,PatchTST,LightGBM,67.08045196533203,61.02568817138672,6.0547637939453125
Univariate,univariate,Brent Oil,Com_BrentCrudeOil,tscv,24,2025-08-25,647,4,PatchTST,LightGBM,67.60226440429688,59.776466369628906,7.825798034667969
Univariate,univariate,Brent Oil,Com_BrentCrudeOil,tscv,24,2025-09-01,648,5,PatchTST,LightGBM,67.27151489257812,59.564292907714844,7.707221984863281
Univariate,univariate,Brent Oil,Com_BrentCrudeOil,tscv,24,2025-09-08,649,6,PatchTST,LightGBM,66.77435302734375,60.52477264404297,6.249580383300781
Univariate,univariate,Brent Oil,Com_BrentCrudeOil,tscv,24,2025-09-15,650,7,PatchTST,LightGBM,67.5166015625,61.32267761230469,6.1939239501953125
Univariate,univariate,Brent Oil,Com_BrentCrudeOil,tscv,24,2025-09-22,651,8,PatchTST,LightGBM,68.50713348388672,59.54381561279297,8.96331787109375
Univariate,univariate,Brent Oil,Com_BrentCrudeOil,tscv,24,2025-09-29,652,9,PatchTST,LightGBM,65.30098724365234,59.16273880004883,6.138248443603516
Univariate,univariate,Brent Oil,Com_BrentCrudeOil,tscv,24,2025-10-06,653,10,PatchTST,LightGBM,64.48927307128906,56.964847564697266,7.524425506591797
Univariate,univariate,Brent Oil,Com_BrentCrudeOil,tscv,24,2025-10-13,654,11,PatchTST,LightGBM,61.7679557800293,58.75462341308594,3.0133323669433594
Univariate,univariate,Brent Oil,Com_BrentCrudeOil,tscv,24,2025-10-20,655,12,PatchTST,LightGBM,63.904998779296875,56.78727722167969,7.1177215576171875
Univariate,univariate,Brent Oil,Com_BrentCrudeOil,holdout,1,2025-10-27,656,1,PatchTST,-,64.5328598022461,61.17865753173828,3.3542022705078125
Univariate,univariate,Brent Oil,Com_BrentCrudeOil,holdout,1,2025-11-03,657,2,PatchTST,-,63.94032669067383,62.2714958190918,1.6688308715820312
Univariate,univariate,Brent Oil,Com_BrentCrudeOil,holdout,1,2025-11-10,658,3,PatchTST,-,63.92447280883789,62.2784309387207,1.6460418701171875
Univariate,univariate,Brent Oil,Com_BrentCrudeOil,holdout,1,2025-11-17,659,4,PatchTST,-,63.38262939453125,62.77277374267578,0.6098556518554688
Univariate,univariate,Brent Oil,Com_BrentCrudeOil,holdout,1,2025-11-24,660,5,PatchTST,-,62.65865707397461,62.187870025634766,0.47078704833984375
Univariate,univariate,Brent Oil,Com_BrentCrudeOil,holdout,1,2025-12-01,661,6,PatchTST,-,63.27702713012695,61.17463684082031,2.1023902893066406
Univariate,univariate,Brent Oil,Com_BrentCrudeOil,holdout,1,2025-12-08,662,7,PatchTST,-,61.66008758544922,60.48992919921875,1.1701583862304688
Univariate,univariate,Brent Oil,Com_BrentCrudeOil,holdout,1,2025-12-15,663,8,PatchTST,-,60.13292694091797,59.706939697265625,0.42598724365234375
Univariate,univariate,Brent Oil,Com_BrentCrudeOil,holdout,1,2025-12-22,664,9,PatchTST,-,61.52321243286133,57.64227294921875,3.880939483642578
Univariate,univariate,Brent Oil,Com_BrentCrudeOil,holdout,1,2025-12-29,665,10,PatchTST,-,60.96549987792969,59.1759033203125,1.7895965576171875
Univariate,univariate,Brent Oil,Com_BrentCrudeOil,holdout,1,2026-01-05,666,11,PatchTST,-,62.07210159301758,57.691978454589844,4.380123138427734
Univariate,univariate,Brent Oil,Com_BrentCrudeOil,holdout,1,2026-01-12,667,12,PatchTST,-,64.25517272949219,58.26494598388672,5.990226745605469
Univariate,univariate,Brent Oil,Com_BrentCrudeOil,holdout,1,2025-10-27,656,1,PatchTST,NLinear,64.5328598022461,61.921142578125,2.6117172241210938
Univariate,univariate,Brent Oil,Com_BrentCrudeOil,holdout,1,2025-11-03,657,2,PatchTST,NLinear,63.94032669067383,61.58705520629883,2.353271484375
Univariate,univariate,Brent Oil,Com_BrentCrudeOil,holdout,1,2025-11-10,658,3,PatchTST,NLinear,63.92447280883789,61.75261306762695,2.1718597412109375
Univariate,univariate,Brent Oil,Com_BrentCrudeOil,holdout,1,2025-11-17,659,4,PatchTST,NLinear,63.38262939453125,62.40238571166992,0.9802436828613281
Univariate,univariate,Brent Oil,Com_BrentCrudeOil,holdout,1,2025-11-24,660,5,PatchTST,NLinear,62.65865707397461,61.44761657714844,1.2110404968261719
Univariate,univariate,Brent Oil,Com_BrentCrudeOil,holdout,1,2025-12-01,661,6,PatchTST,NLinear,63.27702713012695,60.60667037963867,2.6703567504882812
Univariate,univariate,Brent Oil,Com_BrentCrudeOil,holdout,1,2025-12-08,662,7,PatchTST,NLinear,61.66008758544922,60.61373519897461,1.0463523864746094
Univariate,univariate,Brent Oil,Com_BrentCrudeOil,holdout,1,2025-12-15,663,8,PatchTST,NLinear,60.13292694091797,60.86040115356445,-0.7274742126464844
Univariate,univariate,Brent Oil,Com_BrentCrudeOil,holdout,1,2025-12-22,664,9,PatchTST,NLinear,61.52321243286133,59.19322204589844,2.3299903869628906
Univariate,univariate,Brent Oil,Com_BrentCrudeOil,holdout,1,2025-12-29,665,10,PatchTST,NLinear,60.96549987792969,59.807106018066406,1.1583938598632812
Univariate,univariate,Brent Oil,Com_BrentCrudeOil,holdout,1,2026-01-05,666,11,PatchTST,NLinear,62.07210159301758,58.10552215576172,3.9665794372558594
Univariate,univariate,Brent Oil,Com_BrentCrudeOil,holdout,1,2026-01-12,667,12,PatchTST,NLinear,64.25517272949219,59.963199615478516,4.291973114013672
Univariate,univariate,Brent Oil,Com_BrentCrudeOil,holdout,1,2025-10-27,656,1,PatchTST,iTransformer,64.5328598022461,60.58881759643555,3.944042205810547
Univariate,univariate,Brent Oil,Com_BrentCrudeOil,holdout,1,2025-11-03,657,2,PatchTST,iTransformer,63.94032669067383,61.62485122680664,2.3154754638671875
Univariate,univariate,Brent Oil,Com_BrentCrudeOil,holdout,1,2025-11-10,658,3,PatchTST,iTransformer,63.92447280883789,61.66184997558594,2.262622833251953
Univariate,univariate,Brent Oil,Com_BrentCrudeOil,holdout,1,2025-11-17,659,4,PatchTST,iTransformer,63.38262939453125,62.25584411621094,1.1267852783203125
Univariate,univariate,Brent Oil,Com_BrentCrudeOil,holdout,1,2025-11-24,660,5,PatchTST,iTransformer,62.65865707397461,61.6058235168457,1.0528335571289062
Univariate,univariate,Brent Oil,Com_BrentCrudeOil,holdout,1,2025-12-01,661,6,PatchTST,iTransformer,63.27702713012695,60.625972747802734,2.6510543823242188
Univariate,univariate,Brent Oil,Com_BrentCrudeOil,holdout,1,2025-12-08,662,7,PatchTST,iTransformer,61.66008758544922,60.08734893798828,1.5727386474609375
Univariate,univariate,Brent Oil,Com_BrentCrudeOil,holdout,1,2025-12-15,663,8,PatchTST,iTransformer,60.13292694091797,59.45083999633789,0.6820869445800781
Univariate,univariate,Brent Oil,Com_BrentCrudeOil,holdout,1,2025-12-22,664,9,PatchTST,iTransformer,61.52321243286133,57.375579833984375,4.147632598876953
Univariate,univariate,Brent Oil,Com_BrentCrudeOil,holdout,1,2025-12-29,665,10,PatchTST,iTransformer,60.96549987792969,58.913963317871094,2.0515365600585938
Univariate,univariate,Brent Oil,Com_BrentCrudeOil,holdout,1,2026-01-05,666,11,PatchTST,iTransformer,62.07210159301758,57.60457229614258,4.467529296875
Univariate,univariate,Brent Oil,Com_BrentCrudeOil,holdout,1,2026-01-12,667,12,PatchTST,iTransformer,64.25517272949219,58.27412033081055,5.981052398681641
Univariate,univariate,Brent Oil,Com_BrentCrudeOil,holdout,1,2025-10-27,656,1,PatchTST,XGBoost,64.5328598022461,57.005374908447266,7.527484893798828
Univariate,univariate,Brent Oil,Com_BrentCrudeOil,holdout,1,2025-11-03,657,2,PatchTST,XGBoost,63.94032669067383,58.65602111816406,5.284305572509766
Univariate,univariate,Brent Oil,Com_BrentCrudeOil,holdout,1,2025-11-10,658,3,PatchTST,XGBoost,63.92447280883789,58.855369567871094,5.069103240966797
Univariate,univariate,Brent Oil,Com_BrentCrudeOil,holdout,1,2025-11-17,659,4,PatchTST,XGBoost,63.38262939453125,58.94192123413086,4.440708160400391
Univariate,univariate,Brent Oil,Com_BrentCrudeOil,holdout,1,2025-11-24,660,5,PatchTST,XGBoost,62.65865707397461,58.361629486083984,4.297027587890625
Univariate,univariate,Brent Oil,Com_BrentCrudeOil,holdout,1,2025-12-01,661,6,PatchTST,XGBoost,63.27702713012695,58.017539978027344,5.259487152099609
Univariate,univariate,Brent Oil,Com_BrentCrudeOil,holdout,1,2025-12-08,662,7,PatchTST,XGBoost,61.66008758544922,58.147193908691406,3.5128936767578125
Univariate,univariate,Brent Oil,Com_BrentCrudeOil,holdout,1,2025-12-15,663,8,PatchTST,XGBoost,60.13292694091797,57.7830810546875,2.3498458862304688
Univariate,univariate,Brent Oil,Com_BrentCrudeOil,holdout,1,2025-12-22,664,9,PatchTST,XGBoost,61.52321243286133,55.61323547363281,5.909976959228516
Univariate,univariate,Brent Oil,Com_BrentCrudeOil,holdout,1,2025-12-29,665,10,PatchTST,XGBoost,60.96549987792969,58.00358200073242,2.9619178771972656
Univariate,univariate,Brent Oil,Com_BrentCrudeOil,holdout,1,2026-01-05,666,11,PatchTST,XGBoost,62.07210159301758,56.768428802490234,5.303672790527344
Univariate,univariate,Brent Oil,Com_BrentCrudeOil,holdout,1,2026-01-12,667,12,PatchTST,XGBoost,64.25517272949219,58.21043014526367,6.044742584228516
Univariate,univariate,Brent Oil,Com_BrentCrudeOil,holdout,1,2025-10-27,656,1,PatchTST,LightGBM,64.5328598022461,56.56965637207031,7.963203430175781
Univariate,univariate,Brent Oil,Com_BrentCrudeOil,holdout,1,2025-11-03,657,2,PatchTST,LightGBM,63.94032669067383,58.53057098388672,5.409755706787109
Univariate,univariate,Brent Oil,Com_BrentCrudeOil,holdout,1,2025-11-10,658,3,PatchTST,LightGBM,63.92447280883789,59.8288459777832,4.0956268310546875
Univariate,univariate,Brent Oil,Com_BrentCrudeOil,holdout,1,2025-11-17,659,4,PatchTST,LightGBM,63.38262939453125,60.30781555175781,3.0748138427734375
Univariate,univariate,Brent Oil,Com_BrentCrudeOil,holdout,1,2025-11-24,660,5,PatchTST,LightGBM,62.65865707397461,58.04030227661133,4.618354797363281
Univariate,univariate,Brent Oil,Com_BrentCrudeOil,holdout,1,2025-12-01,661,6,PatchTST,LightGBM,63.27702713012695,58.30908966064453,4.967937469482422
Univariate,univariate,Brent Oil,Com_BrentCrudeOil,holdout,1,2025-12-08,662,7,PatchTST,LightGBM,61.66008758544922,59.174686431884766,2.485401153564453
Univariate,univariate,Brent Oil,Com_BrentCrudeOil,holdout,1,2025-12-15,663,8,PatchTST,LightGBM,60.13292694091797,59.13610076904297,0.996826171875
Univariate,univariate,Brent Oil,Com_BrentCrudeOil,holdout,1,2025-12-22,664,9,PatchTST,LightGBM,61.52321243286133,56.32734680175781,5.195865631103516
Univariate,univariate,Brent Oil,Com_BrentCrudeOil,holdout,1,2025-12-29,665,10,PatchTST,LightGBM,60.96549987792969,57.86530303955078,3.1001968383789062
Univariate,univariate,Brent Oil,Com_BrentCrudeOil,holdout,1,2026-01-05,666,11,PatchTST,LightGBM,62.07210159301758,56.734195709228516,5.3379058837890625
Univariate,univariate,Brent Oil,Com_BrentCrudeOil,holdout,1,2026-01-12,667,12,PatchTST,LightGBM,64.25517272949219,57.91787338256836,6.337299346923828
Multivariate+Exogenous,exogenous,WTI Oil,Com_CrudeOil,tscv,1,2023-10-30,552,1,PatchTST,-,80.93399810791016,67.845703125,13.088294982910156
Multivariate+Exogenous,exogenous,WTI Oil,Com_CrudeOil,tscv,1,2023-11-06,553,2,PatchTST,-,77.04000091552734,61.866722106933594,15.17327880859375
Multivariate+Exogenous,exogenous,WTI Oil,Com_CrudeOil,tscv,1,2023-11-13,554,3,PatchTST,-,76.41400146484375,63.42992401123047,12.984077453613281
Multivariate+Exogenous,exogenous,WTI Oil,Com_CrudeOil,tscv,1,2023-11-20,555,4,PatchTST,-,77.20999908447266,64.96585083007812,12.244148254394531
Multivariate+Exogenous,exogenous,WTI Oil,Com_CrudeOil,tscv,1,2023-11-27,556,5,PatchTST,-,75.99400329589844,61.96464538574219,14.02935791015625
Multivariate+Exogenous,exogenous,WTI Oil,Com_CrudeOil,tscv,1,2023-12-04,557,6,PatchTST,-,71.30599975585938,64.7351303100586,6.570869445800781
Multivariate+Exogenous,exogenous,WTI Oil,Com_CrudeOil,tscv,1,2023-12-11,558,7,PatchTST,-,70.76399993896484,63.091487884521484,7.672512054443359
Multivariate+Exogenous,exogenous,WTI Oil,Com_CrudeOil,tscv,1,2023-12-18,559,8,PatchTST,-,73.68599700927734,58.820770263671875,14.865226745605469
Multivariate+Exogenous,exogenous,WTI Oil,Com_CrudeOil,tscv,1,2023-12-25,560,9,PatchTST,-,73.2750015258789,62.52577209472656,10.749229431152344
Multivariate+Exogenous,exogenous,WTI Oil,Com_CrudeOil,tscv,1,2024-01-01,561,10,PatchTST,-,72.2699966430664,62.40715408325195,9.862842559814453
Multivariate+Exogenous,exogenous,WTI Oil,Com_CrudeOil,tscv,1,2024-01-08,562,11,PatchTST,-,71.9800033569336,61.073917388916016,10.906085968017578
Multivariate+Exogenous,exogenous,WTI Oil,Com_CrudeOil,tscv,1,2024-01-15,563,12,PatchTST,-,72.99749755859375,61.39730453491211,11.60019302368164
Multivariate+Exogenous,exogenous,WTI Oil,Com_CrudeOil,tscv,1,2023-10-30,552,1,PatchTST,NLinear,80.93399810791016,96.26487731933594,-15.330879211425781
Multivariate+Exogenous,exogenous,WTI Oil,Com_CrudeOil,tscv,1,2023-11-06,553,2,PatchTST,NLinear,77.04000091552734,93.24848937988281,-16.20848846435547
Multivariate+Exogenous,exogenous,WTI Oil,Com_CrudeOil,tscv,1,2023-11-13,554,3,PatchTST,NLinear,76.41400146484375,98.48927307128906,-22.075271606445312
Multivariate+Exogenous,exogenous,WTI Oil,Com_CrudeOil,tscv,1,2023-11-20,555,4,PatchTST,NLinear,77.20999908447266,103.32599639892578,-26.115997314453125
Multivariate+Exogenous,exogenous,WTI Oil,Com_CrudeOil,tscv,1,2023-11-27,556,5,PatchTST,NLinear,75.99400329589844,103.75931549072266,-27.76531219482422
Multivariate+Exogenous,exogenous,WTI Oil,Com_CrudeOil,tscv,1,2023-12-04,557,6,PatchTST,NLinear,71.30599975585938,110.11412048339844,-38.80812072753906
Multivariate+Exogenous,exogenous,WTI Oil,Com_CrudeOil,tscv,1,2023-12-11,558,7,PatchTST,NLinear,70.76399993896484,113.08436584472656,-42.32036590576172
Multivariate+Exogenous,exogenous,WTI Oil,Com_CrudeOil,tscv,1,2023-12-18,559,8,PatchTST,NLinear,73.68599700927734,112.51429748535156,-38.82830047607422
Multivariate+Exogenous,exogenous,WTI Oil,Com_CrudeOil,tscv,1,2023-12-25,560,9,PatchTST,NLinear,73.2750015258789,120.50164794921875,-47.226646423339844
Multivariate+Exogenous,exogenous,WTI Oil,Com_CrudeOil,tscv,1,2024-01-01,561,10,PatchTST,NLinear,72.2699966430664,124.88259887695312,-52.61260223388672
Multivariate+Exogenous,exogenous,WTI Oil,Com_CrudeOil,tscv,1,2024-01-08,562,11,PatchTST,NLinear,71.9800033569336,129.2443084716797,-57.264305114746094
Multivariate+Exogenous,exogenous,WTI Oil,Com_CrudeOil,tscv,1,2024-01-15,563,12,PatchTST,NLinear,72.99749755859375,135.43914794921875,-62.441650390625
Multivariate+Exogenous,exogenous,WTI Oil,Com_CrudeOil,tscv,1,2023-10-30,552,1,PatchTST,iTransformer,80.93399810791016,75.70643615722656,5.227561950683594
Multivariate+Exogenous,exogenous,WTI Oil,Com_CrudeOil,tscv,1,2023-11-06,553,2,PatchTST,iTransformer,77.04000091552734,69.90943145751953,7.1305694580078125
Multivariate+Exogenous,exogenous,WTI Oil,Com_CrudeOil,tscv,1,2023-11-13,554,3,PatchTST,iTransformer,76.41400146484375,71.55247497558594,4.8615264892578125
Multivariate+Exogenous,exogenous,WTI Oil,Com_CrudeOil,tscv,1,2023-11-20,555,4,PatchTST,iTransformer,77.20999908447266,72.59886932373047,4.6111297607421875
Multivariate+Exogenous,exogenous,WTI Oil,Com_CrudeOil,tscv,1,2023-11-27,556,5,PatchTST,iTransformer,75.99400329589844,69.87816619873047,6.115837097167969
Multivariate+Exogenous,exogenous,WTI Oil,Com_CrudeOil,tscv,1,2023-12-04,557,6,PatchTST,iTransformer,71.30599975585938,72.09899139404297,-0.7929916381835938
Multivariate+Exogenous,exogenous,WTI Oil,Com_CrudeOil,tscv,1,2023-12-11,558,7,PatchTST,iTransformer,70.76399993896484,70.27201080322266,0.4919891357421875
Multivariate+Exogenous,exogenous,WTI Oil,Com_CrudeOil,tscv,1,2023-12-18,559,8,PatchTST,iTransformer,73.68599700927734,66.08590698242188,7.600090026855469
Multivariate+Exogenous,exogenous,WTI Oil,Com_CrudeOil,tscv,1,2023-12-25,560,9,PatchTST,iTransformer,73.2750015258789,68.80925750732422,4.4657440185546875
Multivariate+Exogenous,exogenous,WTI Oil,Com_CrudeOil,tscv,1,2024-01-01,561,10,PatchTST,iTransformer,72.2699966430664,67.64456176757812,4.625434875488281
Multivariate+Exogenous,exogenous,WTI Oil,Com_CrudeOil,tscv,1,2024-01-08,562,11,PatchTST,iTransformer,71.9800033569336,66.91520690917969,5.064796447753906
Multivariate+Exogenous,exogenous,WTI Oil,Com_CrudeOil,tscv,1,2024-01-15,563,12,PatchTST,iTransformer,72.99749755859375,66.97080993652344,6.0266876220703125
Multivariate+Exogenous,exogenous,WTI Oil,Com_CrudeOil,tscv,1,2023-10-30,552,1,PatchTST,XGBoost,80.93399810791016,72.89286041259766,8.0411376953125
Multivariate+Exogenous,exogenous,WTI Oil,Com_CrudeOil,tscv,1,2023-11-06,553,2,PatchTST,XGBoost,77.04000091552734,65.46549987792969,11.574501037597656
Multivariate+Exogenous,exogenous,WTI Oil,Com_CrudeOil,tscv,1,2023-11-13,554,3,PatchTST,XGBoost,76.41400146484375,67.7277603149414,8.686241149902344
Multivariate+Exogenous,exogenous,WTI Oil,Com_CrudeOil,tscv,1,2023-11-20,555,4,PatchTST,XGBoost,77.20999908447266,68.59362030029297,8.616378784179688
Multivariate+Exogenous,exogenous,WTI Oil,Com_CrudeOil,tscv,1,2023-11-27,556,5,PatchTST,XGBoost,75.99400329589844,65.3626480102539,10.631355285644531
Multivariate+Exogenous,exogenous,WTI Oil,Com_CrudeOil,tscv,1,2023-12-04,557,6,PatchTST,XGBoost,71.30599975585938,68.90489196777344,2.4011077880859375
Multivariate+Exogenous,exogenous,WTI Oil,Com_CrudeOil,tscv,1,2023-12-11,558,7,PatchTST,XGBoost,70.76399993896484,67.32830047607422,3.435699462890625
Multivariate+Exogenous,exogenous,WTI Oil,Com_CrudeOil,tscv,1,2023-12-18,559,8,PatchTST,XGBoost,73.68599700927734,62.93598937988281,10.750007629394531
Multivariate+Exogenous,exogenous,WTI Oil,Com_CrudeOil,tscv,1,2023-12-25,560,9,PatchTST,XGBoost,73.2750015258789,66.6409912109375,6.634010314941406
Multivariate+Exogenous,exogenous,WTI Oil,Com_CrudeOil,tscv,1,2024-01-01,561,10,PatchTST,XGBoost,72.2699966430664,66.38887786865234,5.8811187744140625
Multivariate+Exogenous,exogenous,WTI Oil,Com_CrudeOil,tscv,1,2024-01-08,562,11,PatchTST,XGBoost,71.9800033569336,65.03235626220703,6.9476470947265625
Multivariate+Exogenous,exogenous,WTI Oil,Com_CrudeOil,tscv,1,2024-01-15,563,12,PatchTST,XGBoost,72.99749755859375,64.69074249267578,8.306755065917969
Multivariate+Exogenous,exogenous,WTI Oil,Com_CrudeOil,tscv,1,2023-10-30,552,1,PatchTST,LightGBM,80.93399810791016,71.55247497558594,9.381523132324219
Multivariate+Exogenous,exogenous,WTI Oil,Com_CrudeOil,tscv,1,2023-11-06,553,2,PatchTST,LightGBM,77.04000091552734,65.57349395751953,11.466506958007812
Multivariate+Exogenous,exogenous,WTI Oil,Com_CrudeOil,tscv,1,2023-11-13,554,3,PatchTST,LightGBM,76.41400146484375,67.1366958618164,9.277305603027344
Multivariate+Exogenous,exogenous,WTI Oil,Com_CrudeOil,tscv,1,2023-11-20,555,4,PatchTST,LightGBM,77.20999908447266,68.67262268066406,8.537376403808594
Multivariate+Exogenous,exogenous,WTI Oil,Com_CrudeOil,tscv,1,2023-11-27,556,5,PatchTST,LightGBM,75.99400329589844,65.67141723632812,10.322586059570312
Multivariate+Exogenous,exogenous,WTI Oil,Com_CrudeOil,tscv,1,2023-12-04,557,6,PatchTST,LightGBM,71.30599975585938,68.44190216064453,2.8640975952148438
Multivariate+Exogenous,exogenous,WTI Oil,Com_CrudeOil,tscv,1,2023-12-11,558,7,PatchTST,LightGBM,70.76399993896484,66.79825592041016,3.9657440185546875
Multivariate+Exogenous,exogenous,WTI Oil,Com_CrudeOil,tscv,1,2023-12-18,559,8,PatchTST,LightGBM,73.68599700927734,62.52754211425781,11.158454895019531
Multivariate+Exogenous,exogenous,WTI Oil,Com_CrudeOil,tscv,1,2023-12-25,560,9,PatchTST,LightGBM,73.2750015258789,66.2325439453125,7.042457580566406
Multivariate+Exogenous,exogenous,WTI Oil,Com_CrudeOil,tscv,1,2024-01-01,561,10,PatchTST,LightGBM,72.2699966430664,66.11392211914062,6.156074523925781
Multivariate+Exogenous,exogenous,WTI Oil,Com_CrudeOil,tscv,1,2024-01-08,562,11,PatchTST,LightGBM,71.9800033569336,64.78068542480469,7.199317932128906
Multivariate+Exogenous,exogenous,WTI Oil,Com_CrudeOil,tscv,1,2024-01-15,563,12,PatchTST,LightGBM,72.99749755859375,65.10407257080078,7.893424987792969
Multivariate+Exogenous,exogenous,WTI Oil,Com_CrudeOil,tscv,2,2023-11-27,556,1,PatchTST,-,75.99400329589844,67.98226928710938,8.011734008789062
Multivariate+Exogenous,exogenous,WTI Oil,Com_CrudeOil,tscv,2,2023-12-04,557,2,PatchTST,-,71.30599975585938,61.638328552246094,9.667671203613281
Multivariate+Exogenous,exogenous,WTI Oil,Com_CrudeOil,tscv,2,2023-12-11,558,3,PatchTST,-,70.76399993896484,59.0725212097168,11.691478729248047
Multivariate+Exogenous,exogenous,WTI Oil,Com_CrudeOil,tscv,2,2023-12-18,559,4,PatchTST,-,73.68599700927734,53.6304931640625,20.055503845214844
Multivariate+Exogenous,exogenous,WTI Oil,Com_CrudeOil,tscv,2,2023-12-25,560,5,PatchTST,-,73.2750015258789,57.06873321533203,16.206268310546875
Multivariate+Exogenous,exogenous,WTI Oil,Com_CrudeOil,tscv,2,2024-01-01,561,6,PatchTST,-,72.2699966430664,57.07560729980469,15.194389343261719
Multivariate+Exogenous,exogenous,WTI Oil,Com_CrudeOil,tscv,2,2024-01-08,562,7,PatchTST,-,71.9800033569336,57.45399475097656,14.526008605957031
Multivariate+Exogenous,exogenous,WTI Oil,Com_CrudeOil,tscv,2,2024-01-15,563,8,PatchTST,-,72.99749755859375,58.96758270263672,14.029914855957031
Multivariate+Exogenous,exogenous,WTI Oil,Com_CrudeOil,tscv,2,2024-01-22,564,9,PatchTST,-,75.79000091552734,60.381309509277344,15.40869140625
Multivariate+Exogenous,exogenous,WTI Oil,Com_CrudeOil,tscv,2,2024-01-29,565,10,PatchTST,-,75.2239990234375,57.05885314941406,18.165145874023438
Multivariate+Exogenous,exogenous,WTI Oil,Com_CrudeOil,tscv,2,2024-02-05,566,11,PatchTST,-,74.552001953125,55.92624282836914,18.62575912475586
Multivariate+Exogenous,exogenous,WTI Oil,Com_CrudeOil,tscv,2,2024-02-12,567,12,PatchTST,-,77.04000091552734,50.5450439453125,26.494956970214844
Multivariate+Exogenous,exogenous,WTI Oil,Com_CrudeOil,tscv,2,2023-11-27,556,1,PatchTST,NLinear,75.99400329589844,84.46590423583984,-8.471900939941406
Multivariate+Exogenous,exogenous,WTI Oil,Com_CrudeOil,tscv,2,2023-12-04,557,2,PatchTST,NLinear,71.30599975585938,76.98312377929688,-5.6771240234375
Multivariate+Exogenous,exogenous,WTI Oil,Com_CrudeOil,tscv,2,2023-12-11,558,3,PatchTST,NLinear,70.76399993896484,72.61616516113281,-1.8521652221679688
Multivariate+Exogenous,exogenous,WTI Oil,Com_CrudeOil,tscv,2,2023-12-18,559,4,PatchTST,NLinear,73.68599700927734,65.41732788085938,8.268669128417969
Multivariate+Exogenous,exogenous,WTI Oil,Com_CrudeOil,tscv,2,2023-12-25,560,5,PatchTST,NLinear,73.2750015258789,66.69644165039062,6.578559875488281
Multivariate+Exogenous,exogenous,WTI Oil,Com_CrudeOil,tscv,2,2024-01-01,561,6,PatchTST,NLinear,72.2699966430664,64.78150177001953,7.488494873046875
Multivariate+Exogenous,exogenous,WTI Oil,Com_CrudeOil,tscv,2,2024-01-08,562,7,PatchTST,NLinear,71.9800033569336,64.37649536132812,7.603507995605469
Multivariate+Exogenous,exogenous,WTI Oil,Com_CrudeOil,tscv,2,2024-01-15,563,8,PatchTST,NLinear,72.99749755859375,64.89034271240234,8.107154846191406
Multivariate+Exogenous,exogenous,WTI Oil,Com_CrudeOil,tscv,2,2024-01-22,564,9,PatchTST,NLinear,75.79000091552734,65.97341918945312,9.816581726074219
Multivariate+Exogenous,exogenous,WTI Oil,Com_CrudeOil,tscv,2,2024-01-29,565,10,PatchTST,NLinear,75.2239990234375,61.39978790283203,13.824211120605469
Multivariate+Exogenous,exogenous,WTI Oil,Com_CrudeOil,tscv,2,2024-02-05,566,11,PatchTST,NLinear,74.552001953125,58.250404357910156,16.301597595214844
Multivariate+Exogenous,exogenous,WTI Oil,Com_CrudeOil,tscv,2,2024-02-12,567,12,PatchTST,NLinear,77.04000091552734,50.146156311035156,26.893844604492188
Multivariate+Exogenous,exogenous,WTI Oil,Com_CrudeOil,tscv,2,2023-11-27,556,1,PatchTST,iTransformer,75.99400329589844,78.56378936767578,-2.5697860717773438
Multivariate+Exogenous,exogenous,WTI Oil,Com_CrudeOil,tscv,2,2023-12-04,557,2,PatchTST,iTransformer,71.30599975585938,72.20518493652344,-0.8991851806640625
Multivariate+Exogenous,exogenous,WTI Oil,Com_CrudeOil,tscv,2,2023-12-11,558,3,PatchTST,iTransformer,70.76399993896484,69.25655364990234,1.5074462890625
Multivariate+Exogenous,exogenous,WTI Oil,Com_CrudeOil,tscv,2,2023-12-18,559,4,PatchTST,iTransformer,73.68599700927734,63.17426300048828,10.511734008789062
Multivariate+Exogenous,exogenous,WTI Oil,Com_CrudeOil,tscv,2,2023-12-25,560,5,PatchTST,iTransformer,73.2750015258789,65.44108581542969,7.833915710449219
Multivariate+Exogenous,exogenous,WTI Oil,Com_CrudeOil,tscv,2,2024-01-01,561,6,PatchTST,iTransformer,72.2699966430664,65.59119415283203,6.678802490234375
Multivariate+Exogenous,exogenous,WTI Oil,Com_CrudeOil,tscv,2,2024-01-08,562,7,PatchTST,iTransformer,71.9800033569336,66.1812515258789,5.7987518310546875
Multivariate+Exogenous,exogenous,WTI Oil,Com_CrudeOil,tscv,2,2024-01-15,563,8,PatchTST,iTransformer,72.99749755859375,67.5002212524414,5.497276306152344
Multivariate+Exogenous,exogenous,WTI Oil,Com_CrudeOil,tscv,2,2024-01-22,564,9,PatchTST,iTransformer,75.79000091552734,69.92825317382812,5.861747741699219
Multivariate+Exogenous,exogenous,WTI Oil,Com_CrudeOil,tscv,2,2024-01-29,565,10,PatchTST,iTransformer,75.2239990234375,66.00192260742188,9.222076416015625
Multivariate+Exogenous,exogenous,WTI Oil,Com_CrudeOil,tscv,2,2024-02-05,566,11,PatchTST,iTransformer,74.552001953125,65.69645690917969,8.855545043945312
Multivariate+Exogenous,exogenous,WTI Oil,Com_CrudeOil,tscv,2,2024-02-12,567,12,PatchTST,iTransformer,77.04000091552734,60.02204513549805,17.017955780029297
Multivariate+Exogenous,exogenous,WTI Oil,Com_CrudeOil,tscv,2,2023-11-27,556,1,PatchTST,XGBoost,75.99400329589844,73.0434799194336,2.9505233764648438
Multivariate+Exogenous,exogenous,WTI Oil,Com_CrudeOil,tscv,2,2023-12-04,557,2,PatchTST,XGBoost,71.30599975585938,66.69953918457031,4.6064605712890625
Multivariate+Exogenous,exogenous,WTI Oil,Com_CrudeOil,tscv,2,2023-12-11,558,3,PatchTST,XGBoost,70.76399993896484,64.13373565673828,6.6302642822265625
Multivariate+Exogenous,exogenous,WTI Oil,Com_CrudeOil,tscv,2,2023-12-18,559,4,PatchTST,XGBoost,73.68599700927734,58.600215911865234,15.08578109741211
Multivariate+Exogenous,exogenous,WTI Oil,Com_CrudeOil,tscv,2,2023-12-25,560,5,PatchTST,XGBoost,73.2750015258789,62.129947662353516,11.14505386352539
Multivariate+Exogenous,exogenous,WTI Oil,Com_CrudeOil,tscv,2,2024-01-01,561,6,PatchTST,XGBoost,72.2699966430664,62.13629150390625,10.133705139160156
Multivariate+Exogenous,exogenous,WTI Oil,Com_CrudeOil,tscv,2,2024-01-08,562,7,PatchTST,XGBoost,71.9800033569336,62.51520919799805,9.464794158935547
Multivariate+Exogenous,exogenous,WTI Oil,Com_CrudeOil,tscv,2,2024-01-15,563,8,PatchTST,XGBoost,72.99749755859375,63.93730545043945,9.060192108154297
Multivariate+Exogenous,exogenous,WTI Oil,Com_CrudeOil,tscv,2,2024-01-22,564,9,PatchTST,XGBoost,75.79000091552734,65.25646209716797,10.533538818359375
Multivariate+Exogenous,exogenous,WTI Oil,Com_CrudeOil,tscv,2,2024-01-29,565,10,PatchTST,XGBoost,75.2239990234375,61.93400192260742,13.289997100830078
Multivariate+Exogenous,exogenous,WTI Oil,Com_CrudeOil,tscv,2,2024-02-05,566,11,PatchTST,XGBoost,74.552001953125,60.987457275390625,13.564544677734375
Multivariate+Exogenous,exogenous,WTI Oil,Com_CrudeOil,tscv,2,2024-02-12,567,12,PatchTST,XGBoost,77.04000091552734,55.42019271850586,21.619808197021484
Multivariate+Exogenous,exogenous,WTI Oil,Com_CrudeOil,tscv,2,2023-11-27,556,1,PatchTST,LightGBM,75.99400329589844,72.9384994506836,3.0555038452148438
Multivariate+Exogenous,exogenous,WTI Oil,Com_CrudeOil,tscv,2,2023-12-04,557,2,PatchTST,LightGBM,71.30599975585938,66.59455871582031,4.7114410400390625
Multivariate+Exogenous,exogenous,WTI Oil,Com_CrudeOil,tscv,2,2023-12-11,558,3,PatchTST,LightGBM,70.76399993896484,64.02875518798828,6.7352447509765625
Multivariate+Exogenous,exogenous,WTI Oil,Com_CrudeOil,tscv,2,2023-12-18,559,4,PatchTST,LightGBM,73.68599700927734,58.586727142333984,15.09926986694336
Multivariate+Exogenous,exogenous,WTI Oil,Com_CrudeOil,tscv,2,2023-12-25,560,5,PatchTST,LightGBM,73.2750015258789,62.024967193603516,11.25003433227539
Multivariate+Exogenous,exogenous,WTI Oil,Com_CrudeOil,tscv,2,2024-01-01,561,6,PatchTST,LightGBM,72.2699966430664,62.03184127807617,10.238155364990234
Multivariate+Exogenous,exogenous,WTI Oil,Com_CrudeOil,tscv,2,2024-01-08,562,7,PatchTST,LightGBM,71.9800033569336,62.41022872924805,9.569774627685547
Multivariate+Exogenous,exogenous,WTI Oil,Com_CrudeOil,tscv,2,2024-01-15,563,8,PatchTST,LightGBM,72.99749755859375,63.9238166809082,9.073680877685547
Multivariate+Exogenous,exogenous,WTI Oil,Com_CrudeOil,tscv,2,2024-01-22,564,9,PatchTST,LightGBM,75.79000091552734,65.33753967285156,10.452461242675781
Multivariate+Exogenous,exogenous,WTI Oil,Com_CrudeOil,tscv,2,2024-01-29,565,10,PatchTST,LightGBM,75.2239990234375,62.01508712768555,13.208911895751953
Multivariate+Exogenous,exogenous,WTI Oil,Com_CrudeOil,tscv,2,2024-02-05,566,11,PatchTST,LightGBM,74.552001953125,60.882476806640625,13.669525146484375
Multivariate+Exogenous,exogenous,WTI Oil,Com_CrudeOil,tscv,2,2024-02-12,567,12,PatchTST,LightGBM,77.04000091552734,55.501277923583984,21.53872299194336
Multivariate+Exogenous,exogenous,WTI Oil,Com_CrudeOil,tscv,3,2023-12-25,560,1,PatchTST,-,73.2750015258789,67.29158782958984,5.9834136962890625
Multivariate+Exogenous,exogenous,WTI Oil,Com_CrudeOil,tscv,3,2024-01-01,561,2,PatchTST,-,72.2699966430664,66.01594543457031,6.254051208496094
Multivariate+Exogenous,exogenous,WTI Oil,Com_CrudeOil,tscv,3,2024-01-08,562,3,PatchTST,-,71.9800033569336,71.02499389648438,0.9550094604492188
Multivariate+Exogenous,exogenous,WTI Oil,Com_CrudeOil,tscv,3,2024-01-15,563,4,PatchTST,-,72.99749755859375,66.85411071777344,6.1433868408203125
Multivariate+Exogenous,exogenous,WTI Oil,Com_CrudeOil,tscv,3,2024-01-22,564,5,PatchTST,-,75.79000091552734,69.07599639892578,6.7140045166015625
Multivariate+Exogenous,exogenous,WTI Oil,Com_CrudeOil,tscv,3,2024-01-29,565,6,PatchTST,-,75.2239990234375,70.12307739257812,5.100921630859375
Multivariate+Exogenous,exogenous,WTI Oil,Com_CrudeOil,tscv,3,2024-02-05,566,7,PatchTST,-,74.552001953125,63.34968566894531,11.202316284179688
Multivariate+Exogenous,exogenous,WTI Oil,Com_CrudeOil,tscv,3,2024-02-12,567,8,PatchTST,-,77.04000091552734,67.33634948730469,9.703651428222656
Multivariate+Exogenous,exogenous,WTI Oil,Com_CrudeOil,tscv,3,2024-02-19,568,9,PatchTST,-,76.98500061035156,69.23540496826172,7.749595642089844
Multivariate+Exogenous,exogenous,WTI Oil,Com_CrudeOil,tscv,3,2024-02-26,569,10,PatchTST,-,77.93800354003906,64.50920867919922,13.428794860839844
Multivariate+Exogenous,exogenous,WTI Oil,Com_CrudeOil,tscv,3,2024-03-04,570,11,PatchTST,-,77.96199798583984,60.986289978027344,16.9757080078125
Multivariate+Exogenous,exogenous,WTI Oil,Com_CrudeOil,tscv,3,2024-03-11,571,12,PatchTST,-,79.08000183105469,67.18409729003906,11.895904541015625
Multivariate+Exogenous,exogenous,WTI Oil,Com_CrudeOil,tscv,3,2023-12-25,560,1,PatchTST,NLinear,73.2750015258789,77.22451782226562,-3.9495162963867188
Multivariate+Exogenous,exogenous,WTI Oil,Com_CrudeOil,tscv,3,2024-01-01,561,2,PatchTST,NLinear,72.2699966430664,75.51132202148438,-3.2413253784179688
Multivariate+Exogenous,exogenous,WTI Oil,Com_CrudeOil,tscv,3,2024-01-08,562,3,PatchTST,NLinear,71.9800033569336,80.51952362060547,-8.539520263671875
Multivariate+Exogenous,exogenous,WTI Oil,Com_CrudeOil,tscv,3,2024-01-15,563,4,PatchTST,NLinear,72.99749755859375,76.45417022705078,-3.4566726684570312
Multivariate+Exogenous,exogenous,WTI Oil,Com_CrudeOil,tscv,3,2024-01-22,564,5,PatchTST,NLinear,75.79000091552734,78.08872985839844,-2.2987289428710938
Multivariate+Exogenous,exogenous,WTI Oil,Com_CrudeOil,tscv,3,2024-01-29,565,6,PatchTST,NLinear,75.2239990234375,78.28881072998047,-3.0648117065429688
Multivariate+Exogenous,exogenous,WTI Oil,Com_CrudeOil,tscv,3,2024-02-05,566,7,PatchTST,NLinear,74.552001953125,70.12022399902344,4.4317779541015625
Multivariate+Exogenous,exogenous,WTI Oil,Com_CrudeOil,tscv,3,2024-02-12,567,8,PatchTST,NLinear,77.04000091552734,74.24354553222656,2.7964553833007812
Multivariate+Exogenous,exogenous,WTI Oil,Com_CrudeOil,tscv,3,2024-02-19,568,9,PatchTST,NLinear,76.98500061035156,75.92854309082031,1.05645751953125
Multivariate+Exogenous,exogenous,WTI Oil,Com_CrudeOil,tscv,3,2024-02-26,569,10,PatchTST,NLinear,77.93800354003906,71.95382690429688,5.9841766357421875
Multivariate+Exogenous,exogenous,WTI Oil,Com_CrudeOil,tscv,3,2024-03-04,570,11,PatchTST,NLinear,77.96199798583984,68.41694641113281,9.545051574707031
Multivariate+Exogenous,exogenous,WTI Oil,Com_CrudeOil,tscv,3,2024-03-11,571,12,PatchTST,NLinear,79.08000183105469,74.4832534790039,4.596748352050781
Multivariate+Exogenous,exogenous,WTI Oil,Com_CrudeOil,tscv,3,2023-12-25,560,1,PatchTST,iTransformer,73.2750015258789,70.44771575927734,2.8272857666015625
Multivariate+Exogenous,exogenous,WTI Oil,Com_CrudeOil,tscv,3,2024-01-01,561,2,PatchTST,iTransformer,72.2699966430664,69.92633819580078,2.343658447265625
Multivariate+Exogenous,exogenous,WTI Oil,Com_CrudeOil,tscv,3,2024-01-08,562,3,PatchTST,iTransformer,71.9800033569336,74.95873260498047,-2.978729248046875
Multivariate+Exogenous,exogenous,WTI Oil,Com_CrudeOil,tscv,3,2024-01-15,563,4,PatchTST,iTransformer,72.99749755859375,70.356689453125,2.64080810546875
Multivariate+Exogenous,exogenous,WTI Oil,Com_CrudeOil,tscv,3,2024-01-22,564,5,PatchTST,iTransformer,75.79000091552734,72.08818817138672,3.701812744140625
Multivariate+Exogenous,exogenous,WTI Oil,Com_CrudeOil,tscv,3,2024-01-29,565,6,PatchTST,iTransformer,75.2239990234375,72.90030670166016,2.3236923217773438
Multivariate+Exogenous,exogenous,WTI Oil,Com_CrudeOil,tscv,3,2024-02-05,566,7,PatchTST,iTransformer,74.552001953125,66.15084838867188,8.401153564453125
Multivariate+Exogenous,exogenous,WTI Oil,Com_CrudeOil,tscv,3,2024-02-12,567,8,PatchTST,iTransformer,77.04000091552734,70.85810852050781,6.181892395019531
Multivariate+Exogenous,exogenous,WTI Oil,Com_CrudeOil,tscv,3,2024-02-19,568,9,PatchTST,iTransformer,76.98500061035156,73.49272918701172,3.4922714233398438
Multivariate+Exogenous,exogenous,WTI Oil,Com_CrudeOil,tscv,3,2024-02-26,569,10,PatchTST,iTransformer,77.93800354003906,68.44393920898438,9.494064331054688
Multivariate+Exogenous,exogenous,WTI Oil,Com_CrudeOil,tscv,3,2024-03-04,570,11,PatchTST,iTransformer,77.96199798583984,64.49742126464844,13.464576721191406
Multivariate+Exogenous,exogenous,WTI Oil,Com_CrudeOil,tscv,3,2024-03-11,571,12,PatchTST,iTransformer,79.08000183105469,70.53157043457031,8.548431396484375
Multivariate+Exogenous,exogenous,WTI Oil,Com_CrudeOil,tscv,3,2023-12-25,560,1,PatchTST,XGBoost,73.2750015258789,71.84400177001953,1.430999755859375
Multivariate+Exogenous,exogenous,WTI Oil,Com_CrudeOil,tscv,3,2024-01-01,561,2,PatchTST,XGBoost,72.2699966430664,70.82501983642578,1.444976806640625
Multivariate+Exogenous,exogenous,WTI Oil,Com_CrudeOil,tscv,3,2024-01-08,562,3,PatchTST,XGBoost,71.9800033569336,76.20178985595703,-4.2217864990234375
Multivariate+Exogenous,exogenous,WTI Oil,Com_CrudeOil,tscv,3,2024-01-15,563,4,PatchTST,XGBoost,72.99749755859375,71.63243865966797,1.3650588989257812
Multivariate+Exogenous,exogenous,WTI Oil,Com_CrudeOil,tscv,3,2024-01-22,564,5,PatchTST,XGBoost,75.79000091552734,75.86856842041016,-0.0785675048828125
Multivariate+Exogenous,exogenous,WTI Oil,Com_CrudeOil,tscv,3,2024-01-29,565,6,PatchTST,XGBoost,75.2239990234375,76.69618225097656,-1.4721832275390625
Multivariate+Exogenous,exogenous,WTI Oil,Com_CrudeOil,tscv,3,2024-02-05,566,7,PatchTST,XGBoost,74.552001953125,70.14306640625,4.408935546875
Multivariate+Exogenous,exogenous,WTI Oil,Com_CrudeOil,tscv,3,2024-02-12,567,8,PatchTST,XGBoost,77.04000091552734,72.36835479736328,4.6716461181640625
Multivariate+Exogenous,exogenous,WTI Oil,Com_CrudeOil,tscv,3,2024-02-19,568,9,PatchTST,XGBoost,76.98500061035156,74.82035064697266,2.1646499633789062
Multivariate+Exogenous,exogenous,WTI Oil,Com_CrudeOil,tscv,3,2024-02-26,569,10,PatchTST,XGBoost,77.93800354003906,69.49227905273438,8.445724487304688
Multivariate+Exogenous,exogenous,WTI Oil,Com_CrudeOil,tscv,3,2024-03-04,570,11,PatchTST,XGBoost,77.96199798583984,66.49884033203125,11.463157653808594
Multivariate+Exogenous,exogenous,WTI Oil,Com_CrudeOil,tscv,3,2024-03-11,571,12,PatchTST,XGBoost,79.08000183105469,72.96766662597656,6.112335205078125
Multivariate+Exogenous,exogenous,WTI Oil,Com_CrudeOil,tscv,3,2023-12-25,560,1,PatchTST,LightGBM,73.2750015258789,71.65962982177734,1.6153717041015625
Multivariate+Exogenous,exogenous,WTI Oil,Com_CrudeOil,tscv,3,2024-01-01,561,2,PatchTST,LightGBM,72.2699966430664,70.38398742675781,1.8860092163085938
Multivariate+Exogenous,exogenous,WTI Oil,Com_CrudeOil,tscv,3,2024-01-08,562,3,PatchTST,LightGBM,71.9800033569336,75.39303588867188,-3.4130325317382812
Multivariate+Exogenous,exogenous,WTI Oil,Com_CrudeOil,tscv,3,2024-01-15,563,4,PatchTST,LightGBM,72.99749755859375,69.5649642944336,3.4325332641601562
Multivariate+Exogenous,exogenous,WTI Oil,Com_CrudeOil,tscv,3,2024-01-22,564,5,PatchTST,LightGBM,75.79000091552734,73.60018920898438,2.1898117065429688
Multivariate+Exogenous,exogenous,WTI Oil,Com_CrudeOil,tscv,3,2024-01-29,565,6,PatchTST,LightGBM,75.2239990234375,72.83393096923828,2.3900680541992188
Multivariate+Exogenous,exogenous,WTI Oil,Com_CrudeOil,tscv,3,2024-02-05,566,7,PatchTST,LightGBM,74.552001953125,66.06053924560547,8.491462707519531
Multivariate+Exogenous,exogenous,WTI Oil,Com_CrudeOil,tscv,3,2024-02-12,567,8,PatchTST,LightGBM,77.04000091552734,70.04720306396484,6.9927978515625
Multivariate+Exogenous,exogenous,WTI Oil,Com_CrudeOil,tscv,3,2024-02-19,568,9,PatchTST,LightGBM,76.98500061035156,73.75959777832031,3.22540283203125
Multivariate+Exogenous,exogenous,WTI Oil,Com_CrudeOil,tscv,3,2024-02-26,569,10,PatchTST,LightGBM,77.93800354003906,69.03340148925781,8.90460205078125
Multivariate+Exogenous,exogenous,WTI Oil,Com_CrudeOil,tscv,3,2024-03-04,570,11,PatchTST,LightGBM,77.96199798583984,65.51048278808594,12.451515197753906
Multivariate+Exogenous,exogenous,WTI Oil,Com_CrudeOil,tscv,3,2024-03-11,571,12,PatchTST,LightGBM,79.08000183105469,71.70829010009766,7.371711730957031
Multivariate+Exogenous,exogenous,WTI Oil,Com_CrudeOil,tscv,4,2024-01-22,564,1,PatchTST,-,75.79000091552734,71.59037017822266,4.1996307373046875
Multivariate+Exogenous,exogenous,WTI Oil,Com_CrudeOil,tscv,4,2024-01-29,565,2,PatchTST,-,75.2239990234375,71.13121032714844,4.0927886962890625
Multivariate+Exogenous,exogenous,WTI Oil,Com_CrudeOil,tscv,4,2024-02-05,566,3,PatchTST,-,74.552001953125,69.45974731445312,5.092254638671875
Multivariate+Exogenous,exogenous,WTI Oil,Com_CrudeOil,tscv,4,2024-02-12,567,4,PatchTST,-,77.04000091552734,71.96867370605469,5.071327209472656
Multivariate+Exogenous,exogenous,WTI Oil,Com_CrudeOil,tscv,4,2024-02-19,568,5,PatchTST,-,76.98500061035156,72.40601348876953,4.578987121582031
Multivariate+Exogenous,exogenous,WTI Oil,Com_CrudeOil,tscv,4,2024-02-26,569,6,PatchTST,-,77.93800354003906,74.05179595947266,3.8862075805664062
Multivariate+Exogenous,exogenous,WTI Oil,Com_CrudeOil,tscv,4,2024-03-04,570,7,PatchTST,-,77.96199798583984,70.24777221679688,7.714225769042969
Multivariate+Exogenous,exogenous,WTI Oil,Com_CrudeOil,tscv,4,2024-03-11,571,8,PatchTST,-,79.08000183105469,70.05007934570312,9.029922485351562
Multivariate+Exogenous,exogenous,WTI Oil,Com_CrudeOil,tscv,4,2024-03-18,572,9,PatchTST,-,81.5719985961914,72.69474029541016,8.87725830078125
Multivariate+Exogenous,exogenous,WTI Oil,Com_CrudeOil,tscv,4,2024-03-25,573,10,PatchTST,-,82.2426986694336,73.01750183105469,9.225196838378906
Multivariate+Exogenous,exogenous,WTI Oil,Com_CrudeOil,tscv,4,2024-04-01,574,11,PatchTST,-,85.55799865722656,69.57855224609375,15.979446411132812
Multivariate+Exogenous,exogenous,WTI Oil,Com_CrudeOil,tscv,4,2024-04-08,575,12,PatchTST,-,85.70999908447266,69.29535675048828,16.414642333984375
Multivariate+Exogenous,exogenous,WTI Oil,Com_CrudeOil,tscv,4,2024-01-22,564,1,PatchTST,NLinear,75.79000091552734,80.01000213623047,-4.220001220703125
Multivariate+Exogenous,exogenous,WTI Oil,Com_CrudeOil,tscv,4,2024-01-29,565,2,PatchTST,NLinear,75.2239990234375,76.60984802246094,-1.3858489990234375
Multivariate+Exogenous,exogenous,WTI Oil,Com_CrudeOil,tscv,4,2024-02-05,566,3,PatchTST,NLinear,74.552001953125,72.24531555175781,2.3066864013671875
Multivariate+Exogenous,exogenous,WTI Oil,Com_CrudeOil,tscv,4,2024-02-12,567,4,PatchTST,NLinear,77.04000091552734,73.41559600830078,3.6244049072265625
Multivariate+Exogenous,exogenous,WTI Oil,Com_CrudeOil,tscv,4,2024-02-19,568,5,PatchTST,NLinear,76.98500061035156,73.07965087890625,3.9053497314453125
Multivariate+Exogenous,exogenous,WTI Oil,Com_CrudeOil,tscv,4,2024-02-26,569,6,PatchTST,NLinear,77.93800354003906,74.97037506103516,2.9676284790039062
Multivariate+Exogenous,exogenous,WTI Oil,Com_CrudeOil,tscv,4,2024-03-04,570,7,PatchTST,NLinear,77.96199798583984,72.33690643310547,5.625091552734375
Multivariate+Exogenous,exogenous,WTI Oil,Com_CrudeOil,tscv,4,2024-03-11,571,8,PatchTST,NLinear,79.08000183105469,72.42272186279297,6.657279968261719
Multivariate+Exogenous,exogenous,WTI Oil,Com_CrudeOil,tscv,4,2024-03-18,572,9,PatchTST,NLinear,81.5719985961914,74.77877807617188,6.793220520019531
Multivariate+Exogenous,exogenous,WTI Oil,Com_CrudeOil,tscv,4,2024-03-25,573,10,PatchTST,NLinear,82.2426986694336,74.08783721923828,8.154861450195312
Multivariate+Exogenous,exogenous,WTI Oil,Com_CrudeOil,tscv,4,2024-04-01,574,11,PatchTST,NLinear,85.55799865722656,69.29324340820312,16.264755249023438
Multivariate+Exogenous,exogenous,WTI Oil,Com_CrudeOil,tscv,4,2024-04-08,575,12,PatchTST,NLinear,85.70999908447266,67.96922302246094,17.74077606201172
Multivariate+Exogenous,exogenous,WTI Oil,Com_CrudeOil,tscv,4,2024-01-22,564,1,PatchTST,iTransformer,75.79000091552734,75.78507995605469,0.00492095947265625
Multivariate+Exogenous,exogenous,WTI Oil,Com_CrudeOil,tscv,4,2024-01-29,565,2,PatchTST,iTransformer,75.2239990234375,74.9983901977539,0.22560882568359375
Multivariate+Exogenous,exogenous,WTI Oil,Com_CrudeOil,tscv,4,2024-02-05,566,3,PatchTST,iTransformer,74.552001953125,72.94699096679688,1.605010986328125
Multivariate+Exogenous,exogenous,WTI Oil,Com_CrudeOil,tscv,4,2024-02-12,567,4,PatchTST,iTransformer,77.04000091552734,76.02726745605469,1.0127334594726562
Multivariate+Exogenous,exogenous,WTI Oil,Com_CrudeOil,tscv,4,2024-02-19,568,5,PatchTST,iTransformer,76.98500061035156,75.99051666259766,0.9944839477539062
Multivariate+Exogenous,exogenous,WTI Oil,Com_CrudeOil,tscv,4,2024-02-26,569,6,PatchTST,iTransformer,77.93800354003906,78.05271911621094,-0.114715576171875
Multivariate+Exogenous,exogenous,WTI Oil,Com_CrudeOil,tscv,4,2024-03-04,570,7,PatchTST,iTransformer,77.96199798583984,72.82491302490234,5.1370849609375
Multivariate+Exogenous,exogenous,WTI Oil,Com_CrudeOil,tscv,4,2024-03-11,571,8,PatchTST,iTransformer,79.08000183105469,72.96484375,6.1151580810546875
Multivariate+Exogenous,exogenous,WTI Oil,Com_CrudeOil,tscv,4,2024-03-18,572,9,PatchTST,iTransformer,81.5719985961914,75.36358642578125,6.208412170410156
Multivariate+Exogenous,exogenous,WTI Oil,Com_CrudeOil,tscv,4,2024-03-25,573,10,PatchTST,iTransformer,82.2426986694336,76.43077087402344,5.811927795410156
Multivariate+Exogenous,exogenous,WTI Oil,Com_CrudeOil,tscv,4,2024-04-01,574,11,PatchTST,iTransformer,85.55799865722656,72.5611343383789,12.996864318847656
Multivariate+Exogenous,exogenous,WTI Oil,Com_CrudeOil,tscv,4,2024-04-08,575,12,PatchTST,iTransformer,85.70999908447266,72.6333999633789,13.07659912109375
Multivariate+Exogenous,exogenous,WTI Oil,Com_CrudeOil,tscv,4,2024-01-22,564,1,PatchTST,XGBoost,75.79000091552734,75.1757583618164,0.6142425537109375
Multivariate+Exogenous,exogenous,WTI Oil,Com_CrudeOil,tscv,4,2024-01-29,565,2,PatchTST,XGBoost,75.2239990234375,74.26647186279297,0.9575271606445312
Multivariate+Exogenous,exogenous,WTI Oil,Com_CrudeOil,tscv,4,2024-02-05,566,3,PatchTST,XGBoost,74.552001953125,73.37618255615234,1.1758193969726562
Multivariate+Exogenous,exogenous,WTI Oil,Com_CrudeOil,tscv,4,2024-02-12,567,4,PatchTST,XGBoost,77.04000091552734,76.67782592773438,0.36217498779296875
Multivariate+Exogenous,exogenous,WTI Oil,Com_CrudeOil,tscv,4,2024-02-19,568,5,PatchTST,XGBoost,76.98500061035156,78.16642761230469,-1.181427001953125
Multivariate+Exogenous,exogenous,WTI Oil,Com_CrudeOil,tscv,4,2024-02-26,569,6,PatchTST,XGBoost,77.93800354003906,79.40404510498047,-1.4660415649414062
Multivariate+Exogenous,exogenous,WTI Oil,Com_CrudeOil,tscv,4,2024-03-04,570,7,PatchTST,XGBoost,77.96199798583984,75.6186294555664,2.3433685302734375
Multivariate+Exogenous,exogenous,WTI Oil,Com_CrudeOil,tscv,4,2024-03-11,571,8,PatchTST,XGBoost,79.08000183105469,74.91484832763672,4.165153503417969
Multivariate+Exogenous,exogenous,WTI Oil,Com_CrudeOil,tscv,4,2024-03-18,572,9,PatchTST,XGBoost,81.5719985961914,76.6093521118164,4.962646484375
Multivariate+Exogenous,exogenous,WTI Oil,Com_CrudeOil,tscv,4,2024-03-25,573,10,PatchTST,XGBoost,82.2426986694336,77.11298370361328,5.1297149658203125
Multivariate+Exogenous,exogenous,WTI Oil,Com_CrudeOil,tscv,4,2024-04-01,574,11,PatchTST,XGBoost,85.55799865722656,74.74474334716797,10.813255310058594
Multivariate+Exogenous,exogenous,WTI Oil,Com_CrudeOil,tscv,4,2024-04-08,575,12,PatchTST,XGBoost,85.70999908447266,75.01130676269531,10.698692321777344
Multivariate+Exogenous,exogenous,WTI Oil,Com_CrudeOil,tscv,4,2024-01-22,564,1,PatchTST,LightGBM,75.79000091552734,77.15541076660156,-1.3654098510742188
Multivariate+Exogenous,exogenous,WTI Oil,Com_CrudeOil,tscv,4,2024-01-29,565,2,PatchTST,LightGBM,75.2239990234375,76.88484191894531,-1.6608428955078125
Multivariate+Exogenous,exogenous,WTI Oil,Com_CrudeOil,tscv,4,2024-02-05,566,3,PatchTST,LightGBM,74.552001953125,76.52771759033203,-1.9757156372070312
Multivariate+Exogenous,exogenous,WTI Oil,Com_CrudeOil,tscv,4,2024-02-12,567,4,PatchTST,LightGBM,77.04000091552734,80.03204345703125,-2.9920425415039062
Multivariate+Exogenous,exogenous,WTI Oil,Com_CrudeOil,tscv,4,2024-02-19,568,5,PatchTST,LightGBM,76.98500061035156,79.81348419189453,-2.8284835815429688
Multivariate+Exogenous,exogenous,WTI Oil,Com_CrudeOil,tscv,4,2024-02-26,569,6,PatchTST,LightGBM,77.93800354003906,80.939208984375,-3.0012054443359375
Multivariate+Exogenous,exogenous,WTI Oil,Com_CrudeOil,tscv,4,2024-03-04,570,7,PatchTST,LightGBM,77.96199798583984,77.88043975830078,0.0815582275390625
Multivariate+Exogenous,exogenous,WTI Oil,Com_CrudeOil,tscv,4,2024-03-11,571,8,PatchTST,LightGBM,79.08000183105469,76.6945571899414,2.3854446411132812
Multivariate+Exogenous,exogenous,WTI Oil,Com_CrudeOil,tscv,4,2024-03-18,572,9,PatchTST,LightGBM,81.5719985961914,79.61097717285156,1.9610214233398438
Multivariate+Exogenous,exogenous,WTI Oil,Com_CrudeOil,tscv,4,2024-03-25,573,10,PatchTST,LightGBM,82.2426986694336,81.26142883300781,0.9812698364257812
Multivariate+Exogenous,exogenous,WTI Oil,Com_CrudeOil,tscv,4,2024-04-01,574,11,PatchTST,LightGBM,85.55799865722656,75.33218383789062,10.225814819335938
Multivariate+Exogenous,exogenous,WTI Oil,Com_CrudeOil,tscv,4,2024-04-08,575,12,PatchTST,LightGBM,85.70999908447266,76.23272705078125,9.477272033691406
Multivariate+Exogenous,exogenous,WTI Oil,Com_CrudeOil,tscv,5,2024-02-19,568,1,PatchTST,-,76.98500061035156,73.6964111328125,3.2885894775390625
Multivariate+Exogenous,exogenous,WTI Oil,Com_CrudeOil,tscv,5,2024-02-26,569,2,PatchTST,-,77.93800354003906,72.70759582519531,5.23040771484375
Multivariate+Exogenous,exogenous,WTI Oil,Com_CrudeOil,tscv,5,2024-03-04,570,3,PatchTST,-,77.96199798583984,68.91370391845703,9.048294067382812
Multivariate+Exogenous,exogenous,WTI Oil,Com_CrudeOil,tscv,5,2024-03-11,571,4,PatchTST,-,79.08000183105469,69.08013916015625,9.999862670898438
Multivariate+Exogenous,exogenous,WTI Oil,Com_CrudeOil,tscv,5,2024-03-18,572,5,PatchTST,-,81.5719985961914,70.3865966796875,11.185401916503906
Multivariate+Exogenous,exogenous,WTI Oil,Com_CrudeOil,tscv,5,2024-03-25,573,6,PatchTST,-,82.2426986694336,65.50946807861328,16.733230590820312
Multivariate+Exogenous,exogenous,WTI Oil,Com_CrudeOil,tscv,5,2024-04-01,574,7,PatchTST,-,85.55799865722656,67.15830993652344,18.399688720703125
Multivariate+Exogenous,exogenous,WTI Oil,Com_CrudeOil,tscv,5,2024-04-08,575,8,PatchTST,-,85.70999908447266,69.42320251464844,16.28679656982422
Multivariate+Exogenous,exogenous,WTI Oil,Com_CrudeOil,tscv,5,2024-04-15,576,9,PatchTST,-,83.74513244628906,70.33697509765625,13.408157348632812
Multivariate+Exogenous,exogenous,WTI Oil,Com_CrudeOil,tscv,5,2024-04-22,577,10,PatchTST,-,83.15287780761719,70.06610107421875,13.086776733398438
Multivariate+Exogenous,exogenous,WTI Oil,Com_CrudeOil,tscv,5,2024-04-29,578,11,PatchTST,-,80.14189910888672,67.17804718017578,12.963851928710938
Multivariate+Exogenous,exogenous,WTI Oil,Com_CrudeOil,tscv,5,2024-05-06,579,12,PatchTST,-,78.67400360107422,70.93035125732422,7.74365234375
Multivariate+Exogenous,exogenous,WTI Oil,Com_CrudeOil,tscv,5,2024-02-19,568,1,PatchTST,NLinear,76.98500061035156,81.92556762695312,-4.9405670166015625
Multivariate+Exogenous,exogenous,WTI Oil,Com_CrudeOil,tscv,5,2024-02-26,569,2,PatchTST,NLinear,77.93800354003906,79.42520904541016,-1.4872055053710938
Multivariate+Exogenous,exogenous,WTI Oil,Com_CrudeOil,tscv,5,2024-03-04,570,3,PatchTST,NLinear,77.96199798583984,75.49517822265625,2.4668197631835938
Multivariate+Exogenous,exogenous,WTI Oil,Com_CrudeOil,tscv,5,2024-03-11,571,4,PatchTST,NLinear,79.08000183105469,74.97583770751953,4.104164123535156
Multivariate+Exogenous,exogenous,WTI Oil,Com_CrudeOil,tscv,5,2024-03-18,572,5,PatchTST,NLinear,81.5719985961914,75.06417846679688,6.507820129394531
Multivariate+Exogenous,exogenous,WTI Oil,Com_CrudeOil,tscv,5,2024-03-25,573,6,PatchTST,NLinear,82.2426986694336,68.78997039794922,13.452728271484375
Multivariate+Exogenous,exogenous,WTI Oil,Com_CrudeOil,tscv,5,2024-04-01,574,7,PatchTST,NLinear,85.55799865722656,68.87354278564453,16.68445587158203
Multivariate+Exogenous,exogenous,WTI Oil,Com_CrudeOil,tscv,5,2024-04-08,575,8,PatchTST,NLinear,85.70999908447266,69.76827239990234,15.941726684570312
Multivariate+Exogenous,exogenous,WTI Oil,Com_CrudeOil,tscv,5,2024-04-15,576,9,PatchTST,NLinear,83.74513244628906,69.2698745727539,14.475257873535156
Multivariate+Exogenous,exogenous,WTI Oil,Com_CrudeOil,tscv,5,2024-04-22,577,10,PatchTST,NLinear,83.15287780761719,69.08558654785156,14.067291259765625
Multivariate+Exogenous,exogenous,WTI Oil,Com_CrudeOil,tscv,5,2024-04-29,578,11,PatchTST,NLinear,80.14189910888672,66.05461120605469,14.087287902832031
Multivariate+Exogenous,exogenous,WTI Oil,Com_CrudeOil,tscv,5,2024-05-06,579,12,PatchTST,NLinear,78.67400360107422,69.21370697021484,9.460296630859375
Multivariate+Exogenous,exogenous,WTI Oil,Com_CrudeOil,tscv,5,2024-02-19,568,1,PatchTST,iTransformer,76.98500061035156,81.23900604248047,-4.254005432128906
Multivariate+Exogenous,exogenous,WTI Oil,Com_CrudeOil,tscv,5,2024-02-26,569,2,PatchTST,iTransformer,77.93800354003906,80.2295913696289,-2.2915878295898438
Multivariate+Exogenous,exogenous,WTI Oil,Com_CrudeOil,tscv,5,2024-03-04,570,3,PatchTST,iTransformer,77.96199798583984,76.98861694335938,0.9733810424804688
Multivariate+Exogenous,exogenous,WTI Oil,Com_CrudeOil,tscv,5,2024-03-11,571,4,PatchTST,iTransformer,79.08000183105469,76.88468933105469,2.1953125
Multivariate+Exogenous,exogenous,WTI Oil,Com_CrudeOil,tscv,5,2024-03-18,572,5,PatchTST,iTransformer,81.5719985961914,78.27546691894531,3.2965316772460938
Multivariate+Exogenous,exogenous,WTI Oil,Com_CrudeOil,tscv,5,2024-03-25,573,6,PatchTST,iTransformer,82.2426986694336,72.81240844726562,9.430290222167969
Multivariate+Exogenous,exogenous,WTI Oil,Com_CrudeOil,tscv,5,2024-04-01,574,7,PatchTST,iTransformer,85.55799865722656,74.96431732177734,10.593681335449219
Multivariate+Exogenous,exogenous,WTI Oil,Com_CrudeOil,tscv,5,2024-04-08,575,8,PatchTST,iTransformer,85.70999908447266,77.33647918701172,8.373519897460938
Multivariate+Exogenous,exogenous,WTI Oil,Com_CrudeOil,tscv,5,2024-04-15,576,9,PatchTST,iTransformer,83.74513244628906,78.8236083984375,4.9215240478515625
Multivariate+Exogenous,exogenous,WTI Oil,Com_CrudeOil,tscv,5,2024-04-22,577,10,PatchTST,iTransformer,83.15287780761719,78.20692443847656,4.945953369140625
Multivariate+Exogenous,exogenous,WTI Oil,Com_CrudeOil,tscv,5,2024-04-29,578,11,PatchTST,iTransformer,80.14189910888672,75.35636901855469,4.785530090332031
Multivariate+Exogenous,exogenous,WTI Oil,Com_CrudeOil,tscv,5,2024-05-06,579,12,PatchTST,iTransformer,78.67400360107422,79.72393798828125,-1.0499343872070312
Multivariate+Exogenous,exogenous,WTI Oil,Com_CrudeOil,tscv,5,2024-02-19,568,1,PatchTST,XGBoost,76.98500061035156,79.35638427734375,-2.3713836669921875
Multivariate+Exogenous,exogenous,WTI Oil,Com_CrudeOil,tscv,5,2024-02-26,569,2,PatchTST,XGBoost,77.93800354003906,78.26404571533203,-0.32604217529296875
Multivariate+Exogenous,exogenous,WTI Oil,Com_CrudeOil,tscv,5,2024-03-04,570,3,PatchTST,XGBoost,77.96199798583984,74.57801818847656,3.3839797973632812
Multivariate+Exogenous,exogenous,WTI Oil,Com_CrudeOil,tscv,5,2024-03-11,571,4,PatchTST,XGBoost,79.08000183105469,74.89508056640625,4.1849212646484375
Multivariate+Exogenous,exogenous,WTI Oil,Com_CrudeOil,tscv,5,2024-03-18,572,5,PatchTST,XGBoost,81.5719985961914,75.90226745605469,5.669731140136719
Multivariate+Exogenous,exogenous,WTI Oil,Com_CrudeOil,tscv,5,2024-03-25,573,6,PatchTST,XGBoost,82.2426986694336,71.10330200195312,11.139396667480469
Multivariate+Exogenous,exogenous,WTI Oil,Com_CrudeOil,tscv,5,2024-04-01,574,7,PatchTST,XGBoost,85.55799865722656,71.63963317871094,13.918365478515625
Multivariate+Exogenous,exogenous,WTI Oil,Com_CrudeOil,tscv,5,2024-04-08,575,8,PatchTST,XGBoost,85.70999908447266,75.23783111572266,10.47216796875
Multivariate+Exogenous,exogenous,WTI Oil,Com_CrudeOil,tscv,5,2024-04-15,576,9,PatchTST,XGBoost,83.74513244628906,75.01631927490234,8.728813171386719
Multivariate+Exogenous,exogenous,WTI Oil,Com_CrudeOil,tscv,5,2024-04-22,577,10,PatchTST,XGBoost,83.15287780761719,74.50108337402344,8.65179443359375
Multivariate+Exogenous,exogenous,WTI Oil,Com_CrudeOil,tscv,5,2024-04-29,578,11,PatchTST,XGBoost,80.14189910888672,71.613037109375,8.528861999511719
Multivariate+Exogenous,exogenous,WTI Oil,Com_CrudeOil,tscv,5,2024-05-06,579,12,PatchTST,XGBoost,78.67400360107422,75.05818176269531,3.6158218383789062
Multivariate+Exogenous,exogenous,WTI Oil,Com_CrudeOil,tscv,5,2024-02-19,568,1,PatchTST,LightGBM,76.98500061035156,79.63180541992188,-2.6468048095703125
Multivariate+Exogenous,exogenous,WTI Oil,Com_CrudeOil,tscv,5,2024-02-26,569,2,PatchTST,LightGBM,77.93800354003906,78.64299011230469,-0.704986572265625
Multivariate+Exogenous,exogenous,WTI Oil,Com_CrudeOil,tscv,5,2024-03-04,570,3,PatchTST,LightGBM,77.96199798583984,74.8490982055664,3.1128997802734375
Multivariate+Exogenous,exogenous,WTI Oil,Com_CrudeOil,tscv,5,2024-03-11,571,4,PatchTST,LightGBM,79.08000183105469,75.01553344726562,4.0644683837890625
Multivariate+Exogenous,exogenous,WTI Oil,Com_CrudeOil,tscv,5,2024-03-18,572,5,PatchTST,LightGBM,81.5719985961914,76.32199096679688,5.250007629394531
Multivariate+Exogenous,exogenous,WTI Oil,Com_CrudeOil,tscv,5,2024-03-25,573,6,PatchTST,LightGBM,82.2426986694336,71.44486236572266,10.797836303710938
Multivariate+Exogenous,exogenous,WTI Oil,Com_CrudeOil,tscv,5,2024-04-01,574,7,PatchTST,LightGBM,85.55799865722656,73.09370422363281,12.46429443359375
Multivariate+Exogenous,exogenous,WTI Oil,Com_CrudeOil,tscv,5,2024-04-08,575,8,PatchTST,LightGBM,85.70999908447266,75.35859680175781,10.351402282714844
Multivariate+Exogenous,exogenous,WTI Oil,Com_CrudeOil,tscv,5,2024-04-15,576,9,PatchTST,LightGBM,83.74513244628906,76.27236938476562,7.4727630615234375
Multivariate+Exogenous,exogenous,WTI Oil,Com_CrudeOil,tscv,5,2024-04-22,577,10,PatchTST,LightGBM,83.15287780761719,76.00149536132812,7.1513824462890625
Multivariate+Exogenous,exogenous,WTI Oil,Com_CrudeOil,tscv,5,2024-04-29,578,11,PatchTST,LightGBM,80.14189910888672,73.11344146728516,7.0284576416015625
Multivariate+Exogenous,exogenous,WTI Oil,Com_CrudeOil,tscv,5,2024-05-06,579,12,PatchTST,LightGBM,78.67400360107422,76.8657455444336,1.808258056640625
Multivariate+Exogenous,exogenous,WTI Oil,Com_CrudeOil,tscv,6,2024-03-18,572,1,PatchTST,-,81.5719985961914,74.59001159667969,6.981986999511719
Multivariate+Exogenous,exogenous,WTI Oil,Com_CrudeOil,tscv,6,2024-03-25,573,2,PatchTST,-,82.2426986694336,69.4908218383789,12.751876831054688
Multivariate+Exogenous,exogenous,WTI Oil,Com_CrudeOil,tscv,6,2024-04-01,574,3,PatchTST,-,85.55799865722656,69.09252166748047,16.465476989746094
Multivariate+Exogenous,exogenous,WTI Oil,Com_CrudeOil,tscv,6,2024-04-08,575,4,PatchTST,-,85.70999908447266,72.27018737792969,13.439811706542969
Multivariate+Exogenous,exogenous,WTI Oil,Com_CrudeOil,tscv,6,2024-04-15,576,5,PatchTST,-,83.74513244628906,71.95330047607422,11.791831970214844
Multivariate+Exogenous,exogenous,WTI Oil,Com_CrudeOil,tscv,6,2024-04-22,577,6,PatchTST,-,83.15287780761719,70.56017303466797,12.592704772949219
Multivariate+Exogenous,exogenous,WTI Oil,Com_CrudeOil,tscv,6,2024-04-29,578,7,PatchTST,-,80.14189910888672,68.90547180175781,11.236427307128906
Multivariate+Exogenous,exogenous,WTI Oil,Com_CrudeOil,tscv,6,2024-05-06,579,8,PatchTST,-,78.67400360107422,73.29376983642578,5.3802337646484375
Multivariate+Exogenous,exogenous,WTI Oil,Com_CrudeOil,tscv,6,2024-05-13,580,9,PatchTST,-,78.81800079345703,73.21768951416016,5.600311279296875
Multivariate+Exogenous,exogenous,WTI Oil,Com_CrudeOil,tscv,6,2024-05-20,581,10,PatchTST,-,78.02400207519531,69.26010131835938,8.763900756835938
Multivariate+Exogenous,exogenous,WTI Oil,Com_CrudeOil,tscv,6,2024-05-27,582,11,PatchTST,-,78.5094985961914,71.6219253540039,6.8875732421875
Multivariate+Exogenous,exogenous,WTI Oil,Com_CrudeOil,tscv,6,2024-06-03,583,12,PatchTST,-,74.52400207519531,70.94952392578125,3.5744781494140625
Multivariate+Exogenous,exogenous,WTI Oil,Com_CrudeOil,tscv,6,2024-03-18,572,1,PatchTST,NLinear,81.5719985961914,104.18252563476562,-22.61052703857422
Multivariate+Exogenous,exogenous,WTI Oil,Com_CrudeOil,tscv,6,2024-03-25,573,2,PatchTST,NLinear,82.2426986694336,100.39860534667969,-18.155906677246094
Multivariate+Exogenous,exogenous,WTI Oil,Com_CrudeOil,tscv,6,2024-04-01,574,3,PatchTST,NLinear,85.55799865722656,101.25031280517578,-15.692314147949219
Multivariate+Exogenous,exogenous,WTI Oil,Com_CrudeOil,tscv,6,2024-04-08,575,4,PatchTST,NLinear,85.70999908447266,105.44110870361328,-19.731109619140625
Multivariate+Exogenous,exogenous,WTI Oil,Com_CrudeOil,tscv,6,2024-04-15,576,5,PatchTST,NLinear,83.74513244628906,106.56745910644531,-22.82232666015625
Multivariate+Exogenous,exogenous,WTI Oil,Com_CrudeOil,tscv,6,2024-04-22,577,6,PatchTST,NLinear,83.15287780761719,106.9396743774414,-23.78679656982422
Multivariate+Exogenous,exogenous,WTI Oil,Com_CrudeOil,tscv,6,2024-04-29,578,7,PatchTST,NLinear,80.14189910888672,107.1849365234375,-27.04303741455078
Multivariate+Exogenous,exogenous,WTI Oil,Com_CrudeOil,tscv,6,2024-05-06,579,8,PatchTST,NLinear,78.67400360107422,113.00910949707031,-34.335105895996094
Multivariate+Exogenous,exogenous,WTI Oil,Com_CrudeOil,tscv,6,2024-05-13,580,9,PatchTST,NLinear,78.81800079345703,115.07611083984375,-36.25811004638672
Multivariate+Exogenous,exogenous,WTI Oil,Com_CrudeOil,tscv,6,2024-05-20,581,10,PatchTST,NLinear,78.02400207519531,112.7794189453125,-34.75541687011719
Multivariate+Exogenous,exogenous,WTI Oil,Com_CrudeOil,tscv,6,2024-05-27,582,11,PatchTST,NLinear,78.5094985961914,116.03260803222656,-37.523109436035156
Multivariate+Exogenous,exogenous,WTI Oil,Com_CrudeOil,tscv,6,2024-06-03,583,12,PatchTST,NLinear,74.52400207519531,116.41283416748047,-41.888832092285156
Multivariate+Exogenous,exogenous,WTI Oil,Com_CrudeOil,tscv,6,2024-03-18,572,1,PatchTST,iTransformer,81.5719985961914,76.79993438720703,4.772064208984375
Multivariate+Exogenous,exogenous,WTI Oil,Com_CrudeOil,tscv,6,2024-03-25,573,2,PatchTST,iTransformer,82.2426986694336,71.97007751464844,10.272621154785156
Multivariate+Exogenous,exogenous,WTI Oil,Com_CrudeOil,tscv,6,2024-04-01,574,3,PatchTST,iTransformer,85.55799865722656,70.99700927734375,14.560989379882812
Multivariate+Exogenous,exogenous,WTI Oil,Com_CrudeOil,tscv,6,2024-04-08,575,4,PatchTST,iTransformer,85.70999908447266,74.43790435791016,11.2720947265625
Multivariate+Exogenous,exogenous,WTI Oil,Com_CrudeOil,tscv,6,2024-04-15,576,5,PatchTST,iTransformer,83.74513244628906,74.50901794433594,9.236114501953125
Multivariate+Exogenous,exogenous,WTI Oil,Com_CrudeOil,tscv,6,2024-04-22,577,6,PatchTST,iTransformer,83.15287780761719,73.06404113769531,10.088836669921875
Multivariate+Exogenous,exogenous,WTI Oil,Com_CrudeOil,tscv,6,2024-04-29,578,7,PatchTST,iTransformer,80.14189910888672,72.4155502319336,7.726348876953125
Multivariate+Exogenous,exogenous,WTI Oil,Com_CrudeOil,tscv,6,2024-05-06,579,8,PatchTST,iTransformer,78.67400360107422,76.5708236694336,2.103179931640625
Multivariate+Exogenous,exogenous,WTI Oil,Com_CrudeOil,tscv,6,2024-05-13,580,9,PatchTST,iTransformer,78.81800079345703,76.20130920410156,2.6166915893554688
Multivariate+Exogenous,exogenous,WTI Oil,Com_CrudeOil,tscv,6,2024-05-20,581,10,PatchTST,iTransformer,78.02400207519531,72.22257232666016,5.801429748535156
Multivariate+Exogenous,exogenous,WTI Oil,Com_CrudeOil,tscv,6,2024-05-27,582,11,PatchTST,iTransformer,78.5094985961914,74.14669799804688,4.362800598144531
Multivariate+Exogenous,exogenous,WTI Oil,Com_CrudeOil,tscv,6,2024-06-03,583,12,PatchTST,iTransformer,74.52400207519531,74.20943450927734,0.31456756591796875
Multivariate+Exogenous,exogenous,WTI Oil,Com_CrudeOil,tscv,6,2024-03-18,572,1,PatchTST,XGBoost,81.5719985961914,84.94181823730469,-3.3698196411132812
Multivariate+Exogenous,exogenous,WTI Oil,Com_CrudeOil,tscv,6,2024-03-25,573,2,PatchTST,XGBoost,82.2426986694336,79.75078582763672,2.491912841796875
Multivariate+Exogenous,exogenous,WTI Oil,Com_CrudeOil,tscv,6,2024-04-01,574,3,PatchTST,XGBoost,85.55799865722656,80.22282409667969,5.335174560546875
Multivariate+Exogenous,exogenous,WTI Oil,Com_CrudeOil,tscv,6,2024-04-08,575,4,PatchTST,XGBoost,85.70999908447266,82.23517608642578,3.474822998046875
Multivariate+Exogenous,exogenous,WTI Oil,Com_CrudeOil,tscv,6,2024-04-15,576,5,PatchTST,XGBoost,83.74513244628906,82.59807586669922,1.1470565795898438
Multivariate+Exogenous,exogenous,WTI Oil,Com_CrudeOil,tscv,6,2024-04-22,577,6,PatchTST,XGBoost,83.15287780761719,80.7048110961914,2.4480667114257812
Multivariate+Exogenous,exogenous,WTI Oil,Com_CrudeOil,tscv,6,2024-04-29,578,7,PatchTST,XGBoost,80.14189910888672,79.15615844726562,0.9857406616210938
Multivariate+Exogenous,exogenous,WTI Oil,Com_CrudeOil,tscv,6,2024-05-06,579,8,PatchTST,XGBoost,78.67400360107422,83.45604705810547,-4.78204345703125
Multivariate+Exogenous,exogenous,WTI Oil,Com_CrudeOil,tscv,6,2024-05-13,580,9,PatchTST,XGBoost,78.81800079345703,83.81257629394531,-4.994575500488281
Multivariate+Exogenous,exogenous,WTI Oil,Com_CrudeOil,tscv,6,2024-05-20,581,10,PatchTST,XGBoost,78.02400207519531,79.4801254272461,-1.4561233520507812
Multivariate+Exogenous,exogenous,WTI Oil,Com_CrudeOil,tscv,6,2024-05-27,582,11,PatchTST,XGBoost,78.5094985961914,81.63204956054688,-3.1225509643554688
Multivariate+Exogenous,exogenous,WTI Oil,Com_CrudeOil,tscv,6,2024-06-03,583,12,PatchTST,XGBoost,74.52400207519531,80.86854553222656,-6.34454345703125
Multivariate+Exogenous,exogenous,WTI Oil,Com_CrudeOil,tscv,6,2024-03-18,572,1,PatchTST,LightGBM,81.5719985961914,81.49321746826172,0.0787811279296875
Multivariate+Exogenous,exogenous,WTI Oil,Com_CrudeOil,tscv,6,2024-03-25,573,2,PatchTST,LightGBM,82.2426986694336,76.39402770996094,5.848670959472656
Multivariate+Exogenous,exogenous,WTI Oil,Com_CrudeOil,tscv,6,2024-04-01,574,3,PatchTST,LightGBM,85.55799865722656,76.44434356689453,9.113655090332031
Multivariate+Exogenous,exogenous,WTI Oil,Com_CrudeOil,tscv,6,2024-04-08,575,4,PatchTST,LightGBM,85.70999908447266,79.62200927734375,6.087989807128906
Multivariate+Exogenous,exogenous,WTI Oil,Com_CrudeOil,tscv,6,2024-04-15,576,5,PatchTST,LightGBM,83.74513244628906,81.42337036132812,2.3217620849609375
Multivariate+Exogenous,exogenous,WTI Oil,Com_CrudeOil,tscv,6,2024-04-22,577,6,PatchTST,LightGBM,83.15287780761719,78.39476776123047,4.758110046386719
Multivariate+Exogenous,exogenous,WTI Oil,Com_CrudeOil,tscv,6,2024-04-29,578,7,PatchTST,LightGBM,80.14189910888672,76.25729370117188,3.8846054077148438
Multivariate+Exogenous,exogenous,WTI Oil,Com_CrudeOil,tscv,6,2024-05-06,579,8,PatchTST,LightGBM,78.67400360107422,80.64559173583984,-1.971588134765625
Multivariate+Exogenous,exogenous,WTI Oil,Com_CrudeOil,tscv,6,2024-05-13,580,9,PatchTST,LightGBM,78.81800079345703,80.12089538574219,-1.3028945922851562
Multivariate+Exogenous,exogenous,WTI Oil,Com_CrudeOil,tscv,6,2024-05-20,581,10,PatchTST,LightGBM,78.02400207519531,75.67219543457031,2.351806640625
Multivariate+Exogenous,exogenous,WTI Oil,Com_CrudeOil,tscv,6,2024-05-27,582,11,PatchTST,LightGBM,78.5094985961914,78.83226776123047,-0.3227691650390625
Multivariate+Exogenous,exogenous,WTI Oil,Com_CrudeOil,tscv,6,2024-06-03,583,12,PatchTST,LightGBM,74.52400207519531,78.15986633300781,-3.6358642578125
Multivariate+Exogenous,exogenous,WTI Oil,Com_CrudeOil,tscv,7,2024-04-15,576,1,PatchTST,-,83.74513244628906,70.61866760253906,13.12646484375
Multivariate+Exogenous,exogenous,WTI Oil,Com_CrudeOil,tscv,7,2024-04-22,577,2,PatchTST,-,83.15287780761719,71.01800537109375,12.134872436523438
Multivariate+Exogenous,exogenous,WTI Oil,Com_CrudeOil,tscv,7,2024-04-29,578,3,PatchTST,-,80.14189910888672,71.114013671875,9.027885437011719
Multivariate+Exogenous,exogenous,WTI Oil,Com_CrudeOil,tscv,7,2024-05-06,579,4,PatchTST,-,78.67400360107422,71.8521499633789,6.8218536376953125
Multivariate+Exogenous,exogenous,WTI Oil,Com_CrudeOil,tscv,7,2024-05-13,580,5,PatchTST,-,78.81800079345703,67.68209838867188,11.135902404785156
Multivariate+Exogenous,exogenous,WTI Oil,Com_CrudeOil,tscv,7,2024-05-20,581,6,PatchTST,-,78.02400207519531,64.47611999511719,13.547882080078125
Multivariate+Exogenous,exogenous,WTI Oil,Com_CrudeOil,tscv,7,2024-05-27,582,7,PatchTST,-,78.5094985961914,71.6543197631836,6.8551788330078125
Multivariate+Exogenous,exogenous,WTI Oil,Com_CrudeOil,tscv,7,2024-06-03,583,8,PatchTST,-,74.52400207519531,68.60331726074219,5.920684814453125
Multivariate+Exogenous,exogenous,WTI Oil,Com_CrudeOil,tscv,7,2024-06-10,584,9,PatchTST,-,78.16200256347656,69.28126525878906,8.8807373046875
Multivariate+Exogenous,exogenous,WTI Oil,Com_CrudeOil,tscv,7,2024-06-17,585,10,PatchTST,-,80.61250305175781,68.49089813232422,12.121604919433594
Multivariate+Exogenous,exogenous,WTI Oil,Com_CrudeOil,tscv,7,2024-06-24,586,11,PatchTST,-,81.3280029296875,70.5080337524414,10.819969177246094
Multivariate+Exogenous,exogenous,WTI Oil,Com_CrudeOil,tscv,7,2024-07-01,587,12,PatchTST,-,83.31356048583984,69.47276306152344,13.840797424316406
Multivariate+Exogenous,exogenous,WTI Oil,Com_CrudeOil,tscv,7,2024-04-15,576,1,PatchTST,NLinear,83.74513244628906,94.02530670166016,-10.280174255371094
Multivariate+Exogenous,exogenous,WTI Oil,Com_CrudeOil,tscv,7,2024-04-22,577,2,PatchTST,NLinear,83.15287780761719,92.74959564208984,-9.596717834472656
Multivariate+Exogenous,exogenous,WTI Oil,Com_CrudeOil,tscv,7,2024-04-29,578,3,PatchTST,NLinear,80.14189910888672,92.39729309082031,-12.255393981933594
Multivariate+Exogenous,exogenous,WTI Oil,Com_CrudeOil,tscv,7,2024-05-06,579,4,PatchTST,NLinear,78.67400360107422,92.80914306640625,-14.135139465332031
Multivariate+Exogenous,exogenous,WTI Oil,Com_CrudeOil,tscv,7,2024-05-13,580,5,PatchTST,NLinear,78.81800079345703,88.33836364746094,-9.520362854003906
Multivariate+Exogenous,exogenous,WTI Oil,Com_CrudeOil,tscv,7,2024-05-20,581,6,PatchTST,NLinear,78.02400207519531,85.28580474853516,-7.261802673339844
Multivariate+Exogenous,exogenous,WTI Oil,Com_CrudeOil,tscv,7,2024-05-27,582,7,PatchTST,NLinear,78.5094985961914,92.23170471191406,-13.722206115722656
Multivariate+Exogenous,exogenous,WTI Oil,Com_CrudeOil,tscv,7,2024-06-03,583,8,PatchTST,NLinear,74.52400207519531,88.68511199951172,-14.161109924316406
Multivariate+Exogenous,exogenous,WTI Oil,Com_CrudeOil,tscv,7,2024-06-10,584,9,PatchTST,NLinear,78.16200256347656,89.27796173095703,-11.115959167480469
Multivariate+Exogenous,exogenous,WTI Oil,Com_CrudeOil,tscv,7,2024-06-17,585,10,PatchTST,NLinear,80.61250305175781,89.39566040039062,-8.783157348632812
Multivariate+Exogenous,exogenous,WTI Oil,Com_CrudeOil,tscv,7,2024-06-24,586,11,PatchTST,NLinear,81.3280029296875,91.94149780273438,-10.613494873046875
Multivariate+Exogenous,exogenous,WTI Oil,Com_CrudeOil,tscv,7,2024-07-01,587,12,PatchTST,NLinear,83.31356048583984,90.89134216308594,-7.577781677246094
Multivariate+Exogenous,exogenous,WTI Oil,Com_CrudeOil,tscv,7,2024-04-15,576,1,PatchTST,iTransformer,83.74513244628906,86.4195556640625,-2.6744232177734375
Multivariate+Exogenous,exogenous,WTI Oil,Com_CrudeOil,tscv,7,2024-04-22,577,2,PatchTST,iTransformer,83.15287780761719,86.5887680053711,-3.4358901977539062
Multivariate+Exogenous,exogenous,WTI Oil,Com_CrudeOil,tscv,7,2024-04-29,578,3,PatchTST,iTransformer,80.14189910888672,87.58891296386719,-7.447013854980469
Multivariate+Exogenous,exogenous,WTI Oil,Com_CrudeOil,tscv,7,2024-05-06,579,4,PatchTST,iTransformer,78.67400360107422,89.0694351196289,-10.395431518554688
Multivariate+Exogenous,exogenous,WTI Oil,Com_CrudeOil,tscv,7,2024-05-13,580,5,PatchTST,iTransformer,78.81800079345703,84.06973266601562,-5.251731872558594
Multivariate+Exogenous,exogenous,WTI Oil,Com_CrudeOil,tscv,7,2024-05-20,581,6,PatchTST,iTransformer,78.02400207519531,80.78498840332031,-2.760986328125
Multivariate+Exogenous,exogenous,WTI Oil,Com_CrudeOil,tscv,7,2024-05-27,582,7,PatchTST,iTransformer,78.5094985961914,88.3288803100586,-9.819381713867188
Multivariate+Exogenous,exogenous,WTI Oil,Com_CrudeOil,tscv,7,2024-06-03,583,8,PatchTST,iTransformer,74.52400207519531,84.990478515625,-10.466476440429688
Multivariate+Exogenous,exogenous,WTI Oil,Com_CrudeOil,tscv,7,2024-06-10,584,9,PatchTST,iTransformer,78.16200256347656,86.27308654785156,-8.111083984375
Multivariate+Exogenous,exogenous,WTI Oil,Com_CrudeOil,tscv,7,2024-06-17,585,10,PatchTST,iTransformer,80.61250305175781,85.55725860595703,-4.944755554199219
Multivariate+Exogenous,exogenous,WTI Oil,Com_CrudeOil,tscv,7,2024-06-24,586,11,PatchTST,iTransformer,81.3280029296875,87.19498443603516,-5.866981506347656
Multivariate+Exogenous,exogenous,WTI Oil,Com_CrudeOil,tscv,7,2024-07-01,587,12,PatchTST,iTransformer,83.31356048583984,86.00328826904297,-2.689727783203125
Multivariate+Exogenous,exogenous,WTI Oil,Com_CrudeOil,tscv,7,2024-04-15,576,1,PatchTST,XGBoost,83.74513244628906,82.11692810058594,1.628204345703125
Multivariate+Exogenous,exogenous,WTI Oil,Com_CrudeOil,tscv,7,2024-04-22,577,2,PatchTST,XGBoost,83.15287780761719,79.25575256347656,3.897125244140625
Multivariate+Exogenous,exogenous,WTI Oil,Com_CrudeOil,tscv,7,2024-04-29,578,3,PatchTST,XGBoost,80.14189910888672,79.60173034667969,0.5401687622070312
Multivariate+Exogenous,exogenous,WTI Oil,Com_CrudeOil,tscv,7,2024-05-06,579,4,PatchTST,XGBoost,78.67400360107422,79.31111907958984,-0.637115478515625
Multivariate+Exogenous,exogenous,WTI Oil,Com_CrudeOil,tscv,7,2024-05-13,580,5,PatchTST,XGBoost,78.81800079345703,75.37889862060547,3.4391021728515625
Multivariate+Exogenous,exogenous,WTI Oil,Com_CrudeOil,tscv,7,2024-05-20,581,6,PatchTST,XGBoost,78.02400207519531,72.88236236572266,5.141639709472656
Multivariate+Exogenous,exogenous,WTI Oil,Com_CrudeOil,tscv,7,2024-05-27,582,7,PatchTST,XGBoost,78.5094985961914,79.12152862548828,-0.612030029296875
Multivariate+Exogenous,exogenous,WTI Oil,Com_CrudeOil,tscv,7,2024-06-03,583,8,PatchTST,XGBoost,74.52400207519531,74.84494018554688,-0.3209381103515625
Multivariate+Exogenous,exogenous,WTI Oil,Com_CrudeOil,tscv,7,2024-06-10,584,9,PatchTST,XGBoost,78.16200256347656,76.00846099853516,2.1535415649414062
Multivariate+Exogenous,exogenous,WTI Oil,Com_CrudeOil,tscv,7,2024-06-17,585,10,PatchTST,XGBoost,80.61250305175781,77.12197875976562,3.4905242919921875
Multivariate+Exogenous,exogenous,WTI Oil,Com_CrudeOil,tscv,7,2024-06-24,586,11,PatchTST,XGBoost,81.3280029296875,78.3619384765625,2.966064453125
Multivariate+Exogenous,exogenous,WTI Oil,Com_CrudeOil,tscv,7,2024-07-01,587,12,PatchTST,XGBoost,83.31356048583984,77.61201477050781,5.701545715332031
Multivariate+Exogenous,exogenous,WTI Oil,Com_CrudeOil,tscv,7,2024-04-15,576,1,PatchTST,LightGBM,83.74513244628906,81.95116424560547,1.7939682006835938
Multivariate+Exogenous,exogenous,WTI Oil,Com_CrudeOil,tscv,7,2024-04-22,577,2,PatchTST,LightGBM,83.15287780761719,82.35050201416016,0.8023757934570312
Multivariate+Exogenous,exogenous,WTI Oil,Com_CrudeOil,tscv,7,2024-04-29,578,3,PatchTST,LightGBM,80.14189910888672,82.4465103149414,-2.3046112060546875
Multivariate+Exogenous,exogenous,WTI Oil,Com_CrudeOil,tscv,7,2024-05-06,579,4,PatchTST,LightGBM,78.67400360107422,81.47628784179688,-2.8022842407226562
Multivariate+Exogenous,exogenous,WTI Oil,Com_CrudeOil,tscv,7,2024-05-13,580,5,PatchTST,LightGBM,78.81800079345703,79.76956939697266,-0.951568603515625
Multivariate+Exogenous,exogenous,WTI Oil,Com_CrudeOil,tscv,7,2024-05-20,581,6,PatchTST,LightGBM,78.02400207519531,75.2882308959961,2.7357711791992188
Multivariate+Exogenous,exogenous,WTI Oil,Com_CrudeOil,tscv,7,2024-05-27,582,7,PatchTST,LightGBM,78.5094985961914,81.71145629882812,-3.2019577026367188
Multivariate+Exogenous,exogenous,WTI Oil,Com_CrudeOil,tscv,7,2024-06-03,583,8,PatchTST,LightGBM,74.52400207519531,77.16503143310547,-2.6410293579101562
Multivariate+Exogenous,exogenous,WTI Oil,Com_CrudeOil,tscv,7,2024-06-10,584,9,PatchTST,LightGBM,78.16200256347656,78.10586547851562,0.0561370849609375
Multivariate+Exogenous,exogenous,WTI Oil,Com_CrudeOil,tscv,7,2024-06-17,585,10,PatchTST,LightGBM,80.61250305175781,77.78060150146484,2.8319015502929688
Multivariate+Exogenous,exogenous,WTI Oil,Com_CrudeOil,tscv,7,2024-06-24,586,11,PatchTST,LightGBM,81.3280029296875,79.06974792480469,2.2582550048828125
Multivariate+Exogenous,exogenous,WTI Oil,Com_CrudeOil,tscv,7,2024-07-01,587,12,PatchTST,LightGBM,83.31356048583984,77.57449340820312,5.739067077636719
Multivariate+Exogenous,exogenous,WTI Oil,Com_CrudeOil,tscv,8,2024-05-13,580,1,PatchTST,-,78.81800079345703,75.05818939208984,3.7598114013671875
Multivariate+Exogenous,exogenous,WTI Oil,Com_CrudeOil,tscv,8,2024-05-20,581,2,PatchTST,-,78.02400207519531,66.53801727294922,11.485984802246094
Multivariate+Exogenous,exogenous,WTI Oil,Com_CrudeOil,tscv,8,2024-05-27,582,3,PatchTST,-,78.5094985961914,66.03595733642578,12.473541259765625
Multivariate+Exogenous,exogenous,WTI Oil,Com_CrudeOil,tscv,8,2024-06-03,583,4,PatchTST,-,74.52400207519531,63.79448699951172,10.729515075683594
Multivariate+Exogenous,exogenous,WTI Oil,Com_CrudeOil,tscv,8,2024-06-10,584,5,PatchTST,-,78.16200256347656,66.14506530761719,12.016937255859375
Multivariate+Exogenous,exogenous,WTI Oil,Com_CrudeOil,tscv,8,2024-06-17,585,6,PatchTST,-,80.61250305175781,63.29326248168945,17.31924057006836
Multivariate+Exogenous,exogenous,WTI Oil,Com_CrudeOil,tscv,8,2024-06-24,586,7,PatchTST,-,81.3280029296875,65.87901306152344,15.448989868164062
Multivariate+Exogenous,exogenous,WTI Oil,Com_CrudeOil,tscv,8,2024-07-01,587,8,PatchTST,-,83.31356048583984,65.86714172363281,17.44641876220703
Multivariate+Exogenous,exogenous,WTI Oil,Com_CrudeOil,tscv,8,2024-07-08,588,9,PatchTST,-,82.13400268554688,67.91798400878906,14.216018676757812
Multivariate+Exogenous,exogenous,WTI Oil,Com_CrudeOil,tscv,8,2024-07-15,589,10,PatchTST,-,80.80999755859375,67.25269317626953,13.557304382324219
Multivariate+Exogenous,exogenous,WTI Oil,Com_CrudeOil,tscv,8,2024-07-22,590,11,PatchTST,-,77.6780014038086,64.5810775756836,13.096923828125
Multivariate+Exogenous,exogenous,WTI Oil,Com_CrudeOil,tscv,8,2024-07-29,591,12,PatchTST,-,75.65599822998047,61.63494110107422,14.02105712890625
Multivariate+Exogenous,exogenous,WTI Oil,Com_CrudeOil,tscv,8,2024-05-13,580,1,PatchTST,NLinear,78.81800079345703,90.64244842529297,-11.824447631835938
Multivariate+Exogenous,exogenous,WTI Oil,Com_CrudeOil,tscv,8,2024-05-20,581,2,PatchTST,NLinear,78.02400207519531,82.18798065185547,-4.163978576660156
Multivariate+Exogenous,exogenous,WTI Oil,Com_CrudeOil,tscv,8,2024-05-27,582,3,PatchTST,NLinear,78.5094985961914,81.7493896484375,-3.2398910522460938
Multivariate+Exogenous,exogenous,WTI Oil,Com_CrudeOil,tscv,8,2024-06-03,583,4,PatchTST,NLinear,74.52400207519531,79.2923355102539,-4.768333435058594
Multivariate+Exogenous,exogenous,WTI Oil,Com_CrudeOil,tscv,8,2024-06-10,584,5,PatchTST,NLinear,78.16200256347656,81.7204360961914,-3.5584335327148438
Multivariate+Exogenous,exogenous,WTI Oil,Com_CrudeOil,tscv,8,2024-06-17,585,6,PatchTST,NLinear,80.61250305175781,78.76522827148438,1.8472747802734375
Multivariate+Exogenous,exogenous,WTI Oil,Com_CrudeOil,tscv,8,2024-06-24,586,7,PatchTST,NLinear,81.3280029296875,81.44583892822266,-0.11783599853515625
Multivariate+Exogenous,exogenous,WTI Oil,Com_CrudeOil,tscv,8,2024-07-01,587,8,PatchTST,NLinear,83.31356048583984,82.31910705566406,0.9944534301757812
Multivariate+Exogenous,exogenous,WTI Oil,Com_CrudeOil,tscv,8,2024-07-08,588,9,PatchTST,NLinear,82.13400268554688,84.600341796875,-2.466339111328125
Multivariate+Exogenous,exogenous,WTI Oil,Com_CrudeOil,tscv,8,2024-07-15,589,10,PatchTST,NLinear,80.80999755859375,83.84341430664062,-3.033416748046875
Multivariate+Exogenous,exogenous,WTI Oil,Com_CrudeOil,tscv,8,2024-07-22,590,11,PatchTST,NLinear,77.6780014038086,82.43749237060547,-4.759490966796875
Multivariate+Exogenous,exogenous,WTI Oil,Com_CrudeOil,tscv,8,2024-07-29,591,12,PatchTST,NLinear,75.65599822998047,80.02273559570312,-4.366737365722656
Multivariate+Exogenous,exogenous,WTI Oil,Com_CrudeOil,tscv,8,2024-05-13,580,1,PatchTST,iTransformer,78.81800079345703,79.06473541259766,-0.246734619140625
Multivariate+Exogenous,exogenous,WTI Oil,Com_CrudeOil,tscv,8,2024-05-20,581,2,PatchTST,iTransformer,78.02400207519531,70.77999114990234,7.244010925292969
Multivariate+Exogenous,exogenous,WTI Oil,Com_CrudeOil,tscv,8,2024-05-27,582,3,PatchTST,iTransformer,78.5094985961914,70.38117980957031,8.128318786621094
Multivariate+Exogenous,exogenous,WTI Oil,Com_CrudeOil,tscv,8,2024-06-03,583,4,PatchTST,iTransformer,74.52400207519531,68.23331451416016,6.290687561035156
Multivariate+Exogenous,exogenous,WTI Oil,Com_CrudeOil,tscv,8,2024-06-10,584,5,PatchTST,iTransformer,78.16200256347656,70.90878295898438,7.2532196044921875
Multivariate+Exogenous,exogenous,WTI Oil,Com_CrudeOil,tscv,8,2024-06-17,585,6,PatchTST,iTransformer,80.61250305175781,67.31537628173828,13.297126770019531
Multivariate+Exogenous,exogenous,WTI Oil,Com_CrudeOil,tscv,8,2024-06-24,586,7,PatchTST,iTransformer,81.3280029296875,69.94817352294922,11.379829406738281
Multivariate+Exogenous,exogenous,WTI Oil,Com_CrudeOil,tscv,8,2024-07-01,587,8,PatchTST,iTransformer,83.31356048583984,69.91478729248047,13.398773193359375
Multivariate+Exogenous,exogenous,WTI Oil,Com_CrudeOil,tscv,8,2024-07-08,588,9,PatchTST,iTransformer,82.13400268554688,71.99459838867188,10.139404296875
Multivariate+Exogenous,exogenous,WTI Oil,Com_CrudeOil,tscv,8,2024-07-15,589,10,PatchTST,iTransformer,80.80999755859375,71.31114959716797,9.498847961425781
Multivariate+Exogenous,exogenous,WTI Oil,Com_CrudeOil,tscv,8,2024-07-22,590,11,PatchTST,iTransformer,77.6780014038086,68.91521453857422,8.762786865234375
Multivariate+Exogenous,exogenous,WTI Oil,Com_CrudeOil,tscv,8,2024-07-29,591,12,PatchTST,iTransformer,75.65599822998047,65.57254028320312,10.083457946777344
Multivariate+Exogenous,exogenous,WTI Oil,Com_CrudeOil,tscv,8,2024-05-13,580,1,PatchTST,XGBoost,78.81800079345703,78.55259704589844,0.26540374755859375
Multivariate+Exogenous,exogenous,WTI Oil,Com_CrudeOil,tscv,8,2024-05-20,581,2,PatchTST,XGBoost,78.02400207519531,69.77384948730469,8.250152587890625
Multivariate+Exogenous,exogenous,WTI Oil,Com_CrudeOil,tscv,8,2024-05-27,582,3,PatchTST,XGBoost,78.5094985961914,68.94271087646484,9.566787719726562
Multivariate+Exogenous,exogenous,WTI Oil,Com_CrudeOil,tscv,8,2024-06-03,583,4,PatchTST,XGBoost,74.52400207519531,67.2893295288086,7.234672546386719
Multivariate+Exogenous,exogenous,WTI Oil,Com_CrudeOil,tscv,8,2024-06-10,584,5,PatchTST,XGBoost,78.16200256347656,69.23688507080078,8.925117492675781
Multivariate+Exogenous,exogenous,WTI Oil,Com_CrudeOil,tscv,8,2024-06-17,585,6,PatchTST,XGBoost,80.61250305175781,66.18254089355469,14.429962158203125
Multivariate+Exogenous,exogenous,WTI Oil,Com_CrudeOil,tscv,8,2024-06-24,586,7,PatchTST,XGBoost,81.3280029296875,69.55260467529297,11.775398254394531
Multivariate+Exogenous,exogenous,WTI Oil,Com_CrudeOil,tscv,8,2024-07-01,587,8,PatchTST,XGBoost,83.31356048583984,69.91277313232422,13.400787353515625
Multivariate+Exogenous,exogenous,WTI Oil,Com_CrudeOil,tscv,8,2024-07-08,588,9,PatchTST,XGBoost,82.13400268554688,69.7601089477539,12.373893737792969
Multivariate+Exogenous,exogenous,WTI Oil,Com_CrudeOil,tscv,8,2024-07-15,589,10,PatchTST,XGBoost,80.80999755859375,71.11652374267578,9.693473815917969
Multivariate+Exogenous,exogenous,WTI Oil,Com_CrudeOil,tscv,8,2024-07-22,590,11,PatchTST,XGBoost,77.6780014038086,66.18589782714844,11.492103576660156
Multivariate+Exogenous,exogenous,WTI Oil,Com_CrudeOil,tscv,8,2024-07-29,591,12,PatchTST,XGBoost,75.65599822998047,63.37678909301758,12.27920913696289
Multivariate+Exogenous,exogenous,WTI Oil,Com_CrudeOil,tscv,8,2024-05-13,580,1,PatchTST,LightGBM,78.81800079345703,80.88591003417969,-2.0679092407226562
Multivariate+Exogenous,exogenous,WTI Oil,Com_CrudeOil,tscv,8,2024-05-20,581,2,PatchTST,LightGBM,78.02400207519531,72.36573791503906,5.65826416015625
Multivariate+Exogenous,exogenous,WTI Oil,Com_CrudeOil,tscv,8,2024-05-27,582,3,PatchTST,LightGBM,78.5094985961914,71.86367797851562,6.645820617675781
Multivariate+Exogenous,exogenous,WTI Oil,Com_CrudeOil,tscv,8,2024-06-03,583,4,PatchTST,LightGBM,74.52400207519531,69.62220764160156,4.90179443359375
Multivariate+Exogenous,exogenous,WTI Oil,Com_CrudeOil,tscv,8,2024-06-10,584,5,PatchTST,LightGBM,78.16200256347656,71.97278594970703,6.189216613769531
Multivariate+Exogenous,exogenous,WTI Oil,Com_CrudeOil,tscv,8,2024-06-17,585,6,PatchTST,LightGBM,80.61250305175781,69.12097930908203,11.491523742675781
Multivariate+Exogenous,exogenous,WTI Oil,Com_CrudeOil,tscv,8,2024-06-24,586,7,PatchTST,LightGBM,81.3280029296875,71.70673370361328,9.621269226074219
Multivariate+Exogenous,exogenous,WTI Oil,Com_CrudeOil,tscv,8,2024-07-01,587,8,PatchTST,LightGBM,83.31356048583984,71.69486236572266,11.618698120117188
Multivariate+Exogenous,exogenous,WTI Oil,Com_CrudeOil,tscv,8,2024-07-08,588,9,PatchTST,LightGBM,82.13400268554688,71.47941589355469,10.654586791992188
Multivariate+Exogenous,exogenous,WTI Oil,Com_CrudeOil,tscv,8,2024-07-15,589,10,PatchTST,LightGBM,80.80999755859375,72.73262786865234,8.077369689941406
Multivariate+Exogenous,exogenous,WTI Oil,Com_CrudeOil,tscv,8,2024-07-22,590,11,PatchTST,LightGBM,77.6780014038086,68.14250946044922,9.535491943359375
Multivariate+Exogenous,exogenous,WTI Oil,Com_CrudeOil,tscv,8,2024-07-29,591,12,PatchTST,LightGBM,75.65599822998047,64.84858703613281,10.807411193847656
Multivariate+Exogenous,exogenous,WTI Oil,Com_CrudeOil,tscv,9,2024-06-10,584,1,PatchTST,-,78.16200256347656,73.6879653930664,4.474037170410156
Multivariate+Exogenous,exogenous,WTI Oil,Com_CrudeOil,tscv,9,2024-06-17,585,2,PatchTST,-,80.61250305175781,73.13055419921875,7.4819488525390625
Multivariate+Exogenous,exogenous,WTI Oil,Com_CrudeOil,tscv,9,2024-06-24,586,3,PatchTST,-,81.3280029296875,75.40652465820312,5.921478271484375
Multivariate+Exogenous,exogenous,WTI Oil,Com_CrudeOil,tscv,9,2024-07-01,587,4,PatchTST,-,83.31356048583984,74.17752075195312,9.136039733886719
Multivariate+Exogenous,exogenous,WTI Oil,Com_CrudeOil,tscv,9,2024-07-08,588,5,PatchTST,-,82.13400268554688,74.93885040283203,7.195152282714844
Multivariate+Exogenous,exogenous,WTI Oil,Com_CrudeOil,tscv,9,2024-07-15,589,6,PatchTST,-,80.80999755859375,74.53986358642578,6.270133972167969
Multivariate+Exogenous,exogenous,WTI Oil,Com_CrudeOil,tscv,9,2024-07-22,590,7,PatchTST,-,77.6780014038086,74.12134552001953,3.5566558837890625
Multivariate+Exogenous,exogenous,WTI Oil,Com_CrudeOil,tscv,9,2024-07-29,591,8,PatchTST,-,75.65599822998047,71.66714477539062,3.9888534545898438
Multivariate+Exogenous,exogenous,WTI Oil,Com_CrudeOil,tscv,9,2024-08-05,592,9,PatchTST,-,74.87999725341797,73.47891235351562,1.4010848999023438
Multivariate+Exogenous,exogenous,WTI Oil,Com_CrudeOil,tscv,9,2024-08-12,593,10,PatchTST,-,77.58399963378906,72.0732192993164,5.510780334472656
Multivariate+Exogenous,exogenous,WTI Oil,Com_CrudeOil,tscv,9,2024-08-19,594,11,PatchTST,-,73.31999969482422,70.64678192138672,2.6732177734375
Multivariate+Exogenous,exogenous,WTI Oil,Com_CrudeOil,tscv,9,2024-08-26,595,12,PatchTST,-,75.38600158691406,72.40599060058594,2.980010986328125
Multivariate+Exogenous,exogenous,WTI Oil,Com_CrudeOil,tscv,9,2024-06-10,584,1,PatchTST,NLinear,78.16200256347656,90.10005187988281,-11.93804931640625
Multivariate+Exogenous,exogenous,WTI Oil,Com_CrudeOil,tscv,9,2024-06-17,585,2,PatchTST,NLinear,80.61250305175781,88.05259704589844,-7.440093994140625
Multivariate+Exogenous,exogenous,WTI Oil,Com_CrudeOil,tscv,9,2024-06-24,586,3,PatchTST,NLinear,81.3280029296875,88.61734771728516,-7.289344787597656
Multivariate+Exogenous,exogenous,WTI Oil,Com_CrudeOil,tscv,9,2024-07-01,587,4,PatchTST,NLinear,83.31356048583984,85.05506896972656,-1.7415084838867188
Multivariate+Exogenous,exogenous,WTI Oil,Com_CrudeOil,tscv,9,2024-07-08,588,5,PatchTST,NLinear,82.13400268554688,82.66419982910156,-0.5301971435546875
Multivariate+Exogenous,exogenous,WTI Oil,Com_CrudeOil,tscv,9,2024-07-15,589,6,PatchTST,NLinear,80.80999755859375,78.60464477539062,2.205352783203125
Multivariate+Exogenous,exogenous,WTI Oil,Com_CrudeOil,tscv,9,2024-07-22,590,7,PatchTST,NLinear,77.6780014038086,74.72840118408203,2.9496002197265625
Multivariate+Exogenous,exogenous,WTI Oil,Com_CrudeOil,tscv,9,2024-07-29,591,8,PatchTST,NLinear,75.65599822998047,67.86609649658203,7.7899017333984375
Multivariate+Exogenous,exogenous,WTI Oil,Com_CrudeOil,tscv,9,2024-08-05,592,9,PatchTST,NLinear,74.87999725341797,64.91146850585938,9.968528747558594
Multivariate+Exogenous,exogenous,WTI Oil,Com_CrudeOil,tscv,9,2024-08-12,593,10,PatchTST,NLinear,77.58399963378906,58.46326446533203,19.12073516845703
Multivariate+Exogenous,exogenous,WTI Oil,Com_CrudeOil,tscv,9,2024-08-19,594,11,PatchTST,NLinear,73.31999969482422,51.16729736328125,22.15270233154297
Multivariate+Exogenous,exogenous,WTI Oil,Com_CrudeOil,tscv,9,2024-08-26,595,12,PatchTST,NLinear,75.38600158691406,46.58599853515625,28.800003051757812
Multivariate+Exogenous,exogenous,WTI Oil,Com_CrudeOil,tscv,9,2024-06-10,584,1,PatchTST,iTransformer,78.16200256347656,94.91648864746094,-16.754486083984375
Multivariate+Exogenous,exogenous,WTI Oil,Com_CrudeOil,tscv,9,2024-06-17,585,2,PatchTST,iTransformer,80.61250305175781,94.10073852539062,-13.488235473632812
Multivariate+Exogenous,exogenous,WTI Oil,Com_CrudeOil,tscv,9,2024-06-24,586,3,PatchTST,iTransformer,81.3280029296875,95.78851318359375,-14.46051025390625
Multivariate+Exogenous,exogenous,WTI Oil,Com_CrudeOil,tscv,9,2024-07-01,587,4,PatchTST,iTransformer,83.31356048583984,95.13300323486328,-11.819442749023438
Multivariate+Exogenous,exogenous,WTI Oil,Com_CrudeOil,tscv,9,2024-07-08,588,5,PatchTST,iTransformer,82.13400268554688,95.3462142944336,-13.212211608886719
Multivariate+Exogenous,exogenous,WTI Oil,Com_CrudeOil,tscv,9,2024-07-15,589,6,PatchTST,iTransformer,80.80999755859375,95.03887176513672,-14.228874206542969
Multivariate+Exogenous,exogenous,WTI Oil,Com_CrudeOil,tscv,9,2024-07-22,590,7,PatchTST,iTransformer,77.6780014038086,95.6146240234375,-17.936622619628906
Multivariate+Exogenous,exogenous,WTI Oil,Com_CrudeOil,tscv,9,2024-07-29,591,8,PatchTST,iTransformer,75.65599822998047,91.58586120605469,-15.929862976074219
Multivariate+Exogenous,exogenous,WTI Oil,Com_CrudeOil,tscv,9,2024-08-05,592,9,PatchTST,iTransformer,74.87999725341797,92.39604187011719,-17.51604461669922
Multivariate+Exogenous,exogenous,WTI Oil,Com_CrudeOil,tscv,9,2024-08-12,593,10,PatchTST,iTransformer,77.58399963378906,91.96785736083984,-14.383857727050781
Multivariate+Exogenous,exogenous,WTI Oil,Com_CrudeOil,tscv,9,2024-08-19,594,11,PatchTST,iTransformer,73.31999969482422,90.25726318359375,-16.93726348876953
Multivariate+Exogenous,exogenous,WTI Oil,Com_CrudeOil,tscv,9,2024-08-26,595,12,PatchTST,iTransformer,75.38600158691406,91.11087799072266,-15.724876403808594
Multivariate+Exogenous,exogenous,WTI Oil,Com_CrudeOil,tscv,9,2024-06-10,584,1,PatchTST,XGBoost,78.16200256347656,89.66459655761719,-11.502593994140625
Multivariate+Exogenous,exogenous,WTI Oil,Com_CrudeOil,tscv,9,2024-06-17,585,2,PatchTST,XGBoost,80.61250305175781,85.24717712402344,-4.634674072265625
Multivariate+Exogenous,exogenous,WTI Oil,Com_CrudeOil,tscv,9,2024-06-24,586,3,PatchTST,XGBoost,81.3280029296875,85.21028900146484,-3.8822860717773438
Multivariate+Exogenous,exogenous,WTI Oil,Com_CrudeOil,tscv,9,2024-07-01,587,4,PatchTST,XGBoost,83.31356048583984,87.74900817871094,-4.435447692871094
Multivariate+Exogenous,exogenous,WTI Oil,Com_CrudeOil,tscv,9,2024-07-08,588,5,PatchTST,XGBoost,82.13400268554688,89.55184936523438,-7.4178466796875
Multivariate+Exogenous,exogenous,WTI Oil,Com_CrudeOil,tscv,9,2024-07-15,589,6,PatchTST,XGBoost,80.80999755859375,90.50489044189453,-9.694892883300781
Multivariate+Exogenous,exogenous,WTI Oil,Com_CrudeOil,tscv,9,2024-07-22,590,7,PatchTST,XGBoost,77.6780014038086,90.7900161743164,-13.112014770507812
Multivariate+Exogenous,exogenous,WTI Oil,Com_CrudeOil,tscv,9,2024-07-29,591,8,PatchTST,XGBoost,75.65599822998047,88.7806625366211,-13.124664306640625
Multivariate+Exogenous,exogenous,WTI Oil,Com_CrudeOil,tscv,9,2024-08-05,592,9,PatchTST,XGBoost,74.87999725341797,88.97071838378906,-14.090721130371094
Multivariate+Exogenous,exogenous,WTI Oil,Com_CrudeOil,tscv,9,2024-08-12,593,10,PatchTST,XGBoost,77.58399963378906,88.38632202148438,-10.802322387695312
Multivariate+Exogenous,exogenous,WTI Oil,Com_CrudeOil,tscv,9,2024-08-19,594,11,PatchTST,XGBoost,73.31999969482422,85.69062805175781,-12.370628356933594
Multivariate+Exogenous,exogenous,WTI Oil,Com_CrudeOil,tscv,9,2024-08-26,595,12,PatchTST,XGBoost,75.38600158691406,88.91505432128906,-13.529052734375
Multivariate+Exogenous,exogenous,WTI Oil,Com_CrudeOil,tscv,9,2024-06-10,584,1,PatchTST,LightGBM,78.16200256347656,88.74130249023438,-10.579299926757812
Multivariate+Exogenous,exogenous,WTI Oil,Com_CrudeOil,tscv,9,2024-06-17,585,2,PatchTST,LightGBM,80.61250305175781,86.87882232666016,-6.266319274902344
Multivariate+Exogenous,exogenous,WTI Oil,Com_CrudeOil,tscv,9,2024-06-24,586,3,PatchTST,LightGBM,81.3280029296875,87.18333435058594,-5.8553314208984375
Multivariate+Exogenous,exogenous,WTI Oil,Com_CrudeOil,tscv,9,2024-07-01,587,4,PatchTST,LightGBM,83.31356048583984,86.25059509277344,-2.9370346069335938
Multivariate+Exogenous,exogenous,WTI Oil,Com_CrudeOil,tscv,9,2024-07-08,588,5,PatchTST,LightGBM,82.13400268554688,88.25727081298828,-6.123268127441406
Multivariate+Exogenous,exogenous,WTI Oil,Com_CrudeOil,tscv,9,2024-07-15,589,6,PatchTST,LightGBM,80.80999755859375,87.52630615234375,-6.71630859375
Multivariate+Exogenous,exogenous,WTI Oil,Com_CrudeOil,tscv,9,2024-07-22,590,7,PatchTST,LightGBM,77.6780014038086,87.60195922851562,-9.923957824707031
Multivariate+Exogenous,exogenous,WTI Oil,Com_CrudeOil,tscv,9,2024-07-29,591,8,PatchTST,LightGBM,75.65599822998047,85.97637939453125,-10.320381164550781
Multivariate+Exogenous,exogenous,WTI Oil,Com_CrudeOil,tscv,9,2024-08-05,592,9,PatchTST,LightGBM,74.87999725341797,89.68460083007812,-14.804603576660156
Multivariate+Exogenous,exogenous,WTI Oil,Com_CrudeOil,tscv,9,2024-08-12,593,10,PatchTST,LightGBM,77.58399963378906,87.52655792236328,-9.942558288574219
Multivariate+Exogenous,exogenous,WTI Oil,Com_CrudeOil,tscv,9,2024-08-19,594,11,PatchTST,LightGBM,73.31999969482422,85.63601684570312,-12.316017150878906
Multivariate+Exogenous,exogenous,WTI Oil,Com_CrudeOil,tscv,9,2024-08-26,595,12,PatchTST,LightGBM,75.38600158691406,86.76205444335938,-11.376052856445312
Multivariate+Exogenous,exogenous,WTI Oil,Com_CrudeOil,tscv,10,2024-07-08,588,1,PatchTST,-,82.13400268554688,66.51508331298828,15.618919372558594
Multivariate+Exogenous,exogenous,WTI Oil,Com_CrudeOil,tscv,10,2024-07-15,589,2,PatchTST,-,80.80999755859375,69.1380844116211,11.671913146972656
Multivariate+Exogenous,exogenous,WTI Oil,Com_CrudeOil,tscv,10,2024-07-22,590,3,PatchTST,-,77.6780014038086,69.36280059814453,8.315200805664062
Multivariate+Exogenous,exogenous,WTI Oil,Com_CrudeOil,tscv,10,2024-07-29,591,4,PatchTST,-,75.65599822998047,66.9330062866211,8.722991943359375
Multivariate+Exogenous,exogenous,WTI Oil,Com_CrudeOil,tscv,10,2024-08-05,592,5,PatchTST,-,74.87999725341797,67.87020111083984,7.009796142578125
Multivariate+Exogenous,exogenous,WTI Oil,Com_CrudeOil,tscv,10,2024-08-12,593,6,PatchTST,-,77.58399963378906,66.91166687011719,10.672332763671875
Multivariate+Exogenous,exogenous,WTI Oil,Com_CrudeOil,tscv,10,2024-08-19,594,7,PatchTST,-,73.31999969482422,64.65855407714844,8.661445617675781
Multivariate+Exogenous,exogenous,WTI Oil,Com_CrudeOil,tscv,10,2024-08-26,595,8,PatchTST,-,75.38600158691406,63.10127258300781,12.28472900390625
Multivariate+Exogenous,exogenous,WTI Oil,Com_CrudeOil,tscv,10,2024-09-02,596,9,PatchTST,-,70.08424377441406,65.53524780273438,4.5489959716796875
Multivariate+Exogenous,exogenous,WTI Oil,Com_CrudeOil,tscv,10,2024-09-09,597,10,PatchTST,-,67.87799835205078,67.47836303710938,0.39963531494140625
Multivariate+Exogenous,exogenous,WTI Oil,Com_CrudeOil,tscv,10,2024-09-16,598,11,PatchTST,-,70.41799926757812,64.38465118408203,6.033348083496094
Multivariate+Exogenous,exogenous,WTI Oil,Com_CrudeOil,tscv,10,2024-09-23,599,12,PatchTST,-,69.49400329589844,64.1703109741211,5.323692321777344
Multivariate+Exogenous,exogenous,WTI Oil,Com_CrudeOil,tscv,10,2024-07-08,588,1,PatchTST,NLinear,82.13400268554688,86.2664566040039,-4.132453918457031
Multivariate+Exogenous,exogenous,WTI Oil,Com_CrudeOil,tscv,10,2024-07-15,589,2,PatchTST,NLinear,80.80999755859375,87.57290649414062,-6.762908935546875
Multivariate+Exogenous,exogenous,WTI Oil,Com_CrudeOil,tscv,10,2024-07-22,590,3,PatchTST,NLinear,77.6780014038086,87.45466613769531,-9.776664733886719
Multivariate+Exogenous,exogenous,WTI Oil,Com_CrudeOil,tscv,10,2024-07-29,591,4,PatchTST,NLinear,75.65599822998047,84.08536529541016,-8.429367065429688
Multivariate+Exogenous,exogenous,WTI Oil,Com_CrudeOil,tscv,10,2024-08-05,592,5,PatchTST,NLinear,74.87999725341797,84.52738952636719,-9.647392272949219
Multivariate+Exogenous,exogenous,WTI Oil,Com_CrudeOil,tscv,10,2024-08-12,593,6,PatchTST,NLinear,77.58399963378906,83.85746765136719,-6.273468017578125
Multivariate+Exogenous,exogenous,WTI Oil,Com_CrudeOil,tscv,10,2024-08-19,594,7,PatchTST,NLinear,73.31999969482422,81.60942840576172,-8.2894287109375
Multivariate+Exogenous,exogenous,WTI Oil,Com_CrudeOil,tscv,10,2024-08-26,595,8,PatchTST,NLinear,75.38600158691406,80.26087951660156,-4.8748779296875
Multivariate+Exogenous,exogenous,WTI Oil,Com_CrudeOil,tscv,10,2024-09-02,596,9,PatchTST,NLinear,70.08424377441406,82.87130737304688,-12.787063598632812
Multivariate+Exogenous,exogenous,WTI Oil,Com_CrudeOil,tscv,10,2024-09-09,597,10,PatchTST,NLinear,67.87799835205078,85.51168823242188,-17.633689880371094
Multivariate+Exogenous,exogenous,WTI Oil,Com_CrudeOil,tscv,10,2024-09-16,598,11,PatchTST,NLinear,70.41799926757812,82.63097381591797,-12.212974548339844
Multivariate+Exogenous,exogenous,WTI Oil,Com_CrudeOil,tscv,10,2024-09-23,599,12,PatchTST,NLinear,69.49400329589844,82.55073547363281,-13.056732177734375
Multivariate+Exogenous,exogenous,WTI Oil,Com_CrudeOil,tscv,10,2024-07-08,588,1,PatchTST,iTransformer,82.13400268554688,77.5357666015625,4.598236083984375
Multivariate+Exogenous,exogenous,WTI Oil,Com_CrudeOil,tscv,10,2024-07-15,589,2,PatchTST,iTransformer,80.80999755859375,79.84426879882812,0.965728759765625
Multivariate+Exogenous,exogenous,WTI Oil,Com_CrudeOil,tscv,10,2024-07-22,590,3,PatchTST,iTransformer,77.6780014038086,79.8399658203125,-2.1619644165039062
Multivariate+Exogenous,exogenous,WTI Oil,Com_CrudeOil,tscv,10,2024-07-29,591,4,PatchTST,iTransformer,75.65599822998047,77.40155029296875,-1.7455520629882812
Multivariate+Exogenous,exogenous,WTI Oil,Com_CrudeOil,tscv,10,2024-08-05,592,5,PatchTST,iTransformer,74.87999725341797,77.5526123046875,-2.6726150512695312
Multivariate+Exogenous,exogenous,WTI Oil,Com_CrudeOil,tscv,10,2024-08-12,593,6,PatchTST,iTransformer,77.58399963378906,76.41476440429688,1.1692352294921875
Multivariate+Exogenous,exogenous,WTI Oil,Com_CrudeOil,tscv,10,2024-08-19,594,7,PatchTST,iTransformer,73.31999969482422,74.00326538085938,-0.6832656860351562
Multivariate+Exogenous,exogenous,WTI Oil,Com_CrudeOil,tscv,10,2024-08-26,595,8,PatchTST,iTransformer,75.38600158691406,72.70610046386719,2.679901123046875
Multivariate+Exogenous,exogenous,WTI Oil,Com_CrudeOil,tscv,10,2024-09-02,596,9,PatchTST,iTransformer,70.08424377441406,75.17736053466797,-5.093116760253906
Multivariate+Exogenous,exogenous,WTI Oil,Com_CrudeOil,tscv,10,2024-09-09,597,10,PatchTST,iTransformer,67.87799835205078,76.07581329345703,-8.19781494140625
Multivariate+Exogenous,exogenous,WTI Oil,Com_CrudeOil,tscv,10,2024-09-16,598,11,PatchTST,iTransformer,70.41799926757812,72.21617889404297,-1.7981796264648438
Multivariate+Exogenous,exogenous,WTI Oil,Com_CrudeOil,tscv,10,2024-09-23,599,12,PatchTST,iTransformer,69.49400329589844,71.78974151611328,-2.2957382202148438
Multivariate+Exogenous,exogenous,WTI Oil,Com_CrudeOil,tscv,10,2024-07-08,588,1,PatchTST,XGBoost,82.13400268554688,77.3280029296875,4.805999755859375
Multivariate+Exogenous,exogenous,WTI Oil,Com_CrudeOil,tscv,10,2024-07-15,589,2,PatchTST,XGBoost,80.80999755859375,79.52560424804688,1.284393310546875
Multivariate+Exogenous,exogenous,WTI Oil,Com_CrudeOil,tscv,10,2024-07-22,590,3,PatchTST,XGBoost,77.6780014038086,80.09001922607422,-2.412017822265625
Multivariate+Exogenous,exogenous,WTI Oil,Com_CrudeOil,tscv,10,2024-07-29,591,4,PatchTST,XGBoost,75.65599822998047,78.38047790527344,-2.7244796752929688
Multivariate+Exogenous,exogenous,WTI Oil,Com_CrudeOil,tscv,10,2024-08-05,592,5,PatchTST,XGBoost,74.87999725341797,79.52311706542969,-4.643119812011719
Multivariate+Exogenous,exogenous,WTI Oil,Com_CrudeOil,tscv,10,2024-08-12,593,6,PatchTST,XGBoost,77.58399963378906,78.21122741699219,-0.627227783203125
Multivariate+Exogenous,exogenous,WTI Oil,Com_CrudeOil,tscv,10,2024-08-19,594,7,PatchTST,XGBoost,73.31999969482422,74.81198120117188,-1.4919815063476562
Multivariate+Exogenous,exogenous,WTI Oil,Com_CrudeOil,tscv,10,2024-08-26,595,8,PatchTST,XGBoost,75.38600158691406,73.8167953491211,1.5692062377929688
Multivariate+Exogenous,exogenous,WTI Oil,Com_CrudeOil,tscv,10,2024-09-02,596,9,PatchTST,XGBoost,70.08424377441406,75.65534210205078,-5.571098327636719
Multivariate+Exogenous,exogenous,WTI Oil,Com_CrudeOil,tscv,10,2024-09-09,597,10,PatchTST,XGBoost,67.87799835205078,78.0731430053711,-10.195144653320312
Multivariate+Exogenous,exogenous,WTI Oil,Com_CrudeOil,tscv,10,2024-09-16,598,11,PatchTST,XGBoost,70.41799926757812,72.35774230957031,-1.9397430419921875
Multivariate+Exogenous,exogenous,WTI Oil,Com_CrudeOil,tscv,10,2024-09-23,599,12,PatchTST,XGBoost,69.49400329589844,71.6745376586914,-2.1805343627929688
Multivariate+Exogenous,exogenous,WTI Oil,Com_CrudeOil,tscv,10,2024-07-08,588,1,PatchTST,LightGBM,82.13400268554688,79.00920104980469,3.1248016357421875
Multivariate+Exogenous,exogenous,WTI Oil,Com_CrudeOil,tscv,10,2024-07-15,589,2,PatchTST,LightGBM,80.80999755859375,81.6322021484375,-0.82220458984375
Multivariate+Exogenous,exogenous,WTI Oil,Com_CrudeOil,tscv,10,2024-07-22,590,3,PatchTST,LightGBM,77.6780014038086,82.05027770996094,-4.372276306152344
Multivariate+Exogenous,exogenous,WTI Oil,Com_CrudeOil,tscv,10,2024-07-29,591,4,PatchTST,LightGBM,75.65599822998047,79.4271240234375,-3.7711257934570312
Multivariate+Exogenous,exogenous,WTI Oil,Com_CrudeOil,tscv,10,2024-08-05,592,5,PatchTST,LightGBM,74.87999725341797,80.55767822265625,-5.677680969238281
Multivariate+Exogenous,exogenous,WTI Oil,Com_CrudeOil,tscv,10,2024-08-12,593,6,PatchTST,LightGBM,77.58399963378906,79.59915161132812,-2.0151519775390625
Multivariate+Exogenous,exogenous,WTI Oil,Com_CrudeOil,tscv,10,2024-08-19,594,7,PatchTST,LightGBM,73.31999969482422,76.74987030029297,-3.42987060546875
Multivariate+Exogenous,exogenous,WTI Oil,Com_CrudeOil,tscv,10,2024-08-26,595,8,PatchTST,LightGBM,75.38600158691406,75.19258880615234,0.19341278076171875
Multivariate+Exogenous,exogenous,WTI Oil,Com_CrudeOil,tscv,10,2024-09-02,596,9,PatchTST,LightGBM,70.08424377441406,75.78512573242188,-5.7008819580078125
Multivariate+Exogenous,exogenous,WTI Oil,Com_CrudeOil,tscv,10,2024-09-09,597,10,PatchTST,LightGBM,67.87799835205078,77.53488159179688,-9.656883239746094
Multivariate+Exogenous,exogenous,WTI Oil,Com_CrudeOil,tscv,10,2024-09-16,598,11,PatchTST,LightGBM,70.41799926757812,72.857666015625,-2.439666748046875
Multivariate+Exogenous,exogenous,WTI Oil,Com_CrudeOil,tscv,10,2024-09-23,599,12,PatchTST,LightGBM,69.49400329589844,72.20442199707031,-2.710418701171875
Multivariate+Exogenous,exogenous,WTI Oil,Com_CrudeOil,tscv,11,2024-08-05,592,1,PatchTST,-,74.87999725341797,72.78618621826172,2.09381103515625
Multivariate+Exogenous,exogenous,WTI Oil,Com_CrudeOil,tscv,11,2024-08-12,593,2,PatchTST,-,77.58399963378906,69.84276580810547,7.741233825683594
Multivariate+Exogenous,exogenous,WTI Oil,Com_CrudeOil,tscv,11,2024-08-19,594,3,PatchTST,-,73.31999969482422,73.33612060546875,-0.01612091064453125
Multivariate+Exogenous,exogenous,WTI Oil,Com_CrudeOil,tscv,11,2024-08-26,595,4,PatchTST,-,75.38600158691406,72.61243438720703,2.7735671997070312
Multivariate+Exogenous,exogenous,WTI Oil,Com_CrudeOil,tscv,11,2024-09-02,596,5,PatchTST,-,70.08424377441406,67.80465698242188,2.2795867919921875
Multivariate+Exogenous,exogenous,WTI Oil,Com_CrudeOil,tscv,11,2024-09-09,597,6,PatchTST,-,67.87799835205078,73.89469909667969,-6.016700744628906
Multivariate+Exogenous,exogenous,WTI Oil,Com_CrudeOil,tscv,11,2024-09-16,598,7,PatchTST,-,70.41799926757812,74.09396362304688,-3.67596435546875
Multivariate+Exogenous,exogenous,WTI Oil,Com_CrudeOil,tscv,11,2024-09-23,599,8,PatchTST,-,69.49400329589844,72.9242935180664,-3.4302902221679688
Multivariate+Exogenous,exogenous,WTI Oil,Com_CrudeOil,tscv,11,2024-09-30,600,9,PatchTST,-,71.23799896240234,70.9814682006836,0.25653076171875
Multivariate+Exogenous,exogenous,WTI Oil,Com_CrudeOil,tscv,11,2024-10-07,601,10,PatchTST,-,75.0719985961914,67.4674301147461,7.6045684814453125
Multivariate+Exogenous,exogenous,WTI Oil,Com_CrudeOil,tscv,11,2024-10-14,602,11,PatchTST,-,70.71600341796875,67.9062728881836,2.8097305297851562
Multivariate+Exogenous,exogenous,WTI Oil,Com_CrudeOil,tscv,11,2024-10-21,603,12,PatchTST,-,70.90399932861328,69.49832916259766,1.405670166015625
Multivariate+Exogenous,exogenous,WTI Oil,Com_CrudeOil,tscv,11,2024-08-05,592,1,PatchTST,NLinear,74.87999725341797,81.89642333984375,-7.016426086425781
Multivariate+Exogenous,exogenous,WTI Oil,Com_CrudeOil,tscv,11,2024-08-12,593,2,PatchTST,NLinear,77.58399963378906,80.10359954833984,-2.5195999145507812
Multivariate+Exogenous,exogenous,WTI Oil,Com_CrudeOil,tscv,11,2024-08-19,594,3,PatchTST,NLinear,73.31999969482422,84.90519714355469,-11.585197448730469
Multivariate+Exogenous,exogenous,WTI Oil,Com_CrudeOil,tscv,11,2024-08-26,595,4,PatchTST,NLinear,75.38600158691406,85.07902526855469,-9.693023681640625
Multivariate+Exogenous,exogenous,WTI Oil,Com_CrudeOil,tscv,11,2024-09-02,596,5,PatchTST,NLinear,70.08424377441406,80.84732055664062,-10.763076782226562
Multivariate+Exogenous,exogenous,WTI Oil,Com_CrudeOil,tscv,11,2024-09-09,597,6,PatchTST,NLinear,67.87799835205078,86.64393615722656,-18.76593780517578
Multivariate+Exogenous,exogenous,WTI Oil,Com_CrudeOil,tscv,11,2024-09-16,598,7,PatchTST,NLinear,70.41799926757812,86.666015625,-16.248016357421875
Multivariate+Exogenous,exogenous,WTI Oil,Com_CrudeOil,tscv,11,2024-09-23,599,8,PatchTST,NLinear,69.49400329589844,84.94258117675781,-15.448577880859375
Multivariate+Exogenous,exogenous,WTI Oil,Com_CrudeOil,tscv,11,2024-09-30,600,9,PatchTST,NLinear,71.23799896240234,83.37989807128906,-12.141899108886719
Multivariate+Exogenous,exogenous,WTI Oil,Com_CrudeOil,tscv,11,2024-10-07,601,10,PatchTST,NLinear,75.0719985961914,79.13174438476562,-4.059745788574219
Multivariate+Exogenous,exogenous,WTI Oil,Com_CrudeOil,tscv,11,2024-10-14,602,11,PatchTST,NLinear,70.71600341796875,79.39285278320312,-8.676849365234375
Multivariate+Exogenous,exogenous,WTI Oil,Com_CrudeOil,tscv,11,2024-10-21,603,12,PatchTST,NLinear,70.90399932861328,80.06761932373047,-9.163619995117188
Multivariate+Exogenous,exogenous,WTI Oil,Com_CrudeOil,tscv,11,2024-08-05,592,1,PatchTST,iTransformer,74.87999725341797,85.02735137939453,-10.147354125976562
Multivariate+Exogenous,exogenous,WTI Oil,Com_CrudeOil,tscv,11,2024-08-12,593,2,PatchTST,iTransformer,77.58399963378906,80.45130920410156,-2.8673095703125
Multivariate+Exogenous,exogenous,WTI Oil,Com_CrudeOil,tscv,11,2024-08-19,594,3,PatchTST,iTransformer,73.31999969482422,84.87863159179688,-11.558631896972656
Multivariate+Exogenous,exogenous,WTI Oil,Com_CrudeOil,tscv,11,2024-08-26,595,4,PatchTST,iTransformer,75.38600158691406,83.80632781982422,-8.420326232910156
Multivariate+Exogenous,exogenous,WTI Oil,Com_CrudeOil,tscv,11,2024-09-02,596,5,PatchTST,iTransformer,70.08424377441406,82.65265655517578,-12.568412780761719
Multivariate+Exogenous,exogenous,WTI Oil,Com_CrudeOil,tscv,11,2024-09-09,597,6,PatchTST,iTransformer,67.87799835205078,81.4447021484375,-13.566703796386719
Multivariate+Exogenous,exogenous,WTI Oil,Com_CrudeOil,tscv,11,2024-09-16,598,7,PatchTST,iTransformer,70.41799926757812,82.1607666015625,-11.742767333984375
Multivariate+Exogenous,exogenous,WTI Oil,Com_CrudeOil,tscv,11,2024-09-23,599,8,PatchTST,iTransformer,69.49400329589844,82.75191497802734,-13.257911682128906
Multivariate+Exogenous,exogenous,WTI Oil,Com_CrudeOil,tscv,11,2024-09-30,600,9,PatchTST,iTransformer,71.23799896240234,77.58068084716797,-6.342681884765625
Multivariate+Exogenous,exogenous,WTI Oil,Com_CrudeOil,tscv,11,2024-10-07,601,10,PatchTST,iTransformer,75.0719985961914,73.73452758789062,1.3374710083007812
Multivariate+Exogenous,exogenous,WTI Oil,Com_CrudeOil,tscv,11,2024-10-14,602,11,PatchTST,iTransformer,70.71600341796875,74.36923217773438,-3.653228759765625
Multivariate+Exogenous,exogenous,WTI Oil,Com_CrudeOil,tscv,11,2024-10-21,603,12,PatchTST,iTransformer,70.90399932861328,73.54679107666016,-2.642791748046875
Multivariate+Exogenous,exogenous,WTI Oil,Com_CrudeOil,tscv,11,2024-08-05,592,1,PatchTST,XGBoost,74.87999725341797,85.88825988769531,-11.008262634277344
Multivariate+Exogenous,exogenous,WTI Oil,Com_CrudeOil,tscv,11,2024-08-12,593,2,PatchTST,XGBoost,77.58399963378906,82.94483947753906,-5.36083984375
Multivariate+Exogenous,exogenous,WTI Oil,Com_CrudeOil,tscv,11,2024-08-19,594,3,PatchTST,XGBoost,73.31999969482422,86.34500885009766,-13.025009155273438
Multivariate+Exogenous,exogenous,WTI Oil,Com_CrudeOil,tscv,11,2024-08-26,595,4,PatchTST,XGBoost,75.38600158691406,85.71148681640625,-10.325485229492188
Multivariate+Exogenous,exogenous,WTI Oil,Com_CrudeOil,tscv,11,2024-09-02,596,5,PatchTST,XGBoost,70.08424377441406,81.06719970703125,-10.982955932617188
Multivariate+Exogenous,exogenous,WTI Oil,Com_CrudeOil,tscv,11,2024-09-09,597,6,PatchTST,XGBoost,67.87799835205078,87.06708526611328,-19.1890869140625
Multivariate+Exogenous,exogenous,WTI Oil,Com_CrudeOil,tscv,11,2024-09-16,598,7,PatchTST,XGBoost,70.41799926757812,87.15846252441406,-16.740463256835938
Multivariate+Exogenous,exogenous,WTI Oil,Com_CrudeOil,tscv,11,2024-09-23,599,8,PatchTST,XGBoost,69.49400329589844,86.16407012939453,-16.670066833496094
Multivariate+Exogenous,exogenous,WTI Oil,Com_CrudeOil,tscv,11,2024-09-30,600,9,PatchTST,XGBoost,71.23799896240234,84.1737060546875,-12.935707092285156
Multivariate+Exogenous,exogenous,WTI Oil,Com_CrudeOil,tscv,11,2024-10-07,601,10,PatchTST,XGBoost,75.0719985961914,80.56950378417969,-5.497505187988281
Multivariate+Exogenous,exogenous,WTI Oil,Com_CrudeOil,tscv,11,2024-10-14,602,11,PatchTST,XGBoost,70.71600341796875,81.06395721435547,-10.347953796386719
Multivariate+Exogenous,exogenous,WTI Oil,Com_CrudeOil,tscv,11,2024-10-21,603,12,PatchTST,XGBoost,70.90399932861328,82.56282806396484,-11.658828735351562
Multivariate+Exogenous,exogenous,WTI Oil,Com_CrudeOil,tscv,11,2024-08-05,592,1,PatchTST,LightGBM,74.87999725341797,85.86857604980469,-10.988578796386719
Multivariate+Exogenous,exogenous,WTI Oil,Com_CrudeOil,tscv,11,2024-08-12,593,2,PatchTST,LightGBM,77.58399963378906,83.01966094970703,-5.435661315917969
Multivariate+Exogenous,exogenous,WTI Oil,Com_CrudeOil,tscv,11,2024-08-19,594,3,PatchTST,LightGBM,73.31999969482422,86.51301574707031,-13.193016052246094
Multivariate+Exogenous,exogenous,WTI Oil,Com_CrudeOil,tscv,11,2024-08-26,595,4,PatchTST,LightGBM,75.38600158691406,85.7893295288086,-10.403327941894531
Multivariate+Exogenous,exogenous,WTI Oil,Com_CrudeOil,tscv,11,2024-09-02,596,5,PatchTST,LightGBM,70.08424377441406,80.98155212402344,-10.897308349609375
Multivariate+Exogenous,exogenous,WTI Oil,Com_CrudeOil,tscv,11,2024-09-09,597,6,PatchTST,LightGBM,67.87799835205078,87.07159423828125,-19.19359588623047
Multivariate+Exogenous,exogenous,WTI Oil,Com_CrudeOil,tscv,11,2024-09-16,598,7,PatchTST,LightGBM,70.41799926757812,87.27085876464844,-16.852859497070312
Multivariate+Exogenous,exogenous,WTI Oil,Com_CrudeOil,tscv,11,2024-09-23,599,8,PatchTST,LightGBM,69.49400329589844,86.10118865966797,-16.60718536376953
Multivariate+Exogenous,exogenous,WTI Oil,Com_CrudeOil,tscv,11,2024-09-30,600,9,PatchTST,LightGBM,71.23799896240234,84.15836334228516,-12.920364379882812
Multivariate+Exogenous,exogenous,WTI Oil,Com_CrudeOil,tscv,11,2024-10-07,601,10,PatchTST,LightGBM,75.0719985961914,80.64432525634766,-5.57232666015625
Multivariate+Exogenous,exogenous,WTI Oil,Com_CrudeOil,tscv,11,2024-10-14,602,11,PatchTST,LightGBM,70.71600341796875,81.08316802978516,-10.367164611816406
Multivariate+Exogenous,exogenous,WTI Oil,Com_CrudeOil,tscv,11,2024-10-21,603,12,PatchTST,LightGBM,70.90399932861328,82.67522430419922,-11.771224975585938
Multivariate+Exogenous,exogenous,WTI Oil,Com_CrudeOil,tscv,12,2024-09-02,596,1,PatchTST,-,70.08424377441406,64.02642059326172,6.057823181152344
Multivariate+Exogenous,exogenous,WTI Oil,Com_CrudeOil,tscv,12,2024-09-09,597,2,PatchTST,-,67.87799835205078,65.45868682861328,2.4193115234375
Multivariate+Exogenous,exogenous,WTI Oil,Com_CrudeOil,tscv,12,2024-09-16,598,3,PatchTST,-,70.41799926757812,65.67279052734375,4.745208740234375
Multivariate+Exogenous,exogenous,WTI Oil,Com_CrudeOil,tscv,12,2024-09-23,599,4,PatchTST,-,69.49400329589844,63.601444244384766,5.892559051513672
Multivariate+Exogenous,exogenous,WTI Oil,Com_CrudeOil,tscv,12,2024-09-30,600,5,PatchTST,-,71.23799896240234,62.764041900634766,8.473957061767578
Multivariate+Exogenous,exogenous,WTI Oil,Com_CrudeOil,tscv,12,2024-10-07,601,6,PatchTST,-,75.0719985961914,60.578880310058594,14.493118286132812
Multivariate+Exogenous,exogenous,WTI Oil,Com_CrudeOil,tscv,12,2024-10-14,602,7,PatchTST,-,70.71600341796875,63.235748291015625,7.480255126953125
Multivariate+Exogenous,exogenous,WTI Oil,Com_CrudeOil,tscv,12,2024-10-21,603,8,PatchTST,-,70.90399932861328,66.03328704833984,4.8707122802734375
Multivariate+Exogenous,exogenous,WTI Oil,Com_CrudeOil,tscv,12,2024-10-28,604,9,PatchTST,-,68.38999938964844,65.20712280273438,3.1828765869140625
Multivariate+Exogenous,exogenous,WTI Oil,Com_CrudeOil,tscv,12,2024-11-04,605,10,PatchTST,-,71.5780029296875,63.01343536376953,8.564567565917969
Multivariate+Exogenous,exogenous,WTI Oil,Com_CrudeOil,tscv,12,2024-11-11,606,11,PatchTST,-,68.04199981689453,61.676414489746094,6.3655853271484375
Multivariate+Exogenous,exogenous,WTI Oil,Com_CrudeOil,tscv,12,2024-11-18,607,12,PatchTST,-,69.69999694824219,60.60590744018555,9.09408950805664
Multivariate+Exogenous,exogenous,WTI Oil,Com_CrudeOil,tscv,12,2024-09-02,596,1,PatchTST,NLinear,70.08424377441406,75.5970687866211,-5.512825012207031
Multivariate+Exogenous,exogenous,WTI Oil,Com_CrudeOil,tscv,12,2024-09-09,597,2,PatchTST,NLinear,67.87799835205078,76.673095703125,-8.795097351074219
Multivariate+Exogenous,exogenous,WTI Oil,Com_CrudeOil,tscv,12,2024-09-16,598,3,PatchTST,NLinear,70.41799926757812,77.37879180908203,-6.960792541503906
Multivariate+Exogenous,exogenous,WTI Oil,Com_CrudeOil,tscv,12,2024-09-23,599,4,PatchTST,NLinear,69.49400329589844,75.65232849121094,-6.1583251953125
Multivariate+Exogenous,exogenous,WTI Oil,Com_CrudeOil,tscv,12,2024-09-30,600,5,PatchTST,NLinear,71.23799896240234,74.81488037109375,-3.5768814086914062
Multivariate+Exogenous,exogenous,WTI Oil,Com_CrudeOil,tscv,12,2024-10-07,601,6,PatchTST,NLinear,75.0719985961914,72.73822021484375,2.3337783813476562
Multivariate+Exogenous,exogenous,WTI Oil,Com_CrudeOil,tscv,12,2024-10-14,602,7,PatchTST,NLinear,70.71600341796875,75.11271667480469,-4.3967132568359375
Multivariate+Exogenous,exogenous,WTI Oil,Com_CrudeOil,tscv,12,2024-10-21,603,8,PatchTST,NLinear,70.90399932861328,77.8308334350586,-6.9268341064453125
Multivariate+Exogenous,exogenous,WTI Oil,Com_CrudeOil,tscv,12,2024-10-28,604,9,PatchTST,NLinear,68.38999938964844,76.84837341308594,-8.4583740234375
Multivariate+Exogenous,exogenous,WTI Oil,Com_CrudeOil,tscv,12,2024-11-04,605,10,PatchTST,NLinear,71.5780029296875,75.29087829589844,-3.7128753662109375
Multivariate+Exogenous,exogenous,WTI Oil,Com_CrudeOil,tscv,12,2024-11-11,606,11,PatchTST,NLinear,68.04199981689453,74.38961029052734,-6.3476104736328125
Multivariate+Exogenous,exogenous,WTI Oil,Com_CrudeOil,tscv,12,2024-11-18,607,12,PatchTST,NLinear,69.69999694824219,73.13923645019531,-3.439239501953125
Multivariate+Exogenous,exogenous,WTI Oil,Com_CrudeOil,tscv,12,2024-09-02,596,1,PatchTST,iTransformer,70.08424377441406,66.78366088867188,3.3005828857421875
Multivariate+Exogenous,exogenous,WTI Oil,Com_CrudeOil,tscv,12,2024-09-09,597,2,PatchTST,iTransformer,67.87799835205078,68.62114715576172,-0.7431488037109375
Multivariate+Exogenous,exogenous,WTI Oil,Com_CrudeOil,tscv,12,2024-09-16,598,3,PatchTST,iTransformer,70.41799926757812,68.2157211303711,2.2022781372070312
Multivariate+Exogenous,exogenous,WTI Oil,Com_CrudeOil,tscv,12,2024-09-23,599,4,PatchTST,iTransformer,69.49400329589844,65.85543823242188,3.6385650634765625
Multivariate+Exogenous,exogenous,WTI Oil,Com_CrudeOil,tscv,12,2024-09-30,600,5,PatchTST,iTransformer,71.23799896240234,65.15782928466797,6.080169677734375
Multivariate+Exogenous,exogenous,WTI Oil,Com_CrudeOil,tscv,12,2024-10-07,601,6,PatchTST,iTransformer,75.0719985961914,62.8169059753418,12.25509262084961
Multivariate+Exogenous,exogenous,WTI Oil,Com_CrudeOil,tscv,12,2024-10-14,602,7,PatchTST,iTransformer,70.71600341796875,65.42215728759766,5.293846130371094
Multivariate+Exogenous,exogenous,WTI Oil,Com_CrudeOil,tscv,12,2024-10-21,603,8,PatchTST,iTransformer,70.90399932861328,68.27671813964844,2.6272811889648438
Multivariate+Exogenous,exogenous,WTI Oil,Com_CrudeOil,tscv,12,2024-10-28,604,9,PatchTST,iTransformer,68.38999938964844,67.17426300048828,1.2157363891601562
Multivariate+Exogenous,exogenous,WTI Oil,Com_CrudeOil,tscv,12,2024-11-04,605,10,PatchTST,iTransformer,71.5780029296875,65.69219970703125,5.88580322265625
Multivariate+Exogenous,exogenous,WTI Oil,Com_CrudeOil,tscv,12,2024-11-11,606,11,PatchTST,iTransformer,68.04199981689453,64.27838897705078,3.76361083984375
Multivariate+Exogenous,exogenous,WTI Oil,Com_CrudeOil,tscv,12,2024-11-18,607,12,PatchTST,iTransformer,69.69999694824219,62.880741119384766,6.819255828857422
Multivariate+Exogenous,exogenous,WTI Oil,Com_CrudeOil,tscv,12,2024-09-02,596,1,PatchTST,XGBoost,70.08424377441406,73.92382049560547,-3.8395767211914062
Multivariate+Exogenous,exogenous,WTI Oil,Com_CrudeOil,tscv,12,2024-09-09,597,2,PatchTST,XGBoost,67.87799835205078,74.67972564697266,-6.801727294921875
Multivariate+Exogenous,exogenous,WTI Oil,Com_CrudeOil,tscv,12,2024-09-16,598,3,PatchTST,XGBoost,70.41799926757812,73.54446411132812,-3.12646484375
Multivariate+Exogenous,exogenous,WTI Oil,Com_CrudeOil,tscv,12,2024-09-23,599,4,PatchTST,XGBoost,69.49400329589844,72.82064819335938,-3.3266448974609375
Multivariate+Exogenous,exogenous,WTI Oil,Com_CrudeOil,tscv,12,2024-09-30,600,5,PatchTST,XGBoost,71.23799896240234,71.48794555664062,-0.24994659423828125
Multivariate+Exogenous,exogenous,WTI Oil,Com_CrudeOil,tscv,12,2024-10-07,601,6,PatchTST,XGBoost,75.0719985961914,67.79297637939453,7.279022216796875
Multivariate+Exogenous,exogenous,WTI Oil,Com_CrudeOil,tscv,12,2024-10-14,602,7,PatchTST,XGBoost,70.71600341796875,68.59014129638672,2.1258621215820312
Multivariate+Exogenous,exogenous,WTI Oil,Com_CrudeOil,tscv,12,2024-10-21,603,8,PatchTST,XGBoost,70.90399932861328,72.0217514038086,-1.1177520751953125
Multivariate+Exogenous,exogenous,WTI Oil,Com_CrudeOil,tscv,12,2024-10-28,604,9,PatchTST,XGBoost,68.38999938964844,70.62335968017578,-2.2333602905273438
Multivariate+Exogenous,exogenous,WTI Oil,Com_CrudeOil,tscv,12,2024-11-04,605,10,PatchTST,XGBoost,71.5780029296875,66.72068786621094,4.8573150634765625
Multivariate+Exogenous,exogenous,WTI Oil,Com_CrudeOil,tscv,12,2024-11-11,606,11,PatchTST,XGBoost,68.04199981689453,65.14179992675781,2.9001998901367188
Multivariate+Exogenous,exogenous,WTI Oil,Com_CrudeOil,tscv,12,2024-11-18,607,12,PatchTST,XGBoost,69.69999694824219,64.32112121582031,5.378875732421875
Multivariate+Exogenous,exogenous,WTI Oil,Com_CrudeOil,tscv,12,2024-09-02,596,1,PatchTST,LightGBM,70.08424377441406,67.80433654785156,2.2799072265625
Multivariate+Exogenous,exogenous,WTI Oil,Com_CrudeOil,tscv,12,2024-09-09,597,2,PatchTST,LightGBM,67.87799835205078,68.66539764404297,-0.7873992919921875
Multivariate+Exogenous,exogenous,WTI Oil,Com_CrudeOil,tscv,12,2024-09-16,598,3,PatchTST,LightGBM,70.41799926757812,68.87950134277344,1.5384979248046875
Multivariate+Exogenous,exogenous,WTI Oil,Com_CrudeOil,tscv,12,2024-09-23,599,4,PatchTST,LightGBM,69.49400329589844,66.80815887451172,2.6858444213867188
Multivariate+Exogenous,exogenous,WTI Oil,Com_CrudeOil,tscv,12,2024-09-30,600,5,PatchTST,LightGBM,71.23799896240234,65.97075653076172,5.267242431640625
Multivariate+Exogenous,exogenous,WTI Oil,Com_CrudeOil,tscv,12,2024-10-07,601,6,PatchTST,LightGBM,75.0719985961914,63.78559112548828,11.286407470703125
Multivariate+Exogenous,exogenous,WTI Oil,Com_CrudeOil,tscv,12,2024-10-14,602,7,PatchTST,LightGBM,70.71600341796875,67.64934539794922,3.0666580200195312
Multivariate+Exogenous,exogenous,WTI Oil,Com_CrudeOil,tscv,12,2024-10-21,603,8,PatchTST,LightGBM,70.90399932861328,70.44688415527344,0.45711517333984375
Multivariate+Exogenous,exogenous,WTI Oil,Com_CrudeOil,tscv,12,2024-10-28,604,9,PatchTST,LightGBM,68.38999938964844,69.62071990966797,-1.2307205200195312
Multivariate+Exogenous,exogenous,WTI Oil,Com_CrudeOil,tscv,12,2024-11-04,605,10,PatchTST,LightGBM,71.5780029296875,67.42703247070312,4.150970458984375
Multivariate+Exogenous,exogenous,WTI Oil,Com_CrudeOil,tscv,12,2024-11-11,606,11,PatchTST,LightGBM,68.04199981689453,66.09001159667969,1.9519882202148438
Multivariate+Exogenous,exogenous,WTI Oil,Com_CrudeOil,tscv,12,2024-11-18,607,12,PatchTST,LightGBM,69.69999694824219,65.01950073242188,4.6804962158203125
Multivariate+Exogenous,exogenous,WTI Oil,Com_CrudeOil,tscv,13,2024-09-30,600,1,PatchTST,-,71.23799896240234,65.82991790771484,5.4080810546875
Multivariate+Exogenous,exogenous,WTI Oil,Com_CrudeOil,tscv,13,2024-10-07,601,2,PatchTST,-,75.0719985961914,70.25749206542969,4.814506530761719
Multivariate+Exogenous,exogenous,WTI Oil,Com_CrudeOil,tscv,13,2024-10-14,602,3,PatchTST,-,70.71600341796875,69.59913635253906,1.1168670654296875
Multivariate+Exogenous,exogenous,WTI Oil,Com_CrudeOil,tscv,13,2024-10-21,603,4,PatchTST,-,70.90399932861328,67.65655517578125,3.2474441528320312
Multivariate+Exogenous,exogenous,WTI Oil,Com_CrudeOil,tscv,13,2024-10-28,604,5,PatchTST,-,68.38999938964844,62.82469177246094,5.5653076171875
Multivariate+Exogenous,exogenous,WTI Oil,Com_CrudeOil,tscv,13,2024-11-04,605,6,PatchTST,-,71.5780029296875,59.78102493286133,11.796977996826172
Multivariate+Exogenous,exogenous,WTI Oil,Com_CrudeOil,tscv,13,2024-11-11,606,7,PatchTST,-,68.04199981689453,62.57182693481445,5.470172882080078
Multivariate+Exogenous,exogenous,WTI Oil,Com_CrudeOil,tscv,13,2024-11-18,607,8,PatchTST,-,69.69999694824219,60.44673156738281,9.253265380859375
Multivariate+Exogenous,exogenous,WTI Oil,Com_CrudeOil,tscv,13,2024-11-25,608,9,PatchTST,-,68.7181167602539,69.0156021118164,-0.2974853515625
Multivariate+Exogenous,exogenous,WTI Oil,Com_CrudeOil,tscv,13,2024-12-02,609,10,PatchTST,-,68.11045837402344,62.5164680480957,5.593990325927734
Multivariate+Exogenous,exogenous,WTI Oil,Com_CrudeOil,tscv,13,2024-12-09,610,11,PatchTST,-,70.1072006225586,64.69265747070312,5.414543151855469
Multivariate+Exogenous,exogenous,WTI Oil,Com_CrudeOil,tscv,13,2024-12-16,611,12,PatchTST,-,69.7302017211914,61.00959396362305,8.72060775756836
Multivariate+Exogenous,exogenous,WTI Oil,Com_CrudeOil,tscv,13,2024-09-30,600,1,PatchTST,NLinear,71.23799896240234,68.38945770263672,2.848541259765625
Multivariate+Exogenous,exogenous,WTI Oil,Com_CrudeOil,tscv,13,2024-10-07,601,2,PatchTST,NLinear,75.0719985961914,73.9684829711914,1.103515625
Multivariate+Exogenous,exogenous,WTI Oil,Com_CrudeOil,tscv,13,2024-10-14,602,3,PatchTST,NLinear,70.71600341796875,74.56952667236328,-3.8535232543945312
Multivariate+Exogenous,exogenous,WTI Oil,Com_CrudeOil,tscv,13,2024-10-21,603,4,PatchTST,NLinear,70.90399932861328,74.6615219116211,-3.7575225830078125
Multivariate+Exogenous,exogenous,WTI Oil,Com_CrudeOil,tscv,13,2024-10-28,604,5,PatchTST,NLinear,68.38999938964844,71.1301498413086,-2.7401504516601562
Multivariate+Exogenous,exogenous,WTI Oil,Com_CrudeOil,tscv,13,2024-11-04,605,6,PatchTST,NLinear,71.5780029296875,69.42823791503906,2.1497650146484375
Multivariate+Exogenous,exogenous,WTI Oil,Com_CrudeOil,tscv,13,2024-11-11,606,7,PatchTST,NLinear,68.04199981689453,73.28297424316406,-5.240974426269531
Multivariate+Exogenous,exogenous,WTI Oil,Com_CrudeOil,tscv,13,2024-11-18,607,8,PatchTST,NLinear,69.69999694824219,70.83515167236328,-1.1351547241210938
Multivariate+Exogenous,exogenous,WTI Oil,Com_CrudeOil,tscv,13,2024-11-25,608,9,PatchTST,NLinear,68.7181167602539,79.17952728271484,-10.461410522460938
Multivariate+Exogenous,exogenous,WTI Oil,Com_CrudeOil,tscv,13,2024-12-02,609,10,PatchTST,NLinear,68.11045837402344,72.95085144042969,-4.84039306640625
Multivariate+Exogenous,exogenous,WTI Oil,Com_CrudeOil,tscv,13,2024-12-09,610,11,PatchTST,NLinear,70.1072006225586,74.8397445678711,-4.7325439453125
Multivariate+Exogenous,exogenous,WTI Oil,Com_CrudeOil,tscv,13,2024-12-16,611,12,PatchTST,NLinear,69.7302017211914,71.0948715209961,-1.3646697998046875
Multivariate+Exogenous,exogenous,WTI Oil,Com_CrudeOil,tscv,13,2024-09-30,600,1,PatchTST,iTransformer,71.23799896240234,72.80084228515625,-1.5628433227539062
Multivariate+Exogenous,exogenous,WTI Oil,Com_CrudeOil,tscv,13,2024-10-07,601,2,PatchTST,iTransformer,75.0719985961914,76.56100463867188,-1.4890060424804688
Multivariate+Exogenous,exogenous,WTI Oil,Com_CrudeOil,tscv,13,2024-10-14,602,3,PatchTST,iTransformer,70.71600341796875,76.1891098022461,-5.473106384277344
Multivariate+Exogenous,exogenous,WTI Oil,Com_CrudeOil,tscv,13,2024-10-21,603,4,PatchTST,iTransformer,70.90399932861328,74.35591888427734,-3.4519195556640625
Multivariate+Exogenous,exogenous,WTI Oil,Com_CrudeOil,tscv,13,2024-10-28,604,5,PatchTST,iTransformer,68.38999938964844,68.69548034667969,-0.30548095703125
Multivariate+Exogenous,exogenous,WTI Oil,Com_CrudeOil,tscv,13,2024-11-04,605,6,PatchTST,iTransformer,71.5780029296875,65.11767578125,6.4603271484375
Multivariate+Exogenous,exogenous,WTI Oil,Com_CrudeOil,tscv,13,2024-11-11,606,7,PatchTST,iTransformer,68.04199981689453,68.66967010498047,-0.6276702880859375
Multivariate+Exogenous,exogenous,WTI Oil,Com_CrudeOil,tscv,13,2024-11-18,607,8,PatchTST,iTransformer,69.69999694824219,67.1437759399414,2.5562210083007812
Multivariate+Exogenous,exogenous,WTI Oil,Com_CrudeOil,tscv,13,2024-11-25,608,9,PatchTST,iTransformer,68.7181167602539,75.40868377685547,-6.6905670166015625
Multivariate+Exogenous,exogenous,WTI Oil,Com_CrudeOil,tscv,13,2024-12-02,609,10,PatchTST,iTransformer,68.11045837402344,68.65464782714844,-0.544189453125
Multivariate+Exogenous,exogenous,WTI Oil,Com_CrudeOil,tscv,13,2024-12-09,610,11,PatchTST,iTransformer,70.1072006225586,70.8841552734375,-0.7769546508789062
Multivariate+Exogenous,exogenous,WTI Oil,Com_CrudeOil,tscv,13,2024-12-16,611,12,PatchTST,iTransformer,69.7302017211914,67.06854248046875,2.6616592407226562
Multivariate+Exogenous,exogenous,WTI Oil,Com_CrudeOil,tscv,13,2024-09-30,600,1,PatchTST,XGBoost,71.23799896240234,72.7581558227539,-1.5201568603515625
Multivariate+Exogenous,exogenous,WTI Oil,Com_CrudeOil,tscv,13,2024-10-07,601,2,PatchTST,XGBoost,75.0719985961914,75.83411407470703,-0.762115478515625
Multivariate+Exogenous,exogenous,WTI Oil,Com_CrudeOil,tscv,13,2024-10-14,602,3,PatchTST,XGBoost,70.71600341796875,75.00790405273438,-4.291900634765625
Multivariate+Exogenous,exogenous,WTI Oil,Com_CrudeOil,tscv,13,2024-10-21,603,4,PatchTST,XGBoost,70.90399932861328,73.80534362792969,-2.9013442993164062
Multivariate+Exogenous,exogenous,WTI Oil,Com_CrudeOil,tscv,13,2024-10-28,604,5,PatchTST,XGBoost,68.38999938964844,69.3541030883789,-0.9641036987304688
Multivariate+Exogenous,exogenous,WTI Oil,Com_CrudeOil,tscv,13,2024-11-04,605,6,PatchTST,XGBoost,71.5780029296875,68.12366485595703,3.4543380737304688
Multivariate+Exogenous,exogenous,WTI Oil,Com_CrudeOil,tscv,13,2024-11-11,606,7,PatchTST,XGBoost,68.04199981689453,72.21383666992188,-4.171836853027344
Multivariate+Exogenous,exogenous,WTI Oil,Com_CrudeOil,tscv,13,2024-11-18,607,8,PatchTST,XGBoost,69.69999694824219,69.0330810546875,0.6669158935546875
Multivariate+Exogenous,exogenous,WTI Oil,Com_CrudeOil,tscv,13,2024-11-25,608,9,PatchTST,XGBoost,68.7181167602539,77.4892807006836,-8.771163940429688
Multivariate+Exogenous,exogenous,WTI Oil,Com_CrudeOil,tscv,13,2024-12-02,609,10,PatchTST,XGBoost,68.11045837402344,70.87750244140625,-2.7670440673828125
Multivariate+Exogenous,exogenous,WTI Oil,Com_CrudeOil,tscv,13,2024-12-09,610,11,PatchTST,XGBoost,70.1072006225586,72.55589294433594,-2.4486923217773438
Multivariate+Exogenous,exogenous,WTI Oil,Com_CrudeOil,tscv,13,2024-12-16,611,12,PatchTST,XGBoost,69.7302017211914,67.0955810546875,2.6346206665039062
Multivariate+Exogenous,exogenous,WTI Oil,Com_CrudeOil,tscv,13,2024-09-30,600,1,PatchTST,LightGBM,71.23799896240234,69.27411651611328,1.9638824462890625
Multivariate+Exogenous,exogenous,WTI Oil,Com_CrudeOil,tscv,13,2024-10-07,601,2,PatchTST,LightGBM,75.0719985961914,73.427001953125,1.6449966430664062
Multivariate+Exogenous,exogenous,WTI Oil,Com_CrudeOil,tscv,13,2024-10-14,602,3,PatchTST,LightGBM,70.71600341796875,73.19291687011719,-2.4769134521484375
Multivariate+Exogenous,exogenous,WTI Oil,Com_CrudeOil,tscv,13,2024-10-21,603,4,PatchTST,LightGBM,70.90399932861328,72.0929183959961,-1.1889190673828125
Multivariate+Exogenous,exogenous,WTI Oil,Com_CrudeOil,tscv,13,2024-10-28,604,5,PatchTST,LightGBM,68.38999938964844,67.34649658203125,1.0435028076171875
Multivariate+Exogenous,exogenous,WTI Oil,Com_CrudeOil,tscv,13,2024-11-04,605,6,PatchTST,LightGBM,71.5780029296875,64.782470703125,6.7955322265625
Multivariate+Exogenous,exogenous,WTI Oil,Com_CrudeOil,tscv,13,2024-11-11,606,7,PatchTST,LightGBM,68.04199981689453,67.57327270507812,0.46872711181640625
Multivariate+Exogenous,exogenous,WTI Oil,Com_CrudeOil,tscv,13,2024-11-18,607,8,PatchTST,LightGBM,69.69999694824219,65.53362274169922,4.166374206542969
Multivariate+Exogenous,exogenous,WTI Oil,Com_CrudeOil,tscv,13,2024-11-25,608,9,PatchTST,LightGBM,68.7181167602539,74.01705169677734,-5.2989349365234375
Multivariate+Exogenous,exogenous,WTI Oil,Com_CrudeOil,tscv,13,2024-12-02,609,10,PatchTST,LightGBM,68.11045837402344,67.60335540771484,0.5071029663085938
Multivariate+Exogenous,exogenous,WTI Oil,Com_CrudeOil,tscv,13,2024-12-09,610,11,PatchTST,LightGBM,70.1072006225586,69.77954864501953,0.3276519775390625
Multivariate+Exogenous,exogenous,WTI Oil,Com_CrudeOil,tscv,13,2024-12-16,611,12,PatchTST,LightGBM,69.7302017211914,66.09648132324219,3.6337203979492188
Multivariate+Exogenous,exogenous,WTI Oil,Com_CrudeOil,tscv,14,2024-10-28,604,1,PatchTST,-,68.38999938964844,65.65536499023438,2.7346343994140625
Multivariate+Exogenous,exogenous,WTI Oil,Com_CrudeOil,tscv,14,2024-11-04,605,2,PatchTST,-,71.5780029296875,57.95448684692383,13.623516082763672
Multivariate+Exogenous,exogenous,WTI Oil,Com_CrudeOil,tscv,14,2024-11-11,606,3,PatchTST,-,68.04199981689453,58.30458068847656,9.737419128417969
Multivariate+Exogenous,exogenous,WTI Oil,Com_CrudeOil,tscv,14,2024-11-18,607,4,PatchTST,-,69.69999694824219,58.983577728271484,10.716419219970703
Multivariate+Exogenous,exogenous,WTI Oil,Com_CrudeOil,tscv,14,2024-11-25,608,5,PatchTST,-,68.7181167602539,55.70636749267578,13.011749267578125
Multivariate+Exogenous,exogenous,WTI Oil,Com_CrudeOil,tscv,14,2024-12-02,609,6,PatchTST,-,68.11045837402344,50.52031707763672,17.59014129638672
Multivariate+Exogenous,exogenous,WTI Oil,Com_CrudeOil,tscv,14,2024-12-09,610,7,PatchTST,-,70.1072006225586,58.215824127197266,11.891376495361328
Multivariate+Exogenous,exogenous,WTI Oil,Com_CrudeOil,tscv,14,2024-12-16,611,8,PatchTST,-,69.7302017211914,56.66520690917969,13.064994812011719
Multivariate+Exogenous,exogenous,WTI Oil,Com_CrudeOil,tscv,14,2024-12-23,612,9,PatchTST,-,70.14910125732422,54.88218688964844,15.266914367675781
Multivariate+Exogenous,exogenous,WTI Oil,Com_CrudeOil,tscv,14,2024-12-30,613,10,PatchTST,-,72.57513427734375,54.21033477783203,18.36479949951172
Multivariate+Exogenous,exogenous,WTI Oil,Com_CrudeOil,tscv,14,2025-01-06,614,11,PatchTST,-,74.95950317382812,58.523170471191406,16.43633270263672
Multivariate+Exogenous,exogenous,WTI Oil,Com_CrudeOil,tscv,14,2025-01-13,615,12,PatchTST,-,78.02933502197266,58.55133056640625,19.478004455566406
Multivariate+Exogenous,exogenous,WTI Oil,Com_CrudeOil,tscv,14,2024-10-28,604,1,PatchTST,NLinear,68.38999938964844,73.7996826171875,-5.4096832275390625
Multivariate+Exogenous,exogenous,WTI Oil,Com_CrudeOil,tscv,14,2024-11-04,605,2,PatchTST,NLinear,71.5780029296875,69.72181701660156,1.8561859130859375
Multivariate+Exogenous,exogenous,WTI Oil,Com_CrudeOil,tscv,14,2024-11-11,606,3,PatchTST,NLinear,68.04199981689453,73.17623901367188,-5.134239196777344
Multivariate+Exogenous,exogenous,WTI Oil,Com_CrudeOil,tscv,14,2024-11-18,607,4,PatchTST,NLinear,69.69999694824219,75.5899429321289,-5.889945983886719
Multivariate+Exogenous,exogenous,WTI Oil,Com_CrudeOil,tscv,14,2024-11-25,608,5,PatchTST,NLinear,68.7181167602539,73.60347747802734,-4.8853607177734375
Multivariate+Exogenous,exogenous,WTI Oil,Com_CrudeOil,tscv,14,2024-12-02,609,6,PatchTST,NLinear,68.11045837402344,68.3627700805664,-0.25231170654296875
Multivariate+Exogenous,exogenous,WTI Oil,Com_CrudeOil,tscv,14,2024-12-09,610,7,PatchTST,NLinear,70.1072006225586,76.64899444580078,-6.5417938232421875
Multivariate+Exogenous,exogenous,WTI Oil,Com_CrudeOil,tscv,14,2024-12-16,611,8,PatchTST,NLinear,69.7302017211914,75.34756469726562,-5.617362976074219
Multivariate+Exogenous,exogenous,WTI Oil,Com_CrudeOil,tscv,14,2024-12-23,612,9,PatchTST,NLinear,70.14910125732422,73.60566711425781,-3.4565658569335938
Multivariate+Exogenous,exogenous,WTI Oil,Com_CrudeOil,tscv,14,2024-12-30,613,10,PatchTST,NLinear,72.57513427734375,73.19987487792969,-0.6247406005859375
Multivariate+Exogenous,exogenous,WTI Oil,Com_CrudeOil,tscv,14,2025-01-06,614,11,PatchTST,NLinear,74.95950317382812,77.30799865722656,-2.3484954833984375
Multivariate+Exogenous,exogenous,WTI Oil,Com_CrudeOil,tscv,14,2025-01-13,615,12,PatchTST,NLinear,78.02933502197266,77.1889419555664,0.84039306640625
Multivariate+Exogenous,exogenous,WTI Oil,Com_CrudeOil,tscv,14,2024-10-28,604,1,PatchTST,iTransformer,68.38999938964844,76.35794830322266,-7.967948913574219
Multivariate+Exogenous,exogenous,WTI Oil,Com_CrudeOil,tscv,14,2024-11-04,605,2,PatchTST,iTransformer,71.5780029296875,67.6986312866211,3.8793716430664062
Multivariate+Exogenous,exogenous,WTI Oil,Com_CrudeOil,tscv,14,2024-11-11,606,3,PatchTST,iTransformer,68.04199981689453,68.56654357910156,-0.5245437622070312
Multivariate+Exogenous,exogenous,WTI Oil,Com_CrudeOil,tscv,14,2024-11-18,607,4,PatchTST,iTransformer,69.69999694824219,69.60082244873047,0.09917449951171875
Multivariate+Exogenous,exogenous,WTI Oil,Com_CrudeOil,tscv,14,2024-11-25,608,5,PatchTST,iTransformer,68.7181167602539,65.75758361816406,2.9605331420898438
Multivariate+Exogenous,exogenous,WTI Oil,Com_CrudeOil,tscv,14,2024-12-02,609,6,PatchTST,iTransformer,68.11045837402344,60.568992614746094,7.541465759277344
Multivariate+Exogenous,exogenous,WTI Oil,Com_CrudeOil,tscv,14,2024-12-09,610,7,PatchTST,iTransformer,70.1072006225586,68.65487670898438,1.4523239135742188
Multivariate+Exogenous,exogenous,WTI Oil,Com_CrudeOil,tscv,14,2024-12-16,611,8,PatchTST,iTransformer,69.7302017211914,67.36709594726562,2.3631057739257812
Multivariate+Exogenous,exogenous,WTI Oil,Com_CrudeOil,tscv,14,2024-12-23,612,9,PatchTST,iTransformer,70.14910125732422,65.15357971191406,4.995521545410156
Multivariate+Exogenous,exogenous,WTI Oil,Com_CrudeOil,tscv,14,2024-12-30,613,10,PatchTST,iTransformer,72.57513427734375,64.72784423828125,7.8472900390625
Multivariate+Exogenous,exogenous,WTI Oil,Com_CrudeOil,tscv,14,2025-01-06,614,11,PatchTST,iTransformer,74.95950317382812,68.19432067871094,6.7651824951171875
Multivariate+Exogenous,exogenous,WTI Oil,Com_CrudeOil,tscv,14,2025-01-13,615,12,PatchTST,iTransformer,78.02933502197266,67.86238098144531,10.166954040527344
Multivariate+Exogenous,exogenous,WTI Oil,Com_CrudeOil,tscv,14,2024-10-28,604,1,PatchTST,XGBoost,68.38999938964844,71.18474578857422,-2.7947463989257812
Multivariate+Exogenous,exogenous,WTI Oil,Com_CrudeOil,tscv,14,2024-11-04,605,2,PatchTST,XGBoost,71.5780029296875,62.76325225830078,8.814750671386719
Multivariate+Exogenous,exogenous,WTI Oil,Com_CrudeOil,tscv,14,2024-11-11,606,3,PatchTST,XGBoost,68.04199981689453,64.30323791503906,3.7387619018554688
Multivariate+Exogenous,exogenous,WTI Oil,Com_CrudeOil,tscv,14,2024-11-18,607,4,PatchTST,XGBoost,69.69999694824219,65.17230224609375,4.5276947021484375
Multivariate+Exogenous,exogenous,WTI Oil,Com_CrudeOil,tscv,14,2024-11-25,608,5,PatchTST,XGBoost,68.7181167602539,61.69034194946289,7.027774810791016
Multivariate+Exogenous,exogenous,WTI Oil,Com_CrudeOil,tscv,14,2024-12-02,609,6,PatchTST,XGBoost,68.11045837402344,56.509220123291016,11.601238250732422
Multivariate+Exogenous,exogenous,WTI Oil,Com_CrudeOil,tscv,14,2024-12-09,610,7,PatchTST,XGBoost,70.1072006225586,65.49507141113281,4.612129211425781
Multivariate+Exogenous,exogenous,WTI Oil,Com_CrudeOil,tscv,14,2024-12-16,611,8,PatchTST,XGBoost,69.7302017211914,64.52894592285156,5.201255798339844
Multivariate+Exogenous,exogenous,WTI Oil,Com_CrudeOil,tscv,14,2024-12-23,612,9,PatchTST,XGBoost,70.14910125732422,61.94696044921875,8.202140808105469
Multivariate+Exogenous,exogenous,WTI Oil,Com_CrudeOil,tscv,14,2024-12-30,613,10,PatchTST,XGBoost,72.57513427734375,61.242027282714844,11.333106994628906
Multivariate+Exogenous,exogenous,WTI Oil,Com_CrudeOil,tscv,14,2025-01-06,614,11,PatchTST,XGBoost,74.95950317382812,65.48224639892578,9.477256774902344
Multivariate+Exogenous,exogenous,WTI Oil,Com_CrudeOil,tscv,14,2025-01-13,615,12,PatchTST,XGBoost,78.02933502197266,66.0165786743164,12.01275634765625
Multivariate+Exogenous,exogenous,WTI Oil,Com_CrudeOil,tscv,14,2024-10-28,604,1,PatchTST,LightGBM,68.38999938964844,76.58805847167969,-8.19805908203125
Multivariate+Exogenous,exogenous,WTI Oil,Com_CrudeOil,tscv,14,2024-11-04,605,2,PatchTST,LightGBM,71.5780029296875,68.88717651367188,2.690826416015625
Multivariate+Exogenous,exogenous,WTI Oil,Com_CrudeOil,tscv,14,2024-11-11,606,3,PatchTST,LightGBM,68.04199981689453,69.23727416992188,-1.1952743530273438
Multivariate+Exogenous,exogenous,WTI Oil,Com_CrudeOil,tscv,14,2024-11-18,607,4,PatchTST,LightGBM,69.69999694824219,69.91626739501953,-0.21627044677734375
Multivariate+Exogenous,exogenous,WTI Oil,Com_CrudeOil,tscv,14,2024-11-25,608,5,PatchTST,LightGBM,68.7181167602539,66.6390609741211,2.0790557861328125
Multivariate+Exogenous,exogenous,WTI Oil,Com_CrudeOil,tscv,14,2024-12-02,609,6,PatchTST,LightGBM,68.11045837402344,61.453006744384766,6.657451629638672
Multivariate+Exogenous,exogenous,WTI Oil,Com_CrudeOil,tscv,14,2024-12-09,610,7,PatchTST,LightGBM,70.1072006225586,69.14851379394531,0.9586868286132812
Multivariate+Exogenous,exogenous,WTI Oil,Com_CrudeOil,tscv,14,2024-12-16,611,8,PatchTST,LightGBM,69.7302017211914,67.597900390625,2.1323013305664062
Multivariate+Exogenous,exogenous,WTI Oil,Com_CrudeOil,tscv,14,2024-12-23,612,9,PatchTST,LightGBM,70.14910125732422,65.81488037109375,4.334220886230469
Multivariate+Exogenous,exogenous,WTI Oil,Com_CrudeOil,tscv,14,2024-12-30,613,10,PatchTST,LightGBM,72.57513427734375,65.14302825927734,7.432106018066406
Multivariate+Exogenous,exogenous,WTI Oil,Com_CrudeOil,tscv,14,2025-01-06,614,11,PatchTST,LightGBM,74.95950317382812,69.45586395263672,5.503639221191406
Multivariate+Exogenous,exogenous,WTI Oil,Com_CrudeOil,tscv,14,2025-01-13,615,12,PatchTST,LightGBM,78.02933502197266,69.48402404785156,8.545310974121094
Multivariate+Exogenous,exogenous,WTI Oil,Com_CrudeOil,tscv,15,2024-11-25,608,1,PatchTST,-,68.7181167602539,64.03235626220703,4.685760498046875
Multivariate+Exogenous,exogenous,WTI Oil,Com_CrudeOil,tscv,15,2024-12-02,609,2,PatchTST,-,68.11045837402344,61.611820220947266,6.498638153076172
Multivariate+Exogenous,exogenous,WTI Oil,Com_CrudeOil,tscv,15,2024-12-09,610,3,PatchTST,-,70.1072006225586,60.90436553955078,9.202835083007812
Multivariate+Exogenous,exogenous,WTI Oil,Com_CrudeOil,tscv,15,2024-12-16,611,4,PatchTST,-,69.7302017211914,62.6379280090332,7.092273712158203
Multivariate+Exogenous,exogenous,WTI Oil,Com_CrudeOil,tscv,15,2024-12-23,612,5,PatchTST,-,70.14910125732422,59.75197982788086,10.39712142944336
Multivariate+Exogenous,exogenous,WTI Oil,Com_CrudeOil,tscv,15,2024-12-30,613,6,PatchTST,-,72.57513427734375,59.4375,13.13763427734375
Multivariate+Exogenous,exogenous,WTI Oil,Com_CrudeOil,tscv,15,2025-01-06,614,7,PatchTST,-,74.95950317382812,59.1540641784668,15.805438995361328
Multivariate+Exogenous,exogenous,WTI Oil,Com_CrudeOil,tscv,15,2025-01-13,615,8,PatchTST,-,78.02933502197266,58.65087890625,19.378456115722656
Multivariate+Exogenous,exogenous,WTI Oil,Com_CrudeOil,tscv,15,2025-01-20,616,9,PatchTST,-,75.17753601074219,62.27648162841797,12.901054382324219
Multivariate+Exogenous,exogenous,WTI Oil,Com_CrudeOil,tscv,15,2025-01-27,617,10,PatchTST,-,73.03900146484375,65.27687072753906,7.7621307373046875
Multivariate+Exogenous,exogenous,WTI Oil,Com_CrudeOil,tscv,15,2025-02-03,618,11,PatchTST,-,71.66098022460938,63.594722747802734,8.06625747680664
Multivariate+Exogenous,exogenous,WTI Oil,Com_CrudeOil,tscv,15,2025-02-10,619,12,PatchTST,-,71.62548065185547,58.78469467163086,12.84078598022461
Multivariate+Exogenous,exogenous,WTI Oil,Com_CrudeOil,tscv,15,2024-11-25,608,1,PatchTST,NLinear,68.7181167602539,79.78857421875,-11.070457458496094
Multivariate+Exogenous,exogenous,WTI Oil,Com_CrudeOil,tscv,15,2024-12-02,609,2,PatchTST,NLinear,68.11045837402344,76.92680358886719,-8.81634521484375
Multivariate+Exogenous,exogenous,WTI Oil,Com_CrudeOil,tscv,15,2024-12-09,610,3,PatchTST,NLinear,70.1072006225586,77.01872253417969,-6.911521911621094
Multivariate+Exogenous,exogenous,WTI Oil,Com_CrudeOil,tscv,15,2024-12-16,611,4,PatchTST,NLinear,69.7302017211914,78.72232055664062,-8.992118835449219
Multivariate+Exogenous,exogenous,WTI Oil,Com_CrudeOil,tscv,15,2024-12-23,612,5,PatchTST,NLinear,70.14910125732422,75.35083770751953,-5.2017364501953125
Multivariate+Exogenous,exogenous,WTI Oil,Com_CrudeOil,tscv,15,2024-12-30,613,6,PatchTST,NLinear,72.57513427734375,75.64683532714844,-3.0717010498046875
Multivariate+Exogenous,exogenous,WTI Oil,Com_CrudeOil,tscv,15,2025-01-06,614,7,PatchTST,NLinear,74.95950317382812,76.37493896484375,-1.415435791015625
Multivariate+Exogenous,exogenous,WTI Oil,Com_CrudeOil,tscv,15,2025-01-13,615,8,PatchTST,NLinear,78.02933502197266,76.30116271972656,1.7281723022460938
Multivariate+Exogenous,exogenous,WTI Oil,Com_CrudeOil,tscv,15,2025-01-20,616,9,PatchTST,NLinear,75.17753601074219,79.43466186523438,-4.2571258544921875
Multivariate+Exogenous,exogenous,WTI Oil,Com_CrudeOil,tscv,15,2025-01-27,617,10,PatchTST,NLinear,73.03900146484375,82.2056884765625,-9.16668701171875
Multivariate+Exogenous,exogenous,WTI Oil,Com_CrudeOil,tscv,15,2025-02-03,618,11,PatchTST,NLinear,71.66098022460938,80.37710571289062,-8.71612548828125
Multivariate+Exogenous,exogenous,WTI Oil,Com_CrudeOil,tscv,15,2025-02-10,619,12,PatchTST,NLinear,71.62548065185547,75.73377227783203,-4.1082916259765625
Multivariate+Exogenous,exogenous,WTI Oil,Com_CrudeOil,tscv,15,2024-11-25,608,1,PatchTST,iTransformer,68.7181167602539,74.67169189453125,-5.953575134277344
Multivariate+Exogenous,exogenous,WTI Oil,Com_CrudeOil,tscv,15,2024-12-02,609,2,PatchTST,iTransformer,68.11045837402344,72.62466430664062,-4.5142059326171875
Multivariate+Exogenous,exogenous,WTI Oil,Com_CrudeOil,tscv,15,2024-12-09,610,3,PatchTST,iTransformer,70.1072006225586,70.50945281982422,-0.402252197265625
Multivariate+Exogenous,exogenous,WTI Oil,Com_CrudeOil,tscv,15,2024-12-16,611,4,PatchTST,iTransformer,69.7302017211914,72.68925476074219,-2.9590530395507812
Multivariate+Exogenous,exogenous,WTI Oil,Com_CrudeOil,tscv,15,2024-12-23,612,5,PatchTST,iTransformer,70.14910125732422,68.91156768798828,1.2375335693359375
Multivariate+Exogenous,exogenous,WTI Oil,Com_CrudeOil,tscv,15,2024-12-30,613,6,PatchTST,iTransformer,72.57513427734375,70.54996490478516,2.0251693725585938
Multivariate+Exogenous,exogenous,WTI Oil,Com_CrudeOil,tscv,15,2025-01-06,614,7,PatchTST,iTransformer,74.95950317382812,68.6847152709961,6.274787902832031
Multivariate+Exogenous,exogenous,WTI Oil,Com_CrudeOil,tscv,15,2025-01-13,615,8,PatchTST,iTransformer,78.02933502197266,68.25691223144531,9.772422790527344
Multivariate+Exogenous,exogenous,WTI Oil,Com_CrudeOil,tscv,15,2025-01-20,616,9,PatchTST,iTransformer,75.17753601074219,74.2542953491211,0.9232406616210938
Multivariate+Exogenous,exogenous,WTI Oil,Com_CrudeOil,tscv,15,2025-01-27,617,10,PatchTST,iTransformer,73.03900146484375,76.81040954589844,-3.7714080810546875
Multivariate+Exogenous,exogenous,WTI Oil,Com_CrudeOil,tscv,15,2025-02-03,618,11,PatchTST,iTransformer,71.66098022460938,71.16436004638672,0.49662017822265625
Multivariate+Exogenous,exogenous,WTI Oil,Com_CrudeOil,tscv,15,2025-02-10,619,12,PatchTST,iTransformer,71.62548065185547,66.7206802368164,4.9048004150390625
Multivariate+Exogenous,exogenous,WTI Oil,Com_CrudeOil,tscv,15,2024-11-25,608,1,PatchTST,XGBoost,68.7181167602539,77.11495971679688,-8.396842956542969
Multivariate+Exogenous,exogenous,WTI Oil,Com_CrudeOil,tscv,15,2024-12-02,609,2,PatchTST,XGBoost,68.11045837402344,74.24995422363281,-6.139495849609375
Multivariate+Exogenous,exogenous,WTI Oil,Com_CrudeOil,tscv,15,2024-12-09,610,3,PatchTST,XGBoost,70.1072006225586,73.7711181640625,-3.6639175415039062
Multivariate+Exogenous,exogenous,WTI Oil,Com_CrudeOil,tscv,15,2024-12-16,611,4,PatchTST,XGBoost,69.7302017211914,77.71468353271484,-7.9844818115234375
Multivariate+Exogenous,exogenous,WTI Oil,Com_CrudeOil,tscv,15,2024-12-23,612,5,PatchTST,XGBoost,70.14910125732422,74.63734436035156,-4.488243103027344
Multivariate+Exogenous,exogenous,WTI Oil,Com_CrudeOil,tscv,15,2024-12-30,613,6,PatchTST,XGBoost,72.57513427734375,74.65924072265625,-2.0841064453125
Multivariate+Exogenous,exogenous,WTI Oil,Com_CrudeOil,tscv,15,2025-01-06,614,7,PatchTST,XGBoost,74.95950317382812,73.5352554321289,1.4242477416992188
Multivariate+Exogenous,exogenous,WTI Oil,Com_CrudeOil,tscv,15,2025-01-13,615,8,PatchTST,XGBoost,78.02933502197266,73.24259185791016,4.7867431640625
Multivariate+Exogenous,exogenous,WTI Oil,Com_CrudeOil,tscv,15,2025-01-20,616,9,PatchTST,XGBoost,75.17753601074219,77.05020141601562,-1.8726654052734375
Multivariate+Exogenous,exogenous,WTI Oil,Com_CrudeOil,tscv,15,2025-01-27,617,10,PatchTST,XGBoost,73.03900146484375,79.47019958496094,-6.4311981201171875
Multivariate+Exogenous,exogenous,WTI Oil,Com_CrudeOil,tscv,15,2025-02-03,618,11,PatchTST,XGBoost,71.66098022460938,76.80281066894531,-5.1418304443359375
Multivariate+Exogenous,exogenous,WTI Oil,Com_CrudeOil,tscv,15,2025-02-10,619,12,PatchTST,XGBoost,71.62548065185547,73.46569061279297,-1.8402099609375
Multivariate+Exogenous,exogenous,WTI Oil,Com_CrudeOil,tscv,15,2024-11-25,608,1,PatchTST,LightGBM,68.7181167602539,76.54460906982422,-7.8264923095703125
Multivariate+Exogenous,exogenous,WTI Oil,Com_CrudeOil,tscv,15,2024-12-02,609,2,PatchTST,LightGBM,68.11045837402344,74.12406921386719,-6.01361083984375
Multivariate+Exogenous,exogenous,WTI Oil,Com_CrudeOil,tscv,15,2024-12-09,610,3,PatchTST,LightGBM,70.1072006225586,73.41661834716797,-3.309417724609375
Multivariate+Exogenous,exogenous,WTI Oil,Com_CrudeOil,tscv,15,2024-12-16,611,4,PatchTST,LightGBM,69.7302017211914,75.51775360107422,-5.7875518798828125
Multivariate+Exogenous,exogenous,WTI Oil,Com_CrudeOil,tscv,15,2024-12-23,612,5,PatchTST,LightGBM,70.14910125732422,72.63180541992188,-2.4827041625976562
Multivariate+Exogenous,exogenous,WTI Oil,Com_CrudeOil,tscv,15,2024-12-30,613,6,PatchTST,LightGBM,72.57513427734375,72.31732940673828,0.25780487060546875
Multivariate+Exogenous,exogenous,WTI Oil,Com_CrudeOil,tscv,15,2025-01-06,614,7,PatchTST,LightGBM,74.95950317382812,72.03388977050781,2.9256134033203125
Multivariate+Exogenous,exogenous,WTI Oil,Com_CrudeOil,tscv,15,2025-01-13,615,8,PatchTST,LightGBM,78.02933502197266,71.53070831298828,6.498626708984375
Multivariate+Exogenous,exogenous,WTI Oil,Com_CrudeOil,tscv,15,2025-01-20,616,9,PatchTST,LightGBM,75.17753601074219,75.15631103515625,0.0212249755859375
Multivariate+Exogenous,exogenous,WTI Oil,Com_CrudeOil,tscv,15,2025-01-27,617,10,PatchTST,LightGBM,73.03900146484375,78.15670013427734,-5.117698669433594
Multivariate+Exogenous,exogenous,WTI Oil,Com_CrudeOil,tscv,15,2025-02-03,618,11,PatchTST,LightGBM,71.66098022460938,76.47454833984375,-4.813568115234375
Multivariate+Exogenous,exogenous,WTI Oil,Com_CrudeOil,tscv,15,2025-02-10,619,12,PatchTST,LightGBM,71.62548065185547,71.66452026367188,-0.03903961181640625
Multivariate+Exogenous,exogenous,WTI Oil,Com_CrudeOil,tscv,16,2024-12-23,612,1,PatchTST,-,70.14910125732422,69.34190368652344,0.8071975708007812
Multivariate+Exogenous,exogenous,WTI Oil,Com_CrudeOil,tscv,16,2024-12-30,613,2,PatchTST,-,72.57513427734375,71.45304107666016,1.1220932006835938
Multivariate+Exogenous,exogenous,WTI Oil,Com_CrudeOil,tscv,16,2025-01-06,614,3,PatchTST,-,74.95950317382812,69.24837493896484,5.711128234863281
Multivariate+Exogenous,exogenous,WTI Oil,Com_CrudeOil,tscv,16,2025-01-13,615,4,PatchTST,-,78.02933502197266,71.47398376464844,6.555351257324219
Multivariate+Exogenous,exogenous,WTI Oil,Com_CrudeOil,tscv,16,2025-01-20,616,5,PatchTST,-,75.17753601074219,69.38746643066406,5.790069580078125
Multivariate+Exogenous,exogenous,WTI Oil,Com_CrudeOil,tscv,16,2025-01-27,617,6,PatchTST,-,73.03900146484375,68.32686614990234,4.712135314941406
Multivariate+Exogenous,exogenous,WTI Oil,Com_CrudeOil,tscv,16,2025-02-03,618,7,PatchTST,-,71.66098022460938,66.81478118896484,4.846199035644531
Multivariate+Exogenous,exogenous,WTI Oil,Com_CrudeOil,tscv,16,2025-02-10,619,8,PatchTST,-,71.62548065185547,68.18986511230469,3.4356155395507812
Multivariate+Exogenous,exogenous,WTI Oil,Com_CrudeOil,tscv,16,2025-02-17,620,9,PatchTST,-,71.43208312988281,63.355743408203125,8.076339721679688
Multivariate+Exogenous,exogenous,WTI Oil,Com_CrudeOil,tscv,16,2025-02-24,621,10,PatchTST,-,69.6719970703125,67.63838195800781,2.0336151123046875
Multivariate+Exogenous,exogenous,WTI Oil,Com_CrudeOil,tscv,16,2025-03-03,622,11,PatchTST,-,67.26799774169922,65.96855926513672,1.2994384765625
Multivariate+Exogenous,exogenous,WTI Oil,Com_CrudeOil,tscv,16,2025-03-10,623,12,PatchTST,-,66.92066955566406,68.22899627685547,-1.3083267211914062
Multivariate+Exogenous,exogenous,WTI Oil,Com_CrudeOil,tscv,16,2024-12-23,612,1,PatchTST,NLinear,70.14910125732422,73.28270721435547,-3.13360595703125
Multivariate+Exogenous,exogenous,WTI Oil,Com_CrudeOil,tscv,16,2024-12-30,613,2,PatchTST,NLinear,72.57513427734375,76.38858795166016,-3.8134536743164062
Multivariate+Exogenous,exogenous,WTI Oil,Com_CrudeOil,tscv,16,2025-01-06,614,3,PatchTST,NLinear,74.95950317382812,76.00917053222656,-1.0496673583984375
Multivariate+Exogenous,exogenous,WTI Oil,Com_CrudeOil,tscv,16,2025-01-13,615,4,PatchTST,NLinear,78.02933502197266,80.0980224609375,-2.0686874389648438
Multivariate+Exogenous,exogenous,WTI Oil,Com_CrudeOil,tscv,16,2025-01-20,616,5,PatchTST,NLinear,75.17753601074219,79.03704071044922,-3.8595046997070312
Multivariate+Exogenous,exogenous,WTI Oil,Com_CrudeOil,tscv,16,2025-01-27,617,6,PatchTST,NLinear,73.03900146484375,78.92349243164062,-5.884490966796875
Multivariate+Exogenous,exogenous,WTI Oil,Com_CrudeOil,tscv,16,2025-02-03,618,7,PatchTST,NLinear,71.66098022460938,78.26622009277344,-6.6052398681640625
Multivariate+Exogenous,exogenous,WTI Oil,Com_CrudeOil,tscv,16,2025-02-10,619,8,PatchTST,NLinear,71.62548065185547,80.62305450439453,-8.997573852539062
Multivariate+Exogenous,exogenous,WTI Oil,Com_CrudeOil,tscv,16,2025-02-17,620,9,PatchTST,NLinear,71.43208312988281,76.1943588256836,-4.762275695800781
Multivariate+Exogenous,exogenous,WTI Oil,Com_CrudeOil,tscv,16,2025-02-24,621,10,PatchTST,NLinear,69.6719970703125,80.84031677246094,-11.168319702148438
Multivariate+Exogenous,exogenous,WTI Oil,Com_CrudeOil,tscv,16,2025-03-03,622,11,PatchTST,NLinear,67.26799774169922,79.62008666992188,-12.352088928222656
Multivariate+Exogenous,exogenous,WTI Oil,Com_CrudeOil,tscv,16,2025-03-10,623,12,PatchTST,NLinear,66.92066955566406,82.67376708984375,-15.753097534179688
Multivariate+Exogenous,exogenous,WTI Oil,Com_CrudeOil,tscv,16,2024-12-23,612,1,PatchTST,iTransformer,70.14910125732422,77.07756042480469,-6.928459167480469
Multivariate+Exogenous,exogenous,WTI Oil,Com_CrudeOil,tscv,16,2024-12-30,613,2,PatchTST,iTransformer,72.57513427734375,79.4204330444336,-6.845298767089844
Multivariate+Exogenous,exogenous,WTI Oil,Com_CrudeOil,tscv,16,2025-01-06,614,3,PatchTST,iTransformer,74.95950317382812,76.4340591430664,-1.4745559692382812
Multivariate+Exogenous,exogenous,WTI Oil,Com_CrudeOil,tscv,16,2025-01-13,615,4,PatchTST,iTransformer,78.02933502197266,78.37238311767578,-0.343048095703125
Multivariate+Exogenous,exogenous,WTI Oil,Com_CrudeOil,tscv,16,2025-01-20,616,5,PatchTST,iTransformer,75.17753601074219,76.64961242675781,-1.472076416015625
Multivariate+Exogenous,exogenous,WTI Oil,Com_CrudeOil,tscv,16,2025-01-27,617,6,PatchTST,iTransformer,73.03900146484375,75.94557189941406,-2.9065704345703125
Multivariate+Exogenous,exogenous,WTI Oil,Com_CrudeOil,tscv,16,2025-02-03,618,7,PatchTST,iTransformer,71.66098022460938,74.32943725585938,-2.66845703125
Multivariate+Exogenous,exogenous,WTI Oil,Com_CrudeOil,tscv,16,2025-02-10,619,8,PatchTST,iTransformer,71.62548065185547,75.48973846435547,-3.8642578125
Multivariate+Exogenous,exogenous,WTI Oil,Com_CrudeOil,tscv,16,2025-02-17,620,9,PatchTST,iTransformer,71.43208312988281,70.55648803710938,0.8755950927734375
Multivariate+Exogenous,exogenous,WTI Oil,Com_CrudeOil,tscv,16,2025-02-24,621,10,PatchTST,iTransformer,69.6719970703125,74.40753936767578,-4.735542297363281
Multivariate+Exogenous,exogenous,WTI Oil,Com_CrudeOil,tscv,16,2025-03-03,622,11,PatchTST,iTransformer,67.26799774169922,72.38880920410156,-5.120811462402344
Multivariate+Exogenous,exogenous,WTI Oil,Com_CrudeOil,tscv,16,2025-03-10,623,12,PatchTST,iTransformer,66.92066955566406,75.01448822021484,-8.093818664550781
Multivariate+Exogenous,exogenous,WTI Oil,Com_CrudeOil,tscv,16,2024-12-23,612,1,PatchTST,XGBoost,70.14910125732422,77.32882690429688,-7.179725646972656
Multivariate+Exogenous,exogenous,WTI Oil,Com_CrudeOil,tscv,16,2024-12-30,613,2,PatchTST,XGBoost,72.57513427734375,79.94771575927734,-7.372581481933594
Multivariate+Exogenous,exogenous,WTI Oil,Com_CrudeOil,tscv,16,2025-01-06,614,3,PatchTST,XGBoost,74.95950317382812,77.42880249023438,-2.46929931640625
Multivariate+Exogenous,exogenous,WTI Oil,Com_CrudeOil,tscv,16,2025-01-13,615,4,PatchTST,XGBoost,78.02933502197266,78.59137725830078,-0.562042236328125
Multivariate+Exogenous,exogenous,WTI Oil,Com_CrudeOil,tscv,16,2025-01-20,616,5,PatchTST,XGBoost,75.17753601074219,76.84930419921875,-1.6717681884765625
Multivariate+Exogenous,exogenous,WTI Oil,Com_CrudeOil,tscv,16,2025-01-27,617,6,PatchTST,XGBoost,73.03900146484375,75.9374771118164,-2.8984756469726562
Multivariate+Exogenous,exogenous,WTI Oil,Com_CrudeOil,tscv,16,2025-02-03,618,7,PatchTST,XGBoost,71.66098022460938,74.0069351196289,-2.3459548950195312
Multivariate+Exogenous,exogenous,WTI Oil,Com_CrudeOil,tscv,16,2025-02-10,619,8,PatchTST,XGBoost,71.62548065185547,75.41873168945312,-3.7932510375976562
Multivariate+Exogenous,exogenous,WTI Oil,Com_CrudeOil,tscv,16,2025-02-17,620,9,PatchTST,XGBoost,71.43208312988281,70.71013641357422,0.7219467163085938
Multivariate+Exogenous,exogenous,WTI Oil,Com_CrudeOil,tscv,16,2025-02-24,621,10,PatchTST,XGBoost,69.6719970703125,74.33914947509766,-4.667152404785156
Multivariate+Exogenous,exogenous,WTI Oil,Com_CrudeOil,tscv,16,2025-03-03,622,11,PatchTST,XGBoost,67.26799774169922,72.26616668701172,-4.9981689453125
Multivariate+Exogenous,exogenous,WTI Oil,Com_CrudeOil,tscv,16,2025-03-10,623,12,PatchTST,XGBoost,66.92066955566406,74.0955810546875,-7.1749114990234375
Multivariate+Exogenous,exogenous,WTI Oil,Com_CrudeOil,tscv,16,2024-12-23,612,1,PatchTST,LightGBM,70.14910125732422,78.39091491699219,-8.241813659667969
Multivariate+Exogenous,exogenous,WTI Oil,Com_CrudeOil,tscv,16,2024-12-30,613,2,PatchTST,LightGBM,72.57513427734375,80.60003662109375,-8.02490234375
Multivariate+Exogenous,exogenous,WTI Oil,Com_CrudeOil,tscv,16,2025-01-06,614,3,PatchTST,LightGBM,74.95950317382812,77.9246826171875,-2.965179443359375
Multivariate+Exogenous,exogenous,WTI Oil,Com_CrudeOil,tscv,16,2025-01-13,615,4,PatchTST,LightGBM,78.02933502197266,80.68624114990234,-2.6569061279296875
Multivariate+Exogenous,exogenous,WTI Oil,Com_CrudeOil,tscv,16,2025-01-20,616,5,PatchTST,LightGBM,75.17753601074219,78.59972381591797,-3.4221878051757812
Multivariate+Exogenous,exogenous,WTI Oil,Com_CrudeOil,tscv,16,2025-01-27,617,6,PatchTST,LightGBM,73.03900146484375,77.53912353515625,-4.5001220703125
Multivariate+Exogenous,exogenous,WTI Oil,Com_CrudeOil,tscv,16,2025-02-03,618,7,PatchTST,LightGBM,71.66098022460938,73.88785552978516,-2.2268753051757812
Multivariate+Exogenous,exogenous,WTI Oil,Com_CrudeOil,tscv,16,2025-02-10,619,8,PatchTST,LightGBM,71.62548065185547,75.16495513916016,-3.5394744873046875
Multivariate+Exogenous,exogenous,WTI Oil,Com_CrudeOil,tscv,16,2025-02-17,620,9,PatchTST,LightGBM,71.43208312988281,70.801513671875,0.6305694580078125
Multivariate+Exogenous,exogenous,WTI Oil,Com_CrudeOil,tscv,16,2025-02-24,621,10,PatchTST,LightGBM,69.6719970703125,74.82969665527344,-5.1576995849609375
Multivariate+Exogenous,exogenous,WTI Oil,Com_CrudeOil,tscv,16,2025-03-03,622,11,PatchTST,LightGBM,67.26799774169922,73.12714385986328,-5.8591461181640625
Multivariate+Exogenous,exogenous,WTI Oil,Com_CrudeOil,tscv,16,2025-03-10,623,12,PatchTST,LightGBM,66.92066955566406,74.786376953125,-7.8657073974609375
Multivariate+Exogenous,exogenous,WTI Oil,Com_CrudeOil,tscv,17,2025-01-20,616,1,PatchTST,-,75.17753601074219,62.93935775756836,12.238178253173828
Multivariate+Exogenous,exogenous,WTI Oil,Com_CrudeOil,tscv,17,2025-01-27,617,2,PatchTST,-,73.03900146484375,65.91600036621094,7.1230010986328125
Multivariate+Exogenous,exogenous,WTI Oil,Com_CrudeOil,tscv,17,2025-02-03,618,3,PatchTST,-,71.66098022460938,63.254783630371094,8.406196594238281
Multivariate+Exogenous,exogenous,WTI Oil,Com_CrudeOil,tscv,17,2025-02-10,619,4,PatchTST,-,71.62548065185547,65.73018646240234,5.895294189453125
Multivariate+Exogenous,exogenous,WTI Oil,Com_CrudeOil,tscv,17,2025-02-17,620,5,PatchTST,-,71.43208312988281,63.35625457763672,8.075828552246094
Multivariate+Exogenous,exogenous,WTI Oil,Com_CrudeOil,tscv,17,2025-02-24,621,6,PatchTST,-,69.6719970703125,67.39848327636719,2.2735137939453125
Multivariate+Exogenous,exogenous,WTI Oil,Com_CrudeOil,tscv,17,2025-03-03,622,7,PatchTST,-,67.26799774169922,67.82073974609375,-0.5527420043945312
Multivariate+Exogenous,exogenous,WTI Oil,Com_CrudeOil,tscv,17,2025-03-10,623,8,PatchTST,-,66.92066955566406,65.89630126953125,1.0243682861328125
Multivariate+Exogenous,exogenous,WTI Oil,Com_CrudeOil,tscv,17,2025-03-17,624,9,PatchTST,-,67.67898559570312,68.1335678100586,-0.45458221435546875
Multivariate+Exogenous,exogenous,WTI Oil,Com_CrudeOil,tscv,17,2025-03-24,625,10,PatchTST,-,69.34062957763672,67.26976013183594,2.0708694458007812
Multivariate+Exogenous,exogenous,WTI Oil,Com_CrudeOil,tscv,17,2025-03-31,626,11,PatchTST,-,66.51853942871094,63.643341064453125,2.8751983642578125
Multivariate+Exogenous,exogenous,WTI Oil,Com_CrudeOil,tscv,17,2025-04-07,627,12,PatchTST,-,60.9921875,68.2222900390625,-7.2301025390625
Multivariate+Exogenous,exogenous,WTI Oil,Com_CrudeOil,tscv,17,2025-01-20,616,1,PatchTST,NLinear,75.17753601074219,71.88117218017578,3.2963638305664062
Multivariate+Exogenous,exogenous,WTI Oil,Com_CrudeOil,tscv,17,2025-01-27,617,2,PatchTST,NLinear,73.03900146484375,75.22321319580078,-2.1842117309570312
Multivariate+Exogenous,exogenous,WTI Oil,Com_CrudeOil,tscv,17,2025-02-03,618,3,PatchTST,NLinear,71.66098022460938,72.12770080566406,-0.4667205810546875
Multivariate+Exogenous,exogenous,WTI Oil,Com_CrudeOil,tscv,17,2025-02-10,619,4,PatchTST,NLinear,71.62548065185547,75.47918701171875,-3.8537063598632812
Multivariate+Exogenous,exogenous,WTI Oil,Com_CrudeOil,tscv,17,2025-02-17,620,5,PatchTST,NLinear,71.43208312988281,73.52090454101562,-2.0888214111328125
Multivariate+Exogenous,exogenous,WTI Oil,Com_CrudeOil,tscv,17,2025-02-24,621,6,PatchTST,NLinear,69.6719970703125,77.56205749511719,-7.8900604248046875
Multivariate+Exogenous,exogenous,WTI Oil,Com_CrudeOil,tscv,17,2025-03-03,622,7,PatchTST,NLinear,67.26799774169922,77.96063995361328,-10.692642211914062
Multivariate+Exogenous,exogenous,WTI Oil,Com_CrudeOil,tscv,17,2025-03-10,623,8,PatchTST,NLinear,66.92066955566406,76.1967544555664,-9.276084899902344
Multivariate+Exogenous,exogenous,WTI Oil,Com_CrudeOil,tscv,17,2025-03-17,624,9,PatchTST,NLinear,67.67898559570312,77.56655883789062,-9.8875732421875
Multivariate+Exogenous,exogenous,WTI Oil,Com_CrudeOil,tscv,17,2025-03-24,625,10,PatchTST,NLinear,69.34062957763672,76.44090270996094,-7.100273132324219
Multivariate+Exogenous,exogenous,WTI Oil,Com_CrudeOil,tscv,17,2025-03-31,626,11,PatchTST,NLinear,66.51853942871094,71.58232879638672,-5.063789367675781
Multivariate+Exogenous,exogenous,WTI Oil,Com_CrudeOil,tscv,17,2025-04-07,627,12,PatchTST,NLinear,60.9921875,75.74400329589844,-14.751815795898438
Multivariate+Exogenous,exogenous,WTI Oil,Com_CrudeOil,tscv,17,2025-01-20,616,1,PatchTST,iTransformer,75.17753601074219,71.36603546142578,3.8115005493164062
Multivariate+Exogenous,exogenous,WTI Oil,Com_CrudeOil,tscv,17,2025-01-27,617,2,PatchTST,iTransformer,73.03900146484375,73.96064758300781,-0.9216461181640625
Multivariate+Exogenous,exogenous,WTI Oil,Com_CrudeOil,tscv,17,2025-02-03,618,3,PatchTST,iTransformer,71.66098022460938,71.6005630493164,0.06041717529296875
Multivariate+Exogenous,exogenous,WTI Oil,Com_CrudeOil,tscv,17,2025-02-10,619,4,PatchTST,iTransformer,71.62548065185547,74.92018127441406,-3.2947006225585938
Multivariate+Exogenous,exogenous,WTI Oil,Com_CrudeOil,tscv,17,2025-02-17,620,5,PatchTST,iTransformer,71.43208312988281,71.86856079101562,-0.4364776611328125
Multivariate+Exogenous,exogenous,WTI Oil,Com_CrudeOil,tscv,17,2025-02-24,621,6,PatchTST,iTransformer,69.6719970703125,75.45580291748047,-5.783805847167969
Multivariate+Exogenous,exogenous,WTI Oil,Com_CrudeOil,tscv,17,2025-03-03,622,7,PatchTST,iTransformer,67.26799774169922,76.5636978149414,-9.295700073242188
Multivariate+Exogenous,exogenous,WTI Oil,Com_CrudeOil,tscv,17,2025-03-10,623,8,PatchTST,iTransformer,66.92066955566406,74.6305160522461,-7.709846496582031
Multivariate+Exogenous,exogenous,WTI Oil,Com_CrudeOil,tscv,17,2025-03-17,624,9,PatchTST,iTransformer,67.67898559570312,76.8896255493164,-9.210639953613281
Multivariate+Exogenous,exogenous,WTI Oil,Com_CrudeOil,tscv,17,2025-03-24,625,10,PatchTST,iTransformer,69.34062957763672,75.91825103759766,-6.5776214599609375
Multivariate+Exogenous,exogenous,WTI Oil,Com_CrudeOil,tscv,17,2025-03-31,626,11,PatchTST,iTransformer,66.51853942871094,71.64372253417969,-5.12518310546875
Multivariate+Exogenous,exogenous,WTI Oil,Com_CrudeOil,tscv,17,2025-04-07,627,12,PatchTST,iTransformer,60.9921875,76.5605697631836,-15.568382263183594
Multivariate+Exogenous,exogenous,WTI Oil,Com_CrudeOil,tscv,17,2025-01-20,616,1,PatchTST,XGBoost,75.17753601074219,72.0788803100586,3.0986557006835938
Multivariate+Exogenous,exogenous,WTI Oil,Com_CrudeOil,tscv,17,2025-01-27,617,2,PatchTST,XGBoost,73.03900146484375,74.86695861816406,-1.8279571533203125
Multivariate+Exogenous,exogenous,WTI Oil,Com_CrudeOil,tscv,17,2025-02-03,618,3,PatchTST,XGBoost,71.66098022460938,72.9968490600586,-1.3358688354492188
Multivariate+Exogenous,exogenous,WTI Oil,Com_CrudeOil,tscv,17,2025-02-10,619,4,PatchTST,XGBoost,71.62548065185547,75.36918640136719,-3.7437057495117188
Multivariate+Exogenous,exogenous,WTI Oil,Com_CrudeOil,tscv,17,2025-02-17,620,5,PatchTST,XGBoost,71.43208312988281,73.32686614990234,-1.8947830200195312
Multivariate+Exogenous,exogenous,WTI Oil,Com_CrudeOil,tscv,17,2025-02-24,621,6,PatchTST,XGBoost,69.6719970703125,76.02146911621094,-6.3494720458984375
Multivariate+Exogenous,exogenous,WTI Oil,Com_CrudeOil,tscv,17,2025-03-03,622,7,PatchTST,XGBoost,67.26799774169922,73.5790786743164,-6.3110809326171875
Multivariate+Exogenous,exogenous,WTI Oil,Com_CrudeOil,tscv,17,2025-03-10,623,8,PatchTST,XGBoost,66.92066955566406,72.07430267333984,-5.153633117675781
Multivariate+Exogenous,exogenous,WTI Oil,Com_CrudeOil,tscv,17,2025-03-17,624,9,PatchTST,XGBoost,67.67898559570312,74.093994140625,-6.415008544921875
Multivariate+Exogenous,exogenous,WTI Oil,Com_CrudeOil,tscv,17,2025-03-24,625,10,PatchTST,XGBoost,69.34062957763672,73.25564575195312,-3.9150161743164062
Multivariate+Exogenous,exogenous,WTI Oil,Com_CrudeOil,tscv,17,2025-03-31,626,11,PatchTST,XGBoost,66.51853942871094,69.67015838623047,-3.1516189575195312
Multivariate+Exogenous,exogenous,WTI Oil,Com_CrudeOil,tscv,17,2025-04-07,627,12,PatchTST,XGBoost,60.9921875,73.89019775390625,-12.89801025390625
Multivariate+Exogenous,exogenous,WTI Oil,Com_CrudeOil,tscv,17,2025-01-20,616,1,PatchTST,LightGBM,75.17753601074219,75.44901275634766,-0.27147674560546875
Multivariate+Exogenous,exogenous,WTI Oil,Com_CrudeOil,tscv,17,2025-01-27,617,2,PatchTST,LightGBM,73.03900146484375,78.65084838867188,-5.611846923828125
Multivariate+Exogenous,exogenous,WTI Oil,Com_CrudeOil,tscv,17,2025-02-03,618,3,PatchTST,LightGBM,71.66098022460938,75.76443481445312,-4.10345458984375
Multivariate+Exogenous,exogenous,WTI Oil,Com_CrudeOil,tscv,17,2025-02-10,619,4,PatchTST,LightGBM,71.62548065185547,78.23983764648438,-6.614356994628906
Multivariate+Exogenous,exogenous,WTI Oil,Com_CrudeOil,tscv,17,2025-02-17,620,5,PatchTST,LightGBM,71.43208312988281,75.86590576171875,-4.4338226318359375
Multivariate+Exogenous,exogenous,WTI Oil,Com_CrudeOil,tscv,17,2025-02-24,621,6,PatchTST,LightGBM,69.6719970703125,79.90813446044922,-10.236137390136719
Multivariate+Exogenous,exogenous,WTI Oil,Com_CrudeOil,tscv,17,2025-03-03,622,7,PatchTST,LightGBM,67.26799774169922,80.33039093017578,-13.062393188476562
Multivariate+Exogenous,exogenous,WTI Oil,Com_CrudeOil,tscv,17,2025-03-10,623,8,PatchTST,LightGBM,66.92066955566406,78.40595245361328,-11.485282897949219
Multivariate+Exogenous,exogenous,WTI Oil,Com_CrudeOil,tscv,17,2025-03-17,624,9,PatchTST,LightGBM,67.67898559570312,80.64321899414062,-12.9642333984375
Multivariate+Exogenous,exogenous,WTI Oil,Com_CrudeOil,tscv,17,2025-03-24,625,10,PatchTST,LightGBM,69.34062957763672,79.77941131591797,-10.43878173828125
Multivariate+Exogenous,exogenous,WTI Oil,Com_CrudeOil,tscv,17,2025-03-31,626,11,PatchTST,LightGBM,66.51853942871094,76.15299224853516,-9.634452819824219
Multivariate+Exogenous,exogenous,WTI Oil,Com_CrudeOil,tscv,17,2025-04-07,627,12,PatchTST,LightGBM,60.9921875,80.73194122314453,-19.73975372314453
Multivariate+Exogenous,exogenous,WTI Oil,Com_CrudeOil,tscv,18,2025-02-17,620,1,PatchTST,-,71.43208312988281,59.24566650390625,12.186416625976562
Multivariate+Exogenous,exogenous,WTI Oil,Com_CrudeOil,tscv,18,2025-02-24,621,2,PatchTST,-,69.6719970703125,62.48435592651367,7.187641143798828
Multivariate+Exogenous,exogenous,WTI Oil,Com_CrudeOil,tscv,18,2025-03-03,622,3,PatchTST,-,67.26799774169922,61.64656448364258,5.621433258056641
Multivariate+Exogenous,exogenous,WTI Oil,Com_CrudeOil,tscv,18,2025-03-10,623,4,PatchTST,-,66.92066955566406,59.81559753417969,7.105072021484375
Multivariate+Exogenous,exogenous,WTI Oil,Com_CrudeOil,tscv,18,2025-03-17,624,5,PatchTST,-,67.67898559570312,61.126922607421875,6.55206298828125
Multivariate+Exogenous,exogenous,WTI Oil,Com_CrudeOil,tscv,18,2025-03-24,625,6,PatchTST,-,69.34062957763672,62.55999755859375,6.780632019042969
Multivariate+Exogenous,exogenous,WTI Oil,Com_CrudeOil,tscv,18,2025-03-31,626,7,PatchTST,-,66.51853942871094,59.598785400390625,6.9197540283203125
Multivariate+Exogenous,exogenous,WTI Oil,Com_CrudeOil,tscv,18,2025-04-07,627,8,PatchTST,-,60.9921875,57.87297439575195,3.119213104248047
Multivariate+Exogenous,exogenous,WTI Oil,Com_CrudeOil,tscv,18,2025-04-14,628,9,PatchTST,-,63.110198974609375,58.72275924682617,4.387439727783203
Multivariate+Exogenous,exogenous,WTI Oil,Com_CrudeOil,tscv,18,2025-04-21,629,10,PatchTST,-,62.90476989746094,56.565025329589844,6.339744567871094
Multivariate+Exogenous,exogenous,WTI Oil,Com_CrudeOil,tscv,18,2025-04-28,630,11,PatchTST,-,58.91098403930664,54.28739929199219,4.623584747314453
Multivariate+Exogenous,exogenous,WTI Oil,Com_CrudeOil,tscv,18,2025-05-05,631,12,PatchTST,-,59.65278625488281,55.69318771362305,3.9595985412597656
Multivariate+Exogenous,exogenous,WTI Oil,Com_CrudeOil,tscv,18,2025-02-17,620,1,PatchTST,NLinear,71.43208312988281,66.45710754394531,4.9749755859375
Multivariate+Exogenous,exogenous,WTI Oil,Com_CrudeOil,tscv,18,2025-02-24,621,2,PatchTST,NLinear,69.6719970703125,70.44972229003906,-0.7777252197265625
Multivariate+Exogenous,exogenous,WTI Oil,Com_CrudeOil,tscv,18,2025-03-03,622,3,PatchTST,NLinear,67.26799774169922,70.08281707763672,-2.8148193359375
Multivariate+Exogenous,exogenous,WTI Oil,Com_CrudeOil,tscv,18,2025-03-10,623,4,PatchTST,NLinear,66.92066955566406,67.98934936523438,-1.0686798095703125
Multivariate+Exogenous,exogenous,WTI Oil,Com_CrudeOil,tscv,18,2025-03-17,624,5,PatchTST,NLinear,67.67898559570312,69.15702819824219,-1.4780426025390625
Multivariate+Exogenous,exogenous,WTI Oil,Com_CrudeOil,tscv,18,2025-03-24,625,6,PatchTST,NLinear,69.34062957763672,69.69898986816406,-0.35836029052734375
Multivariate+Exogenous,exogenous,WTI Oil,Com_CrudeOil,tscv,18,2025-03-31,626,7,PatchTST,NLinear,66.51853942871094,67.12174987792969,-0.60321044921875
Multivariate+Exogenous,exogenous,WTI Oil,Com_CrudeOil,tscv,18,2025-04-07,627,8,PatchTST,NLinear,60.9921875,65.38703918457031,-4.3948516845703125
Multivariate+Exogenous,exogenous,WTI Oil,Com_CrudeOil,tscv,18,2025-04-14,628,9,PatchTST,NLinear,63.110198974609375,65.54720306396484,-2.4370040893554688
Multivariate+Exogenous,exogenous,WTI Oil,Com_CrudeOil,tscv,18,2025-04-21,629,10,PatchTST,NLinear,62.90476989746094,63.31972885131836,-0.4149589538574219
Multivariate+Exogenous,exogenous,WTI Oil,Com_CrudeOil,tscv,18,2025-04-28,630,11,PatchTST,NLinear,58.91098403930664,60.515560150146484,-1.6045761108398438
Multivariate+Exogenous,exogenous,WTI Oil,Com_CrudeOil,tscv,18,2025-05-05,631,12,PatchTST,NLinear,59.65278625488281,62.978363037109375,-3.3255767822265625
Multivariate+Exogenous,exogenous,WTI Oil,Com_CrudeOil,tscv,18,2025-02-17,620,1,PatchTST,iTransformer,71.43208312988281,68.74401092529297,2.6880722045898438
Multivariate+Exogenous,exogenous,WTI Oil,Com_CrudeOil,tscv,18,2025-02-24,621,2,PatchTST,iTransformer,69.6719970703125,71.6590805053711,-1.9870834350585938
Multivariate+Exogenous,exogenous,WTI Oil,Com_CrudeOil,tscv,18,2025-03-03,622,3,PatchTST,iTransformer,67.26799774169922,71.08226776123047,-3.81427001953125
Multivariate+Exogenous,exogenous,WTI Oil,Com_CrudeOil,tscv,18,2025-03-10,623,4,PatchTST,iTransformer,66.92066955566406,68.80150604248047,-1.8808364868164062
Multivariate+Exogenous,exogenous,WTI Oil,Com_CrudeOil,tscv,18,2025-03-17,624,5,PatchTST,iTransformer,67.67898559570312,70.00369262695312,-2.32470703125
Multivariate+Exogenous,exogenous,WTI Oil,Com_CrudeOil,tscv,18,2025-03-24,625,6,PatchTST,iTransformer,69.34062957763672,71.09416198730469,-1.7535324096679688
Multivariate+Exogenous,exogenous,WTI Oil,Com_CrudeOil,tscv,18,2025-03-31,626,7,PatchTST,iTransformer,66.51853942871094,68.86280822753906,-2.344268798828125
Multivariate+Exogenous,exogenous,WTI Oil,Com_CrudeOil,tscv,18,2025-04-07,627,8,PatchTST,iTransformer,60.9921875,66.89249420166016,-5.900306701660156
Multivariate+Exogenous,exogenous,WTI Oil,Com_CrudeOil,tscv,18,2025-04-14,628,9,PatchTST,iTransformer,63.110198974609375,68.39179992675781,-5.2816009521484375
Multivariate+Exogenous,exogenous,WTI Oil,Com_CrudeOil,tscv,18,2025-04-21,629,10,PatchTST,iTransformer,62.90476989746094,65.23095703125,-2.3261871337890625
Multivariate+Exogenous,exogenous,WTI Oil,Com_CrudeOil,tscv,18,2025-04-28,630,11,PatchTST,iTransformer,58.91098403930664,62.8806037902832,-3.9696197509765625
Multivariate+Exogenous,exogenous,WTI Oil,Com_CrudeOil,tscv,18,2025-05-05,631,12,PatchTST,iTransformer,59.65278625488281,65.2552719116211,-5.602485656738281
Multivariate+Exogenous,exogenous,WTI Oil,Com_CrudeOil,tscv,18,2025-02-17,620,1,PatchTST,XGBoost,71.43208312988281,68.7243881225586,2.7076950073242188
Multivariate+Exogenous,exogenous,WTI Oil,Com_CrudeOil,tscv,18,2025-02-24,621,2,PatchTST,XGBoost,69.6719970703125,73.20697784423828,-3.5349807739257812
Multivariate+Exogenous,exogenous,WTI Oil,Com_CrudeOil,tscv,18,2025-03-03,622,3,PatchTST,XGBoost,67.26799774169922,72.25540924072266,-4.9874114990234375
Multivariate+Exogenous,exogenous,WTI Oil,Com_CrudeOil,tscv,18,2025-03-10,623,4,PatchTST,XGBoost,66.92066955566406,69.7703857421875,-2.8497161865234375
Multivariate+Exogenous,exogenous,WTI Oil,Com_CrudeOil,tscv,18,2025-03-17,624,5,PatchTST,XGBoost,67.67898559570312,70.01541900634766,-2.3364334106445312
Multivariate+Exogenous,exogenous,WTI Oil,Com_CrudeOil,tscv,18,2025-03-24,625,6,PatchTST,XGBoost,69.34062957763672,71.03504943847656,-1.6944198608398438
Multivariate+Exogenous,exogenous,WTI Oil,Com_CrudeOil,tscv,18,2025-03-31,626,7,PatchTST,XGBoost,66.51853942871094,68.54647064208984,-2.0279312133789062
Multivariate+Exogenous,exogenous,WTI Oil,Com_CrudeOil,tscv,18,2025-04-07,627,8,PatchTST,XGBoost,60.9921875,66.95512390136719,-5.9629364013671875
Multivariate+Exogenous,exogenous,WTI Oil,Com_CrudeOil,tscv,18,2025-04-14,628,9,PatchTST,XGBoost,63.110198974609375,68.16580963134766,-5.055610656738281
Multivariate+Exogenous,exogenous,WTI Oil,Com_CrudeOil,tscv,18,2025-04-21,629,10,PatchTST,XGBoost,62.90476989746094,66.4430923461914,-3.5383224487304688
Multivariate+Exogenous,exogenous,WTI Oil,Com_CrudeOil,tscv,18,2025-04-28,630,11,PatchTST,XGBoost,58.91098403930664,65.02415466308594,-6.113170623779297
Multivariate+Exogenous,exogenous,WTI Oil,Com_CrudeOil,tscv,18,2025-05-05,631,12,PatchTST,XGBoost,59.65278625488281,67.6834945678711,-8.030708312988281
Multivariate+Exogenous,exogenous,WTI Oil,Com_CrudeOil,tscv,18,2025-02-17,620,1,PatchTST,LightGBM,71.43208312988281,68.87345123291016,2.5586318969726562
Multivariate+Exogenous,exogenous,WTI Oil,Com_CrudeOil,tscv,18,2025-02-24,621,2,PatchTST,LightGBM,69.6719970703125,72.72030639648438,-3.048309326171875
Multivariate+Exogenous,exogenous,WTI Oil,Com_CrudeOil,tscv,18,2025-03-03,622,3,PatchTST,LightGBM,67.26799774169922,73.96308135986328,-6.6950836181640625
Multivariate+Exogenous,exogenous,WTI Oil,Com_CrudeOil,tscv,18,2025-03-10,623,4,PatchTST,LightGBM,66.92066955566406,72.13211822509766,-5.211448669433594
Multivariate+Exogenous,exogenous,WTI Oil,Com_CrudeOil,tscv,18,2025-03-17,624,5,PatchTST,LightGBM,67.67898559570312,72.48558044433594,-4.8065948486328125
Multivariate+Exogenous,exogenous,WTI Oil,Com_CrudeOil,tscv,18,2025-03-24,625,6,PatchTST,LightGBM,69.34062957763672,73.91865539550781,-4.578025817871094
Multivariate+Exogenous,exogenous,WTI Oil,Com_CrudeOil,tscv,18,2025-03-31,626,7,PatchTST,LightGBM,66.51853942871094,70.95744323730469,-4.43890380859375
Multivariate+Exogenous,exogenous,WTI Oil,Com_CrudeOil,tscv,18,2025-04-07,627,8,PatchTST,LightGBM,60.9921875,70.18949127197266,-9.197303771972656
Multivariate+Exogenous,exogenous,WTI Oil,Com_CrudeOil,tscv,18,2025-04-14,628,9,PatchTST,LightGBM,63.110198974609375,71.03927612304688,-7.9290771484375
Multivariate+Exogenous,exogenous,WTI Oil,Com_CrudeOil,tscv,18,2025-04-21,629,10,PatchTST,LightGBM,62.90476989746094,68.88154602050781,-5.976776123046875
Multivariate+Exogenous,exogenous,WTI Oil,Com_CrudeOil,tscv,18,2025-04-28,630,11,PatchTST,LightGBM,58.91098403930664,66.60391998291016,-7.692935943603516
Multivariate+Exogenous,exogenous,WTI Oil,Com_CrudeOil,tscv,18,2025-05-05,631,12,PatchTST,LightGBM,59.65278625488281,68.12822723388672,-8.475440979003906
Multivariate+Exogenous,exogenous,WTI Oil,Com_CrudeOil,tscv,19,2025-03-17,624,1,PatchTST,-,67.67898559570312,64.98673248291016,2.6922531127929688
Multivariate+Exogenous,exogenous,WTI Oil,Com_CrudeOil,tscv,19,2025-03-24,625,2,PatchTST,-,69.34062957763672,61.667724609375,7.672904968261719
Multivariate+Exogenous,exogenous,WTI Oil,Com_CrudeOil,tscv,19,2025-03-31,626,3,PatchTST,-,66.51853942871094,58.372711181640625,8.145828247070312
Multivariate+Exogenous,exogenous,WTI Oil,Com_CrudeOil,tscv,19,2025-04-07,627,4,PatchTST,-,60.9921875,59.36382293701172,1.6283645629882812
Multivariate+Exogenous,exogenous,WTI Oil,Com_CrudeOil,tscv,19,2025-04-14,628,5,PatchTST,-,63.110198974609375,59.54163360595703,3.5685653686523438
Multivariate+Exogenous,exogenous,WTI Oil,Com_CrudeOil,tscv,19,2025-04-21,629,6,PatchTST,-,62.90476989746094,60.69205093383789,2.212718963623047
Multivariate+Exogenous,exogenous,WTI Oil,Com_CrudeOil,tscv,19,2025-04-28,630,7,PatchTST,-,58.91098403930664,61.177303314208984,-2.2663192749023438
Multivariate+Exogenous,exogenous,WTI Oil,Com_CrudeOil,tscv,19,2025-05-05,631,8,PatchTST,-,59.65278625488281,58.76919174194336,0.8835945129394531
Multivariate+Exogenous,exogenous,WTI Oil,Com_CrudeOil,tscv,19,2025-05-12,632,9,PatchTST,-,62.43055725097656,57.766441345214844,4.664115905761719
Multivariate+Exogenous,exogenous,WTI Oil,Com_CrudeOil,tscv,19,2025-05-19,633,10,PatchTST,-,61.70574188232422,59.34563446044922,2.360107421875
Multivariate+Exogenous,exogenous,WTI Oil,Com_CrudeOil,tscv,19,2025-05-26,634,11,PatchTST,-,61.3050422668457,60.017921447753906,1.2871208190917969
Multivariate+Exogenous,exogenous,WTI Oil,Com_CrudeOil,tscv,19,2025-06-02,635,12,PatchTST,-,63.6950569152832,58.47962188720703,5.215435028076172
Multivariate+Exogenous,exogenous,WTI Oil,Com_CrudeOil,tscv,19,2025-03-17,624,1,PatchTST,NLinear,67.67898559570312,67.72911071777344,-0.0501251220703125
Multivariate+Exogenous,exogenous,WTI Oil,Com_CrudeOil,tscv,19,2025-03-24,625,2,PatchTST,NLinear,69.34062957763672,65.42403411865234,3.916595458984375
Multivariate+Exogenous,exogenous,WTI Oil,Com_CrudeOil,tscv,19,2025-03-31,626,3,PatchTST,NLinear,66.51853942871094,62.8029670715332,3.7155723571777344
Multivariate+Exogenous,exogenous,WTI Oil,Com_CrudeOil,tscv,19,2025-04-07,627,4,PatchTST,NLinear,60.9921875,64.36695098876953,-3.3747634887695312
Multivariate+Exogenous,exogenous,WTI Oil,Com_CrudeOil,tscv,19,2025-04-14,628,5,PatchTST,NLinear,63.110198974609375,65.60686492919922,-2.4966659545898438
Multivariate+Exogenous,exogenous,WTI Oil,Com_CrudeOil,tscv,19,2025-04-21,629,6,PatchTST,NLinear,62.90476989746094,66.82173919677734,-3.9169692993164062
Multivariate+Exogenous,exogenous,WTI Oil,Com_CrudeOil,tscv,19,2025-04-28,630,7,PatchTST,NLinear,58.91098403930664,67.55987548828125,-8.64889144897461
Multivariate+Exogenous,exogenous,WTI Oil,Com_CrudeOil,tscv,19,2025-05-05,631,8,PatchTST,NLinear,59.65278625488281,65.6622543334961,-6.009468078613281
Multivariate+Exogenous,exogenous,WTI Oil,Com_CrudeOil,tscv,19,2025-05-12,632,9,PatchTST,NLinear,62.43055725097656,64.40869140625,-1.9781341552734375
Multivariate+Exogenous,exogenous,WTI Oil,Com_CrudeOil,tscv,19,2025-05-19,633,10,PatchTST,NLinear,61.70574188232422,65.87816619873047,-4.17242431640625
Multivariate+Exogenous,exogenous,WTI Oil,Com_CrudeOil,tscv,19,2025-05-26,634,11,PatchTST,NLinear,61.3050422668457,66.42342376708984,-5.118381500244141
Multivariate+Exogenous,exogenous,WTI Oil,Com_CrudeOil,tscv,19,2025-06-02,635,12,PatchTST,NLinear,63.6950569152832,65.09869384765625,-1.4036369323730469
Multivariate+Exogenous,exogenous,WTI Oil,Com_CrudeOil,tscv,19,2025-03-17,624,1,PatchTST,iTransformer,67.67898559570312,69.43315124511719,-1.7541656494140625
Multivariate+Exogenous,exogenous,WTI Oil,Com_CrudeOil,tscv,19,2025-03-24,625,2,PatchTST,iTransformer,69.34062957763672,66.25225067138672,3.08837890625
Multivariate+Exogenous,exogenous,WTI Oil,Com_CrudeOil,tscv,19,2025-03-31,626,3,PatchTST,iTransformer,66.51853942871094,63.045433044433594,3.4731063842773438
Multivariate+Exogenous,exogenous,WTI Oil,Com_CrudeOil,tscv,19,2025-04-07,627,4,PatchTST,iTransformer,60.9921875,63.55659103393555,-2.564403533935547
Multivariate+Exogenous,exogenous,WTI Oil,Com_CrudeOil,tscv,19,2025-04-14,628,5,PatchTST,iTransformer,63.110198974609375,63.16281509399414,-0.052616119384765625
Multivariate+Exogenous,exogenous,WTI Oil,Com_CrudeOil,tscv,19,2025-04-21,629,6,PatchTST,iTransformer,62.90476989746094,64.47265625,-1.5678863525390625
Multivariate+Exogenous,exogenous,WTI Oil,Com_CrudeOil,tscv,19,2025-04-28,630,7,PatchTST,iTransformer,58.91098403930664,64.5528335571289,-5.641849517822266
Multivariate+Exogenous,exogenous,WTI Oil,Com_CrudeOil,tscv,19,2025-05-05,631,8,PatchTST,iTransformer,59.65278625488281,62.9094123840332,-3.2566261291503906
Multivariate+Exogenous,exogenous,WTI Oil,Com_CrudeOil,tscv,19,2025-05-12,632,9,PatchTST,iTransformer,62.43055725097656,61.616798400878906,0.8137588500976562
Multivariate+Exogenous,exogenous,WTI Oil,Com_CrudeOil,tscv,19,2025-05-19,633,10,PatchTST,iTransformer,61.70574188232422,62.37965393066406,-0.6739120483398438
Multivariate+Exogenous,exogenous,WTI Oil,Com_CrudeOil,tscv,19,2025-05-26,634,11,PatchTST,iTransformer,61.3050422668457,63.548519134521484,-2.2434768676757812
Multivariate+Exogenous,exogenous,WTI Oil,Com_CrudeOil,tscv,19,2025-06-02,635,12,PatchTST,iTransformer,63.6950569152832,62.072509765625,1.6225471496582031
Multivariate+Exogenous,exogenous,WTI Oil,Com_CrudeOil,tscv,19,2025-03-17,624,1,PatchTST,XGBoost,67.67898559570312,70.04235076904297,-2.3633651733398438
Multivariate+Exogenous,exogenous,WTI Oil,Com_CrudeOil,tscv,19,2025-03-24,625,2,PatchTST,XGBoost,69.34062957763672,67.93793487548828,1.4026947021484375
Multivariate+Exogenous,exogenous,WTI Oil,Com_CrudeOil,tscv,19,2025-03-31,626,3,PatchTST,XGBoost,66.51853942871094,65.04339599609375,1.4751434326171875
Multivariate+Exogenous,exogenous,WTI Oil,Com_CrudeOil,tscv,19,2025-04-07,627,4,PatchTST,XGBoost,60.9921875,66.14315795898438,-5.150970458984375
Multivariate+Exogenous,exogenous,WTI Oil,Com_CrudeOil,tscv,19,2025-04-14,628,5,PatchTST,XGBoost,63.110198974609375,66.89090728759766,-3.7807083129882812
Multivariate+Exogenous,exogenous,WTI Oil,Com_CrudeOil,tscv,19,2025-04-21,629,6,PatchTST,XGBoost,62.90476989746094,67.48689270019531,-4.582122802734375
Multivariate+Exogenous,exogenous,WTI Oil,Com_CrudeOil,tscv,19,2025-04-28,630,7,PatchTST,XGBoost,58.91098403930664,67.5275650024414,-8.616580963134766
Multivariate+Exogenous,exogenous,WTI Oil,Com_CrudeOil,tscv,19,2025-05-05,631,8,PatchTST,XGBoost,59.65278625488281,65.1289291381836,-5.476142883300781
Multivariate+Exogenous,exogenous,WTI Oil,Com_CrudeOil,tscv,19,2025-05-12,632,9,PatchTST,XGBoost,62.43055725097656,64.11631774902344,-1.685760498046875
Multivariate+Exogenous,exogenous,WTI Oil,Com_CrudeOil,tscv,19,2025-05-19,633,10,PatchTST,XGBoost,61.70574188232422,65.520751953125,-3.8150100708007812
Multivariate+Exogenous,exogenous,WTI Oil,Com_CrudeOil,tscv,19,2025-05-26,634,11,PatchTST,XGBoost,61.3050422668457,65.19235229492188,-3.887310028076172
Multivariate+Exogenous,exogenous,WTI Oil,Com_CrudeOil,tscv,19,2025-06-02,635,12,PatchTST,XGBoost,63.6950569152832,64.01197052001953,-0.3169136047363281
Multivariate+Exogenous,exogenous,WTI Oil,Com_CrudeOil,tscv,19,2025-03-17,624,1,PatchTST,LightGBM,67.67898559570312,70.77021026611328,-3.0912246704101562
Multivariate+Exogenous,exogenous,WTI Oil,Com_CrudeOil,tscv,19,2025-03-24,625,2,PatchTST,LightGBM,69.34062957763672,66.75173950195312,2.5888900756835938
Multivariate+Exogenous,exogenous,WTI Oil,Com_CrudeOil,tscv,19,2025-03-31,626,3,PatchTST,LightGBM,66.51853942871094,63.896080017089844,2.6224594116210938
Multivariate+Exogenous,exogenous,WTI Oil,Com_CrudeOil,tscv,19,2025-04-07,627,4,PatchTST,LightGBM,60.9921875,64.723876953125,-3.731689453125
Multivariate+Exogenous,exogenous,WTI Oil,Com_CrudeOil,tscv,19,2025-04-14,628,5,PatchTST,LightGBM,63.110198974609375,64.78279876708984,-1.6725997924804688
Multivariate+Exogenous,exogenous,WTI Oil,Com_CrudeOil,tscv,19,2025-04-21,629,6,PatchTST,LightGBM,62.90476989746094,66.0705795288086,-3.1658096313476562
Multivariate+Exogenous,exogenous,WTI Oil,Com_CrudeOil,tscv,19,2025-04-28,630,7,PatchTST,LightGBM,58.91098403930664,66.35286712646484,-7.441883087158203
Multivariate+Exogenous,exogenous,WTI Oil,Com_CrudeOil,tscv,19,2025-05-05,631,8,PatchTST,LightGBM,59.65278625488281,64.15519714355469,-4.502410888671875
Multivariate+Exogenous,exogenous,WTI Oil,Com_CrudeOil,tscv,19,2025-05-12,632,9,PatchTST,LightGBM,62.43055725097656,62.9420051574707,-0.5114479064941406
Multivariate+Exogenous,exogenous,WTI Oil,Com_CrudeOil,tscv,19,2025-05-19,633,10,PatchTST,LightGBM,61.70574188232422,65.01022338867188,-3.3044815063476562
Multivariate+Exogenous,exogenous,WTI Oil,Com_CrudeOil,tscv,19,2025-05-26,634,11,PatchTST,LightGBM,61.3050422668457,65.8355941772461,-4.530551910400391
Multivariate+Exogenous,exogenous,WTI Oil,Com_CrudeOil,tscv,19,2025-06-02,635,12,PatchTST,LightGBM,63.6950569152832,63.65518569946289,0.0398712158203125
Multivariate+Exogenous,exogenous,WTI Oil,Com_CrudeOil,tscv,20,2025-04-14,628,1,PatchTST,-,63.110198974609375,58.47040557861328,4.639793395996094
Multivariate+Exogenous,exogenous,WTI Oil,Com_CrudeOil,tscv,20,2025-04-21,629,2,PatchTST,-,62.90476989746094,56.76519775390625,6.1395721435546875
Multivariate+Exogenous,exogenous,WTI Oil,Com_CrudeOil,tscv,20,2025-04-28,630,3,PatchTST,-,58.91098403930664,54.848018646240234,4.062965393066406
Multivariate+Exogenous,exogenous,WTI Oil,Com_CrudeOil,tscv,20,2025-05-05,631,4,PatchTST,-,59.65278625488281,58.112144470214844,1.5406417846679688
Multivariate+Exogenous,exogenous,WTI Oil,Com_CrudeOil,tscv,20,2025-05-12,632,5,PatchTST,-,62.43055725097656,61.804874420166016,0.6256828308105469
Multivariate+Exogenous,exogenous,WTI Oil,Com_CrudeOil,tscv,20,2025-05-19,633,6,PatchTST,-,61.70574188232422,60.407875061035156,1.2978668212890625
Multivariate+Exogenous,exogenous,WTI Oil,Com_CrudeOil,tscv,20,2025-05-26,634,7,PatchTST,-,61.3050422668457,61.41941833496094,-0.11437606811523438
Multivariate+Exogenous,exogenous,WTI Oil,Com_CrudeOil,tscv,20,2025-06-02,635,8,PatchTST,-,63.6950569152832,58.56037521362305,5.134681701660156
Multivariate+Exogenous,exogenous,WTI Oil,Com_CrudeOil,tscv,20,2025-06-09,636,9,PatchTST,-,69.44467163085938,53.848358154296875,15.5963134765625
Multivariate+Exogenous,exogenous,WTI Oil,Com_CrudeOil,tscv,20,2025-06-16,637,10,PatchTST,-,73.4095687866211,55.89018249511719,17.519386291503906
Multivariate+Exogenous,exogenous,WTI Oil,Com_CrudeOil,tscv,20,2025-06-23,638,11,PatchTST,-,65.62223052978516,59.364410400390625,6.257820129394531
Multivariate+Exogenous,exogenous,WTI Oil,Com_CrudeOil,tscv,20,2025-06-30,639,12,PatchTST,-,66.21095275878906,55.723350524902344,10.487602233886719
Multivariate+Exogenous,exogenous,WTI Oil,Com_CrudeOil,tscv,20,2025-04-14,628,1,PatchTST,NLinear,63.110198974609375,56.85597229003906,6.2542266845703125
Multivariate+Exogenous,exogenous,WTI Oil,Com_CrudeOil,tscv,20,2025-04-21,629,2,PatchTST,NLinear,62.90476989746094,56.251888275146484,6.652881622314453
Multivariate+Exogenous,exogenous,WTI Oil,Com_CrudeOil,tscv,20,2025-04-28,630,3,PatchTST,NLinear,58.91098403930664,55.64488983154297,3.266094207763672
Multivariate+Exogenous,exogenous,WTI Oil,Com_CrudeOil,tscv,20,2025-05-05,631,4,PatchTST,NLinear,59.65278625488281,59.866119384765625,-0.2133331298828125
Multivariate+Exogenous,exogenous,WTI Oil,Com_CrudeOil,tscv,20,2025-05-12,632,5,PatchTST,NLinear,62.43055725097656,63.329551696777344,-0.8989944458007812
Multivariate+Exogenous,exogenous,WTI Oil,Com_CrudeOil,tscv,20,2025-05-19,633,6,PatchTST,NLinear,61.70574188232422,61.484466552734375,0.22127532958984375
Multivariate+Exogenous,exogenous,WTI Oil,Com_CrudeOil,tscv,20,2025-05-26,634,7,PatchTST,NLinear,61.3050422668457,62.2188720703125,-0.9138298034667969
Multivariate+Exogenous,exogenous,WTI Oil,Com_CrudeOil,tscv,20,2025-06-02,635,8,PatchTST,NLinear,63.6950569152832,59.98786926269531,3.7071876525878906
Multivariate+Exogenous,exogenous,WTI Oil,Com_CrudeOil,tscv,20,2025-06-09,636,9,PatchTST,NLinear,69.44467163085938,55.5260124206543,13.918659210205078
Multivariate+Exogenous,exogenous,WTI Oil,Com_CrudeOil,tscv,20,2025-06-16,637,10,PatchTST,NLinear,73.4095687866211,57.29130554199219,16.118263244628906
Multivariate+Exogenous,exogenous,WTI Oil,Com_CrudeOil,tscv,20,2025-06-23,638,11,PatchTST,NLinear,65.62223052978516,60.51587677001953,5.106353759765625
Multivariate+Exogenous,exogenous,WTI Oil,Com_CrudeOil,tscv,20,2025-06-30,639,12,PatchTST,NLinear,66.21095275878906,56.4268798828125,9.784072875976562
Multivariate+Exogenous,exogenous,WTI Oil,Com_CrudeOil,tscv,20,2025-04-14,628,1,PatchTST,iTransformer,63.110198974609375,71.89457702636719,-8.784378051757812
Multivariate+Exogenous,exogenous,WTI Oil,Com_CrudeOil,tscv,20,2025-04-21,629,2,PatchTST,iTransformer,62.90476989746094,68.3603286743164,-5.455558776855469
Multivariate+Exogenous,exogenous,WTI Oil,Com_CrudeOil,tscv,20,2025-04-28,630,3,PatchTST,iTransformer,58.91098403930664,67.31732177734375,-8.40633773803711
Multivariate+Exogenous,exogenous,WTI Oil,Com_CrudeOil,tscv,20,2025-05-05,631,4,PatchTST,iTransformer,59.65278625488281,71.36287689208984,-11.710090637207031
Multivariate+Exogenous,exogenous,WTI Oil,Com_CrudeOil,tscv,20,2025-05-12,632,5,PatchTST,iTransformer,62.43055725097656,74.69798278808594,-12.267425537109375
Multivariate+Exogenous,exogenous,WTI Oil,Com_CrudeOil,tscv,20,2025-05-19,633,6,PatchTST,iTransformer,61.70574188232422,71.22724151611328,-9.521499633789062
Multivariate+Exogenous,exogenous,WTI Oil,Com_CrudeOil,tscv,20,2025-05-26,634,7,PatchTST,iTransformer,61.3050422668457,72.20037841796875,-10.895336151123047
Multivariate+Exogenous,exogenous,WTI Oil,Com_CrudeOil,tscv,20,2025-06-02,635,8,PatchTST,iTransformer,63.6950569152832,68.85951232910156,-5.164455413818359
Multivariate+Exogenous,exogenous,WTI Oil,Com_CrudeOil,tscv,20,2025-06-09,636,9,PatchTST,iTransformer,69.44467163085938,65.41606140136719,4.0286102294921875
Multivariate+Exogenous,exogenous,WTI Oil,Com_CrudeOil,tscv,20,2025-06-16,637,10,PatchTST,iTransformer,73.4095687866211,67.99376678466797,5.415802001953125
Multivariate+Exogenous,exogenous,WTI Oil,Com_CrudeOil,tscv,20,2025-06-23,638,11,PatchTST,iTransformer,65.62223052978516,72.10281372070312,-6.480583190917969
Multivariate+Exogenous,exogenous,WTI Oil,Com_CrudeOil,tscv,20,2025-06-30,639,12,PatchTST,iTransformer,66.21095275878906,69.29008483886719,-3.079132080078125
Multivariate+Exogenous,exogenous,WTI Oil,Com_CrudeOil,tscv,20,2025-04-14,628,1,PatchTST,XGBoost,63.110198974609375,74.03895568847656,-10.928756713867188
Multivariate+Exogenous,exogenous,WTI Oil,Com_CrudeOil,tscv,20,2025-04-21,629,2,PatchTST,XGBoost,62.90476989746094,74.77935791015625,-11.874588012695312
Multivariate+Exogenous,exogenous,WTI Oil,Com_CrudeOil,tscv,20,2025-04-28,630,3,PatchTST,XGBoost,58.91098403930664,71.63114929199219,-12.720165252685547
Multivariate+Exogenous,exogenous,WTI Oil,Com_CrudeOil,tscv,20,2025-05-05,631,4,PatchTST,XGBoost,59.65278625488281,74.03561401367188,-14.382827758789062
Multivariate+Exogenous,exogenous,WTI Oil,Com_CrudeOil,tscv,20,2025-05-12,632,5,PatchTST,XGBoost,62.43055725097656,78.74172973632812,-16.311172485351562
Multivariate+Exogenous,exogenous,WTI Oil,Com_CrudeOil,tscv,20,2025-05-19,633,6,PatchTST,XGBoost,61.70574188232422,77.3088607788086,-15.603118896484375
Multivariate+Exogenous,exogenous,WTI Oil,Com_CrudeOil,tscv,20,2025-05-26,634,7,PatchTST,XGBoost,61.3050422668457,79.34719848632812,-18.042156219482422
Multivariate+Exogenous,exogenous,WTI Oil,Com_CrudeOil,tscv,20,2025-06-02,635,8,PatchTST,XGBoost,63.6950569152832,77.62145233154297,-13.926395416259766
Multivariate+Exogenous,exogenous,WTI Oil,Com_CrudeOil,tscv,20,2025-06-09,636,9,PatchTST,XGBoost,69.44467163085938,71.07978820800781,-1.6351165771484375
Multivariate+Exogenous,exogenous,WTI Oil,Com_CrudeOil,tscv,20,2025-06-16,637,10,PatchTST,XGBoost,73.4095687866211,73.13359069824219,0.27597808837890625
Multivariate+Exogenous,exogenous,WTI Oil,Com_CrudeOil,tscv,20,2025-06-23,638,11,PatchTST,XGBoost,65.62223052978516,77.14329528808594,-11.521064758300781
Multivariate+Exogenous,exogenous,WTI Oil,Com_CrudeOil,tscv,20,2025-06-30,639,12,PatchTST,XGBoost,66.21095275878906,76.96728515625,-10.756332397460938
Multivariate+Exogenous,exogenous,WTI Oil,Com_CrudeOil,tscv,20,2025-04-14,628,1,PatchTST,LightGBM,63.110198974609375,72.3597183227539,-9.249519348144531
Multivariate+Exogenous,exogenous,WTI Oil,Com_CrudeOil,tscv,20,2025-04-21,629,2,PatchTST,LightGBM,62.90476989746094,71.12647247314453,-8.221702575683594
Multivariate+Exogenous,exogenous,WTI Oil,Com_CrudeOil,tscv,20,2025-04-28,630,3,PatchTST,LightGBM,58.91098403930664,70.89932250976562,-11.988338470458984
Multivariate+Exogenous,exogenous,WTI Oil,Com_CrudeOil,tscv,20,2025-05-05,631,4,PatchTST,LightGBM,59.65278625488281,72.00145721435547,-12.348670959472656
Multivariate+Exogenous,exogenous,WTI Oil,Com_CrudeOil,tscv,20,2025-05-12,632,5,PatchTST,LightGBM,62.43055725097656,78.32814025878906,-15.8975830078125
Multivariate+Exogenous,exogenous,WTI Oil,Com_CrudeOil,tscv,20,2025-05-19,633,6,PatchTST,LightGBM,61.70574188232422,78.30049133300781,-16.594749450683594
Multivariate+Exogenous,exogenous,WTI Oil,Com_CrudeOil,tscv,20,2025-05-26,634,7,PatchTST,LightGBM,61.3050422668457,79.22200012207031,-17.91695785522461
Multivariate+Exogenous,exogenous,WTI Oil,Com_CrudeOil,tscv,20,2025-06-02,635,8,PatchTST,LightGBM,63.6950569152832,72.44969177246094,-8.754634857177734
Multivariate+Exogenous,exogenous,WTI Oil,Com_CrudeOil,tscv,20,2025-06-09,636,9,PatchTST,LightGBM,69.44467163085938,69.98970031738281,-0.5450286865234375
Multivariate+Exogenous,exogenous,WTI Oil,Com_CrudeOil,tscv,20,2025-06-16,637,10,PatchTST,LightGBM,73.4095687866211,70.25145721435547,3.158111572265625
Multivariate+Exogenous,exogenous,WTI Oil,Com_CrudeOil,tscv,20,2025-06-23,638,11,PatchTST,LightGBM,65.62223052978516,75.50575256347656,-9.883522033691406
Multivariate+Exogenous,exogenous,WTI Oil,Com_CrudeOil,tscv,20,2025-06-30,639,12,PatchTST,LightGBM,66.21095275878906,72.57525634765625,-6.3643035888671875
Multivariate+Exogenous,exogenous,WTI Oil,Com_CrudeOil,tscv,21,2025-05-12,632,1,PatchTST,-,62.43055725097656,65.3761215209961,-2.9455642700195312
Multivariate+Exogenous,exogenous,WTI Oil,Com_CrudeOil,tscv,21,2025-05-19,633,2,PatchTST,-,61.70574188232422,65.79150390625,-4.085762023925781
Multivariate+Exogenous,exogenous,WTI Oil,Com_CrudeOil,tscv,21,2025-05-26,634,3,PatchTST,-,61.3050422668457,62.70176696777344,-1.3967247009277344
Multivariate+Exogenous,exogenous,WTI Oil,Com_CrudeOil,tscv,21,2025-06-02,635,4,PatchTST,-,63.6950569152832,64.51370239257812,-0.8186454772949219
Multivariate+Exogenous,exogenous,WTI Oil,Com_CrudeOil,tscv,21,2025-06-09,636,5,PatchTST,-,69.44467163085938,60.61855697631836,8.826114654541016
Multivariate+Exogenous,exogenous,WTI Oil,Com_CrudeOil,tscv,21,2025-06-16,637,6,PatchTST,-,73.4095687866211,63.50583267211914,9.903736114501953
Multivariate+Exogenous,exogenous,WTI Oil,Com_CrudeOil,tscv,21,2025-06-23,638,7,PatchTST,-,65.62223052978516,63.723426818847656,1.8988037109375
Multivariate+Exogenous,exogenous,WTI Oil,Com_CrudeOil,tscv,21,2025-06-30,639,8,PatchTST,-,66.21095275878906,60.38462448120117,5.826328277587891
Multivariate+Exogenous,exogenous,WTI Oil,Com_CrudeOil,tscv,21,2025-07-07,640,9,PatchTST,-,68.04521942138672,60.571163177490234,7.474056243896484
Multivariate+Exogenous,exogenous,WTI Oil,Com_CrudeOil,tscv,21,2025-07-14,641,10,PatchTST,-,66.42243194580078,62.87996292114258,3.542469024658203
Multivariate+Exogenous,exogenous,WTI Oil,Com_CrudeOil,tscv,21,2025-07-21,642,11,PatchTST,-,65.51323699951172,62.85261917114258,2.6606178283691406
Multivariate+Exogenous,exogenous,WTI Oil,Com_CrudeOil,tscv,21,2025-07-28,643,12,PatchTST,-,68.28096771240234,63.647438049316406,4.6335296630859375
Multivariate+Exogenous,exogenous,WTI Oil,Com_CrudeOil,tscv,21,2025-05-12,632,1,PatchTST,NLinear,62.43055725097656,67.5228042602539,-5.092247009277344
Multivariate+Exogenous,exogenous,WTI Oil,Com_CrudeOil,tscv,21,2025-05-19,633,2,PatchTST,NLinear,61.70574188232422,66.50425720214844,-4.798515319824219
Multivariate+Exogenous,exogenous,WTI Oil,Com_CrudeOil,tscv,21,2025-05-26,634,3,PatchTST,NLinear,61.3050422668457,62.7896728515625,-1.4846305847167969
Multivariate+Exogenous,exogenous,WTI Oil,Com_CrudeOil,tscv,21,2025-06-02,635,4,PatchTST,NLinear,63.6950569152832,62.39261245727539,1.3024444580078125
Multivariate+Exogenous,exogenous,WTI Oil,Com_CrudeOil,tscv,21,2025-06-09,636,5,PatchTST,NLinear,69.44467163085938,57.97758102416992,11.467090606689453
Multivariate+Exogenous,exogenous,WTI Oil,Com_CrudeOil,tscv,21,2025-06-16,637,6,PatchTST,NLinear,73.4095687866211,61.5882568359375,11.821311950683594
Multivariate+Exogenous,exogenous,WTI Oil,Com_CrudeOil,tscv,21,2025-06-23,638,7,PatchTST,NLinear,65.62223052978516,62.281593322753906,3.34063720703125
Multivariate+Exogenous,exogenous,WTI Oil,Com_CrudeOil,tscv,21,2025-06-30,639,8,PatchTST,NLinear,66.21095275878906,59.17508316040039,7.035869598388672
Multivariate+Exogenous,exogenous,WTI Oil,Com_CrudeOil,tscv,21,2025-07-07,640,9,PatchTST,NLinear,68.04521942138672,57.43511962890625,10.610099792480469
Multivariate+Exogenous,exogenous,WTI Oil,Com_CrudeOil,tscv,21,2025-07-14,641,10,PatchTST,NLinear,66.42243194580078,58.67782211303711,7.744609832763672
Multivariate+Exogenous,exogenous,WTI Oil,Com_CrudeOil,tscv,21,2025-07-21,642,11,PatchTST,NLinear,65.51323699951172,56.92157745361328,8.591659545898438
Multivariate+Exogenous,exogenous,WTI Oil,Com_CrudeOil,tscv,21,2025-07-28,643,12,PatchTST,NLinear,68.28096771240234,58.72760009765625,9.553367614746094
Multivariate+Exogenous,exogenous,WTI Oil,Com_CrudeOil,tscv,21,2025-05-12,632,1,PatchTST,iTransformer,62.43055725097656,64.78254699707031,-2.35198974609375
Multivariate+Exogenous,exogenous,WTI Oil,Com_CrudeOil,tscv,21,2025-05-19,633,2,PatchTST,iTransformer,61.70574188232422,64.90504455566406,-3.1993026733398438
Multivariate+Exogenous,exogenous,WTI Oil,Com_CrudeOil,tscv,21,2025-05-26,634,3,PatchTST,iTransformer,61.3050422668457,62.33891677856445,-1.03387451171875
Multivariate+Exogenous,exogenous,WTI Oil,Com_CrudeOil,tscv,21,2025-06-02,635,4,PatchTST,iTransformer,63.6950569152832,63.596717834472656,0.09833908081054688
Multivariate+Exogenous,exogenous,WTI Oil,Com_CrudeOil,tscv,21,2025-06-09,636,5,PatchTST,iTransformer,69.44467163085938,60.48391342163086,8.960758209228516
Multivariate+Exogenous,exogenous,WTI Oil,Com_CrudeOil,tscv,21,2025-06-16,637,6,PatchTST,iTransformer,73.4095687866211,62.843467712402344,10.56610107421875
Multivariate+Exogenous,exogenous,WTI Oil,Com_CrudeOil,tscv,21,2025-06-23,638,7,PatchTST,iTransformer,65.62223052978516,62.795799255371094,2.8264312744140625
Multivariate+Exogenous,exogenous,WTI Oil,Com_CrudeOil,tscv,21,2025-06-30,639,8,PatchTST,iTransformer,66.21095275878906,61.11461639404297,5.096336364746094
Multivariate+Exogenous,exogenous,WTI Oil,Com_CrudeOil,tscv,21,2025-07-07,640,9,PatchTST,iTransformer,68.04521942138672,60.17039108276367,7.874828338623047
Multivariate+Exogenous,exogenous,WTI Oil,Com_CrudeOil,tscv,21,2025-07-14,641,10,PatchTST,iTransformer,66.42243194580078,61.047855377197266,5.374576568603516
Multivariate+Exogenous,exogenous,WTI Oil,Com_CrudeOil,tscv,21,2025-07-21,642,11,PatchTST,iTransformer,65.51323699951172,63.052734375,2.4605026245117188
Multivariate+Exogenous,exogenous,WTI Oil,Com_CrudeOil,tscv,21,2025-07-28,643,12,PatchTST,iTransformer,68.28096771240234,64.18805694580078,4.0929107666015625
Multivariate+Exogenous,exogenous,WTI Oil,Com_CrudeOil,tscv,21,2025-05-12,632,1,PatchTST,XGBoost,62.43055725097656,73.26387023925781,-10.83331298828125
Multivariate+Exogenous,exogenous,WTI Oil,Com_CrudeOil,tscv,21,2025-05-19,633,2,PatchTST,XGBoost,61.70574188232422,74.25459289550781,-12.548851013183594
Multivariate+Exogenous,exogenous,WTI Oil,Com_CrudeOil,tscv,21,2025-05-26,634,3,PatchTST,XGBoost,61.3050422668457,70.61670684814453,-9.311664581298828
Multivariate+Exogenous,exogenous,WTI Oil,Com_CrudeOil,tscv,21,2025-06-02,635,4,PatchTST,XGBoost,63.6950569152832,71.62016296386719,-7.925106048583984
Multivariate+Exogenous,exogenous,WTI Oil,Com_CrudeOil,tscv,21,2025-06-09,636,5,PatchTST,XGBoost,69.44467163085938,66.9402847290039,2.5043869018554688
Multivariate+Exogenous,exogenous,WTI Oil,Com_CrudeOil,tscv,21,2025-06-16,637,6,PatchTST,XGBoost,73.4095687866211,70.40229797363281,3.0072708129882812
Multivariate+Exogenous,exogenous,WTI Oil,Com_CrudeOil,tscv,21,2025-06-23,638,7,PatchTST,XGBoost,65.62223052978516,71.013427734375,-5.391197204589844
Multivariate+Exogenous,exogenous,WTI Oil,Com_CrudeOil,tscv,21,2025-06-30,639,8,PatchTST,XGBoost,66.21095275878906,67.02078247070312,-0.8098297119140625
Multivariate+Exogenous,exogenous,WTI Oil,Com_CrudeOil,tscv,21,2025-07-07,640,9,PatchTST,XGBoost,68.04521942138672,66.94644165039062,1.0987777709960938
Multivariate+Exogenous,exogenous,WTI Oil,Com_CrudeOil,tscv,21,2025-07-14,641,10,PatchTST,XGBoost,66.42243194580078,68.92761993408203,-2.50518798828125
Multivariate+Exogenous,exogenous,WTI Oil,Com_CrudeOil,tscv,21,2025-07-21,642,11,PatchTST,XGBoost,65.51323699951172,68.7262954711914,-3.2130584716796875
Multivariate+Exogenous,exogenous,WTI Oil,Com_CrudeOil,tscv,21,2025-07-28,643,12,PatchTST,XGBoost,68.28096771240234,69.89875793457031,-1.6177902221679688
Multivariate+Exogenous,exogenous,WTI Oil,Com_CrudeOil,tscv,21,2025-05-12,632,1,PatchTST,LightGBM,62.43055725097656,71.39138793945312,-8.960830688476562
Multivariate+Exogenous,exogenous,WTI Oil,Com_CrudeOil,tscv,21,2025-05-19,633,2,PatchTST,LightGBM,61.70574188232422,72.11622619628906,-10.410484313964844
Multivariate+Exogenous,exogenous,WTI Oil,Com_CrudeOil,tscv,21,2025-05-26,634,3,PatchTST,LightGBM,61.3050422668457,69.0264892578125,-7.721446990966797
Multivariate+Exogenous,exogenous,WTI Oil,Com_CrudeOil,tscv,21,2025-06-02,635,4,PatchTST,LightGBM,63.6950569152832,70.83842468261719,-7.143367767333984
Multivariate+Exogenous,exogenous,WTI Oil,Com_CrudeOil,tscv,21,2025-06-09,636,5,PatchTST,LightGBM,69.44467163085938,66.78520202636719,2.6594696044921875
Multivariate+Exogenous,exogenous,WTI Oil,Com_CrudeOil,tscv,21,2025-06-16,637,6,PatchTST,LightGBM,73.4095687866211,70.8919677734375,2.5176010131835938
Multivariate+Exogenous,exogenous,WTI Oil,Com_CrudeOil,tscv,21,2025-06-23,638,7,PatchTST,LightGBM,65.62223052978516,70.04814910888672,-4.4259185791015625
Multivariate+Exogenous,exogenous,WTI Oil,Com_CrudeOil,tscv,21,2025-06-30,639,8,PatchTST,LightGBM,66.21095275878906,67.43497467041016,-1.2240219116210938
Multivariate+Exogenous,exogenous,WTI Oil,Com_CrudeOil,tscv,21,2025-07-07,640,9,PatchTST,LightGBM,68.04521942138672,65.81568145751953,2.2295379638671875
Multivariate+Exogenous,exogenous,WTI Oil,Com_CrudeOil,tscv,21,2025-07-14,641,10,PatchTST,LightGBM,66.42243194580078,67.06307220458984,-0.6406402587890625
Multivariate+Exogenous,exogenous,WTI Oil,Com_CrudeOil,tscv,21,2025-07-21,642,11,PatchTST,LightGBM,65.51323699951172,68.09713745117188,-2.5839004516601562
Multivariate+Exogenous,exogenous,WTI Oil,Com_CrudeOil,tscv,21,2025-07-28,643,12,PatchTST,LightGBM,68.28096771240234,68.89196014404297,-0.610992431640625
Multivariate+Exogenous,exogenous,WTI Oil,Com_CrudeOil,tscv,22,2025-06-09,636,1,PatchTST,-,69.44467163085938,66.65620422363281,2.7884674072265625
Multivariate+Exogenous,exogenous,WTI Oil,Com_CrudeOil,tscv,22,2025-06-16,637,2,PatchTST,-,73.4095687866211,63.76942443847656,9.640144348144531
Multivariate+Exogenous,exogenous,WTI Oil,Com_CrudeOil,tscv,22,2025-06-23,638,3,PatchTST,-,65.62223052978516,64.07019805908203,1.552032470703125
Multivariate+Exogenous,exogenous,WTI Oil,Com_CrudeOil,tscv,22,2025-06-30,639,4,PatchTST,-,66.21095275878906,67.38925170898438,-1.1782989501953125
Multivariate+Exogenous,exogenous,WTI Oil,Com_CrudeOil,tscv,22,2025-07-07,640,5,PatchTST,-,68.04521942138672,69.42903137207031,-1.3838119506835938
Multivariate+Exogenous,exogenous,WTI Oil,Com_CrudeOil,tscv,22,2025-07-14,641,6,PatchTST,-,66.42243194580078,65.71543884277344,0.7069931030273438
Multivariate+Exogenous,exogenous,WTI Oil,Com_CrudeOil,tscv,22,2025-07-21,642,7,PatchTST,-,65.51323699951172,62.55356216430664,2.959674835205078
Multivariate+Exogenous,exogenous,WTI Oil,Com_CrudeOil,tscv,22,2025-07-28,643,8,PatchTST,-,68.28096771240234,63.25540542602539,5.025562286376953
Multivariate+Exogenous,exogenous,WTI Oil,Com_CrudeOil,tscv,22,2025-08-04,644,9,PatchTST,-,64.51432037353516,63.27615737915039,1.2381629943847656
Multivariate+Exogenous,exogenous,WTI Oil,Com_CrudeOil,tscv,22,2025-08-11,645,10,PatchTST,-,63.105133056640625,64.51007080078125,-1.404937744140625
Multivariate+Exogenous,exogenous,WTI Oil,Com_CrudeOil,tscv,22,2025-08-18,646,11,PatchTST,-,63.027198791503906,65.18812561035156,-2.1609268188476562
Multivariate+Exogenous,exogenous,WTI Oil,Com_CrudeOil,tscv,22,2025-08-25,647,12,PatchTST,-,64.09881591796875,65.40532684326172,-1.3065109252929688
Multivariate+Exogenous,exogenous,WTI Oil,Com_CrudeOil,tscv,22,2025-06-09,636,1,PatchTST,NLinear,69.44467163085938,67.88138580322266,1.5632858276367188
Multivariate+Exogenous,exogenous,WTI Oil,Com_CrudeOil,tscv,22,2025-06-16,637,2,PatchTST,NLinear,73.4095687866211,63.31117248535156,10.098396301269531
Multivariate+Exogenous,exogenous,WTI Oil,Com_CrudeOil,tscv,22,2025-06-23,638,3,PatchTST,NLinear,65.62223052978516,63.52798080444336,2.094249725341797
Multivariate+Exogenous,exogenous,WTI Oil,Com_CrudeOil,tscv,22,2025-06-30,639,4,PatchTST,NLinear,66.21095275878906,67.39718627929688,-1.1862335205078125
Multivariate+Exogenous,exogenous,WTI Oil,Com_CrudeOil,tscv,22,2025-07-07,640,5,PatchTST,NLinear,68.04521942138672,69.42832946777344,-1.3831100463867188
Multivariate+Exogenous,exogenous,WTI Oil,Com_CrudeOil,tscv,22,2025-07-14,641,6,PatchTST,NLinear,66.42243194580078,65.04167938232422,1.3807525634765625
Multivariate+Exogenous,exogenous,WTI Oil,Com_CrudeOil,tscv,22,2025-07-21,642,7,PatchTST,NLinear,65.51323699951172,61.84883117675781,3.6644058227539062
Multivariate+Exogenous,exogenous,WTI Oil,Com_CrudeOil,tscv,22,2025-07-28,643,8,PatchTST,NLinear,68.28096771240234,62.48095703125,5.800010681152344
Multivariate+Exogenous,exogenous,WTI Oil,Com_CrudeOil,tscv,22,2025-08-04,644,9,PatchTST,NLinear,64.51432037353516,62.81433868408203,1.699981689453125
Multivariate+Exogenous,exogenous,WTI Oil,Com_CrudeOil,tscv,22,2025-08-11,645,10,PatchTST,NLinear,63.105133056640625,65.30609130859375,-2.200958251953125
Multivariate+Exogenous,exogenous,WTI Oil,Com_CrudeOil,tscv,22,2025-08-18,646,11,PatchTST,NLinear,63.027198791503906,66.73722839355469,-3.7100296020507812
Multivariate+Exogenous,exogenous,WTI Oil,Com_CrudeOil,tscv,22,2025-08-25,647,12,PatchTST,NLinear,64.09881591796875,66.35987854003906,-2.2610626220703125
Multivariate+Exogenous,exogenous,WTI Oil,Com_CrudeOil,tscv,22,2025-06-09,636,1,PatchTST,iTransformer,69.44467163085938,66.399658203125,3.045013427734375
Multivariate+Exogenous,exogenous,WTI Oil,Com_CrudeOil,tscv,22,2025-06-16,637,2,PatchTST,iTransformer,73.4095687866211,63.11779022216797,10.291778564453125
Multivariate+Exogenous,exogenous,WTI Oil,Com_CrudeOil,tscv,22,2025-06-23,638,3,PatchTST,iTransformer,65.62223052978516,63.37291717529297,2.2493133544921875
Multivariate+Exogenous,exogenous,WTI Oil,Com_CrudeOil,tscv,22,2025-06-30,639,4,PatchTST,iTransformer,66.21095275878906,67.2487564086914,-1.0378036499023438
Multivariate+Exogenous,exogenous,WTI Oil,Com_CrudeOil,tscv,22,2025-07-07,640,5,PatchTST,iTransformer,68.04521942138672,69.64680480957031,-1.6015853881835938
Multivariate+Exogenous,exogenous,WTI Oil,Com_CrudeOil,tscv,22,2025-07-14,641,6,PatchTST,iTransformer,66.42243194580078,65.84153747558594,0.5808944702148438
Multivariate+Exogenous,exogenous,WTI Oil,Com_CrudeOil,tscv,22,2025-07-21,642,7,PatchTST,iTransformer,65.51323699951172,62.00797653198242,3.505260467529297
Multivariate+Exogenous,exogenous,WTI Oil,Com_CrudeOil,tscv,22,2025-07-28,643,8,PatchTST,iTransformer,68.28096771240234,63.47749710083008,4.803470611572266
Multivariate+Exogenous,exogenous,WTI Oil,Com_CrudeOil,tscv,22,2025-08-04,644,9,PatchTST,iTransformer,64.51432037353516,63.338768005371094,1.1755523681640625
Multivariate+Exogenous,exogenous,WTI Oil,Com_CrudeOil,tscv,22,2025-08-11,645,10,PatchTST,iTransformer,63.105133056640625,65.0529556274414,-1.9478225708007812
Multivariate+Exogenous,exogenous,WTI Oil,Com_CrudeOil,tscv,22,2025-08-18,646,11,PatchTST,iTransformer,63.027198791503906,65.43253326416016,-2.40533447265625
Multivariate+Exogenous,exogenous,WTI Oil,Com_CrudeOil,tscv,22,2025-08-25,647,12,PatchTST,iTransformer,64.09881591796875,65.54444885253906,-1.4456329345703125
Multivariate+Exogenous,exogenous,WTI Oil,Com_CrudeOil,tscv,22,2025-06-09,636,1,PatchTST,XGBoost,69.44467163085938,70.64456176757812,-1.19989013671875
Multivariate+Exogenous,exogenous,WTI Oil,Com_CrudeOil,tscv,22,2025-06-16,637,2,PatchTST,XGBoost,73.4095687866211,68.16542053222656,5.244148254394531
Multivariate+Exogenous,exogenous,WTI Oil,Com_CrudeOil,tscv,22,2025-06-23,638,3,PatchTST,XGBoost,65.62223052978516,69.0591049194336,-3.4368743896484375
Multivariate+Exogenous,exogenous,WTI Oil,Com_CrudeOil,tscv,22,2025-06-30,639,4,PatchTST,XGBoost,66.21095275878906,71.4805908203125,-5.2696380615234375
Multivariate+Exogenous,exogenous,WTI Oil,Com_CrudeOil,tscv,22,2025-07-07,640,5,PatchTST,XGBoost,68.04521942138672,73.13895416259766,-5.0937347412109375
Multivariate+Exogenous,exogenous,WTI Oil,Com_CrudeOil,tscv,22,2025-07-14,641,6,PatchTST,XGBoost,66.42243194580078,68.64608764648438,-2.2236557006835938
Multivariate+Exogenous,exogenous,WTI Oil,Com_CrudeOil,tscv,22,2025-07-21,642,7,PatchTST,XGBoost,65.51323699951172,65.60118103027344,-0.08794403076171875
Multivariate+Exogenous,exogenous,WTI Oil,Com_CrudeOil,tscv,22,2025-07-28,643,8,PatchTST,XGBoost,68.28096771240234,65.84827423095703,2.4326934814453125
Multivariate+Exogenous,exogenous,WTI Oil,Com_CrudeOil,tscv,22,2025-08-04,644,9,PatchTST,XGBoost,64.51432037353516,61.19573974609375,3.3185806274414062
Multivariate+Exogenous,exogenous,WTI Oil,Com_CrudeOil,tscv,22,2025-08-11,645,10,PatchTST,XGBoost,63.105133056640625,62.111698150634766,0.9934349060058594
Multivariate+Exogenous,exogenous,WTI Oil,Com_CrudeOil,tscv,22,2025-08-18,646,11,PatchTST,XGBoost,63.027198791503906,63.25716018676758,-0.22996139526367188
Multivariate+Exogenous,exogenous,WTI Oil,Com_CrudeOil,tscv,22,2025-08-25,647,12,PatchTST,XGBoost,64.09881591796875,62.78072738647461,1.3180885314941406
Multivariate+Exogenous,exogenous,WTI Oil,Com_CrudeOil,tscv,22,2025-06-09,636,1,PatchTST,LightGBM,69.44467163085938,69.83475494384766,-0.39008331298828125
Multivariate+Exogenous,exogenous,WTI Oil,Com_CrudeOil,tscv,22,2025-06-16,637,2,PatchTST,LightGBM,73.4095687866211,66.9479751586914,6.4615936279296875
Multivariate+Exogenous,exogenous,WTI Oil,Com_CrudeOil,tscv,22,2025-06-23,638,3,PatchTST,LightGBM,65.62223052978516,67.9623794555664,-2.34014892578125
Multivariate+Exogenous,exogenous,WTI Oil,Com_CrudeOil,tscv,22,2025-06-30,639,4,PatchTST,LightGBM,66.21095275878906,71.28143310546875,-5.0704803466796875
Multivariate+Exogenous,exogenous,WTI Oil,Com_CrudeOil,tscv,22,2025-07-07,640,5,PatchTST,LightGBM,68.04521942138672,69.29519653320312,-1.2499771118164062
Multivariate+Exogenous,exogenous,WTI Oil,Com_CrudeOil,tscv,22,2025-07-14,641,6,PatchTST,LightGBM,66.42243194580078,63.19866180419922,3.2237701416015625
Multivariate+Exogenous,exogenous,WTI Oil,Com_CrudeOil,tscv,22,2025-07-21,642,7,PatchTST,LightGBM,65.51323699951172,60.03678512573242,5.476451873779297
Multivariate+Exogenous,exogenous,WTI Oil,Com_CrudeOil,tscv,22,2025-07-28,643,8,PatchTST,LightGBM,68.28096771240234,60.025001525878906,8.255966186523438
Multivariate+Exogenous,exogenous,WTI Oil,Com_CrudeOil,tscv,22,2025-08-04,644,9,PatchTST,LightGBM,64.51432037353516,60.045753479003906,4.46856689453125
Multivariate+Exogenous,exogenous,WTI Oil,Com_CrudeOil,tscv,22,2025-08-11,645,10,PatchTST,LightGBM,63.105133056640625,61.279666900634766,1.8254661560058594
Multivariate+Exogenous,exogenous,WTI Oil,Com_CrudeOil,tscv,22,2025-08-18,646,11,PatchTST,LightGBM,63.027198791503906,61.95772171020508,1.0694770812988281
Multivariate+Exogenous,exogenous,WTI Oil,Com_CrudeOil,tscv,22,2025-08-25,647,12,PatchTST,LightGBM,64.09881591796875,62.174922943115234,1.9238929748535156
Multivariate+Exogenous,exogenous,WTI Oil,Com_CrudeOil,tscv,23,2025-07-07,640,1,PatchTST,-,68.04521942138672,58.12016677856445,9.925052642822266
Multivariate+Exogenous,exogenous,WTI Oil,Com_CrudeOil,tscv,23,2025-07-14,641,2,PatchTST,-,66.42243194580078,61.798309326171875,4.624122619628906
Multivariate+Exogenous,exogenous,WTI Oil,Com_CrudeOil,tscv,23,2025-07-21,642,3,PatchTST,-,65.51323699951172,60.30178451538086,5.211452484130859
Multivariate+Exogenous,exogenous,WTI Oil,Com_CrudeOil,tscv,23,2025-07-28,643,4,PatchTST,-,68.28096771240234,65.32585906982422,2.955108642578125
Multivariate+Exogenous,exogenous,WTI Oil,Com_CrudeOil,tscv,23,2025-08-04,644,5,PatchTST,-,64.51432037353516,64.5576400756836,-0.0433197021484375
Multivariate+Exogenous,exogenous,WTI Oil,Com_CrudeOil,tscv,23,2025-08-11,645,6,PatchTST,-,63.105133056640625,62.188758850097656,0.9163742065429688
Multivariate+Exogenous,exogenous,WTI Oil,Com_CrudeOil,tscv,23,2025-08-18,646,7,PatchTST,-,63.027198791503906,59.82539367675781,3.2018051147460938
Multivariate+Exogenous,exogenous,WTI Oil,Com_CrudeOil,tscv,23,2025-08-25,647,8,PatchTST,-,64.09881591796875,62.898433685302734,1.2003822326660156
Multivariate+Exogenous,exogenous,WTI Oil,Com_CrudeOil,tscv,23,2025-09-01,648,9,PatchTST,-,63.698848724365234,62.595279693603516,1.1035690307617188
Multivariate+Exogenous,exogenous,WTI Oil,Com_CrudeOil,tscv,23,2025-09-08,649,10,PatchTST,-,62.78846740722656,60.267982482910156,2.5204849243164062
Multivariate+Exogenous,exogenous,WTI Oil,Com_CrudeOil,tscv,23,2025-09-15,650,11,PatchTST,-,63.33338165283203,62.355308532714844,0.9780731201171875
Multivariate+Exogenous,exogenous,WTI Oil,Com_CrudeOil,tscv,23,2025-09-22,651,12,PatchTST,-,64.44023132324219,60.99880599975586,3.441425323486328
Multivariate+Exogenous,exogenous,WTI Oil,Com_CrudeOil,tscv,23,2025-07-07,640,1,PatchTST,NLinear,68.04521942138672,58.167659759521484,9.877559661865234
Multivariate+Exogenous,exogenous,WTI Oil,Com_CrudeOil,tscv,23,2025-07-14,641,2,PatchTST,NLinear,66.42243194580078,60.955081939697266,5.467350006103516
Multivariate+Exogenous,exogenous,WTI Oil,Com_CrudeOil,tscv,23,2025-07-21,642,3,PatchTST,NLinear,65.51323699951172,57.53105545043945,7.982181549072266
Multivariate+Exogenous,exogenous,WTI Oil,Com_CrudeOil,tscv,23,2025-07-28,643,4,PatchTST,NLinear,68.28096771240234,63.76653289794922,4.514434814453125
Multivariate+Exogenous,exogenous,WTI Oil,Com_CrudeOil,tscv,23,2025-08-04,644,5,PatchTST,NLinear,64.51432037353516,62.59001922607422,1.9243011474609375
Multivariate+Exogenous,exogenous,WTI Oil,Com_CrudeOil,tscv,23,2025-08-11,645,6,PatchTST,NLinear,63.105133056640625,59.234100341796875,3.87103271484375
Multivariate+Exogenous,exogenous,WTI Oil,Com_CrudeOil,tscv,23,2025-08-18,646,7,PatchTST,NLinear,63.027198791503906,56.26365280151367,6.763545989990234
Multivariate+Exogenous,exogenous,WTI Oil,Com_CrudeOil,tscv,23,2025-08-25,647,8,PatchTST,NLinear,64.09881591796875,57.440650939941406,6.658164978027344
Multivariate+Exogenous,exogenous,WTI Oil,Com_CrudeOil,tscv,23,2025-09-01,648,9,PatchTST,NLinear,63.698848724365234,56.906959533691406,6.791889190673828
Multivariate+Exogenous,exogenous,WTI Oil,Com_CrudeOil,tscv,23,2025-09-08,649,10,PatchTST,NLinear,62.78846740722656,54.639183044433594,8.149284362792969
Multivariate+Exogenous,exogenous,WTI Oil,Com_CrudeOil,tscv,23,2025-09-15,650,11,PatchTST,NLinear,63.33338165283203,57.3792839050293,5.954097747802734
Multivariate+Exogenous,exogenous,WTI Oil,Com_CrudeOil,tscv,23,2025-09-22,651,12,PatchTST,NLinear,64.44023132324219,56.50808334350586,7.932147979736328
Multivariate+Exogenous,exogenous,WTI Oil,Com_CrudeOil,tscv,23,2025-07-07,640,1,PatchTST,iTransformer,68.04521942138672,54.682029724121094,13.363189697265625
Multivariate+Exogenous,exogenous,WTI Oil,Com_CrudeOil,tscv,23,2025-07-14,641,2,PatchTST,iTransformer,66.42243194580078,58.187705993652344,8.234725952148438
Multivariate+Exogenous,exogenous,WTI Oil,Com_CrudeOil,tscv,23,2025-07-21,642,3,PatchTST,iTransformer,65.51323699951172,58.76974868774414,6.743488311767578
Multivariate+Exogenous,exogenous,WTI Oil,Com_CrudeOil,tscv,23,2025-07-28,643,4,PatchTST,iTransformer,68.28096771240234,62.877471923828125,5.403495788574219
Multivariate+Exogenous,exogenous,WTI Oil,Com_CrudeOil,tscv,23,2025-08-04,644,5,PatchTST,iTransformer,64.51432037353516,60.93043518066406,3.5838851928710938
Multivariate+Exogenous,exogenous,WTI Oil,Com_CrudeOil,tscv,23,2025-08-11,645,6,PatchTST,iTransformer,63.105133056640625,58.536075592041016,4.569057464599609
Multivariate+Exogenous,exogenous,WTI Oil,Com_CrudeOil,tscv,23,2025-08-18,646,7,PatchTST,iTransformer,63.027198791503906,55.96246337890625,7.064735412597656
Multivariate+Exogenous,exogenous,WTI Oil,Com_CrudeOil,tscv,23,2025-08-25,647,8,PatchTST,iTransformer,64.09881591796875,57.46343994140625,6.6353759765625
Multivariate+Exogenous,exogenous,WTI Oil,Com_CrudeOil,tscv,23,2025-09-01,648,9,PatchTST,iTransformer,63.698848724365234,57.25555419921875,6.443294525146484
Multivariate+Exogenous,exogenous,WTI Oil,Com_CrudeOil,tscv,23,2025-09-08,649,10,PatchTST,iTransformer,62.78846740722656,57.02592086791992,5.762546539306641
Multivariate+Exogenous,exogenous,WTI Oil,Com_CrudeOil,tscv,23,2025-09-15,650,11,PatchTST,iTransformer,63.33338165283203,58.489017486572266,4.844364166259766
Multivariate+Exogenous,exogenous,WTI Oil,Com_CrudeOil,tscv,23,2025-09-22,651,12,PatchTST,iTransformer,64.44023132324219,59.220638275146484,5.219593048095703
Multivariate+Exogenous,exogenous,WTI Oil,Com_CrudeOil,tscv,23,2025-07-07,640,1,PatchTST,XGBoost,68.04521942138672,63.36435317993164,4.680866241455078
Multivariate+Exogenous,exogenous,WTI Oil,Com_CrudeOil,tscv,23,2025-07-14,641,2,PatchTST,XGBoost,66.42243194580078,66.70112609863281,-0.27869415283203125
Multivariate+Exogenous,exogenous,WTI Oil,Com_CrudeOil,tscv,23,2025-07-21,642,3,PatchTST,XGBoost,65.51323699951172,63.019046783447266,2.494190216064453
Multivariate+Exogenous,exogenous,WTI Oil,Com_CrudeOil,tscv,23,2025-07-28,643,4,PatchTST,XGBoost,68.28096771240234,68.13072967529297,0.150238037109375
Multivariate+Exogenous,exogenous,WTI Oil,Com_CrudeOil,tscv,23,2025-08-04,644,5,PatchTST,XGBoost,64.51432037353516,69.79998779296875,-5.285667419433594
Multivariate+Exogenous,exogenous,WTI Oil,Com_CrudeOil,tscv,23,2025-08-11,645,6,PatchTST,XGBoost,63.105133056640625,70.72911834716797,-7.623985290527344
Multivariate+Exogenous,exogenous,WTI Oil,Com_CrudeOil,tscv,23,2025-08-18,646,7,PatchTST,XGBoost,63.027198791503906,65.43217468261719,-2.4049758911132812
Multivariate+Exogenous,exogenous,WTI Oil,Com_CrudeOil,tscv,23,2025-08-25,647,8,PatchTST,XGBoost,64.09881591796875,68.18067169189453,-4.081855773925781
Multivariate+Exogenous,exogenous,WTI Oil,Com_CrudeOil,tscv,23,2025-09-01,648,9,PatchTST,XGBoost,63.698848724365234,67.08475494384766,-3.385906219482422
Multivariate+Exogenous,exogenous,WTI Oil,Com_CrudeOil,tscv,23,2025-09-08,649,10,PatchTST,XGBoost,62.78846740722656,63.83293533325195,-1.0444679260253906
Multivariate+Exogenous,exogenous,WTI Oil,Com_CrudeOil,tscv,23,2025-09-15,650,11,PatchTST,XGBoost,63.33338165283203,65.48873138427734,-2.1553497314453125
Multivariate+Exogenous,exogenous,WTI Oil,Com_CrudeOil,tscv,23,2025-09-22,651,12,PatchTST,XGBoost,64.44023132324219,66.80384826660156,-2.363616943359375
Multivariate+Exogenous,exogenous,WTI Oil,Com_CrudeOil,tscv,23,2025-07-07,640,1,PatchTST,LightGBM,68.04521942138672,63.85187911987305,4.193340301513672
Multivariate+Exogenous,exogenous,WTI Oil,Com_CrudeOil,tscv,23,2025-07-14,641,2,PatchTST,LightGBM,66.42243194580078,67.53002166748047,-1.1075897216796875
Multivariate+Exogenous,exogenous,WTI Oil,Com_CrudeOil,tscv,23,2025-07-21,642,3,PatchTST,LightGBM,65.51323699951172,64.37025451660156,1.1429824829101562
Multivariate+Exogenous,exogenous,WTI Oil,Com_CrudeOil,tscv,23,2025-07-28,643,4,PatchTST,LightGBM,68.28096771240234,69.39432525634766,-1.1133575439453125
Multivariate+Exogenous,exogenous,WTI Oil,Com_CrudeOil,tscv,23,2025-08-04,644,5,PatchTST,LightGBM,64.51432037353516,71.07201385498047,-6.5576934814453125
Multivariate+Exogenous,exogenous,WTI Oil,Com_CrudeOil,tscv,23,2025-08-11,645,6,PatchTST,LightGBM,63.105133056640625,68.39844512939453,-5.293312072753906
Multivariate+Exogenous,exogenous,WTI Oil,Com_CrudeOil,tscv,23,2025-08-18,646,7,PatchTST,LightGBM,63.027198791503906,65.5571060180664,-2.5299072265625
Multivariate+Exogenous,exogenous,WTI Oil,Com_CrudeOil,tscv,23,2025-08-25,647,8,PatchTST,LightGBM,64.09881591796875,68.6301498413086,-4.531333923339844
Multivariate+Exogenous,exogenous,WTI Oil,Com_CrudeOil,tscv,23,2025-09-01,648,9,PatchTST,LightGBM,63.698848724365234,68.32699584960938,-4.628147125244141
Multivariate+Exogenous,exogenous,WTI Oil,Com_CrudeOil,tscv,23,2025-09-08,649,10,PatchTST,LightGBM,62.78846740722656,64.3364486694336,-1.5479812622070312
Multivariate+Exogenous,exogenous,WTI Oil,Com_CrudeOil,tscv,23,2025-09-15,650,11,PatchTST,LightGBM,63.33338165283203,66.42377471923828,-3.09039306640625
Multivariate+Exogenous,exogenous,WTI Oil,Com_CrudeOil,tscv,23,2025-09-22,651,12,PatchTST,LightGBM,64.44023132324219,66.73052215576172,-2.2902908325195312
Multivariate+Exogenous,exogenous,WTI Oil,Com_CrudeOil,tscv,24,2025-08-04,644,1,PatchTST,-,64.51432037353516,62.48893356323242,2.0253868103027344
Multivariate+Exogenous,exogenous,WTI Oil,Com_CrudeOil,tscv,24,2025-08-11,645,2,PatchTST,-,63.105133056640625,63.24581527709961,-0.14068222045898438
Multivariate+Exogenous,exogenous,WTI Oil,Com_CrudeOil,tscv,24,2025-08-18,646,3,PatchTST,-,63.027198791503906,69.74488830566406,-6.717689514160156
Multivariate+Exogenous,exogenous,WTI Oil,Com_CrudeOil,tscv,24,2025-08-25,647,4,PatchTST,-,64.09881591796875,72.25785827636719,-8.159042358398438
Multivariate+Exogenous,exogenous,WTI Oil,Com_CrudeOil,tscv,24,2025-09-01,648,5,PatchTST,-,63.698848724365234,68.3420181274414,-4.643169403076172
Multivariate+Exogenous,exogenous,WTI Oil,Com_CrudeOil,tscv,24,2025-09-08,649,6,PatchTST,-,62.78846740722656,69.96070861816406,-7.1722412109375
Multivariate+Exogenous,exogenous,WTI Oil,Com_CrudeOil,tscv,24,2025-09-15,650,7,PatchTST,-,63.33338165283203,72.93010711669922,-9.596725463867188
Multivariate+Exogenous,exogenous,WTI Oil,Com_CrudeOil,tscv,24,2025-09-22,651,8,PatchTST,-,64.44023132324219,65.40924072265625,-0.9690093994140625
Multivariate+Exogenous,exogenous,WTI Oil,Com_CrudeOil,tscv,24,2025-09-29,652,9,PatchTST,-,61.66062927246094,67.8945541381836,-6.233924865722656
Multivariate+Exogenous,exogenous,WTI Oil,Com_CrudeOil,tscv,24,2025-10-06,653,10,PatchTST,-,60.71498489379883,64.56024932861328,-3.845264434814453
Multivariate+Exogenous,exogenous,WTI Oil,Com_CrudeOil,tscv,24,2025-10-13,654,11,PatchTST,-,57.92998504638672,68.48918151855469,-10.559196472167969
Multivariate+Exogenous,exogenous,WTI Oil,Com_CrudeOil,tscv,24,2025-10-20,655,12,PatchTST,-,59.868587493896484,70.43646240234375,-10.567874908447266
Multivariate+Exogenous,exogenous,WTI Oil,Com_CrudeOil,tscv,24,2025-08-04,644,1,PatchTST,NLinear,64.51432037353516,70.06402587890625,-5.549705505371094
Multivariate+Exogenous,exogenous,WTI Oil,Com_CrudeOil,tscv,24,2025-08-11,645,2,PatchTST,NLinear,63.105133056640625,70.62838745117188,-7.52325439453125
Multivariate+Exogenous,exogenous,WTI Oil,Com_CrudeOil,tscv,24,2025-08-18,646,3,PatchTST,NLinear,63.027198791503906,77.02587890625,-13.998680114746094
Multivariate+Exogenous,exogenous,WTI Oil,Com_CrudeOil,tscv,24,2025-08-25,647,4,PatchTST,NLinear,64.09881591796875,79.54215240478516,-15.443336486816406
Multivariate+Exogenous,exogenous,WTI Oil,Com_CrudeOil,tscv,24,2025-09-01,648,5,PatchTST,NLinear,63.698848724365234,74.86482238769531,-11.165973663330078
Multivariate+Exogenous,exogenous,WTI Oil,Com_CrudeOil,tscv,24,2025-09-08,649,6,PatchTST,NLinear,62.78846740722656,76.9510498046875,-14.162582397460938
Multivariate+Exogenous,exogenous,WTI Oil,Com_CrudeOil,tscv,24,2025-09-15,650,7,PatchTST,NLinear,63.33338165283203,79.62454986572266,-16.291168212890625
Multivariate+Exogenous,exogenous,WTI Oil,Com_CrudeOil,tscv,24,2025-09-22,651,8,PatchTST,NLinear,64.44023132324219,71.67007446289062,-7.2298431396484375
Multivariate+Exogenous,exogenous,WTI Oil,Com_CrudeOil,tscv,24,2025-09-29,652,9,PatchTST,NLinear,61.66062927246094,73.43134307861328,-11.770713806152344
Multivariate+Exogenous,exogenous,WTI Oil,Com_CrudeOil,tscv,24,2025-10-06,653,10,PatchTST,NLinear,60.71498489379883,69.13665008544922,-8.42166519165039
Multivariate+Exogenous,exogenous,WTI Oil,Com_CrudeOil,tscv,24,2025-10-13,654,11,PatchTST,NLinear,57.92998504638672,73.47305297851562,-15.543067932128906
Multivariate+Exogenous,exogenous,WTI Oil,Com_CrudeOil,tscv,24,2025-10-20,655,12,PatchTST,NLinear,59.868587493896484,75.0530776977539,-15.184490203857422
Multivariate+Exogenous,exogenous,WTI Oil,Com_CrudeOil,tscv,24,2025-08-04,644,1,PatchTST,iTransformer,64.51432037353516,67.12471008300781,-2.6103897094726562
Multivariate+Exogenous,exogenous,WTI Oil,Com_CrudeOil,tscv,24,2025-08-11,645,2,PatchTST,iTransformer,63.105133056640625,68.67461395263672,-5.569480895996094
Multivariate+Exogenous,exogenous,WTI Oil,Com_CrudeOil,tscv,24,2025-08-18,646,3,PatchTST,iTransformer,63.027198791503906,74.7269515991211,-11.699752807617188
Multivariate+Exogenous,exogenous,WTI Oil,Com_CrudeOil,tscv,24,2025-08-25,647,4,PatchTST,iTransformer,64.09881591796875,76.33480072021484,-12.235984802246094
Multivariate+Exogenous,exogenous,WTI Oil,Com_CrudeOil,tscv,24,2025-09-01,648,5,PatchTST,iTransformer,63.698848724365234,72.13800048828125,-8.439151763916016
Multivariate+Exogenous,exogenous,WTI Oil,Com_CrudeOil,tscv,24,2025-09-08,649,6,PatchTST,iTransformer,62.78846740722656,74.53351593017578,-11.745048522949219
Multivariate+Exogenous,exogenous,WTI Oil,Com_CrudeOil,tscv,24,2025-09-15,650,7,PatchTST,iTransformer,63.33338165283203,77.05057525634766,-13.717193603515625
Multivariate+Exogenous,exogenous,WTI Oil,Com_CrudeOil,tscv,24,2025-09-22,651,8,PatchTST,iTransformer,64.44023132324219,70.05191802978516,-5.611686706542969
Multivariate+Exogenous,exogenous,WTI Oil,Com_CrudeOil,tscv,24,2025-09-29,652,9,PatchTST,iTransformer,61.66062927246094,72.37049102783203,-10.709861755371094
Multivariate+Exogenous,exogenous,WTI Oil,Com_CrudeOil,tscv,24,2025-10-06,653,10,PatchTST,iTransformer,60.71498489379883,69.19696807861328,-8.481983184814453
Multivariate+Exogenous,exogenous,WTI Oil,Com_CrudeOil,tscv,24,2025-10-13,654,11,PatchTST,iTransformer,57.92998504638672,73.34613037109375,-15.416145324707031
Multivariate+Exogenous,exogenous,WTI Oil,Com_CrudeOil,tscv,24,2025-10-20,655,12,PatchTST,iTransformer,59.868587493896484,75.37730407714844,-15.508716583251953
Multivariate+Exogenous,exogenous,WTI Oil,Com_CrudeOil,tscv,24,2025-08-04,644,1,PatchTST,XGBoost,64.51432037353516,70.45565795898438,-5.941337585449219
Multivariate+Exogenous,exogenous,WTI Oil,Com_CrudeOil,tscv,24,2025-08-11,645,2,PatchTST,XGBoost,63.105133056640625,71.08495330810547,-7.979820251464844
Multivariate+Exogenous,exogenous,WTI Oil,Com_CrudeOil,tscv,24,2025-08-18,646,3,PatchTST,XGBoost,63.027198791503906,77.62300872802734,-14.595809936523438
Multivariate+Exogenous,exogenous,WTI Oil,Com_CrudeOil,tscv,24,2025-08-25,647,4,PatchTST,XGBoost,64.09881591796875,79.86814880371094,-15.769332885742188
Multivariate+Exogenous,exogenous,WTI Oil,Com_CrudeOil,tscv,24,2025-09-01,648,5,PatchTST,XGBoost,63.698848724365234,75.95230865478516,-12.253459930419922
Multivariate+Exogenous,exogenous,WTI Oil,Com_CrudeOil,tscv,24,2025-09-08,649,6,PatchTST,XGBoost,62.78846740722656,77.35547637939453,-14.567008972167969
Multivariate+Exogenous,exogenous,WTI Oil,Com_CrudeOil,tscv,24,2025-09-15,650,7,PatchTST,XGBoost,63.33338165283203,80.54039764404297,-17.207015991210938
Multivariate+Exogenous,exogenous,WTI Oil,Com_CrudeOil,tscv,24,2025-09-22,651,8,PatchTST,XGBoost,64.44023132324219,73.1081314086914,-8.667900085449219
Multivariate+Exogenous,exogenous,WTI Oil,Com_CrudeOil,tscv,24,2025-09-29,652,9,PatchTST,XGBoost,61.66062927246094,75.50484466552734,-13.844215393066406
Multivariate+Exogenous,exogenous,WTI Oil,Com_CrudeOil,tscv,24,2025-10-06,653,10,PatchTST,XGBoost,60.71498489379883,72.44696044921875,-11.731975555419922
Multivariate+Exogenous,exogenous,WTI Oil,Com_CrudeOil,tscv,24,2025-10-13,654,11,PatchTST,XGBoost,57.92998504638672,76.36730194091797,-18.43731689453125
Multivariate+Exogenous,exogenous,WTI Oil,Com_CrudeOil,tscv,24,2025-10-20,655,12,PatchTST,XGBoost,59.868587493896484,78.32317352294922,-18.454586029052734
Multivariate+Exogenous,exogenous,WTI Oil,Com_CrudeOil,tscv,24,2025-08-04,644,1,PatchTST,LightGBM,64.51432037353516,69.33650970458984,-4.8221893310546875
Multivariate+Exogenous,exogenous,WTI Oil,Com_CrudeOil,tscv,24,2025-08-11,645,2,PatchTST,LightGBM,63.105133056640625,70.09339141845703,-6.988258361816406
Multivariate+Exogenous,exogenous,WTI Oil,Com_CrudeOil,tscv,24,2025-08-18,646,3,PatchTST,LightGBM,63.027198791503906,76.29647064208984,-13.269271850585938
Multivariate+Exogenous,exogenous,WTI Oil,Com_CrudeOil,tscv,24,2025-08-25,647,4,PatchTST,LightGBM,64.09881591796875,79.10543823242188,-15.006622314453125
Multivariate+Exogenous,exogenous,WTI Oil,Com_CrudeOil,tscv,24,2025-09-01,648,5,PatchTST,LightGBM,63.698848724365234,75.1895980834961,-11.49074935913086
Multivariate+Exogenous,exogenous,WTI Oil,Com_CrudeOil,tscv,24,2025-09-08,649,6,PatchTST,LightGBM,62.78846740722656,76.80828857421875,-14.019821166992188
Multivariate+Exogenous,exogenous,WTI Oil,Com_CrudeOil,tscv,24,2025-09-15,650,7,PatchTST,LightGBM,63.33338165283203,79.481689453125,-16.14830780029297
Multivariate+Exogenous,exogenous,WTI Oil,Com_CrudeOil,tscv,24,2025-09-22,651,8,PatchTST,LightGBM,64.44023132324219,71.96082305908203,-7.520591735839844
Multivariate+Exogenous,exogenous,WTI Oil,Com_CrudeOil,tscv,24,2025-09-29,652,9,PatchTST,LightGBM,61.66062927246094,74.74213409423828,-13.081504821777344
Multivariate+Exogenous,exogenous,WTI Oil,Com_CrudeOil,tscv,24,2025-10-06,653,10,PatchTST,LightGBM,60.71498489379883,71.40782928466797,-10.69284439086914
Multivariate+Exogenous,exogenous,WTI Oil,Com_CrudeOil,tscv,24,2025-10-13,654,11,PatchTST,LightGBM,57.92998504638672,75.33676147460938,-17.406776428222656
Multivariate+Exogenous,exogenous,WTI Oil,Com_CrudeOil,tscv,24,2025-10-20,655,12,PatchTST,LightGBM,59.868587493896484,76.90557098388672,-17.036983489990234
Multivariate+Exogenous,exogenous,WTI Oil,Com_CrudeOil,holdout,1,2025-10-27,656,1,PatchTST,-,60.77857208251953,47.08725357055664,13.69131851196289
Multivariate+Exogenous,exogenous,WTI Oil,Com_CrudeOil,holdout,1,2025-11-03,657,2,PatchTST,-,60.05507278442383,48.010398864746094,12.044673919677734
Multivariate+Exogenous,exogenous,WTI Oil,Com_CrudeOil,holdout,1,2025-11-10,658,3,PatchTST,-,59.70945739746094,52.14060592651367,7.568851470947266
Multivariate+Exogenous,exogenous,WTI Oil,Com_CrudeOil,holdout,1,2025-11-17,659,4,PatchTST,-,58.993499755859375,46.63377380371094,12.359725952148438
Multivariate+Exogenous,exogenous,WTI Oil,Com_CrudeOil,holdout,1,2025-11-24,660,5,PatchTST,-,58.810028076171875,48.21879959106445,10.591228485107422
Multivariate+Exogenous,exogenous,WTI Oil,Com_CrudeOil,holdout,1,2025-12-01,661,6,PatchTST,-,59.567256927490234,50.095401763916016,9.471855163574219
Multivariate+Exogenous,exogenous,WTI Oil,Com_CrudeOil,holdout,1,2025-12-08,662,7,PatchTST,-,57.97571563720703,48.620574951171875,9.355140686035156
Multivariate+Exogenous,exogenous,WTI Oil,Com_CrudeOil,holdout,1,2025-12-15,663,8,PatchTST,-,56.28154373168945,58.85136032104492,-2.5698165893554688
Multivariate+Exogenous,exogenous,WTI Oil,Com_CrudeOil,holdout,1,2025-12-22,664,9,PatchTST,-,57.7086296081543,51.71754455566406,5.991085052490234
Multivariate+Exogenous,exogenous,WTI Oil,Com_CrudeOil,holdout,1,2025-12-29,665,10,PatchTST,-,57.53675842285156,48.749568939208984,8.787189483642578
Multivariate+Exogenous,exogenous,WTI Oil,Com_CrudeOil,holdout,1,2026-01-05,666,11,PatchTST,-,58.08931350708008,50.38645553588867,7.702857971191406
Multivariate+Exogenous,exogenous,WTI Oil,Com_CrudeOil,holdout,1,2026-01-12,667,12,PatchTST,-,59.76057052612305,52.09560775756836,7.6649627685546875
Multivariate+Exogenous,exogenous,WTI Oil,Com_CrudeOil,holdout,1,2025-10-27,656,1,PatchTST,NLinear,60.77857208251953,51.64085388183594,9.137718200683594
Multivariate+Exogenous,exogenous,WTI Oil,Com_CrudeOil,holdout,1,2025-11-03,657,2,PatchTST,NLinear,60.05507278442383,55.269737243652344,4.785335540771484
Multivariate+Exogenous,exogenous,WTI Oil,Com_CrudeOil,holdout,1,2025-11-10,658,3,PatchTST,NLinear,59.70945739746094,60.439430236816406,-0.7299728393554688
Multivariate+Exogenous,exogenous,WTI Oil,Com_CrudeOil,holdout,1,2025-11-17,659,4,PatchTST,NLinear,58.993499755859375,55.27175521850586,3.7217445373535156
Multivariate+Exogenous,exogenous,WTI Oil,Com_CrudeOil,holdout,1,2025-11-24,660,5,PatchTST,NLinear,58.810028076171875,57.04966735839844,1.7603607177734375
Multivariate+Exogenous,exogenous,WTI Oil,Com_CrudeOil,holdout,1,2025-12-01,661,6,PatchTST,NLinear,59.567256927490234,58.97169876098633,0.5955581665039062
Multivariate+Exogenous,exogenous,WTI Oil,Com_CrudeOil,holdout,1,2025-12-08,662,7,PatchTST,NLinear,57.97571563720703,59.129920959472656,-1.154205322265625
Multivariate+Exogenous,exogenous,WTI Oil,Com_CrudeOil,holdout,1,2025-12-15,663,8,PatchTST,NLinear,56.28154373168945,69.97022247314453,-13.688678741455078
Multivariate+Exogenous,exogenous,WTI Oil,Com_CrudeOil,holdout,1,2025-12-22,664,9,PatchTST,NLinear,57.7086296081543,62.04340362548828,-4.334774017333984
Multivariate+Exogenous,exogenous,WTI Oil,Com_CrudeOil,holdout,1,2025-12-29,665,10,PatchTST,NLinear,57.53675842285156,59.06661605834961,-1.5298576354980469
Multivariate+Exogenous,exogenous,WTI Oil,Com_CrudeOil,holdout,1,2026-01-05,666,11,PatchTST,NLinear,58.08931350708008,59.580875396728516,-1.4915618896484375
Multivariate+Exogenous,exogenous,WTI Oil,Com_CrudeOil,holdout,1,2026-01-12,667,12,PatchTST,NLinear,59.76057052612305,61.98789978027344,-2.2273292541503906
Multivariate+Exogenous,exogenous,WTI Oil,Com_CrudeOil,holdout,1,2025-10-27,656,1,PatchTST,iTransformer,60.77857208251953,53.114566802978516,7.664005279541016
Multivariate+Exogenous,exogenous,WTI Oil,Com_CrudeOil,holdout,1,2025-11-03,657,2,PatchTST,iTransformer,60.05507278442383,54.45829772949219,5.596775054931641
Multivariate+Exogenous,exogenous,WTI Oil,Com_CrudeOil,holdout,1,2025-11-10,658,3,PatchTST,iTransformer,59.70945739746094,58.70657730102539,1.0028800964355469
Multivariate+Exogenous,exogenous,WTI Oil,Com_CrudeOil,holdout,1,2025-11-17,659,4,PatchTST,iTransformer,58.993499755859375,52.97193145751953,6.021568298339844
Multivariate+Exogenous,exogenous,WTI Oil,Com_CrudeOil,holdout,1,2025-11-24,660,5,PatchTST,iTransformer,58.810028076171875,54.43838882446289,4.371639251708984
Multivariate+Exogenous,exogenous,WTI Oil,Com_CrudeOil,holdout,1,2025-12-01,661,6,PatchTST,iTransformer,59.567256927490234,56.87959671020508,2.6876602172851562
Multivariate+Exogenous,exogenous,WTI Oil,Com_CrudeOil,holdout,1,2025-12-08,662,7,PatchTST,iTransformer,57.97571563720703,55.2243537902832,2.751361846923828
Multivariate+Exogenous,exogenous,WTI Oil,Com_CrudeOil,holdout,1,2025-12-15,663,8,PatchTST,iTransformer,56.28154373168945,64.24858856201172,-7.967044830322266
Multivariate+Exogenous,exogenous,WTI Oil,Com_CrudeOil,holdout,1,2025-12-22,664,9,PatchTST,iTransformer,57.7086296081543,57.35082244873047,0.3578071594238281
Multivariate+Exogenous,exogenous,WTI Oil,Com_CrudeOil,holdout,1,2025-12-29,665,10,PatchTST,iTransformer,57.53675842285156,54.595149993896484,2.941608428955078
Multivariate+Exogenous,exogenous,WTI Oil,Com_CrudeOil,holdout,1,2026-01-05,666,11,PatchTST,iTransformer,58.08931350708008,56.25050735473633,1.83880615234375
Multivariate+Exogenous,exogenous,WTI Oil,Com_CrudeOil,holdout,1,2026-01-12,667,12,PatchTST,iTransformer,59.76057052612305,58.337928771972656,1.4226417541503906
Multivariate+Exogenous,exogenous,WTI Oil,Com_CrudeOil,holdout,1,2025-10-27,656,1,PatchTST,XGBoost,60.77857208251953,50.26873016357422,10.509841918945312
Multivariate+Exogenous,exogenous,WTI Oil,Com_CrudeOil,holdout,1,2025-11-03,657,2,PatchTST,XGBoost,60.05507278442383,51.45248794555664,8.602584838867188
Multivariate+Exogenous,exogenous,WTI Oil,Com_CrudeOil,holdout,1,2025-11-10,658,3,PatchTST,XGBoost,59.70945739746094,55.41757583618164,4.291881561279297
Multivariate+Exogenous,exogenous,WTI Oil,Com_CrudeOil,holdout,1,2025-11-17,659,4,PatchTST,XGBoost,58.993499755859375,50.235939025878906,8.757560729980469
Multivariate+Exogenous,exogenous,WTI Oil,Com_CrudeOil,holdout,1,2025-11-24,660,5,PatchTST,XGBoost,58.810028076171875,51.565391540527344,7.244636535644531
Multivariate+Exogenous,exogenous,WTI Oil,Com_CrudeOil,holdout,1,2025-12-01,661,6,PatchTST,XGBoost,59.567256927490234,53.365928649902344,6.201328277587891
Multivariate+Exogenous,exogenous,WTI Oil,Com_CrudeOil,holdout,1,2025-12-08,662,7,PatchTST,XGBoost,57.97571563720703,51.96717071533203,6.008544921875
Multivariate+Exogenous,exogenous,WTI Oil,Com_CrudeOil,holdout,1,2025-12-15,663,8,PatchTST,XGBoost,56.28154373168945,62.29344940185547,-6.011905670166016
Multivariate+Exogenous,exogenous,WTI Oil,Com_CrudeOil,holdout,1,2025-12-22,664,9,PatchTST,XGBoost,57.7086296081543,55.31970977783203,2.3889198303222656
Multivariate+Exogenous,exogenous,WTI Oil,Com_CrudeOil,holdout,1,2025-12-29,665,10,PatchTST,XGBoost,57.53675842285156,52.19165802001953,5.345100402832031
Multivariate+Exogenous,exogenous,WTI Oil,Com_CrudeOil,holdout,1,2026-01-05,666,11,PatchTST,XGBoost,58.08931350708008,53.56793212890625,4.521381378173828
Multivariate+Exogenous,exogenous,WTI Oil,Com_CrudeOil,holdout,1,2026-01-12,667,12,PatchTST,XGBoost,59.76057052612305,55.37257766723633,4.387992858886719
Multivariate+Exogenous,exogenous,WTI Oil,Com_CrudeOil,holdout,1,2025-10-27,656,1,PatchTST,LightGBM,60.77857208251953,50.81620788574219,9.962364196777344
Multivariate+Exogenous,exogenous,WTI Oil,Com_CrudeOil,holdout,1,2025-11-03,657,2,PatchTST,LightGBM,60.05507278442383,51.73935317993164,8.315719604492188
Multivariate+Exogenous,exogenous,WTI Oil,Com_CrudeOil,holdout,1,2025-11-10,658,3,PatchTST,LightGBM,59.70945739746094,55.86956024169922,3.8398971557617188
Multivariate+Exogenous,exogenous,WTI Oil,Com_CrudeOil,holdout,1,2025-11-17,659,4,PatchTST,LightGBM,58.993499755859375,50.362728118896484,8.63077163696289
Multivariate+Exogenous,exogenous,WTI Oil,Com_CrudeOil,holdout,1,2025-11-24,660,5,PatchTST,LightGBM,58.810028076171875,51.94775390625,6.862274169921875
Multivariate+Exogenous,exogenous,WTI Oil,Com_CrudeOil,holdout,1,2025-12-01,661,6,PatchTST,LightGBM,59.567256927490234,53.82435607910156,5.742900848388672
Multivariate+Exogenous,exogenous,WTI Oil,Com_CrudeOil,holdout,1,2025-12-08,662,7,PatchTST,LightGBM,57.97571563720703,52.34952926635742,5.626186370849609
Multivariate+Exogenous,exogenous,WTI Oil,Com_CrudeOil,holdout,1,2025-12-15,663,8,PatchTST,LightGBM,56.28154373168945,62.58031463623047,-6.298770904541016
Multivariate+Exogenous,exogenous,WTI Oil,Com_CrudeOil,holdout,1,2025-12-22,664,9,PatchTST,LightGBM,57.7086296081543,55.44649887084961,2.2621307373046875
Multivariate+Exogenous,exogenous,WTI Oil,Com_CrudeOil,holdout,1,2025-12-29,665,10,PatchTST,LightGBM,57.53675842285156,52.47852325439453,5.058235168457031
Multivariate+Exogenous,exogenous,WTI Oil,Com_CrudeOil,holdout,1,2026-01-05,666,11,PatchTST,LightGBM,58.08931350708008,54.11540985107422,3.9739036560058594
Multivariate+Exogenous,exogenous,WTI Oil,Com_CrudeOil,holdout,1,2026-01-12,667,12,PatchTST,LightGBM,59.76057052612305,55.824562072753906,3.9360084533691406
Multivariate+Exogenous,exogenous,Brent Oil,Com_BrentCrudeOil,tscv,1,2023-10-30,552,1,PatchTST,-,84.9540023803711,76.37268829345703,8.581314086914062
Multivariate+Exogenous,exogenous,Brent Oil,Com_BrentCrudeOil,tscv,1,2023-11-06,553,2,PatchTST,-,81.2959976196289,72.80133056640625,8.494667053222656
Multivariate+Exogenous,exogenous,Brent Oil,Com_BrentCrudeOil,tscv,1,2023-11-13,554,3,PatchTST,-,80.66000366210938,71.2365951538086,9.423408508300781
Multivariate+Exogenous,exogenous,Brent Oil,Com_BrentCrudeOil,tscv,1,2023-11-20,555,4,PatchTST,-,81.51799774169922,69.82986450195312,11.688133239746094
Multivariate+Exogenous,exogenous,Brent Oil,Com_BrentCrudeOil,tscv,1,2023-11-27,556,5,PatchTST,-,80.5780029296875,72.0942153930664,8.483787536621094
Multivariate+Exogenous,exogenous,Brent Oil,Com_BrentCrudeOil,tscv,1,2023-12-04,557,6,PatchTST,-,75.98600006103516,69.7400894165039,6.24591064453125
Multivariate+Exogenous,exogenous,Brent Oil,Com_BrentCrudeOil,tscv,1,2023-12-11,558,7,PatchTST,-,75.5780029296875,63.23439407348633,12.343608856201172
Multivariate+Exogenous,exogenous,Brent Oil,Com_BrentCrudeOil,tscv,1,2023-12-18,559,8,PatchTST,-,79.0199966430664,61.615196228027344,17.404800415039062
Multivariate+Exogenous,exogenous,Brent Oil,Com_BrentCrudeOil,tscv,1,2023-12-25,560,9,PatchTST,-,78.6449966430664,68.40077209472656,10.244224548339844
Multivariate+Exogenous,exogenous,Brent Oil,Com_BrentCrudeOil,tscv,1,2024-01-01,561,10,PatchTST,-,77.62249755859375,68.48509216308594,9.137405395507812
Multivariate+Exogenous,exogenous,Brent Oil,Com_BrentCrudeOil,tscv,1,2024-01-08,562,11,PatchTST,-,77.24199676513672,67.08645629882812,10.155540466308594
Multivariate+Exogenous,exogenous,Brent Oil,Com_BrentCrudeOil,tscv,1,2024-01-15,563,12,PatchTST,-,78.24199676513672,63.28321075439453,14.958786010742188
Multivariate+Exogenous,exogenous,Brent Oil,Com_BrentCrudeOil,tscv,1,2023-10-30,552,1,PatchTST,NLinear,84.9540023803711,97.77095031738281,-12.816947937011719
Multivariate+Exogenous,exogenous,Brent Oil,Com_BrentCrudeOil,tscv,1,2023-11-06,553,2,PatchTST,NLinear,81.2959976196289,92.15296936035156,-10.856971740722656
Multivariate+Exogenous,exogenous,Brent Oil,Com_BrentCrudeOil,tscv,1,2023-11-13,554,3,PatchTST,NLinear,80.66000366210938,88.19073486328125,-7.530731201171875
Multivariate+Exogenous,exogenous,Brent Oil,Com_BrentCrudeOil,tscv,1,2023-11-20,555,4,PatchTST,NLinear,81.51799774169922,85.10916137695312,-3.5911636352539062
Multivariate+Exogenous,exogenous,Brent Oil,Com_BrentCrudeOil,tscv,1,2023-11-27,556,5,PatchTST,NLinear,80.5780029296875,87.15734100341797,-6.579338073730469
Multivariate+Exogenous,exogenous,Brent Oil,Com_BrentCrudeOil,tscv,1,2023-12-04,557,6,PatchTST,NLinear,75.98600006103516,84.22972106933594,-8.243721008300781
Multivariate+Exogenous,exogenous,Brent Oil,Com_BrentCrudeOil,tscv,1,2023-12-11,558,7,PatchTST,NLinear,75.5780029296875,77.46590423583984,-1.8879013061523438
Multivariate+Exogenous,exogenous,Brent Oil,Com_BrentCrudeOil,tscv,1,2023-12-18,559,8,PatchTST,NLinear,79.0199966430664,74.8414306640625,4.178565979003906
Multivariate+Exogenous,exogenous,Brent Oil,Com_BrentCrudeOil,tscv,1,2023-12-25,560,9,PatchTST,NLinear,78.6449966430664,80.48892974853516,-1.84393310546875
Multivariate+Exogenous,exogenous,Brent Oil,Com_BrentCrudeOil,tscv,1,2024-01-01,561,10,PatchTST,NLinear,77.62249755859375,79.47218322753906,-1.8496856689453125
Multivariate+Exogenous,exogenous,Brent Oil,Com_BrentCrudeOil,tscv,1,2024-01-08,562,11,PatchTST,NLinear,77.24199676513672,77.04397583007812,0.19802093505859375
Multivariate+Exogenous,exogenous,Brent Oil,Com_BrentCrudeOil,tscv,1,2024-01-15,563,12,PatchTST,NLinear,78.24199676513672,72.28584289550781,5.956153869628906
Multivariate+Exogenous,exogenous,Brent Oil,Com_BrentCrudeOil,tscv,1,2023-10-30,552,1,PatchTST,iTransformer,84.9540023803711,78.66802215576172,6.285980224609375
Multivariate+Exogenous,exogenous,Brent Oil,Com_BrentCrudeOil,tscv,1,2023-11-06,553,2,PatchTST,iTransformer,81.2959976196289,73.82294464111328,7.473052978515625
Multivariate+Exogenous,exogenous,Brent Oil,Com_BrentCrudeOil,tscv,1,2023-11-13,554,3,PatchTST,iTransformer,80.66000366210938,73.2446060180664,7.415397644042969
Multivariate+Exogenous,exogenous,Brent Oil,Com_BrentCrudeOil,tscv,1,2023-11-20,555,4,PatchTST,iTransformer,81.51799774169922,71.60855865478516,9.909439086914062
Multivariate+Exogenous,exogenous,Brent Oil,Com_BrentCrudeOil,tscv,1,2023-11-27,556,5,PatchTST,iTransformer,80.5780029296875,74.1567611694336,6.421241760253906
Multivariate+Exogenous,exogenous,Brent Oil,Com_BrentCrudeOil,tscv,1,2023-12-04,557,6,PatchTST,iTransformer,75.98600006103516,72.60967254638672,3.3763275146484375
Multivariate+Exogenous,exogenous,Brent Oil,Com_BrentCrudeOil,tscv,1,2023-12-11,558,7,PatchTST,iTransformer,75.5780029296875,65.25189971923828,10.326103210449219
Multivariate+Exogenous,exogenous,Brent Oil,Com_BrentCrudeOil,tscv,1,2023-12-18,559,8,PatchTST,iTransformer,79.0199966430664,62.703826904296875,16.31616973876953
Multivariate+Exogenous,exogenous,Brent Oil,Com_BrentCrudeOil,tscv,1,2023-12-25,560,9,PatchTST,iTransformer,78.6449966430664,70.19542694091797,8.449569702148438
Multivariate+Exogenous,exogenous,Brent Oil,Com_BrentCrudeOil,tscv,1,2024-01-01,561,10,PatchTST,iTransformer,77.62249755859375,69.4154052734375,8.20709228515625
Multivariate+Exogenous,exogenous,Brent Oil,Com_BrentCrudeOil,tscv,1,2024-01-08,562,11,PatchTST,iTransformer,77.24199676513672,68.32344055175781,8.918556213378906
Multivariate+Exogenous,exogenous,Brent Oil,Com_BrentCrudeOil,tscv,1,2024-01-15,563,12,PatchTST,iTransformer,78.24199676513672,65.06099700927734,13.180999755859375
Multivariate+Exogenous,exogenous,Brent Oil,Com_BrentCrudeOil,tscv,1,2023-10-30,552,1,PatchTST,XGBoost,84.9540023803711,74.03736114501953,10.916641235351562
Multivariate+Exogenous,exogenous,Brent Oil,Com_BrentCrudeOil,tscv,1,2023-11-06,553,2,PatchTST,XGBoost,81.2959976196289,69.6805648803711,11.615432739257812
Multivariate+Exogenous,exogenous,Brent Oil,Com_BrentCrudeOil,tscv,1,2023-11-13,554,3,PatchTST,XGBoost,80.66000366210938,67.40402221679688,13.2559814453125
Multivariate+Exogenous,exogenous,Brent Oil,Com_BrentCrudeOil,tscv,1,2023-11-20,555,4,PatchTST,XGBoost,81.51799774169922,66.02623748779297,15.49176025390625
Multivariate+Exogenous,exogenous,Brent Oil,Com_BrentCrudeOil,tscv,1,2023-11-27,556,5,PatchTST,XGBoost,80.5780029296875,68.16597747802734,12.412025451660156
Multivariate+Exogenous,exogenous,Brent Oil,Com_BrentCrudeOil,tscv,1,2023-12-04,557,6,PatchTST,XGBoost,75.98600006103516,65.7054443359375,10.280555725097656
Multivariate+Exogenous,exogenous,Brent Oil,Com_BrentCrudeOil,tscv,1,2023-12-11,558,7,PatchTST,XGBoost,75.5780029296875,59.106483459472656,16.471519470214844
Multivariate+Exogenous,exogenous,Brent Oil,Com_BrentCrudeOil,tscv,1,2023-12-18,559,8,PatchTST,XGBoost,79.0199966430664,57.908843994140625,21.11115264892578
Multivariate+Exogenous,exogenous,Brent Oil,Com_BrentCrudeOil,tscv,1,2023-12-25,560,9,PatchTST,XGBoost,78.6449966430664,64.48970031738281,14.155296325683594
Multivariate+Exogenous,exogenous,Brent Oil,Com_BrentCrudeOil,tscv,1,2024-01-01,561,10,PatchTST,XGBoost,77.62249755859375,64.5125961303711,13.109901428222656
Multivariate+Exogenous,exogenous,Brent Oil,Com_BrentCrudeOil,tscv,1,2024-01-08,562,11,PatchTST,XGBoost,77.24199676513672,63.3838005065918,13.858196258544922
Multivariate+Exogenous,exogenous,Brent Oil,Com_BrentCrudeOil,tscv,1,2024-01-15,563,12,PatchTST,XGBoost,78.24199676513672,59.6842041015625,18.55779266357422
Multivariate+Exogenous,exogenous,Brent Oil,Com_BrentCrudeOil,tscv,1,2023-10-30,552,1,PatchTST,LightGBM,84.9540023803711,73.04020690917969,11.913795471191406
Multivariate+Exogenous,exogenous,Brent Oil,Com_BrentCrudeOil,tscv,1,2023-11-06,553,2,PatchTST,LightGBM,81.2959976196289,69.4688491821289,11.8271484375
Multivariate+Exogenous,exogenous,Brent Oil,Com_BrentCrudeOil,tscv,1,2023-11-13,554,3,PatchTST,LightGBM,80.66000366210938,67.90411376953125,12.755889892578125
Multivariate+Exogenous,exogenous,Brent Oil,Com_BrentCrudeOil,tscv,1,2023-11-20,555,4,PatchTST,LightGBM,81.51799774169922,66.49738311767578,15.020614624023438
Multivariate+Exogenous,exogenous,Brent Oil,Com_BrentCrudeOil,tscv,1,2023-11-27,556,5,PatchTST,LightGBM,80.5780029296875,68.76173400878906,11.816268920898438
Multivariate+Exogenous,exogenous,Brent Oil,Com_BrentCrudeOil,tscv,1,2023-12-04,557,6,PatchTST,LightGBM,75.98600006103516,66.40760803222656,9.578392028808594
Multivariate+Exogenous,exogenous,Brent Oil,Com_BrentCrudeOil,tscv,1,2023-12-11,558,7,PatchTST,LightGBM,75.5780029296875,59.901912689208984,15.676090240478516
Multivariate+Exogenous,exogenous,Brent Oil,Com_BrentCrudeOil,tscv,1,2023-12-18,559,8,PatchTST,LightGBM,79.0199966430664,58.28271484375,20.737281799316406
Multivariate+Exogenous,exogenous,Brent Oil,Com_BrentCrudeOil,tscv,1,2023-12-25,560,9,PatchTST,LightGBM,78.6449966430664,65.06829071044922,13.576705932617188
Multivariate+Exogenous,exogenous,Brent Oil,Com_BrentCrudeOil,tscv,1,2024-01-01,561,10,PatchTST,LightGBM,77.62249755859375,65.1526107788086,12.469886779785156
Multivariate+Exogenous,exogenous,Brent Oil,Com_BrentCrudeOil,tscv,1,2024-01-08,562,11,PatchTST,LightGBM,77.24199676513672,63.75397491455078,13.488021850585938
Multivariate+Exogenous,exogenous,Brent Oil,Com_BrentCrudeOil,tscv,1,2024-01-15,563,12,PatchTST,LightGBM,78.24199676513672,59.95072937011719,18.29126739501953
Multivariate+Exogenous,exogenous,Brent Oil,Com_BrentCrudeOil,tscv,2,2023-11-27,556,1,PatchTST,-,80.5780029296875,69.3419189453125,11.236083984375
Multivariate+Exogenous,exogenous,Brent Oil,Com_BrentCrudeOil,tscv,2,2023-12-04,557,2,PatchTST,-,75.98600006103516,67.81805419921875,8.167945861816406
Multivariate+Exogenous,exogenous,Brent Oil,Com_BrentCrudeOil,tscv,2,2023-12-11,558,3,PatchTST,-,75.5780029296875,67.00685119628906,8.571151733398438
Multivariate+Exogenous,exogenous,Brent Oil,Com_BrentCrudeOil,tscv,2,2023-12-18,559,4,PatchTST,-,79.0199966430664,63.52244567871094,15.497550964355469
Multivariate+Exogenous,exogenous,Brent Oil,Com_BrentCrudeOil,tscv,2,2023-12-25,560,5,PatchTST,-,78.6449966430664,65.90567016601562,12.739326477050781
Multivariate+Exogenous,exogenous,Brent Oil,Com_BrentCrudeOil,tscv,2,2024-01-01,561,6,PatchTST,-,77.62249755859375,65.8883285522461,11.734169006347656
Multivariate+Exogenous,exogenous,Brent Oil,Com_BrentCrudeOil,tscv,2,2024-01-08,562,7,PatchTST,-,77.24199676513672,66.09886169433594,11.143135070800781
Multivariate+Exogenous,exogenous,Brent Oil,Com_BrentCrudeOil,tscv,2,2024-01-15,563,8,PatchTST,-,78.24199676513672,62.87808609008789,15.363910675048828
Multivariate+Exogenous,exogenous,Brent Oil,Com_BrentCrudeOil,tscv,2,2024-01-22,564,9,PatchTST,-,80.33999633789062,62.11730194091797,18.222694396972656
Multivariate+Exogenous,exogenous,Brent Oil,Com_BrentCrudeOil,tscv,2,2024-01-29,565,10,PatchTST,-,79.86599731445312,63.61795425415039,16.248043060302734
Multivariate+Exogenous,exogenous,Brent Oil,Com_BrentCrudeOil,tscv,2,2024-02-05,566,11,PatchTST,-,79.51599884033203,62.7418327331543,16.774166107177734
Multivariate+Exogenous,exogenous,Brent Oil,Com_BrentCrudeOil,tscv,2,2024-02-12,567,12,PatchTST,-,81.64800262451172,62.64500427246094,19.00299835205078
Multivariate+Exogenous,exogenous,Brent Oil,Com_BrentCrudeOil,tscv,2,2023-11-27,556,1,PatchTST,NLinear,80.5780029296875,88.38733673095703,-7.809333801269531
Multivariate+Exogenous,exogenous,Brent Oil,Com_BrentCrudeOil,tscv,2,2023-12-04,557,2,PatchTST,NLinear,75.98600006103516,86.42696380615234,-10.440963745117188
Multivariate+Exogenous,exogenous,Brent Oil,Com_BrentCrudeOil,tscv,2,2023-12-11,558,3,PatchTST,NLinear,75.5780029296875,85.83575439453125,-10.25775146484375
Multivariate+Exogenous,exogenous,Brent Oil,Com_BrentCrudeOil,tscv,2,2023-12-18,559,4,PatchTST,NLinear,79.0199966430664,82.37104797363281,-3.3510513305664062
Multivariate+Exogenous,exogenous,Brent Oil,Com_BrentCrudeOil,tscv,2,2023-12-25,560,5,PatchTST,NLinear,78.6449966430664,85.04682922363281,-6.401832580566406
Multivariate+Exogenous,exogenous,Brent Oil,Com_BrentCrudeOil,tscv,2,2024-01-01,561,6,PatchTST,NLinear,77.62249755859375,85.72767639160156,-8.105178833007812
Multivariate+Exogenous,exogenous,Brent Oil,Com_BrentCrudeOil,tscv,2,2024-01-08,562,7,PatchTST,NLinear,77.24199676513672,86.23332977294922,-8.9913330078125
Multivariate+Exogenous,exogenous,Brent Oil,Com_BrentCrudeOil,tscv,2,2024-01-15,563,8,PatchTST,NLinear,78.24199676513672,83.69276428222656,-5.450767517089844
Multivariate+Exogenous,exogenous,Brent Oil,Com_BrentCrudeOil,tscv,2,2024-01-22,564,9,PatchTST,NLinear,80.33999633789062,83.0834732055664,-2.7434768676757812
Multivariate+Exogenous,exogenous,Brent Oil,Com_BrentCrudeOil,tscv,2,2024-01-29,565,10,PatchTST,NLinear,79.86599731445312,84.26907348632812,-4.403076171875
Multivariate+Exogenous,exogenous,Brent Oil,Com_BrentCrudeOil,tscv,2,2024-02-05,566,11,PatchTST,NLinear,79.51599884033203,83.29193115234375,-3.7759323120117188
Multivariate+Exogenous,exogenous,Brent Oil,Com_BrentCrudeOil,tscv,2,2024-02-12,567,12,PatchTST,NLinear,81.64800262451172,81.53762817382812,0.11037445068359375
Multivariate+Exogenous,exogenous,Brent Oil,Com_BrentCrudeOil,tscv,2,2023-11-27,556,1,PatchTST,iTransformer,80.5780029296875,69.95946502685547,10.618537902832031
Multivariate+Exogenous,exogenous,Brent Oil,Com_BrentCrudeOil,tscv,2,2023-12-04,557,2,PatchTST,iTransformer,75.98600006103516,68.4045181274414,7.58148193359375
Multivariate+Exogenous,exogenous,Brent Oil,Com_BrentCrudeOil,tscv,2,2023-12-11,558,3,PatchTST,iTransformer,75.5780029296875,67.3761978149414,8.201805114746094
Multivariate+Exogenous,exogenous,Brent Oil,Com_BrentCrudeOil,tscv,2,2023-12-18,559,4,PatchTST,iTransformer,79.0199966430664,64.07543182373047,14.944564819335938
Multivariate+Exogenous,exogenous,Brent Oil,Com_BrentCrudeOil,tscv,2,2023-12-25,560,5,PatchTST,iTransformer,78.6449966430664,65.97213745117188,12.672859191894531
Multivariate+Exogenous,exogenous,Brent Oil,Com_BrentCrudeOil,tscv,2,2024-01-01,561,6,PatchTST,iTransformer,77.62249755859375,66.09526062011719,11.527236938476562
Multivariate+Exogenous,exogenous,Brent Oil,Com_BrentCrudeOil,tscv,2,2024-01-08,562,7,PatchTST,iTransformer,77.24199676513672,66.58433532714844,10.657661437988281
Multivariate+Exogenous,exogenous,Brent Oil,Com_BrentCrudeOil,tscv,2,2024-01-15,563,8,PatchTST,iTransformer,78.24199676513672,62.89874267578125,15.343254089355469
Multivariate+Exogenous,exogenous,Brent Oil,Com_BrentCrudeOil,tscv,2,2024-01-22,564,9,PatchTST,iTransformer,80.33999633789062,62.55513381958008,17.784862518310547
Multivariate+Exogenous,exogenous,Brent Oil,Com_BrentCrudeOil,tscv,2,2024-01-29,565,10,PatchTST,iTransformer,79.86599731445312,64.2244873046875,15.641510009765625
Multivariate+Exogenous,exogenous,Brent Oil,Com_BrentCrudeOil,tscv,2,2024-02-05,566,11,PatchTST,iTransformer,79.51599884033203,63.14399719238281,16.37200164794922
Multivariate+Exogenous,exogenous,Brent Oil,Com_BrentCrudeOil,tscv,2,2024-02-12,567,12,PatchTST,iTransformer,81.64800262451172,63.39687728881836,18.25112533569336
Multivariate+Exogenous,exogenous,Brent Oil,Com_BrentCrudeOil,tscv,2,2023-11-27,556,1,PatchTST,XGBoost,80.5780029296875,75.11835479736328,5.459648132324219
Multivariate+Exogenous,exogenous,Brent Oil,Com_BrentCrudeOil,tscv,2,2023-12-04,557,2,PatchTST,XGBoost,75.98600006103516,72.75006866455078,3.235931396484375
Multivariate+Exogenous,exogenous,Brent Oil,Com_BrentCrudeOil,tscv,2,2023-12-11,558,3,PatchTST,XGBoost,75.5780029296875,72.01526641845703,3.5627365112304688
Multivariate+Exogenous,exogenous,Brent Oil,Com_BrentCrudeOil,tscv,2,2023-12-18,559,4,PatchTST,XGBoost,79.0199966430664,68.84312438964844,10.176872253417969
Multivariate+Exogenous,exogenous,Brent Oil,Com_BrentCrudeOil,tscv,2,2023-12-25,560,5,PatchTST,XGBoost,78.6449966430664,70.69420623779297,7.9507904052734375
Multivariate+Exogenous,exogenous,Brent Oil,Com_BrentCrudeOil,tscv,2,2024-01-01,561,6,PatchTST,XGBoost,77.62249755859375,71.05738830566406,6.5651092529296875
Multivariate+Exogenous,exogenous,Brent Oil,Com_BrentCrudeOil,tscv,2,2024-01-08,562,7,PatchTST,XGBoost,77.24199676513672,70.382080078125,6.859916687011719
Multivariate+Exogenous,exogenous,Brent Oil,Com_BrentCrudeOil,tscv,2,2024-01-15,563,8,PatchTST,XGBoost,78.24199676513672,69.11729431152344,9.124702453613281
Multivariate+Exogenous,exogenous,Brent Oil,Com_BrentCrudeOil,tscv,2,2024-01-22,564,9,PatchTST,XGBoost,80.33999633789062,67.67332458496094,12.666671752929688
Multivariate+Exogenous,exogenous,Brent Oil,Com_BrentCrudeOil,tscv,2,2024-01-29,565,10,PatchTST,XGBoost,79.86599731445312,68.71195983886719,11.154037475585938
Multivariate+Exogenous,exogenous,Brent Oil,Com_BrentCrudeOil,tscv,2,2024-02-05,566,11,PatchTST,XGBoost,79.51599884033203,67.74816131591797,11.767837524414062
Multivariate+Exogenous,exogenous,Brent Oil,Com_BrentCrudeOil,tscv,2,2024-02-12,567,12,PatchTST,XGBoost,81.64800262451172,66.87638854980469,14.771614074707031
Multivariate+Exogenous,exogenous,Brent Oil,Com_BrentCrudeOil,tscv,2,2023-11-27,556,1,PatchTST,LightGBM,80.5780029296875,72.7816162109375,7.79638671875
Multivariate+Exogenous,exogenous,Brent Oil,Com_BrentCrudeOil,tscv,2,2023-12-04,557,2,PatchTST,LightGBM,75.98600006103516,71.25775146484375,4.728248596191406
Multivariate+Exogenous,exogenous,Brent Oil,Com_BrentCrudeOil,tscv,2,2023-12-11,558,3,PatchTST,LightGBM,75.5780029296875,70.44654846191406,5.1314544677734375
Multivariate+Exogenous,exogenous,Brent Oil,Com_BrentCrudeOil,tscv,2,2023-12-18,559,4,PatchTST,LightGBM,79.0199966430664,66.62800598144531,12.391990661621094
Multivariate+Exogenous,exogenous,Brent Oil,Com_BrentCrudeOil,tscv,2,2023-12-25,560,5,PatchTST,LightGBM,78.6449966430664,69.07997131347656,9.565025329589844
Multivariate+Exogenous,exogenous,Brent Oil,Com_BrentCrudeOil,tscv,2,2024-01-01,561,6,PatchTST,LightGBM,77.62249755859375,68.68785858154297,8.934638977050781
Multivariate+Exogenous,exogenous,Brent Oil,Com_BrentCrudeOil,tscv,2,2024-01-08,562,7,PatchTST,LightGBM,77.24199676513672,68.55348205566406,8.688514709472656
Multivariate+Exogenous,exogenous,Brent Oil,Com_BrentCrudeOil,tscv,2,2024-01-15,563,8,PatchTST,LightGBM,78.24199676513672,65.02274322509766,13.219253540039062
Multivariate+Exogenous,exogenous,Brent Oil,Com_BrentCrudeOil,tscv,2,2024-01-22,564,9,PatchTST,LightGBM,80.33999633789062,64.34822845458984,15.991767883300781
Multivariate+Exogenous,exogenous,Brent Oil,Com_BrentCrudeOil,tscv,2,2024-01-29,565,10,PatchTST,LightGBM,79.86599731445312,65.42552185058594,14.440475463867188
Multivariate+Exogenous,exogenous,Brent Oil,Com_BrentCrudeOil,tscv,2,2024-02-05,566,11,PatchTST,LightGBM,79.51599884033203,62.70946502685547,16.806533813476562
Multivariate+Exogenous,exogenous,Brent Oil,Com_BrentCrudeOil,tscv,2,2024-02-12,567,12,PatchTST,LightGBM,81.64800262451172,62.61263656616211,19.03536605834961
Multivariate+Exogenous,exogenous,Brent Oil,Com_BrentCrudeOil,tscv,3,2023-12-25,560,1,PatchTST,-,78.6449966430664,70.78302764892578,7.861968994140625
Multivariate+Exogenous,exogenous,Brent Oil,Com_BrentCrudeOil,tscv,3,2024-01-01,561,2,PatchTST,-,77.62249755859375,68.14533996582031,9.477157592773438
Multivariate+Exogenous,exogenous,Brent Oil,Com_BrentCrudeOil,tscv,3,2024-01-08,562,3,PatchTST,-,77.24199676513672,64.98382568359375,12.258171081542969
Multivariate+Exogenous,exogenous,Brent Oil,Com_BrentCrudeOil,tscv,3,2024-01-15,563,4,PatchTST,-,78.24199676513672,71.59353637695312,6.648460388183594
Multivariate+Exogenous,exogenous,Brent Oil,Com_BrentCrudeOil,tscv,3,2024-01-22,564,5,PatchTST,-,80.33999633789062,71.08959197998047,9.250404357910156
Multivariate+Exogenous,exogenous,Brent Oil,Com_BrentCrudeOil,tscv,3,2024-01-29,565,6,PatchTST,-,79.86599731445312,72.25382995605469,7.6121673583984375
Multivariate+Exogenous,exogenous,Brent Oil,Com_BrentCrudeOil,tscv,3,2024-02-05,566,7,PatchTST,-,79.51599884033203,69.13599395751953,10.3800048828125
Multivariate+Exogenous,exogenous,Brent Oil,Com_BrentCrudeOil,tscv,3,2024-02-12,567,8,PatchTST,-,81.64800262451172,75.2181396484375,6.429862976074219
Multivariate+Exogenous,exogenous,Brent Oil,Com_BrentCrudeOil,tscv,3,2024-02-19,568,9,PatchTST,-,81.3219985961914,72.55626678466797,8.765731811523438
Multivariate+Exogenous,exogenous,Brent Oil,Com_BrentCrudeOil,tscv,3,2024-02-26,569,10,PatchTST,-,81.69200134277344,71.73301696777344,9.958984375
Multivariate+Exogenous,exogenous,Brent Oil,Com_BrentCrudeOil,tscv,3,2024-03-04,570,11,PatchTST,-,81.8759994506836,67.73780822753906,14.138191223144531
Multivariate+Exogenous,exogenous,Brent Oil,Com_BrentCrudeOil,tscv,3,2024-03-11,571,12,PatchTST,-,83.22200012207031,67.763671875,15.458328247070312
Multivariate+Exogenous,exogenous,Brent Oil,Com_BrentCrudeOil,tscv,3,2023-12-25,560,1,PatchTST,NLinear,78.6449966430664,93.22191619873047,-14.576919555664062
Multivariate+Exogenous,exogenous,Brent Oil,Com_BrentCrudeOil,tscv,3,2024-01-01,561,2,PatchTST,NLinear,77.62249755859375,89.80201721191406,-12.179519653320312
Multivariate+Exogenous,exogenous,Brent Oil,Com_BrentCrudeOil,tscv,3,2024-01-08,562,3,PatchTST,NLinear,77.24199676513672,86.8521499633789,-9.610153198242188
Multivariate+Exogenous,exogenous,Brent Oil,Com_BrentCrudeOil,tscv,3,2024-01-15,563,4,PatchTST,NLinear,78.24199676513672,93.96773529052734,-15.725738525390625
Multivariate+Exogenous,exogenous,Brent Oil,Com_BrentCrudeOil,tscv,3,2024-01-22,564,5,PatchTST,NLinear,80.33999633789062,93.39302062988281,-13.053024291992188
Multivariate+Exogenous,exogenous,Brent Oil,Com_BrentCrudeOil,tscv,3,2024-01-29,565,6,PatchTST,NLinear,79.86599731445312,94.88876342773438,-15.02276611328125
Multivariate+Exogenous,exogenous,Brent Oil,Com_BrentCrudeOil,tscv,3,2024-02-05,566,7,PatchTST,NLinear,79.51599884033203,93.87478637695312,-14.358787536621094
Multivariate+Exogenous,exogenous,Brent Oil,Com_BrentCrudeOil,tscv,3,2024-02-12,567,8,PatchTST,NLinear,81.64800262451172,100.22007751464844,-18.57207489013672
Multivariate+Exogenous,exogenous,Brent Oil,Com_BrentCrudeOil,tscv,3,2024-02-19,568,9,PatchTST,NLinear,81.3219985961914,96.55208587646484,-15.230087280273438
Multivariate+Exogenous,exogenous,Brent Oil,Com_BrentCrudeOil,tscv,3,2024-02-26,569,10,PatchTST,NLinear,81.69200134277344,96.18778991699219,-14.49578857421875
Multivariate+Exogenous,exogenous,Brent Oil,Com_BrentCrudeOil,tscv,3,2024-03-04,570,11,PatchTST,NLinear,81.8759994506836,92.52474975585938,-10.648750305175781
Multivariate+Exogenous,exogenous,Brent Oil,Com_BrentCrudeOil,tscv,3,2024-03-11,571,12,PatchTST,NLinear,83.22200012207031,93.08844757080078,-9.866447448730469
Multivariate+Exogenous,exogenous,Brent Oil,Com_BrentCrudeOil,tscv,3,2023-12-25,560,1,PatchTST,iTransformer,78.6449966430664,73.85685729980469,4.788139343261719
Multivariate+Exogenous,exogenous,Brent Oil,Com_BrentCrudeOil,tscv,3,2024-01-01,561,2,PatchTST,iTransformer,77.62249755859375,72.30474090576172,5.317756652832031
Multivariate+Exogenous,exogenous,Brent Oil,Com_BrentCrudeOil,tscv,3,2024-01-08,562,3,PatchTST,iTransformer,77.24199676513672,69.20504760742188,8.036949157714844
Multivariate+Exogenous,exogenous,Brent Oil,Com_BrentCrudeOil,tscv,3,2024-01-15,563,4,PatchTST,iTransformer,78.24199676513672,75.31163787841797,2.93035888671875
Multivariate+Exogenous,exogenous,Brent Oil,Com_BrentCrudeOil,tscv,3,2024-01-22,564,5,PatchTST,iTransformer,80.33999633789062,75.21237182617188,5.12762451171875
Multivariate+Exogenous,exogenous,Brent Oil,Com_BrentCrudeOil,tscv,3,2024-01-29,565,6,PatchTST,iTransformer,79.86599731445312,76.9471664428711,2.9188308715820312
Multivariate+Exogenous,exogenous,Brent Oil,Com_BrentCrudeOil,tscv,3,2024-02-05,566,7,PatchTST,iTransformer,79.51599884033203,73.40013122558594,6.115867614746094
Multivariate+Exogenous,exogenous,Brent Oil,Com_BrentCrudeOil,tscv,3,2024-02-12,567,8,PatchTST,iTransformer,81.64800262451172,79.90589904785156,1.7421035766601562
Multivariate+Exogenous,exogenous,Brent Oil,Com_BrentCrudeOil,tscv,3,2024-02-19,568,9,PatchTST,iTransformer,81.3219985961914,78.09632873535156,3.2256698608398438
Multivariate+Exogenous,exogenous,Brent Oil,Com_BrentCrudeOil,tscv,3,2024-02-26,569,10,PatchTST,iTransformer,81.69200134277344,76.37152099609375,5.3204803466796875
Multivariate+Exogenous,exogenous,Brent Oil,Com_BrentCrudeOil,tscv,3,2024-03-04,570,11,PatchTST,iTransformer,81.8759994506836,71.93650817871094,9.939491271972656
Multivariate+Exogenous,exogenous,Brent Oil,Com_BrentCrudeOil,tscv,3,2024-03-11,571,12,PatchTST,iTransformer,83.22200012207031,72.51370239257812,10.708297729492188
Multivariate+Exogenous,exogenous,Brent Oil,Com_BrentCrudeOil,tscv,3,2023-12-25,560,1,PatchTST,XGBoost,78.6449966430664,84.72372436523438,-6.078727722167969
Multivariate+Exogenous,exogenous,Brent Oil,Com_BrentCrudeOil,tscv,3,2024-01-01,561,2,PatchTST,XGBoost,77.62249755859375,81.09162902832031,-3.4691314697265625
Multivariate+Exogenous,exogenous,Brent Oil,Com_BrentCrudeOil,tscv,3,2024-01-08,562,3,PatchTST,XGBoost,77.24199676513672,77.801513671875,-0.5595169067382812
Multivariate+Exogenous,exogenous,Brent Oil,Com_BrentCrudeOil,tscv,3,2024-01-15,563,4,PatchTST,XGBoost,78.24199676513672,83.7537612915039,-5.5117645263671875
Multivariate+Exogenous,exogenous,Brent Oil,Com_BrentCrudeOil,tscv,3,2024-01-22,564,5,PatchTST,XGBoost,80.33999633789062,82.9700927734375,-2.630096435546875
Multivariate+Exogenous,exogenous,Brent Oil,Com_BrentCrudeOil,tscv,3,2024-01-29,565,6,PatchTST,XGBoost,79.86599731445312,85.29408264160156,-5.4280853271484375
Multivariate+Exogenous,exogenous,Brent Oil,Com_BrentCrudeOil,tscv,3,2024-02-05,566,7,PatchTST,XGBoost,79.51599884033203,81.60128021240234,-2.0852813720703125
Multivariate+Exogenous,exogenous,Brent Oil,Com_BrentCrudeOil,tscv,3,2024-02-12,567,8,PatchTST,XGBoost,81.64800262451172,86.67149353027344,-5.023490905761719
Multivariate+Exogenous,exogenous,Brent Oil,Com_BrentCrudeOil,tscv,3,2024-02-19,568,9,PatchTST,XGBoost,81.3219985961914,85.9106216430664,-4.588623046875
Multivariate+Exogenous,exogenous,Brent Oil,Com_BrentCrudeOil,tscv,3,2024-02-26,569,10,PatchTST,XGBoost,81.69200134277344,83.48331451416016,-1.7913131713867188
Multivariate+Exogenous,exogenous,Brent Oil,Com_BrentCrudeOil,tscv,3,2024-03-04,570,11,PatchTST,XGBoost,81.8759994506836,78.94561004638672,2.930389404296875
Multivariate+Exogenous,exogenous,Brent Oil,Com_BrentCrudeOil,tscv,3,2024-03-11,571,12,PatchTST,XGBoost,83.22200012207031,78.18318176269531,5.038818359375
Multivariate+Exogenous,exogenous,Brent Oil,Com_BrentCrudeOil,tscv,3,2023-12-25,560,1,PatchTST,LightGBM,78.6449966430664,79.38471221923828,-0.739715576171875
Multivariate+Exogenous,exogenous,Brent Oil,Com_BrentCrudeOil,tscv,3,2024-01-01,561,2,PatchTST,LightGBM,77.62249755859375,76.74702453613281,0.8754730224609375
Multivariate+Exogenous,exogenous,Brent Oil,Com_BrentCrudeOil,tscv,3,2024-01-08,562,3,PatchTST,LightGBM,77.24199676513672,73.58551025390625,3.6564865112304688
Multivariate+Exogenous,exogenous,Brent Oil,Com_BrentCrudeOil,tscv,3,2024-01-15,563,4,PatchTST,LightGBM,78.24199676513672,79.28919982910156,-1.0472030639648438
Multivariate+Exogenous,exogenous,Brent Oil,Com_BrentCrudeOil,tscv,3,2024-01-22,564,5,PatchTST,LightGBM,80.33999633789062,78.43283081054688,1.90716552734375
Multivariate+Exogenous,exogenous,Brent Oil,Com_BrentCrudeOil,tscv,3,2024-01-29,565,6,PatchTST,LightGBM,79.86599731445312,79.94949340820312,-0.08349609375
Multivariate+Exogenous,exogenous,Brent Oil,Com_BrentCrudeOil,tscv,3,2024-02-05,566,7,PatchTST,LightGBM,79.51599884033203,76.83165740966797,2.6843414306640625
Multivariate+Exogenous,exogenous,Brent Oil,Com_BrentCrudeOil,tscv,3,2024-02-12,567,8,PatchTST,LightGBM,81.64800262451172,82.5506820678711,-0.902679443359375
Multivariate+Exogenous,exogenous,Brent Oil,Com_BrentCrudeOil,tscv,3,2024-02-19,568,9,PatchTST,LightGBM,81.3219985961914,75.13999938964844,6.181999206542969
Multivariate+Exogenous,exogenous,Brent Oil,Com_BrentCrudeOil,tscv,3,2024-02-26,569,10,PatchTST,LightGBM,81.69200134277344,77.90341186523438,3.7885894775390625
Multivariate+Exogenous,exogenous,Brent Oil,Com_BrentCrudeOil,tscv,3,2024-03-04,570,11,PatchTST,LightGBM,81.8759994506836,73.908203125,7.967796325683594
Multivariate+Exogenous,exogenous,Brent Oil,Com_BrentCrudeOil,tscv,3,2024-03-11,571,12,PatchTST,LightGBM,83.22200012207031,72.03829956054688,11.183700561523438
Multivariate+Exogenous,exogenous,Brent Oil,Com_BrentCrudeOil,tscv,4,2024-01-22,564,1,PatchTST,-,80.33999633789062,71.57835388183594,8.761642456054688
Multivariate+Exogenous,exogenous,Brent Oil,Com_BrentCrudeOil,tscv,4,2024-01-29,565,2,PatchTST,-,79.86599731445312,75.64087677001953,4.225120544433594
Multivariate+Exogenous,exogenous,Brent Oil,Com_BrentCrudeOil,tscv,4,2024-02-05,566,3,PatchTST,-,79.51599884033203,73.05347442626953,6.4625244140625
Multivariate+Exogenous,exogenous,Brent Oil,Com_BrentCrudeOil,tscv,4,2024-02-12,567,4,PatchTST,-,81.64800262451172,72.04118347167969,9.606819152832031
Multivariate+Exogenous,exogenous,Brent Oil,Com_BrentCrudeOil,tscv,4,2024-02-19,568,5,PatchTST,-,81.3219985961914,70.68472290039062,10.637275695800781
Multivariate+Exogenous,exogenous,Brent Oil,Com_BrentCrudeOil,tscv,4,2024-02-26,569,6,PatchTST,-,81.69200134277344,70.132080078125,11.559921264648438
Multivariate+Exogenous,exogenous,Brent Oil,Com_BrentCrudeOil,tscv,4,2024-03-04,570,7,PatchTST,-,81.8759994506836,66.4967041015625,15.379295349121094
Multivariate+Exogenous,exogenous,Brent Oil,Com_BrentCrudeOil,tscv,4,2024-03-11,571,8,PatchTST,-,83.22200012207031,72.27546691894531,10.946533203125
Multivariate+Exogenous,exogenous,Brent Oil,Com_BrentCrudeOil,tscv,4,2024-03-18,572,9,PatchTST,-,85.6520004272461,73.18512725830078,12.466873168945312
Multivariate+Exogenous,exogenous,Brent Oil,Com_BrentCrudeOil,tscv,4,2024-03-25,573,10,PatchTST,-,86.2183837890625,68.97578430175781,17.242599487304688
Multivariate+Exogenous,exogenous,Brent Oil,Com_BrentCrudeOil,tscv,4,2024-04-01,574,11,PatchTST,-,89.50199890136719,71.49427795410156,18.007720947265625
Multivariate+Exogenous,exogenous,Brent Oil,Com_BrentCrudeOil,tscv,4,2024-04-08,575,12,PatchTST,-,90.17333221435547,72.89839172363281,17.274940490722656
Multivariate+Exogenous,exogenous,Brent Oil,Com_BrentCrudeOil,tscv,4,2024-01-22,564,1,PatchTST,NLinear,80.33999633789062,89.17566680908203,-8.835670471191406
Multivariate+Exogenous,exogenous,Brent Oil,Com_BrentCrudeOil,tscv,4,2024-01-29,565,2,PatchTST,NLinear,79.86599731445312,92.94731903076172,-13.081321716308594
Multivariate+Exogenous,exogenous,Brent Oil,Com_BrentCrudeOil,tscv,4,2024-02-05,566,3,PatchTST,NLinear,79.51599884033203,89.6380615234375,-10.122062683105469
Multivariate+Exogenous,exogenous,Brent Oil,Com_BrentCrudeOil,tscv,4,2024-02-12,567,4,PatchTST,NLinear,81.64800262451172,89.42493438720703,-7.7769317626953125
Multivariate+Exogenous,exogenous,Brent Oil,Com_BrentCrudeOil,tscv,4,2024-02-19,568,5,PatchTST,NLinear,81.3219985961914,89.15543365478516,-7.83343505859375
Multivariate+Exogenous,exogenous,Brent Oil,Com_BrentCrudeOil,tscv,4,2024-02-26,569,6,PatchTST,NLinear,81.69200134277344,89.41044616699219,-7.71844482421875
Multivariate+Exogenous,exogenous,Brent Oil,Com_BrentCrudeOil,tscv,4,2024-03-04,570,7,PatchTST,NLinear,81.8759994506836,86.1790542602539,-4.3030548095703125
Multivariate+Exogenous,exogenous,Brent Oil,Com_BrentCrudeOil,tscv,4,2024-03-11,571,8,PatchTST,NLinear,83.22200012207031,92.0389175415039,-8.816917419433594
Multivariate+Exogenous,exogenous,Brent Oil,Com_BrentCrudeOil,tscv,4,2024-03-18,572,9,PatchTST,NLinear,85.6520004272461,92.77710723876953,-7.1251068115234375
Multivariate+Exogenous,exogenous,Brent Oil,Com_BrentCrudeOil,tscv,4,2024-03-25,573,10,PatchTST,NLinear,86.2183837890625,89.11199188232422,-2.8936080932617188
Multivariate+Exogenous,exogenous,Brent Oil,Com_BrentCrudeOil,tscv,4,2024-04-01,574,11,PatchTST,NLinear,89.50199890136719,91.07672119140625,-1.5747222900390625
Multivariate+Exogenous,exogenous,Brent Oil,Com_BrentCrudeOil,tscv,4,2024-04-08,575,12,PatchTST,NLinear,90.17333221435547,92.29003143310547,-2.11669921875
Multivariate+Exogenous,exogenous,Brent Oil,Com_BrentCrudeOil,tscv,4,2024-01-22,564,1,PatchTST,iTransformer,80.33999633789062,73.9081802368164,6.431816101074219
Multivariate+Exogenous,exogenous,Brent Oil,Com_BrentCrudeOil,tscv,4,2024-01-29,565,2,PatchTST,iTransformer,79.86599731445312,78.05895233154297,1.8070449829101562
Multivariate+Exogenous,exogenous,Brent Oil,Com_BrentCrudeOil,tscv,4,2024-02-05,566,3,PatchTST,iTransformer,79.51599884033203,75.61428833007812,3.9017105102539062
Multivariate+Exogenous,exogenous,Brent Oil,Com_BrentCrudeOil,tscv,4,2024-02-12,567,4,PatchTST,iTransformer,81.64800262451172,75.00609588623047,6.64190673828125
Multivariate+Exogenous,exogenous,Brent Oil,Com_BrentCrudeOil,tscv,4,2024-02-19,568,5,PatchTST,iTransformer,81.3219985961914,73.20596313476562,8.116035461425781
Multivariate+Exogenous,exogenous,Brent Oil,Com_BrentCrudeOil,tscv,4,2024-02-26,569,6,PatchTST,iTransformer,81.69200134277344,72.38690185546875,9.305099487304688
Multivariate+Exogenous,exogenous,Brent Oil,Com_BrentCrudeOil,tscv,4,2024-03-04,570,7,PatchTST,iTransformer,81.8759994506836,69.11858367919922,12.757415771484375
Multivariate+Exogenous,exogenous,Brent Oil,Com_BrentCrudeOil,tscv,4,2024-03-11,571,8,PatchTST,iTransformer,83.22200012207031,74.17851257324219,9.043487548828125
Multivariate+Exogenous,exogenous,Brent Oil,Com_BrentCrudeOil,tscv,4,2024-03-18,572,9,PatchTST,iTransformer,85.6520004272461,75.51937866210938,10.132621765136719
Multivariate+Exogenous,exogenous,Brent Oil,Com_BrentCrudeOil,tscv,4,2024-03-25,573,10,PatchTST,iTransformer,86.2183837890625,71.69985961914062,14.518524169921875
Multivariate+Exogenous,exogenous,Brent Oil,Com_BrentCrudeOil,tscv,4,2024-04-01,574,11,PatchTST,iTransformer,89.50199890136719,73.95962524414062,15.542373657226562
Multivariate+Exogenous,exogenous,Brent Oil,Com_BrentCrudeOil,tscv,4,2024-04-08,575,12,PatchTST,iTransformer,90.17333221435547,75.10578155517578,15.067550659179688
Multivariate+Exogenous,exogenous,Brent Oil,Com_BrentCrudeOil,tscv,4,2024-01-22,564,1,PatchTST,XGBoost,80.33999633789062,74.77782440185547,5.562171936035156
Multivariate+Exogenous,exogenous,Brent Oil,Com_BrentCrudeOil,tscv,4,2024-01-29,565,2,PatchTST,XGBoost,79.86599731445312,78.88945007324219,0.9765472412109375
Multivariate+Exogenous,exogenous,Brent Oil,Com_BrentCrudeOil,tscv,4,2024-02-05,566,3,PatchTST,XGBoost,79.51599884033203,76.0630874633789,3.452911376953125
Multivariate+Exogenous,exogenous,Brent Oil,Com_BrentCrudeOil,tscv,4,2024-02-12,567,4,PatchTST,XGBoost,81.64800262451172,75.32373046875,6.324272155761719
Multivariate+Exogenous,exogenous,Brent Oil,Com_BrentCrudeOil,tscv,4,2024-02-19,568,5,PatchTST,XGBoost,81.3219985961914,74.83930969238281,6.482688903808594
Multivariate+Exogenous,exogenous,Brent Oil,Com_BrentCrudeOil,tscv,4,2024-02-26,569,6,PatchTST,XGBoost,81.69200134277344,74.96856689453125,6.7234344482421875
Multivariate+Exogenous,exogenous,Brent Oil,Com_BrentCrudeOil,tscv,4,2024-03-04,570,7,PatchTST,XGBoost,81.8759994506836,73.10060119628906,8.775398254394531
Multivariate+Exogenous,exogenous,Brent Oil,Com_BrentCrudeOil,tscv,4,2024-03-11,571,8,PatchTST,XGBoost,83.22200012207031,75.31086730957031,7.9111328125
Multivariate+Exogenous,exogenous,Brent Oil,Com_BrentCrudeOil,tscv,4,2024-03-18,572,9,PatchTST,XGBoost,85.6520004272461,75.82575225830078,9.826248168945312
Multivariate+Exogenous,exogenous,Brent Oil,Com_BrentCrudeOil,tscv,4,2024-03-25,573,10,PatchTST,XGBoost,86.2183837890625,70.73594665527344,15.482437133789062
Multivariate+Exogenous,exogenous,Brent Oil,Com_BrentCrudeOil,tscv,4,2024-04-01,574,11,PatchTST,XGBoost,89.50199890136719,72.18394470214844,17.31805419921875
Multivariate+Exogenous,exogenous,Brent Oil,Com_BrentCrudeOil,tscv,4,2024-04-08,575,12,PatchTST,XGBoost,90.17333221435547,75.96195220947266,14.211380004882812
Multivariate+Exogenous,exogenous,Brent Oil,Com_BrentCrudeOil,tscv,4,2024-01-22,564,1,PatchTST,LightGBM,80.33999633789062,75.87438201904297,4.465614318847656
Multivariate+Exogenous,exogenous,Brent Oil,Com_BrentCrudeOil,tscv,4,2024-01-29,565,2,PatchTST,LightGBM,79.86599731445312,82.43807983398438,-2.57208251953125
Multivariate+Exogenous,exogenous,Brent Oil,Com_BrentCrudeOil,tscv,4,2024-02-05,566,3,PatchTST,LightGBM,79.51599884033203,77.45585632324219,2.0601425170898438
Multivariate+Exogenous,exogenous,Brent Oil,Com_BrentCrudeOil,tscv,4,2024-02-12,567,4,PatchTST,LightGBM,81.64800262451172,77.97531127929688,3.6726913452148438
Multivariate+Exogenous,exogenous,Brent Oil,Com_BrentCrudeOil,tscv,4,2024-02-19,568,5,PatchTST,LightGBM,81.3219985961914,75.74470520019531,5.577293395996094
Multivariate+Exogenous,exogenous,Brent Oil,Com_BrentCrudeOil,tscv,4,2024-02-26,569,6,PatchTST,LightGBM,81.69200134277344,74.32898712158203,7.363014221191406
Multivariate+Exogenous,exogenous,Brent Oil,Com_BrentCrudeOil,tscv,4,2024-03-04,570,7,PatchTST,LightGBM,81.8759994506836,69.47024536132812,12.405754089355469
Multivariate+Exogenous,exogenous,Brent Oil,Com_BrentCrudeOil,tscv,4,2024-03-11,571,8,PatchTST,LightGBM,83.22200012207031,75.24900817871094,7.972991943359375
Multivariate+Exogenous,exogenous,Brent Oil,Com_BrentCrudeOil,tscv,4,2024-03-18,572,9,PatchTST,LightGBM,85.6520004272461,75.37444305419922,10.277557373046875
Multivariate+Exogenous,exogenous,Brent Oil,Com_BrentCrudeOil,tscv,4,2024-03-25,573,10,PatchTST,LightGBM,86.2183837890625,70.92865753173828,15.289726257324219
Multivariate+Exogenous,exogenous,Brent Oil,Com_BrentCrudeOil,tscv,4,2024-04-01,574,11,PatchTST,LightGBM,89.50199890136719,73.2416763305664,16.26032257080078
Multivariate+Exogenous,exogenous,Brent Oil,Com_BrentCrudeOil,tscv,4,2024-04-08,575,12,PatchTST,LightGBM,90.17333221435547,75.50886535644531,14.664466857910156
Multivariate+Exogenous,exogenous,Brent Oil,Com_BrentCrudeOil,tscv,5,2024-02-19,568,1,PatchTST,-,81.3219985961914,68.37742614746094,12.944572448730469
Multivariate+Exogenous,exogenous,Brent Oil,Com_BrentCrudeOil,tscv,5,2024-02-26,569,2,PatchTST,-,81.69200134277344,65.13040161132812,16.561599731445312
Multivariate+Exogenous,exogenous,Brent Oil,Com_BrentCrudeOil,tscv,5,2024-03-04,570,3,PatchTST,-,81.8759994506836,65.42265319824219,16.453346252441406
Multivariate+Exogenous,exogenous,Brent Oil,Com_BrentCrudeOil,tscv,5,2024-03-11,571,4,PatchTST,-,83.22200012207031,63.1650276184082,20.05697250366211
Multivariate+Exogenous,exogenous,Brent Oil,Com_BrentCrudeOil,tscv,5,2024-03-18,572,5,PatchTST,-,85.6520004272461,62.9226188659668,22.729381561279297
Multivariate+Exogenous,exogenous,Brent Oil,Com_BrentCrudeOil,tscv,5,2024-03-25,573,6,PatchTST,-,86.2183837890625,62.806888580322266,23.411495208740234
Multivariate+Exogenous,exogenous,Brent Oil,Com_BrentCrudeOil,tscv,5,2024-04-01,574,7,PatchTST,-,89.50199890136719,63.000728607177734,26.501270294189453
Multivariate+Exogenous,exogenous,Brent Oil,Com_BrentCrudeOil,tscv,5,2024-04-08,575,8,PatchTST,-,90.17333221435547,64.21617126464844,25.95716094970703
Multivariate+Exogenous,exogenous,Brent Oil,Com_BrentCrudeOil,tscv,5,2024-04-15,576,9,PatchTST,-,88.12903594970703,61.73078918457031,26.39824676513672
Multivariate+Exogenous,exogenous,Brent Oil,Com_BrentCrudeOil,tscv,5,2024-04-22,577,10,PatchTST,-,87.90630340576172,62.71969985961914,25.186603546142578
Multivariate+Exogenous,exogenous,Brent Oil,Com_BrentCrudeOil,tscv,5,2024-04-29,578,11,PatchTST,-,84.72000122070312,61.923675537109375,22.79632568359375
Multivariate+Exogenous,exogenous,Brent Oil,Com_BrentCrudeOil,tscv,5,2024-05-06,579,12,PatchTST,-,83.3479995727539,61.51515197753906,21.832847595214844
Multivariate+Exogenous,exogenous,Brent Oil,Com_BrentCrudeOil,tscv,5,2024-02-19,568,1,PatchTST,NLinear,81.3219985961914,79.76139068603516,1.56060791015625
Multivariate+Exogenous,exogenous,Brent Oil,Com_BrentCrudeOil,tscv,5,2024-02-26,569,2,PatchTST,NLinear,81.69200134277344,76.78549194335938,4.9065093994140625
Multivariate+Exogenous,exogenous,Brent Oil,Com_BrentCrudeOil,tscv,5,2024-03-04,570,3,PatchTST,NLinear,81.8759994506836,76.77445983886719,5.101539611816406
Multivariate+Exogenous,exogenous,Brent Oil,Com_BrentCrudeOil,tscv,5,2024-03-11,571,4,PatchTST,NLinear,83.22200012207031,73.88088989257812,9.341110229492188
Multivariate+Exogenous,exogenous,Brent Oil,Com_BrentCrudeOil,tscv,5,2024-03-18,572,5,PatchTST,NLinear,85.6520004272461,73.36370849609375,12.288291931152344
Multivariate+Exogenous,exogenous,Brent Oil,Com_BrentCrudeOil,tscv,5,2024-03-25,573,6,PatchTST,NLinear,86.2183837890625,72.90738677978516,13.310997009277344
Multivariate+Exogenous,exogenous,Brent Oil,Com_BrentCrudeOil,tscv,5,2024-04-01,574,7,PatchTST,NLinear,89.50199890136719,72.68815612792969,16.8138427734375
Multivariate+Exogenous,exogenous,Brent Oil,Com_BrentCrudeOil,tscv,5,2024-04-08,575,8,PatchTST,NLinear,90.17333221435547,74.37617492675781,15.797157287597656
Multivariate+Exogenous,exogenous,Brent Oil,Com_BrentCrudeOil,tscv,5,2024-04-15,576,9,PatchTST,NLinear,88.12903594970703,71.72119140625,16.40784454345703
Multivariate+Exogenous,exogenous,Brent Oil,Com_BrentCrudeOil,tscv,5,2024-04-22,577,10,PatchTST,NLinear,87.90630340576172,72.98676300048828,14.919540405273438
Multivariate+Exogenous,exogenous,Brent Oil,Com_BrentCrudeOil,tscv,5,2024-04-29,578,11,PatchTST,NLinear,84.72000122070312,72.44404602050781,12.275955200195312
Multivariate+Exogenous,exogenous,Brent Oil,Com_BrentCrudeOil,tscv,5,2024-05-06,579,12,PatchTST,NLinear,83.3479995727539,71.34464263916016,12.00335693359375
Multivariate+Exogenous,exogenous,Brent Oil,Com_BrentCrudeOil,tscv,5,2024-02-19,568,1,PatchTST,iTransformer,81.3219985961914,68.49602508544922,12.825973510742188
Multivariate+Exogenous,exogenous,Brent Oil,Com_BrentCrudeOil,tscv,5,2024-02-26,569,2,PatchTST,iTransformer,81.69200134277344,65.05330657958984,16.638694763183594
Multivariate+Exogenous,exogenous,Brent Oil,Com_BrentCrudeOil,tscv,5,2024-03-04,570,3,PatchTST,iTransformer,81.8759994506836,65.78836059570312,16.08763885498047
Multivariate+Exogenous,exogenous,Brent Oil,Com_BrentCrudeOil,tscv,5,2024-03-11,571,4,PatchTST,iTransformer,83.22200012207031,64.24928283691406,18.97271728515625
Multivariate+Exogenous,exogenous,Brent Oil,Com_BrentCrudeOil,tscv,5,2024-03-18,572,5,PatchTST,iTransformer,85.6520004272461,64.3722915649414,21.279708862304688
Multivariate+Exogenous,exogenous,Brent Oil,Com_BrentCrudeOil,tscv,5,2024-03-25,573,6,PatchTST,iTransformer,86.2183837890625,63.33705139160156,22.881332397460938
Multivariate+Exogenous,exogenous,Brent Oil,Com_BrentCrudeOil,tscv,5,2024-04-01,574,7,PatchTST,iTransformer,89.50199890136719,63.294166564941406,26.20783233642578
Multivariate+Exogenous,exogenous,Brent Oil,Com_BrentCrudeOil,tscv,5,2024-04-08,575,8,PatchTST,iTransformer,90.17333221435547,64.66922760009766,25.504104614257812
Multivariate+Exogenous,exogenous,Brent Oil,Com_BrentCrudeOil,tscv,5,2024-04-15,576,9,PatchTST,iTransformer,88.12903594970703,63.085777282714844,25.043258666992188
Multivariate+Exogenous,exogenous,Brent Oil,Com_BrentCrudeOil,tscv,5,2024-04-22,577,10,PatchTST,iTransformer,87.90630340576172,64.06723022460938,23.839073181152344
Multivariate+Exogenous,exogenous,Brent Oil,Com_BrentCrudeOil,tscv,5,2024-04-29,578,11,PatchTST,iTransformer,84.72000122070312,63.26333999633789,21.456661224365234
Multivariate+Exogenous,exogenous,Brent Oil,Com_BrentCrudeOil,tscv,5,2024-05-06,579,12,PatchTST,iTransformer,83.3479995727539,62.086341857910156,21.26165771484375
Multivariate+Exogenous,exogenous,Brent Oil,Com_BrentCrudeOil,tscv,5,2024-02-19,568,1,PatchTST,XGBoost,81.3219985961914,77.9228515625,3.3991470336914062
Multivariate+Exogenous,exogenous,Brent Oil,Com_BrentCrudeOil,tscv,5,2024-02-26,569,2,PatchTST,XGBoost,81.69200134277344,75.47140502929688,6.2205963134765625
Multivariate+Exogenous,exogenous,Brent Oil,Com_BrentCrudeOil,tscv,5,2024-03-04,570,3,PatchTST,XGBoost,81.8759994506836,76.09329986572266,5.7826995849609375
Multivariate+Exogenous,exogenous,Brent Oil,Com_BrentCrudeOil,tscv,5,2024-03-11,571,4,PatchTST,XGBoost,83.22200012207031,71.53436279296875,11.687637329101562
Multivariate+Exogenous,exogenous,Brent Oil,Com_BrentCrudeOil,tscv,5,2024-03-18,572,5,PatchTST,XGBoost,85.6520004272461,71.41825103759766,14.233749389648438
Multivariate+Exogenous,exogenous,Brent Oil,Com_BrentCrudeOil,tscv,5,2024-03-25,573,6,PatchTST,XGBoost,86.2183837890625,71.33380126953125,14.88458251953125
Multivariate+Exogenous,exogenous,Brent Oil,Com_BrentCrudeOil,tscv,5,2024-04-01,574,7,PatchTST,XGBoost,89.50199890136719,71.74305725097656,17.758941650390625
Multivariate+Exogenous,exogenous,Brent Oil,Com_BrentCrudeOil,tscv,5,2024-04-08,575,8,PatchTST,XGBoost,90.17333221435547,74.19773864746094,15.975593566894531
Multivariate+Exogenous,exogenous,Brent Oil,Com_BrentCrudeOil,tscv,5,2024-04-15,576,9,PatchTST,XGBoost,88.12903594970703,71.36425018310547,16.764785766601562
Multivariate+Exogenous,exogenous,Brent Oil,Com_BrentCrudeOil,tscv,5,2024-04-22,577,10,PatchTST,XGBoost,87.90630340576172,71.0301513671875,16.87615203857422
Multivariate+Exogenous,exogenous,Brent Oil,Com_BrentCrudeOil,tscv,5,2024-04-29,578,11,PatchTST,XGBoost,84.72000122070312,72.1110610961914,12.608940124511719
Multivariate+Exogenous,exogenous,Brent Oil,Com_BrentCrudeOil,tscv,5,2024-05-06,579,12,PatchTST,XGBoost,83.3479995727539,68.08500671386719,15.262992858886719
Multivariate+Exogenous,exogenous,Brent Oil,Com_BrentCrudeOil,tscv,5,2024-02-19,568,1,PatchTST,LightGBM,81.3219985961914,75.26860809326172,6.0533905029296875
Multivariate+Exogenous,exogenous,Brent Oil,Com_BrentCrudeOil,tscv,5,2024-02-26,569,2,PatchTST,LightGBM,81.69200134277344,72.0215835571289,9.670417785644531
Multivariate+Exogenous,exogenous,Brent Oil,Com_BrentCrudeOil,tscv,5,2024-03-04,570,3,PatchTST,LightGBM,81.8759994506836,72.31383514404297,9.562164306640625
Multivariate+Exogenous,exogenous,Brent Oil,Com_BrentCrudeOil,tscv,5,2024-03-11,571,4,PatchTST,LightGBM,83.22200012207031,69.34943389892578,13.872566223144531
Multivariate+Exogenous,exogenous,Brent Oil,Com_BrentCrudeOil,tscv,5,2024-03-18,572,5,PatchTST,LightGBM,85.6520004272461,69.10702514648438,16.54497528076172
Multivariate+Exogenous,exogenous,Brent Oil,Com_BrentCrudeOil,tscv,5,2024-03-25,573,6,PatchTST,LightGBM,86.2183837890625,68.99129486083984,17.227088928222656
Multivariate+Exogenous,exogenous,Brent Oil,Com_BrentCrudeOil,tscv,5,2024-04-01,574,7,PatchTST,LightGBM,89.50199890136719,69.18513488769531,20.316864013671875
Multivariate+Exogenous,exogenous,Brent Oil,Com_BrentCrudeOil,tscv,5,2024-04-08,575,8,PatchTST,LightGBM,90.17333221435547,70.40057373046875,19.77275848388672
Multivariate+Exogenous,exogenous,Brent Oil,Com_BrentCrudeOil,tscv,5,2024-04-15,576,9,PatchTST,LightGBM,88.12903594970703,67.91519165039062,20.213844299316406
Multivariate+Exogenous,exogenous,Brent Oil,Com_BrentCrudeOil,tscv,5,2024-04-22,577,10,PatchTST,LightGBM,87.90630340576172,69.61087799072266,18.295425415039062
Multivariate+Exogenous,exogenous,Brent Oil,Com_BrentCrudeOil,tscv,5,2024-04-29,578,11,PatchTST,LightGBM,84.72000122070312,68.81485748291016,15.905143737792969
Multivariate+Exogenous,exogenous,Brent Oil,Com_BrentCrudeOil,tscv,5,2024-05-06,579,12,PatchTST,LightGBM,83.3479995727539,67.59170532226562,15.756294250488281
Multivariate+Exogenous,exogenous,Brent Oil,Com_BrentCrudeOil,tscv,6,2024-03-18,572,1,PatchTST,-,85.6520004272461,85.81068420410156,-0.15868377685546875
Multivariate+Exogenous,exogenous,Brent Oil,Com_BrentCrudeOil,tscv,6,2024-03-25,573,2,PatchTST,-,86.2183837890625,87.740478515625,-1.5220947265625
Multivariate+Exogenous,exogenous,Brent Oil,Com_BrentCrudeOil,tscv,6,2024-04-01,574,3,PatchTST,-,89.50199890136719,86.03565216064453,3.4663467407226562
Multivariate+Exogenous,exogenous,Brent Oil,Com_BrentCrudeOil,tscv,6,2024-04-08,575,4,PatchTST,-,90.17333221435547,86.08456420898438,4.088768005371094
Multivariate+Exogenous,exogenous,Brent Oil,Com_BrentCrudeOil,tscv,6,2024-04-15,576,5,PatchTST,-,88.12903594970703,87.39290618896484,0.7361297607421875
Multivariate+Exogenous,exogenous,Brent Oil,Com_BrentCrudeOil,tscv,6,2024-04-22,577,6,PatchTST,-,87.90630340576172,86.59351348876953,1.3127899169921875
Multivariate+Exogenous,exogenous,Brent Oil,Com_BrentCrudeOil,tscv,6,2024-04-29,578,7,PatchTST,-,84.72000122070312,86.75550079345703,-2.0354995727539062
Multivariate+Exogenous,exogenous,Brent Oil,Com_BrentCrudeOil,tscv,6,2024-05-06,579,8,PatchTST,-,83.3479995727539,88.8350830078125,-5.487083435058594
Multivariate+Exogenous,exogenous,Brent Oil,Com_BrentCrudeOil,tscv,6,2024-05-13,580,9,PatchTST,-,83.14800262451172,79.8948745727539,3.2531280517578125
Multivariate+Exogenous,exogenous,Brent Oil,Com_BrentCrudeOil,tscv,6,2024-05-20,581,10,PatchTST,-,82.39399719238281,80.14022827148438,2.2537689208984375
Multivariate+Exogenous,exogenous,Brent Oil,Com_BrentCrudeOil,tscv,6,2024-05-27,582,11,PatchTST,-,82.64234161376953,80.21273803710938,2.4296035766601562
Multivariate+Exogenous,exogenous,Brent Oil,Com_BrentCrudeOil,tscv,6,2024-06-03,583,12,PatchTST,-,78.75599670410156,88.63459014892578,-9.878593444824219
Multivariate+Exogenous,exogenous,Brent Oil,Com_BrentCrudeOil,tscv,6,2024-03-18,572,1,PatchTST,NLinear,85.6520004272461,91.05490112304688,-5.402900695800781
Multivariate+Exogenous,exogenous,Brent Oil,Com_BrentCrudeOil,tscv,6,2024-03-25,573,2,PatchTST,NLinear,86.2183837890625,89.0004653930664,-2.7820816040039062
Multivariate+Exogenous,exogenous,Brent Oil,Com_BrentCrudeOil,tscv,6,2024-04-01,574,3,PatchTST,NLinear,89.50199890136719,83.4241714477539,6.077827453613281
Multivariate+Exogenous,exogenous,Brent Oil,Com_BrentCrudeOil,tscv,6,2024-04-08,575,4,PatchTST,NLinear,90.17333221435547,81.51945495605469,8.653877258300781
Multivariate+Exogenous,exogenous,Brent Oil,Com_BrentCrudeOil,tscv,6,2024-04-15,576,5,PatchTST,NLinear,88.12903594970703,81.27884674072266,6.850189208984375
Multivariate+Exogenous,exogenous,Brent Oil,Com_BrentCrudeOil,tscv,6,2024-04-22,577,6,PatchTST,NLinear,87.90630340576172,79.14907836914062,8.757225036621094
Multivariate+Exogenous,exogenous,Brent Oil,Com_BrentCrudeOil,tscv,6,2024-04-29,578,7,PatchTST,NLinear,84.72000122070312,77.86436462402344,6.8556365966796875
Multivariate+Exogenous,exogenous,Brent Oil,Com_BrentCrudeOil,tscv,6,2024-05-06,579,8,PatchTST,NLinear,83.3479995727539,78.36660766601562,4.981391906738281
Multivariate+Exogenous,exogenous,Brent Oil,Com_BrentCrudeOil,tscv,6,2024-05-13,580,9,PatchTST,NLinear,83.14800262451172,67.80890655517578,15.339096069335938
Multivariate+Exogenous,exogenous,Brent Oil,Com_BrentCrudeOil,tscv,6,2024-05-20,581,10,PatchTST,NLinear,82.39399719238281,67.63111114501953,14.762886047363281
Multivariate+Exogenous,exogenous,Brent Oil,Com_BrentCrudeOil,tscv,6,2024-05-27,582,11,PatchTST,NLinear,82.64234161376953,67.54833984375,15.094001770019531
Multivariate+Exogenous,exogenous,Brent Oil,Com_BrentCrudeOil,tscv,6,2024-06-03,583,12,PatchTST,NLinear,78.75599670410156,75.69003295898438,3.0659637451171875
Multivariate+Exogenous,exogenous,Brent Oil,Com_BrentCrudeOil,tscv,6,2024-03-18,572,1,PatchTST,iTransformer,85.6520004272461,88.69243621826172,-3.040435791015625
Multivariate+Exogenous,exogenous,Brent Oil,Com_BrentCrudeOil,tscv,6,2024-03-25,573,2,PatchTST,iTransformer,86.2183837890625,89.9424057006836,-3.7240219116210938
Multivariate+Exogenous,exogenous,Brent Oil,Com_BrentCrudeOil,tscv,6,2024-04-01,574,3,PatchTST,iTransformer,89.50199890136719,87.85997772216797,1.6420211791992188
Multivariate+Exogenous,exogenous,Brent Oil,Com_BrentCrudeOil,tscv,6,2024-04-08,575,4,PatchTST,iTransformer,90.17333221435547,88.16837310791016,2.0049591064453125
Multivariate+Exogenous,exogenous,Brent Oil,Com_BrentCrudeOil,tscv,6,2024-04-15,576,5,PatchTST,iTransformer,88.12903594970703,89.50228881835938,-1.3732528686523438
Multivariate+Exogenous,exogenous,Brent Oil,Com_BrentCrudeOil,tscv,6,2024-04-22,577,6,PatchTST,iTransformer,87.90630340576172,88.78760528564453,-0.8813018798828125
Multivariate+Exogenous,exogenous,Brent Oil,Com_BrentCrudeOil,tscv,6,2024-04-29,578,7,PatchTST,iTransformer,84.72000122070312,89.18466186523438,-4.46466064453125
Multivariate+Exogenous,exogenous,Brent Oil,Com_BrentCrudeOil,tscv,6,2024-05-06,579,8,PatchTST,iTransformer,83.3479995727539,91.30219268798828,-7.954193115234375
Multivariate+Exogenous,exogenous,Brent Oil,Com_BrentCrudeOil,tscv,6,2024-05-13,580,9,PatchTST,iTransformer,83.14800262451172,82.1957778930664,0.9522247314453125
Multivariate+Exogenous,exogenous,Brent Oil,Com_BrentCrudeOil,tscv,6,2024-05-20,581,10,PatchTST,iTransformer,82.39399719238281,82.055419921875,0.3385772705078125
Multivariate+Exogenous,exogenous,Brent Oil,Com_BrentCrudeOil,tscv,6,2024-05-27,582,11,PatchTST,iTransformer,82.64234161376953,81.76122283935547,0.8811187744140625
Multivariate+Exogenous,exogenous,Brent Oil,Com_BrentCrudeOil,tscv,6,2024-06-03,583,12,PatchTST,iTransformer,78.75599670410156,90.18380737304688,-11.427810668945312
Multivariate+Exogenous,exogenous,Brent Oil,Com_BrentCrudeOil,tscv,6,2024-03-18,572,1,PatchTST,XGBoost,85.6520004272461,84.84542083740234,0.80657958984375
Multivariate+Exogenous,exogenous,Brent Oil,Com_BrentCrudeOil,tscv,6,2024-03-25,573,2,PatchTST,XGBoost,86.2183837890625,86.49159240722656,-0.2732086181640625
Multivariate+Exogenous,exogenous,Brent Oil,Com_BrentCrudeOil,tscv,6,2024-04-01,574,3,PatchTST,XGBoost,89.50199890136719,83.517333984375,5.9846649169921875
Multivariate+Exogenous,exogenous,Brent Oil,Com_BrentCrudeOil,tscv,6,2024-04-08,575,4,PatchTST,XGBoost,90.17333221435547,83.6014175415039,6.5719146728515625
Multivariate+Exogenous,exogenous,Brent Oil,Com_BrentCrudeOil,tscv,6,2024-04-15,576,5,PatchTST,XGBoost,88.12903594970703,85.00541687011719,3.1236190795898438
Multivariate+Exogenous,exogenous,Brent Oil,Com_BrentCrudeOil,tscv,6,2024-04-22,577,6,PatchTST,XGBoost,87.90630340576172,83.76429748535156,4.142005920410156
Multivariate+Exogenous,exogenous,Brent Oil,Com_BrentCrudeOil,tscv,6,2024-04-29,578,7,PatchTST,XGBoost,84.72000122070312,82.80060577392578,1.9193954467773438
Multivariate+Exogenous,exogenous,Brent Oil,Com_BrentCrudeOil,tscv,6,2024-05-06,579,8,PatchTST,XGBoost,83.3479995727539,86.85009765625,-3.5020980834960938
Multivariate+Exogenous,exogenous,Brent Oil,Com_BrentCrudeOil,tscv,6,2024-05-13,580,9,PatchTST,XGBoost,83.14800262451172,79.95289611816406,3.1951065063476562
Multivariate+Exogenous,exogenous,Brent Oil,Com_BrentCrudeOil,tscv,6,2024-05-20,581,10,PatchTST,XGBoost,82.39399719238281,79.38811492919922,3.0058822631835938
Multivariate+Exogenous,exogenous,Brent Oil,Com_BrentCrudeOil,tscv,6,2024-05-27,582,11,PatchTST,XGBoost,82.64234161376953,79.8652114868164,2.777130126953125
Multivariate+Exogenous,exogenous,Brent Oil,Com_BrentCrudeOil,tscv,6,2024-06-03,583,12,PatchTST,XGBoost,78.75599670410156,85.3090591430664,-6.553062438964844
Multivariate+Exogenous,exogenous,Brent Oil,Com_BrentCrudeOil,tscv,6,2024-03-18,572,1,PatchTST,LightGBM,85.6520004272461,84.06834411621094,1.5836563110351562
Multivariate+Exogenous,exogenous,Brent Oil,Com_BrentCrudeOil,tscv,6,2024-03-25,573,2,PatchTST,LightGBM,86.2183837890625,85.99813842773438,0.220245361328125
Multivariate+Exogenous,exogenous,Brent Oil,Com_BrentCrudeOil,tscv,6,2024-04-01,574,3,PatchTST,LightGBM,89.50199890136719,84.2933120727539,5.208686828613281
Multivariate+Exogenous,exogenous,Brent Oil,Com_BrentCrudeOil,tscv,6,2024-04-08,575,4,PatchTST,LightGBM,90.17333221435547,84.34222412109375,5.831108093261719
Multivariate+Exogenous,exogenous,Brent Oil,Com_BrentCrudeOil,tscv,6,2024-04-15,576,5,PatchTST,LightGBM,88.12903594970703,85.65056610107422,2.4784698486328125
Multivariate+Exogenous,exogenous,Brent Oil,Com_BrentCrudeOil,tscv,6,2024-04-22,577,6,PatchTST,LightGBM,87.90630340576172,84.8511734008789,3.0551300048828125
Multivariate+Exogenous,exogenous,Brent Oil,Com_BrentCrudeOil,tscv,6,2024-04-29,578,7,PatchTST,LightGBM,84.72000122070312,85.0131607055664,-0.29315948486328125
Multivariate+Exogenous,exogenous,Brent Oil,Com_BrentCrudeOil,tscv,6,2024-05-06,579,8,PatchTST,LightGBM,83.3479995727539,87.09274291992188,-3.7447433471679688
Multivariate+Exogenous,exogenous,Brent Oil,Com_BrentCrudeOil,tscv,6,2024-05-13,580,9,PatchTST,LightGBM,83.14800262451172,78.15253448486328,4.9954681396484375
Multivariate+Exogenous,exogenous,Brent Oil,Com_BrentCrudeOil,tscv,6,2024-05-20,581,10,PatchTST,LightGBM,82.39399719238281,77.39684295654297,4.997154235839844
Multivariate+Exogenous,exogenous,Brent Oil,Com_BrentCrudeOil,tscv,6,2024-05-27,582,11,PatchTST,LightGBM,82.64234161376953,76.97640991210938,5.665931701660156
Multivariate+Exogenous,exogenous,Brent Oil,Com_BrentCrudeOil,tscv,6,2024-06-03,583,12,PatchTST,LightGBM,78.75599670410156,85.39826202392578,-6.642265319824219
Multivariate+Exogenous,exogenous,Brent Oil,Com_BrentCrudeOil,tscv,7,2024-04-15,576,1,PatchTST,-,88.12903594970703,76.74740600585938,11.381629943847656
Multivariate+Exogenous,exogenous,Brent Oil,Com_BrentCrudeOil,tscv,7,2024-04-22,577,2,PatchTST,-,87.90630340576172,78.05831909179688,9.847984313964844
Multivariate+Exogenous,exogenous,Brent Oil,Com_BrentCrudeOil,tscv,7,2024-04-29,578,3,PatchTST,-,84.72000122070312,73.32689666748047,11.393104553222656
Multivariate+Exogenous,exogenous,Brent Oil,Com_BrentCrudeOil,tscv,7,2024-05-06,579,4,PatchTST,-,83.3479995727539,74.80845642089844,8.539543151855469
Multivariate+Exogenous,exogenous,Brent Oil,Com_BrentCrudeOil,tscv,7,2024-05-13,580,5,PatchTST,-,83.14800262451172,74.15467834472656,8.993324279785156
Multivariate+Exogenous,exogenous,Brent Oil,Com_BrentCrudeOil,tscv,7,2024-05-20,581,6,PatchTST,-,82.39399719238281,72.36701202392578,10.026985168457031
Multivariate+Exogenous,exogenous,Brent Oil,Com_BrentCrudeOil,tscv,7,2024-05-27,582,7,PatchTST,-,82.64234161376953,71.19413757324219,11.448204040527344
Multivariate+Exogenous,exogenous,Brent Oil,Com_BrentCrudeOil,tscv,7,2024-06-03,583,8,PatchTST,-,78.75599670410156,73.43419647216797,5.321800231933594
Multivariate+Exogenous,exogenous,Brent Oil,Com_BrentCrudeOil,tscv,7,2024-06-10,584,9,PatchTST,-,82.30400085449219,73.0192642211914,9.284736633300781
Multivariate+Exogenous,exogenous,Brent Oil,Com_BrentCrudeOil,tscv,7,2024-06-17,585,10,PatchTST,-,85.13249969482422,71.0239028930664,14.108596801757812
Multivariate+Exogenous,exogenous,Brent Oil,Com_BrentCrudeOil,tscv,7,2024-06-24,586,11,PatchTST,-,84.99199676513672,71.97676086425781,13.015235900878906
Multivariate+Exogenous,exogenous,Brent Oil,Com_BrentCrudeOil,tscv,7,2024-07-01,587,12,PatchTST,-,86.68726348876953,72.56283569335938,14.124427795410156
Multivariate+Exogenous,exogenous,Brent Oil,Com_BrentCrudeOil,tscv,7,2024-04-15,576,1,PatchTST,NLinear,88.12903594970703,89.0008773803711,-0.8718414306640625
Multivariate+Exogenous,exogenous,Brent Oil,Com_BrentCrudeOil,tscv,7,2024-04-22,577,2,PatchTST,NLinear,87.90630340576172,90.31182861328125,-2.4055252075195312
Multivariate+Exogenous,exogenous,Brent Oil,Com_BrentCrudeOil,tscv,7,2024-04-29,578,3,PatchTST,NLinear,84.72000122070312,85.10943603515625,-0.389434814453125
Multivariate+Exogenous,exogenous,Brent Oil,Com_BrentCrudeOil,tscv,7,2024-05-06,579,4,PatchTST,NLinear,83.3479995727539,86.28096771240234,-2.9329681396484375
Multivariate+Exogenous,exogenous,Brent Oil,Com_BrentCrudeOil,tscv,7,2024-05-13,580,5,PatchTST,NLinear,83.14800262451172,85.37793731689453,-2.2299346923828125
Multivariate+Exogenous,exogenous,Brent Oil,Com_BrentCrudeOil,tscv,7,2024-05-20,581,6,PatchTST,NLinear,82.39399719238281,83.70929718017578,-1.3152999877929688
Multivariate+Exogenous,exogenous,Brent Oil,Com_BrentCrudeOil,tscv,7,2024-05-27,582,7,PatchTST,NLinear,82.64234161376953,82.2865982055664,0.355743408203125
Multivariate+Exogenous,exogenous,Brent Oil,Com_BrentCrudeOil,tscv,7,2024-06-03,583,8,PatchTST,NLinear,78.75599670410156,84.41927337646484,-5.663276672363281
Multivariate+Exogenous,exogenous,Brent Oil,Com_BrentCrudeOil,tscv,7,2024-06-10,584,9,PatchTST,NLinear,82.30400085449219,83.93858337402344,-1.63458251953125
Multivariate+Exogenous,exogenous,Brent Oil,Com_BrentCrudeOil,tscv,7,2024-06-17,585,10,PatchTST,NLinear,85.13249969482422,82.42716979980469,2.7053298950195312
Multivariate+Exogenous,exogenous,Brent Oil,Com_BrentCrudeOil,tscv,7,2024-06-24,586,11,PatchTST,NLinear,84.99199676513672,83.84634399414062,1.1456527709960938
Multivariate+Exogenous,exogenous,Brent Oil,Com_BrentCrudeOil,tscv,7,2024-07-01,587,12,PatchTST,NLinear,86.68726348876953,85.56177520751953,1.12548828125
Multivariate+Exogenous,exogenous,Brent Oil,Com_BrentCrudeOil,tscv,7,2024-04-15,576,1,PatchTST,iTransformer,88.12903594970703,79.98582458496094,8.143211364746094
Multivariate+Exogenous,exogenous,Brent Oil,Com_BrentCrudeOil,tscv,7,2024-04-22,577,2,PatchTST,iTransformer,87.90630340576172,81.18108367919922,6.7252197265625
Multivariate+Exogenous,exogenous,Brent Oil,Com_BrentCrudeOil,tscv,7,2024-04-29,578,3,PatchTST,iTransformer,84.72000122070312,77.73102569580078,6.988975524902344
Multivariate+Exogenous,exogenous,Brent Oil,Com_BrentCrudeOil,tscv,7,2024-05-06,579,4,PatchTST,iTransformer,83.3479995727539,79.07408905029297,4.2739105224609375
Multivariate+Exogenous,exogenous,Brent Oil,Com_BrentCrudeOil,tscv,7,2024-05-13,580,5,PatchTST,iTransformer,83.14800262451172,77.1343765258789,6.0136260986328125
Multivariate+Exogenous,exogenous,Brent Oil,Com_BrentCrudeOil,tscv,7,2024-05-20,581,6,PatchTST,iTransformer,82.39399719238281,75.85395050048828,6.540046691894531
Multivariate+Exogenous,exogenous,Brent Oil,Com_BrentCrudeOil,tscv,7,2024-05-27,582,7,PatchTST,iTransformer,82.64234161376953,74.53726959228516,8.105072021484375
Multivariate+Exogenous,exogenous,Brent Oil,Com_BrentCrudeOil,tscv,7,2024-06-03,583,8,PatchTST,iTransformer,78.75599670410156,76.7676010131836,1.9883956909179688
Multivariate+Exogenous,exogenous,Brent Oil,Com_BrentCrudeOil,tscv,7,2024-06-10,584,9,PatchTST,iTransformer,82.30400085449219,75.93915557861328,6.364845275878906
Multivariate+Exogenous,exogenous,Brent Oil,Com_BrentCrudeOil,tscv,7,2024-06-17,585,10,PatchTST,iTransformer,85.13249969482422,74.34671020507812,10.785789489746094
Multivariate+Exogenous,exogenous,Brent Oil,Com_BrentCrudeOil,tscv,7,2024-06-24,586,11,PatchTST,iTransformer,84.99199676513672,74.5062026977539,10.485794067382812
Multivariate+Exogenous,exogenous,Brent Oil,Com_BrentCrudeOil,tscv,7,2024-07-01,587,12,PatchTST,iTransformer,86.68726348876953,76.01923370361328,10.66802978515625
Multivariate+Exogenous,exogenous,Brent Oil,Com_BrentCrudeOil,tscv,7,2024-04-15,576,1,PatchTST,XGBoost,88.12903594970703,79.68109130859375,8.447944641113281
Multivariate+Exogenous,exogenous,Brent Oil,Com_BrentCrudeOil,tscv,7,2024-04-22,577,2,PatchTST,XGBoost,87.90630340576172,80.56111907958984,7.345184326171875
Multivariate+Exogenous,exogenous,Brent Oil,Com_BrentCrudeOil,tscv,7,2024-04-29,578,3,PatchTST,XGBoost,84.72000122070312,75.82969665527344,8.890304565429688
Multivariate+Exogenous,exogenous,Brent Oil,Com_BrentCrudeOil,tscv,7,2024-05-06,579,4,PatchTST,XGBoost,83.3479995727539,77.44418334960938,5.903816223144531
Multivariate+Exogenous,exogenous,Brent Oil,Com_BrentCrudeOil,tscv,7,2024-05-13,580,5,PatchTST,XGBoost,83.14800262451172,76.65747833251953,6.4905242919921875
Multivariate+Exogenous,exogenous,Brent Oil,Com_BrentCrudeOil,tscv,7,2024-05-20,581,6,PatchTST,XGBoost,82.39399719238281,75.00273895263672,7.391258239746094
Multivariate+Exogenous,exogenous,Brent Oil,Com_BrentCrudeOil,tscv,7,2024-05-27,582,7,PatchTST,XGBoost,82.64234161376953,73.69693756103516,8.945404052734375
Multivariate+Exogenous,exogenous,Brent Oil,Com_BrentCrudeOil,tscv,7,2024-06-03,583,8,PatchTST,XGBoost,78.75599670410156,76.0699234008789,2.6860733032226562
Multivariate+Exogenous,exogenous,Brent Oil,Com_BrentCrudeOil,tscv,7,2024-06-10,584,9,PatchTST,XGBoost,82.30400085449219,75.62031555175781,6.683685302734375
Multivariate+Exogenous,exogenous,Brent Oil,Com_BrentCrudeOil,tscv,7,2024-06-17,585,10,PatchTST,XGBoost,85.13249969482422,73.62495422363281,11.507545471191406
Multivariate+Exogenous,exogenous,Brent Oil,Com_BrentCrudeOil,tscv,7,2024-06-24,586,11,PatchTST,XGBoost,84.99199676513672,74.57781219482422,10.4141845703125
Multivariate+Exogenous,exogenous,Brent Oil,Com_BrentCrudeOil,tscv,7,2024-07-01,587,12,PatchTST,XGBoost,86.68726348876953,75.16388702392578,11.52337646484375
Multivariate+Exogenous,exogenous,Brent Oil,Com_BrentCrudeOil,tscv,7,2024-04-15,576,1,PatchTST,LightGBM,88.12903594970703,80.68885803222656,7.440177917480469
Multivariate+Exogenous,exogenous,Brent Oil,Com_BrentCrudeOil,tscv,7,2024-04-22,577,2,PatchTST,LightGBM,87.90630340576172,81.99977111816406,5.906532287597656
Multivariate+Exogenous,exogenous,Brent Oil,Com_BrentCrudeOil,tscv,7,2024-04-29,578,3,PatchTST,LightGBM,84.72000122070312,77.26834869384766,7.451652526855469
Multivariate+Exogenous,exogenous,Brent Oil,Com_BrentCrudeOil,tscv,7,2024-05-06,579,4,PatchTST,LightGBM,83.3479995727539,78.74990844726562,4.598091125488281
Multivariate+Exogenous,exogenous,Brent Oil,Com_BrentCrudeOil,tscv,7,2024-05-13,580,5,PatchTST,LightGBM,83.14800262451172,78.09613037109375,5.051872253417969
Multivariate+Exogenous,exogenous,Brent Oil,Com_BrentCrudeOil,tscv,7,2024-05-20,581,6,PatchTST,LightGBM,82.39399719238281,76.30846405029297,6.085533142089844
Multivariate+Exogenous,exogenous,Brent Oil,Com_BrentCrudeOil,tscv,7,2024-05-27,582,7,PatchTST,LightGBM,82.64234161376953,75.13558959960938,7.506752014160156
Multivariate+Exogenous,exogenous,Brent Oil,Com_BrentCrudeOil,tscv,7,2024-06-03,583,8,PatchTST,LightGBM,78.75599670410156,77.37564849853516,1.3803482055664062
Multivariate+Exogenous,exogenous,Brent Oil,Com_BrentCrudeOil,tscv,7,2024-06-10,584,9,PatchTST,LightGBM,82.30400085449219,76.9607162475586,5.343284606933594
Multivariate+Exogenous,exogenous,Brent Oil,Com_BrentCrudeOil,tscv,7,2024-06-17,585,10,PatchTST,LightGBM,85.13249969482422,74.9653549194336,10.167144775390625
Multivariate+Exogenous,exogenous,Brent Oil,Com_BrentCrudeOil,tscv,7,2024-06-24,586,11,PatchTST,LightGBM,84.99199676513672,75.918212890625,9.073783874511719
Multivariate+Exogenous,exogenous,Brent Oil,Com_BrentCrudeOil,tscv,7,2024-07-01,587,12,PatchTST,LightGBM,86.68726348876953,76.50428771972656,10.182975769042969
Multivariate+Exogenous,exogenous,Brent Oil,Com_BrentCrudeOil,tscv,8,2024-05-13,580,1,PatchTST,-,83.14800262451172,78.7780532836914,4.3699493408203125
Multivariate+Exogenous,exogenous,Brent Oil,Com_BrentCrudeOil,tscv,8,2024-05-20,581,2,PatchTST,-,82.39399719238281,76.89425659179688,5.4997406005859375
Multivariate+Exogenous,exogenous,Brent Oil,Com_BrentCrudeOil,tscv,8,2024-05-27,582,3,PatchTST,-,82.64234161376953,79.38323211669922,3.2591094970703125
Multivariate+Exogenous,exogenous,Brent Oil,Com_BrentCrudeOil,tscv,8,2024-06-03,583,4,PatchTST,-,78.75599670410156,80.66839599609375,-1.9123992919921875
Multivariate+Exogenous,exogenous,Brent Oil,Com_BrentCrudeOil,tscv,8,2024-06-10,584,5,PatchTST,-,82.30400085449219,81.2386245727539,1.0653762817382812
Multivariate+Exogenous,exogenous,Brent Oil,Com_BrentCrudeOil,tscv,8,2024-06-17,585,6,PatchTST,-,85.13249969482422,76.45703125,8.675468444824219
Multivariate+Exogenous,exogenous,Brent Oil,Com_BrentCrudeOil,tscv,8,2024-06-24,586,7,PatchTST,-,84.99199676513672,75.51835632324219,9.473640441894531
Multivariate+Exogenous,exogenous,Brent Oil,Com_BrentCrudeOil,tscv,8,2024-07-01,587,8,PatchTST,-,86.68726348876953,78.41834259033203,8.2689208984375
Multivariate+Exogenous,exogenous,Brent Oil,Com_BrentCrudeOil,tscv,8,2024-07-08,588,9,PatchTST,-,85.18399810791016,77.884033203125,7.299964904785156
Multivariate+Exogenous,exogenous,Brent Oil,Com_BrentCrudeOil,tscv,8,2024-07-15,589,10,PatchTST,-,84.27999877929688,77.96766662597656,6.3123321533203125
Multivariate+Exogenous,exogenous,Brent Oil,Com_BrentCrudeOil,tscv,8,2024-07-22,590,11,PatchTST,-,81.7239990234375,75.8809814453125,5.843017578125
Multivariate+Exogenous,exogenous,Brent Oil,Com_BrentCrudeOil,tscv,8,2024-07-29,591,12,PatchTST,-,78.4143295288086,75.03187561035156,3.3824539184570312
Multivariate+Exogenous,exogenous,Brent Oil,Com_BrentCrudeOil,tscv,8,2024-05-13,580,1,PatchTST,NLinear,83.14800262451172,95.46678924560547,-12.31878662109375
Multivariate+Exogenous,exogenous,Brent Oil,Com_BrentCrudeOil,tscv,8,2024-05-20,581,2,PatchTST,NLinear,82.39399719238281,93.42620849609375,-11.032211303710938
Multivariate+Exogenous,exogenous,Brent Oil,Com_BrentCrudeOil,tscv,8,2024-05-27,582,3,PatchTST,NLinear,82.64234161376953,95.99798583984375,-13.355644226074219
Multivariate+Exogenous,exogenous,Brent Oil,Com_BrentCrudeOil,tscv,8,2024-06-03,583,4,PatchTST,NLinear,78.75599670410156,96.65670013427734,-17.90070343017578
Multivariate+Exogenous,exogenous,Brent Oil,Com_BrentCrudeOil,tscv,8,2024-06-10,584,5,PatchTST,NLinear,82.30400085449219,96.62459564208984,-14.320594787597656
Multivariate+Exogenous,exogenous,Brent Oil,Com_BrentCrudeOil,tscv,8,2024-06-17,585,6,PatchTST,NLinear,85.13249969482422,91.7570571899414,-6.6245574951171875
Multivariate+Exogenous,exogenous,Brent Oil,Com_BrentCrudeOil,tscv,8,2024-06-24,586,7,PatchTST,NLinear,84.99199676513672,91.35650634765625,-6.364509582519531
Multivariate+Exogenous,exogenous,Brent Oil,Com_BrentCrudeOil,tscv,8,2024-07-01,587,8,PatchTST,NLinear,86.68726348876953,94.35295104980469,-7.665687561035156
Multivariate+Exogenous,exogenous,Brent Oil,Com_BrentCrudeOil,tscv,8,2024-07-08,588,9,PatchTST,NLinear,85.18399810791016,94.24442291259766,-9.0604248046875
Multivariate+Exogenous,exogenous,Brent Oil,Com_BrentCrudeOil,tscv,8,2024-07-15,589,10,PatchTST,NLinear,84.27999877929688,94.87841796875,-10.598419189453125
Multivariate+Exogenous,exogenous,Brent Oil,Com_BrentCrudeOil,tscv,8,2024-07-22,590,11,PatchTST,NLinear,81.7239990234375,92.93766784667969,-11.213668823242188
Multivariate+Exogenous,exogenous,Brent Oil,Com_BrentCrudeOil,tscv,8,2024-07-29,591,12,PatchTST,NLinear,78.4143295288086,91.316162109375,-12.901832580566406
Multivariate+Exogenous,exogenous,Brent Oil,Com_BrentCrudeOil,tscv,8,2024-05-13,580,1,PatchTST,iTransformer,83.14800262451172,90.30802154541016,-7.1600189208984375
Multivariate+Exogenous,exogenous,Brent Oil,Com_BrentCrudeOil,tscv,8,2024-05-20,581,2,PatchTST,iTransformer,82.39399719238281,89.3421630859375,-6.9481658935546875
Multivariate+Exogenous,exogenous,Brent Oil,Com_BrentCrudeOil,tscv,8,2024-05-27,582,3,PatchTST,iTransformer,82.64234161376953,90.84078979492188,-8.198448181152344
Multivariate+Exogenous,exogenous,Brent Oil,Com_BrentCrudeOil,tscv,8,2024-06-03,583,4,PatchTST,iTransformer,78.75599670410156,92.25086975097656,-13.494873046875
Multivariate+Exogenous,exogenous,Brent Oil,Com_BrentCrudeOil,tscv,8,2024-06-10,584,5,PatchTST,iTransformer,82.30400085449219,93.14341735839844,-10.83941650390625
Multivariate+Exogenous,exogenous,Brent Oil,Com_BrentCrudeOil,tscv,8,2024-06-17,585,6,PatchTST,iTransformer,85.13249969482422,88.7137222290039,-3.5812225341796875
Multivariate+Exogenous,exogenous,Brent Oil,Com_BrentCrudeOil,tscv,8,2024-06-24,586,7,PatchTST,iTransformer,84.99199676513672,87.58010864257812,-2.5881118774414062
Multivariate+Exogenous,exogenous,Brent Oil,Com_BrentCrudeOil,tscv,8,2024-07-01,587,8,PatchTST,iTransformer,86.68726348876953,90.7411117553711,-4.0538482666015625
Multivariate+Exogenous,exogenous,Brent Oil,Com_BrentCrudeOil,tscv,8,2024-07-08,588,9,PatchTST,iTransformer,85.18399810791016,89.83685302734375,-4.652854919433594
Multivariate+Exogenous,exogenous,Brent Oil,Com_BrentCrudeOil,tscv,8,2024-07-15,589,10,PatchTST,iTransformer,84.27999877929688,89.58368682861328,-5.303688049316406
Multivariate+Exogenous,exogenous,Brent Oil,Com_BrentCrudeOil,tscv,8,2024-07-22,590,11,PatchTST,iTransformer,81.7239990234375,88.06698608398438,-6.342987060546875
Multivariate+Exogenous,exogenous,Brent Oil,Com_BrentCrudeOil,tscv,8,2024-07-29,591,12,PatchTST,iTransformer,78.4143295288086,87.20204162597656,-8.787712097167969
Multivariate+Exogenous,exogenous,Brent Oil,Com_BrentCrudeOil,tscv,8,2024-05-13,580,1,PatchTST,XGBoost,83.14800262451172,85.62345886230469,-2.4754562377929688
Multivariate+Exogenous,exogenous,Brent Oil,Com_BrentCrudeOil,tscv,8,2024-05-20,581,2,PatchTST,XGBoost,82.39399719238281,84.21936798095703,-1.8253707885742188
Multivariate+Exogenous,exogenous,Brent Oil,Com_BrentCrudeOil,tscv,8,2024-05-27,582,3,PatchTST,XGBoost,82.64234161376953,86.15703582763672,-3.5146942138671875
Multivariate+Exogenous,exogenous,Brent Oil,Com_BrentCrudeOil,tscv,8,2024-06-03,583,4,PatchTST,XGBoost,78.75599670410156,86.92144012451172,-8.165443420410156
Multivariate+Exogenous,exogenous,Brent Oil,Com_BrentCrudeOil,tscv,8,2024-06-10,584,5,PatchTST,XGBoost,82.30400085449219,87.95613098144531,-5.652130126953125
Multivariate+Exogenous,exogenous,Brent Oil,Com_BrentCrudeOil,tscv,8,2024-06-17,585,6,PatchTST,XGBoost,85.13249969482422,83.61421203613281,1.5182876586914062
Multivariate+Exogenous,exogenous,Brent Oil,Com_BrentCrudeOil,tscv,8,2024-06-24,586,7,PatchTST,XGBoost,84.99199676513672,81.91998291015625,3.0720138549804688
Multivariate+Exogenous,exogenous,Brent Oil,Com_BrentCrudeOil,tscv,8,2024-07-01,587,8,PatchTST,XGBoost,86.68726348876953,84.70819854736328,1.97906494140625
Multivariate+Exogenous,exogenous,Brent Oil,Com_BrentCrudeOil,tscv,8,2024-07-08,588,9,PatchTST,XGBoost,85.18399810791016,87.51447296142578,-2.330474853515625
Multivariate+Exogenous,exogenous,Brent Oil,Com_BrentCrudeOil,tscv,8,2024-07-15,589,10,PatchTST,XGBoost,84.27999877929688,87.3070068359375,-3.027008056640625
Multivariate+Exogenous,exogenous,Brent Oil,Com_BrentCrudeOil,tscv,8,2024-07-22,590,11,PatchTST,XGBoost,81.7239990234375,83.35511779785156,-1.6311187744140625
Multivariate+Exogenous,exogenous,Brent Oil,Com_BrentCrudeOil,tscv,8,2024-07-29,591,12,PatchTST,XGBoost,78.4143295288086,81.6645278930664,-3.2501983642578125
Multivariate+Exogenous,exogenous,Brent Oil,Com_BrentCrudeOil,tscv,8,2024-05-13,580,1,PatchTST,LightGBM,83.14800262451172,87.09585571289062,-3.9478530883789062
Multivariate+Exogenous,exogenous,Brent Oil,Com_BrentCrudeOil,tscv,8,2024-05-20,581,2,PatchTST,LightGBM,82.39399719238281,85.2120590209961,-2.8180618286132812
Multivariate+Exogenous,exogenous,Brent Oil,Com_BrentCrudeOil,tscv,8,2024-05-27,582,3,PatchTST,LightGBM,82.64234161376953,87.70103454589844,-5.058692932128906
Multivariate+Exogenous,exogenous,Brent Oil,Com_BrentCrudeOil,tscv,8,2024-06-03,583,4,PatchTST,LightGBM,78.75599670410156,88.98619842529297,-10.230201721191406
Multivariate+Exogenous,exogenous,Brent Oil,Com_BrentCrudeOil,tscv,8,2024-06-10,584,5,PatchTST,LightGBM,82.30400085449219,89.55642700195312,-7.2524261474609375
Multivariate+Exogenous,exogenous,Brent Oil,Com_BrentCrudeOil,tscv,8,2024-06-17,585,6,PatchTST,LightGBM,85.13249969482422,85.49822998046875,-0.36573028564453125
Multivariate+Exogenous,exogenous,Brent Oil,Com_BrentCrudeOil,tscv,8,2024-06-24,586,7,PatchTST,LightGBM,84.99199676513672,83.8361587524414,1.1558380126953125
Multivariate+Exogenous,exogenous,Brent Oil,Com_BrentCrudeOil,tscv,8,2024-07-01,587,8,PatchTST,LightGBM,86.68726348876953,86.73614501953125,-0.04888153076171875
Multivariate+Exogenous,exogenous,Brent Oil,Com_BrentCrudeOil,tscv,8,2024-07-08,588,9,PatchTST,LightGBM,85.18399810791016,86.20183563232422,-1.0178375244140625
Multivariate+Exogenous,exogenous,Brent Oil,Com_BrentCrudeOil,tscv,8,2024-07-15,589,10,PatchTST,LightGBM,84.27999877929688,86.28546905517578,-2.0054702758789062
Multivariate+Exogenous,exogenous,Brent Oil,Com_BrentCrudeOil,tscv,8,2024-07-22,590,11,PatchTST,LightGBM,81.7239990234375,84.19878387451172,-2.4747848510742188
Multivariate+Exogenous,exogenous,Brent Oil,Com_BrentCrudeOil,tscv,8,2024-07-29,591,12,PatchTST,LightGBM,78.4143295288086,83.5450210571289,-5.1306915283203125
Multivariate+Exogenous,exogenous,Brent Oil,Com_BrentCrudeOil,tscv,9,2024-06-10,584,1,PatchTST,-,82.30400085449219,73.1664810180664,9.137519836425781
Multivariate+Exogenous,exogenous,Brent Oil,Com_BrentCrudeOil,tscv,9,2024-06-17,585,2,PatchTST,-,85.13249969482422,75.30905151367188,9.823448181152344
Multivariate+Exogenous,exogenous,Brent Oil,Com_BrentCrudeOil,tscv,9,2024-06-24,586,3,PatchTST,-,84.99199676513672,74.3575439453125,10.634452819824219
Multivariate+Exogenous,exogenous,Brent Oil,Com_BrentCrudeOil,tscv,9,2024-07-01,587,4,PatchTST,-,86.68726348876953,72.72904968261719,13.958213806152344
Multivariate+Exogenous,exogenous,Brent Oil,Com_BrentCrudeOil,tscv,9,2024-07-08,588,5,PatchTST,-,85.18399810791016,73.16615295410156,12.017845153808594
Multivariate+Exogenous,exogenous,Brent Oil,Com_BrentCrudeOil,tscv,9,2024-07-15,589,6,PatchTST,-,84.27999877929688,72.8489761352539,11.431022644042969
Multivariate+Exogenous,exogenous,Brent Oil,Com_BrentCrudeOil,tscv,9,2024-07-22,590,7,PatchTST,-,81.7239990234375,70.67535400390625,11.04864501953125
Multivariate+Exogenous,exogenous,Brent Oil,Com_BrentCrudeOil,tscv,9,2024-07-29,591,8,PatchTST,-,78.4143295288086,74.35191345214844,4.062416076660156
Multivariate+Exogenous,exogenous,Brent Oil,Com_BrentCrudeOil,tscv,9,2024-08-05,592,9,PatchTST,-,78.48297119140625,72.95704650878906,5.5259246826171875
Multivariate+Exogenous,exogenous,Brent Oil,Com_BrentCrudeOil,tscv,9,2024-08-12,593,10,PatchTST,-,80.38911437988281,74.20963287353516,6.179481506347656
Multivariate+Exogenous,exogenous,Brent Oil,Com_BrentCrudeOil,tscv,9,2024-08-19,594,11,PatchTST,-,77.96463012695312,70.29801940917969,7.6666107177734375
Multivariate+Exogenous,exogenous,Brent Oil,Com_BrentCrudeOil,tscv,9,2024-08-26,595,12,PatchTST,-,78.09672546386719,73.63597106933594,4.46075439453125
Multivariate+Exogenous,exogenous,Brent Oil,Com_BrentCrudeOil,tscv,9,2024-06-10,584,1,PatchTST,NLinear,82.30400085449219,98.79087829589844,-16.48687744140625
Multivariate+Exogenous,exogenous,Brent Oil,Com_BrentCrudeOil,tscv,9,2024-06-17,585,2,PatchTST,NLinear,85.13249969482422,102.98931884765625,-17.85681915283203
Multivariate+Exogenous,exogenous,Brent Oil,Com_BrentCrudeOil,tscv,9,2024-06-24,586,3,PatchTST,NLinear,84.99199676513672,104.8472900390625,-19.85529327392578
Multivariate+Exogenous,exogenous,Brent Oil,Com_BrentCrudeOil,tscv,9,2024-07-01,587,4,PatchTST,NLinear,86.68726348876953,105.33087921142578,-18.64361572265625
Multivariate+Exogenous,exogenous,Brent Oil,Com_BrentCrudeOil,tscv,9,2024-07-08,588,5,PatchTST,NLinear,85.18399810791016,105.99398803710938,-20.80998992919922
Multivariate+Exogenous,exogenous,Brent Oil,Com_BrentCrudeOil,tscv,9,2024-07-15,589,6,PatchTST,NLinear,84.27999877929688,105.48710632324219,-21.207107543945312
Multivariate+Exogenous,exogenous,Brent Oil,Com_BrentCrudeOil,tscv,9,2024-07-22,590,7,PatchTST,NLinear,81.7239990234375,104.76813507080078,-23.04413604736328
Multivariate+Exogenous,exogenous,Brent Oil,Com_BrentCrudeOil,tscv,9,2024-07-29,591,8,PatchTST,NLinear,78.4143295288086,109.82361602783203,-31.409286499023438
Multivariate+Exogenous,exogenous,Brent Oil,Com_BrentCrudeOil,tscv,9,2024-08-05,592,9,PatchTST,NLinear,78.48297119140625,110.66109466552734,-32.178123474121094
Multivariate+Exogenous,exogenous,Brent Oil,Com_BrentCrudeOil,tscv,9,2024-08-12,593,10,PatchTST,NLinear,80.38911437988281,112.77420043945312,-32.38508605957031
Multivariate+Exogenous,exogenous,Brent Oil,Com_BrentCrudeOil,tscv,9,2024-08-19,594,11,PatchTST,NLinear,77.96463012695312,109.22490692138672,-31.260276794433594
Multivariate+Exogenous,exogenous,Brent Oil,Com_BrentCrudeOil,tscv,9,2024-08-26,595,12,PatchTST,NLinear,78.09672546386719,114.2540054321289,-36.15727996826172
Multivariate+Exogenous,exogenous,Brent Oil,Com_BrentCrudeOil,tscv,9,2024-06-10,584,1,PatchTST,iTransformer,82.30400085449219,79.78782653808594,2.51617431640625
Multivariate+Exogenous,exogenous,Brent Oil,Com_BrentCrudeOil,tscv,9,2024-06-17,585,2,PatchTST,iTransformer,85.13249969482422,81.56427001953125,3.5682296752929688
Multivariate+Exogenous,exogenous,Brent Oil,Com_BrentCrudeOil,tscv,9,2024-06-24,586,3,PatchTST,iTransformer,84.99199676513672,81.02277374267578,3.9692230224609375
Multivariate+Exogenous,exogenous,Brent Oil,Com_BrentCrudeOil,tscv,9,2024-07-01,587,4,PatchTST,iTransformer,86.68726348876953,78.80608367919922,7.8811798095703125
Multivariate+Exogenous,exogenous,Brent Oil,Com_BrentCrudeOil,tscv,9,2024-07-08,588,5,PatchTST,iTransformer,85.18399810791016,80.09446716308594,5.089530944824219
Multivariate+Exogenous,exogenous,Brent Oil,Com_BrentCrudeOil,tscv,9,2024-07-15,589,6,PatchTST,iTransformer,84.27999877929688,79.39543914794922,4.884559631347656
Multivariate+Exogenous,exogenous,Brent Oil,Com_BrentCrudeOil,tscv,9,2024-07-22,590,7,PatchTST,iTransformer,81.7239990234375,77.29525756835938,4.428741455078125
Multivariate+Exogenous,exogenous,Brent Oil,Com_BrentCrudeOil,tscv,9,2024-07-29,591,8,PatchTST,iTransformer,78.4143295288086,80.36678314208984,-1.95245361328125
Multivariate+Exogenous,exogenous,Brent Oil,Com_BrentCrudeOil,tscv,9,2024-08-05,592,9,PatchTST,iTransformer,78.48297119140625,78.75384521484375,-0.2708740234375
Multivariate+Exogenous,exogenous,Brent Oil,Com_BrentCrudeOil,tscv,9,2024-08-12,593,10,PatchTST,iTransformer,80.38911437988281,79.7684097290039,0.6207046508789062
Multivariate+Exogenous,exogenous,Brent Oil,Com_BrentCrudeOil,tscv,9,2024-08-19,594,11,PatchTST,iTransformer,77.96463012695312,76.18437957763672,1.7802505493164062
Multivariate+Exogenous,exogenous,Brent Oil,Com_BrentCrudeOil,tscv,9,2024-08-26,595,12,PatchTST,iTransformer,78.09672546386719,79.22706604003906,-1.130340576171875
Multivariate+Exogenous,exogenous,Brent Oil,Com_BrentCrudeOil,tscv,9,2024-06-10,584,1,PatchTST,XGBoost,82.30400085449219,87.66612243652344,-5.36212158203125
Multivariate+Exogenous,exogenous,Brent Oil,Com_BrentCrudeOil,tscv,9,2024-06-17,585,2,PatchTST,XGBoost,85.13249969482422,88.85469818115234,-3.722198486328125
Multivariate+Exogenous,exogenous,Brent Oil,Com_BrentCrudeOil,tscv,9,2024-06-24,586,3,PatchTST,XGBoost,84.99199676513672,90.00362396240234,-5.011627197265625
Multivariate+Exogenous,exogenous,Brent Oil,Com_BrentCrudeOil,tscv,9,2024-07-01,587,4,PatchTST,XGBoost,86.68726348876953,84.20631408691406,2.4809494018554688
Multivariate+Exogenous,exogenous,Brent Oil,Com_BrentCrudeOil,tscv,9,2024-07-08,588,5,PatchTST,XGBoost,85.18399810791016,87.4842529296875,-2.3002548217773438
Multivariate+Exogenous,exogenous,Brent Oil,Com_BrentCrudeOil,tscv,9,2024-07-15,589,6,PatchTST,XGBoost,84.27999877929688,89.3099594116211,-5.029960632324219
Multivariate+Exogenous,exogenous,Brent Oil,Com_BrentCrudeOil,tscv,9,2024-07-22,590,7,PatchTST,XGBoost,81.7239990234375,83.81031799316406,-2.0863189697265625
Multivariate+Exogenous,exogenous,Brent Oil,Com_BrentCrudeOil,tscv,9,2024-07-29,591,8,PatchTST,XGBoost,78.4143295288086,86.88062286376953,-8.466293334960938
Multivariate+Exogenous,exogenous,Brent Oil,Com_BrentCrudeOil,tscv,9,2024-08-05,592,9,PatchTST,XGBoost,78.48297119140625,86.0127944946289,-7.529823303222656
Multivariate+Exogenous,exogenous,Brent Oil,Com_BrentCrudeOil,tscv,9,2024-08-12,593,10,PatchTST,XGBoost,80.38911437988281,88.1620101928711,-7.772895812988281
Multivariate+Exogenous,exogenous,Brent Oil,Com_BrentCrudeOil,tscv,9,2024-08-19,594,11,PatchTST,XGBoost,77.96463012695312,84.39990997314453,-6.435279846191406
Multivariate+Exogenous,exogenous,Brent Oil,Com_BrentCrudeOil,tscv,9,2024-08-26,595,12,PatchTST,XGBoost,78.09672546386719,89.13938903808594,-11.04266357421875
Multivariate+Exogenous,exogenous,Brent Oil,Com_BrentCrudeOil,tscv,9,2024-06-10,584,1,PatchTST,LightGBM,82.30400085449219,86.87886047363281,-4.574859619140625
Multivariate+Exogenous,exogenous,Brent Oil,Com_BrentCrudeOil,tscv,9,2024-06-17,585,2,PatchTST,LightGBM,85.13249969482422,89.02143096923828,-3.8889312744140625
Multivariate+Exogenous,exogenous,Brent Oil,Com_BrentCrudeOil,tscv,9,2024-06-24,586,3,PatchTST,LightGBM,84.99199676513672,88.0699234008789,-3.0779266357421875
Multivariate+Exogenous,exogenous,Brent Oil,Com_BrentCrudeOil,tscv,9,2024-07-01,587,4,PatchTST,LightGBM,86.68726348876953,86.4414291381836,0.2458343505859375
Multivariate+Exogenous,exogenous,Brent Oil,Com_BrentCrudeOil,tscv,9,2024-07-08,588,5,PatchTST,LightGBM,85.18399810791016,86.87853240966797,-1.6945343017578125
Multivariate+Exogenous,exogenous,Brent Oil,Com_BrentCrudeOil,tscv,9,2024-07-15,589,6,PatchTST,LightGBM,84.27999877929688,86.56135559082031,-2.2813568115234375
Multivariate+Exogenous,exogenous,Brent Oil,Com_BrentCrudeOil,tscv,9,2024-07-22,590,7,PatchTST,LightGBM,81.7239990234375,84.38773345947266,-2.6637344360351562
Multivariate+Exogenous,exogenous,Brent Oil,Com_BrentCrudeOil,tscv,9,2024-07-29,591,8,PatchTST,LightGBM,78.4143295288086,89.2255630493164,-10.811233520507812
Multivariate+Exogenous,exogenous,Brent Oil,Com_BrentCrudeOil,tscv,9,2024-08-05,592,9,PatchTST,LightGBM,78.48297119140625,87.83069610595703,-9.347724914550781
Multivariate+Exogenous,exogenous,Brent Oil,Com_BrentCrudeOil,tscv,9,2024-08-12,593,10,PatchTST,LightGBM,80.38911437988281,89.08328247070312,-8.694168090820312
Multivariate+Exogenous,exogenous,Brent Oil,Com_BrentCrudeOil,tscv,9,2024-08-19,594,11,PatchTST,LightGBM,77.96463012695312,85.17166900634766,-7.207038879394531
Multivariate+Exogenous,exogenous,Brent Oil,Com_BrentCrudeOil,tscv,9,2024-08-26,595,12,PatchTST,LightGBM,78.09672546386719,87.34835052490234,-9.251625061035156
Multivariate+Exogenous,exogenous,Brent Oil,Com_BrentCrudeOil,tscv,10,2024-07-08,588,1,PatchTST,-,85.18399810791016,74.43870544433594,10.745292663574219
Multivariate+Exogenous,exogenous,Brent Oil,Com_BrentCrudeOil,tscv,10,2024-07-15,589,2,PatchTST,-,84.27999877929688,77.35708618164062,6.92291259765625
Multivariate+Exogenous,exogenous,Brent Oil,Com_BrentCrudeOil,tscv,10,2024-07-22,590,3,PatchTST,-,81.7239990234375,71.66246795654297,10.061531066894531
Multivariate+Exogenous,exogenous,Brent Oil,Com_BrentCrudeOil,tscv,10,2024-07-29,591,4,PatchTST,-,78.4143295288086,72.09780883789062,6.316520690917969
Multivariate+Exogenous,exogenous,Brent Oil,Com_BrentCrudeOil,tscv,10,2024-08-05,592,5,PatchTST,-,78.48297119140625,75.5054931640625,2.97747802734375
Multivariate+Exogenous,exogenous,Brent Oil,Com_BrentCrudeOil,tscv,10,2024-08-12,593,6,PatchTST,-,80.38911437988281,73.07048034667969,7.318634033203125
Multivariate+Exogenous,exogenous,Brent Oil,Com_BrentCrudeOil,tscv,10,2024-08-19,594,7,PatchTST,-,77.96463012695312,68.14146423339844,9.823165893554688
Multivariate+Exogenous,exogenous,Brent Oil,Com_BrentCrudeOil,tscv,10,2024-08-26,595,8,PatchTST,-,78.09672546386719,70.85140991210938,7.2453155517578125
Multivariate+Exogenous,exogenous,Brent Oil,Com_BrentCrudeOil,tscv,10,2024-09-02,596,9,PatchTST,-,72.91812896728516,73.8748550415039,-0.95672607421875
Multivariate+Exogenous,exogenous,Brent Oil,Com_BrentCrudeOil,tscv,10,2024-09-09,597,10,PatchTST,-,71.21612548828125,71.03839111328125,0.177734375
Multivariate+Exogenous,exogenous,Brent Oil,Com_BrentCrudeOil,tscv,10,2024-09-16,598,11,PatchTST,-,74.13544464111328,67.41751098632812,6.717933654785156
Multivariate+Exogenous,exogenous,Brent Oil,Com_BrentCrudeOil,tscv,10,2024-09-23,599,12,PatchTST,-,72.62645721435547,69.47010803222656,3.1563491821289062
Multivariate+Exogenous,exogenous,Brent Oil,Com_BrentCrudeOil,tscv,10,2024-07-08,588,1,PatchTST,NLinear,85.18399810791016,91.15936279296875,-5.975364685058594
Multivariate+Exogenous,exogenous,Brent Oil,Com_BrentCrudeOil,tscv,10,2024-07-15,589,2,PatchTST,NLinear,84.27999877929688,95.31951904296875,-11.039520263671875
Multivariate+Exogenous,exogenous,Brent Oil,Com_BrentCrudeOil,tscv,10,2024-07-22,590,3,PatchTST,NLinear,81.7239990234375,92.0013198852539,-10.277320861816406
Multivariate+Exogenous,exogenous,Brent Oil,Com_BrentCrudeOil,tscv,10,2024-07-29,591,4,PatchTST,NLinear,78.4143295288086,94.54071807861328,-16.126388549804688
Multivariate+Exogenous,exogenous,Brent Oil,Com_BrentCrudeOil,tscv,10,2024-08-05,592,5,PatchTST,NLinear,78.48297119140625,99.4861068725586,-21.003135681152344
Multivariate+Exogenous,exogenous,Brent Oil,Com_BrentCrudeOil,tscv,10,2024-08-12,593,6,PatchTST,NLinear,80.38911437988281,98.68302917480469,-18.293914794921875
Multivariate+Exogenous,exogenous,Brent Oil,Com_BrentCrudeOil,tscv,10,2024-08-19,594,7,PatchTST,NLinear,77.96463012695312,94.67023468017578,-16.705604553222656
Multivariate+Exogenous,exogenous,Brent Oil,Com_BrentCrudeOil,tscv,10,2024-08-26,595,8,PatchTST,NLinear,78.09672546386719,97.33684539794922,-19.24011993408203
Multivariate+Exogenous,exogenous,Brent Oil,Com_BrentCrudeOil,tscv,10,2024-09-02,596,9,PatchTST,NLinear,72.91812896728516,100.04568481445312,-27.12755584716797
Multivariate+Exogenous,exogenous,Brent Oil,Com_BrentCrudeOil,tscv,10,2024-09-09,597,10,PatchTST,NLinear,71.21612548828125,96.9701919555664,-25.754066467285156
Multivariate+Exogenous,exogenous,Brent Oil,Com_BrentCrudeOil,tscv,10,2024-09-16,598,11,PatchTST,NLinear,74.13544464111328,95.22232055664062,-21.086875915527344
Multivariate+Exogenous,exogenous,Brent Oil,Com_BrentCrudeOil,tscv,10,2024-09-23,599,12,PatchTST,NLinear,72.62645721435547,97.4394302368164,-24.812973022460938
Multivariate+Exogenous,exogenous,Brent Oil,Com_BrentCrudeOil,tscv,10,2024-07-08,588,1,PatchTST,iTransformer,85.18399810791016,83.40873718261719,1.7752609252929688
Multivariate+Exogenous,exogenous,Brent Oil,Com_BrentCrudeOil,tscv,10,2024-07-15,589,2,PatchTST,iTransformer,84.27999877929688,85.5440444946289,-1.2640457153320312
Multivariate+Exogenous,exogenous,Brent Oil,Com_BrentCrudeOil,tscv,10,2024-07-22,590,3,PatchTST,iTransformer,81.7239990234375,80.14907836914062,1.574920654296875
Multivariate+Exogenous,exogenous,Brent Oil,Com_BrentCrudeOil,tscv,10,2024-07-29,591,4,PatchTST,iTransformer,78.4143295288086,80.03663635253906,-1.6223068237304688
Multivariate+Exogenous,exogenous,Brent Oil,Com_BrentCrudeOil,tscv,10,2024-08-05,592,5,PatchTST,iTransformer,78.48297119140625,85.02471160888672,-6.541740417480469
Multivariate+Exogenous,exogenous,Brent Oil,Com_BrentCrudeOil,tscv,10,2024-08-12,593,6,PatchTST,iTransformer,80.38911437988281,81.62451934814453,-1.2354049682617188
Multivariate+Exogenous,exogenous,Brent Oil,Com_BrentCrudeOil,tscv,10,2024-08-19,594,7,PatchTST,iTransformer,77.96463012695312,75.59848022460938,2.36614990234375
Multivariate+Exogenous,exogenous,Brent Oil,Com_BrentCrudeOil,tscv,10,2024-08-26,595,8,PatchTST,iTransformer,78.09672546386719,78.74884033203125,-0.6521148681640625
Multivariate+Exogenous,exogenous,Brent Oil,Com_BrentCrudeOil,tscv,10,2024-09-02,596,9,PatchTST,iTransformer,72.91812896728516,83.30557250976562,-10.387443542480469
Multivariate+Exogenous,exogenous,Brent Oil,Com_BrentCrudeOil,tscv,10,2024-09-09,597,10,PatchTST,iTransformer,71.21612548828125,80.19612884521484,-8.980003356933594
Multivariate+Exogenous,exogenous,Brent Oil,Com_BrentCrudeOil,tscv,10,2024-09-16,598,11,PatchTST,iTransformer,74.13544464111328,77.14667510986328,-3.01123046875
Multivariate+Exogenous,exogenous,Brent Oil,Com_BrentCrudeOil,tscv,10,2024-09-23,599,12,PatchTST,iTransformer,72.62645721435547,78.35209655761719,-5.725639343261719
Multivariate+Exogenous,exogenous,Brent Oil,Com_BrentCrudeOil,tscv,10,2024-07-08,588,1,PatchTST,XGBoost,85.18399810791016,82.60965728759766,2.5743408203125
Multivariate+Exogenous,exogenous,Brent Oil,Com_BrentCrudeOil,tscv,10,2024-07-15,589,2,PatchTST,XGBoost,84.27999877929688,79.9850845336914,4.294914245605469
Multivariate+Exogenous,exogenous,Brent Oil,Com_BrentCrudeOil,tscv,10,2024-07-22,590,3,PatchTST,XGBoost,81.7239990234375,71.54147338867188,10.182525634765625
Multivariate+Exogenous,exogenous,Brent Oil,Com_BrentCrudeOil,tscv,10,2024-07-29,591,4,PatchTST,XGBoost,78.4143295288086,66.9042739868164,11.510055541992188
Multivariate+Exogenous,exogenous,Brent Oil,Com_BrentCrudeOil,tscv,10,2024-08-05,592,5,PatchTST,XGBoost,78.48297119140625,69.72760772705078,8.755363464355469
Multivariate+Exogenous,exogenous,Brent Oil,Com_BrentCrudeOil,tscv,10,2024-08-12,593,6,PatchTST,XGBoost,80.38911437988281,67.78255462646484,12.606559753417969
Multivariate+Exogenous,exogenous,Brent Oil,Com_BrentCrudeOil,tscv,10,2024-08-19,594,7,PatchTST,XGBoost,77.96463012695312,63.913848876953125,14.05078125
Multivariate+Exogenous,exogenous,Brent Oil,Com_BrentCrudeOil,tscv,10,2024-08-26,595,8,PatchTST,XGBoost,78.09672546386719,65.76150512695312,12.335220336914062
Multivariate+Exogenous,exogenous,Brent Oil,Com_BrentCrudeOil,tscv,10,2024-09-02,596,9,PatchTST,XGBoost,72.91812896728516,68.88945007324219,4.028678894042969
Multivariate+Exogenous,exogenous,Brent Oil,Com_BrentCrudeOil,tscv,10,2024-09-09,597,10,PatchTST,XGBoost,71.21612548828125,68.58160400390625,2.634521484375
Multivariate+Exogenous,exogenous,Brent Oil,Com_BrentCrudeOil,tscv,10,2024-09-16,598,11,PatchTST,XGBoost,74.13544464111328,61.79074478149414,12.34469985961914
Multivariate+Exogenous,exogenous,Brent Oil,Com_BrentCrudeOil,tscv,10,2024-09-23,599,12,PatchTST,XGBoost,72.62645721435547,62.44258499145508,10.18387222290039
Multivariate+Exogenous,exogenous,Brent Oil,Com_BrentCrudeOil,tscv,10,2024-07-08,588,1,PatchTST,LightGBM,85.18399810791016,78.19670867919922,6.9872894287109375
Multivariate+Exogenous,exogenous,Brent Oil,Com_BrentCrudeOil,tscv,10,2024-07-15,589,2,PatchTST,LightGBM,84.27999877929688,87.31214904785156,-3.0321502685546875
Multivariate+Exogenous,exogenous,Brent Oil,Com_BrentCrudeOil,tscv,10,2024-07-22,590,3,PatchTST,LightGBM,81.7239990234375,78.13917541503906,3.5848236083984375
Multivariate+Exogenous,exogenous,Brent Oil,Com_BrentCrudeOil,tscv,10,2024-07-29,591,4,PatchTST,LightGBM,78.4143295288086,74.1803970336914,4.2339324951171875
Multivariate+Exogenous,exogenous,Brent Oil,Com_BrentCrudeOil,tscv,10,2024-08-05,592,5,PatchTST,LightGBM,78.48297119140625,73.73878479003906,4.7441864013671875
Multivariate+Exogenous,exogenous,Brent Oil,Com_BrentCrudeOil,tscv,10,2024-08-12,593,6,PatchTST,LightGBM,80.38911437988281,70.63207244873047,9.757041931152344
Multivariate+Exogenous,exogenous,Brent Oil,Com_BrentCrudeOil,tscv,10,2024-08-19,594,7,PatchTST,LightGBM,77.96463012695312,65.70305633544922,12.261573791503906
Multivariate+Exogenous,exogenous,Brent Oil,Com_BrentCrudeOil,tscv,10,2024-08-26,595,8,PatchTST,LightGBM,78.09672546386719,68.41300201416016,9.683723449707031
Multivariate+Exogenous,exogenous,Brent Oil,Com_BrentCrudeOil,tscv,10,2024-09-02,596,9,PatchTST,LightGBM,72.91812896728516,71.43644714355469,1.4816818237304688
Multivariate+Exogenous,exogenous,Brent Oil,Com_BrentCrudeOil,tscv,10,2024-09-09,597,10,PatchTST,LightGBM,71.21612548828125,68.59998321533203,2.6161422729492188
Multivariate+Exogenous,exogenous,Brent Oil,Com_BrentCrudeOil,tscv,10,2024-09-16,598,11,PatchTST,LightGBM,74.13544464111328,64.9791030883789,9.156341552734375
Multivariate+Exogenous,exogenous,Brent Oil,Com_BrentCrudeOil,tscv,10,2024-09-23,599,12,PatchTST,LightGBM,72.62645721435547,67.03170013427734,5.594757080078125
Multivariate+Exogenous,exogenous,Brent Oil,Com_BrentCrudeOil,tscv,11,2024-08-05,592,1,PatchTST,-,78.48297119140625,78.24971771240234,0.23325347900390625
Multivariate+Exogenous,exogenous,Brent Oil,Com_BrentCrudeOil,tscv,11,2024-08-12,593,2,PatchTST,-,80.38911437988281,76.69856262207031,3.6905517578125
Multivariate+Exogenous,exogenous,Brent Oil,Com_BrentCrudeOil,tscv,11,2024-08-19,594,3,PatchTST,-,77.96463012695312,76.0938949584961,1.8707351684570312
Multivariate+Exogenous,exogenous,Brent Oil,Com_BrentCrudeOil,tscv,11,2024-08-26,595,4,PatchTST,-,78.09672546386719,76.11235046386719,1.984375
Multivariate+Exogenous,exogenous,Brent Oil,Com_BrentCrudeOil,tscv,11,2024-09-02,596,5,PatchTST,-,72.91812896728516,74.14263153076172,-1.2245025634765625
Multivariate+Exogenous,exogenous,Brent Oil,Com_BrentCrudeOil,tscv,11,2024-09-09,597,6,PatchTST,-,71.21612548828125,76.22724914550781,-5.0111236572265625
Multivariate+Exogenous,exogenous,Brent Oil,Com_BrentCrudeOil,tscv,11,2024-09-16,598,7,PatchTST,-,74.13544464111328,78.4879150390625,-4.352470397949219
Multivariate+Exogenous,exogenous,Brent Oil,Com_BrentCrudeOil,tscv,11,2024-09-23,599,8,PatchTST,-,72.62645721435547,70.73866271972656,1.8877944946289062
Multivariate+Exogenous,exogenous,Brent Oil,Com_BrentCrudeOil,tscv,11,2024-09-30,600,9,PatchTST,-,75.79288482666016,78.62234497070312,-2.8294601440429688
Multivariate+Exogenous,exogenous,Brent Oil,Com_BrentCrudeOil,tscv,11,2024-10-07,601,10,PatchTST,-,78.61448669433594,71.27214813232422,7.342338562011719
Multivariate+Exogenous,exogenous,Brent Oil,Com_BrentCrudeOil,tscv,11,2024-10-14,602,11,PatchTST,-,74.26461791992188,74.07975769042969,0.1848602294921875
Multivariate+Exogenous,exogenous,Brent Oil,Com_BrentCrudeOil,tscv,11,2024-10-21,603,12,PatchTST,-,74.91790008544922,74.41692352294922,0.5009765625
Multivariate+Exogenous,exogenous,Brent Oil,Com_BrentCrudeOil,tscv,11,2024-08-05,592,1,PatchTST,NLinear,78.48297119140625,78.47189331054688,0.011077880859375
Multivariate+Exogenous,exogenous,Brent Oil,Com_BrentCrudeOil,tscv,11,2024-08-12,593,2,PatchTST,NLinear,80.38911437988281,77.79280090332031,2.5963134765625
Multivariate+Exogenous,exogenous,Brent Oil,Com_BrentCrudeOil,tscv,11,2024-08-19,594,3,PatchTST,NLinear,77.96463012695312,77.72799682617188,0.23663330078125
Multivariate+Exogenous,exogenous,Brent Oil,Com_BrentCrudeOil,tscv,11,2024-08-26,595,4,PatchTST,NLinear,78.09672546386719,78.41405487060547,-0.31732940673828125
Multivariate+Exogenous,exogenous,Brent Oil,Com_BrentCrudeOil,tscv,11,2024-09-02,596,5,PatchTST,NLinear,72.91812896728516,77.28195190429688,-4.363822937011719
Multivariate+Exogenous,exogenous,Brent Oil,Com_BrentCrudeOil,tscv,11,2024-09-09,597,6,PatchTST,NLinear,71.21612548828125,80.06202697753906,-8.845901489257812
Multivariate+Exogenous,exogenous,Brent Oil,Com_BrentCrudeOil,tscv,11,2024-09-16,598,7,PatchTST,NLinear,74.13544464111328,83.21133422851562,-9.075889587402344
Multivariate+Exogenous,exogenous,Brent Oil,Com_BrentCrudeOil,tscv,11,2024-09-23,599,8,PatchTST,NLinear,72.62645721435547,76.65522003173828,-4.0287628173828125
Multivariate+Exogenous,exogenous,Brent Oil,Com_BrentCrudeOil,tscv,11,2024-09-30,600,9,PatchTST,NLinear,75.79288482666016,85.45494842529297,-9.662063598632812
Multivariate+Exogenous,exogenous,Brent Oil,Com_BrentCrudeOil,tscv,11,2024-10-07,601,10,PatchTST,NLinear,78.61448669433594,77.94821166992188,0.6662750244140625
Multivariate+Exogenous,exogenous,Brent Oil,Com_BrentCrudeOil,tscv,11,2024-10-14,602,11,PatchTST,NLinear,74.26461791992188,79.9624252319336,-5.697807312011719
Multivariate+Exogenous,exogenous,Brent Oil,Com_BrentCrudeOil,tscv,11,2024-10-21,603,12,PatchTST,NLinear,74.91790008544922,79.37833404541016,-4.4604339599609375
Multivariate+Exogenous,exogenous,Brent Oil,Com_BrentCrudeOil,tscv,11,2024-08-05,592,1,PatchTST,iTransformer,78.48297119140625,81.82145690917969,-3.3384857177734375
Multivariate+Exogenous,exogenous,Brent Oil,Com_BrentCrudeOil,tscv,11,2024-08-12,593,2,PatchTST,iTransformer,80.38911437988281,79.68538665771484,0.7037277221679688
Multivariate+Exogenous,exogenous,Brent Oil,Com_BrentCrudeOil,tscv,11,2024-08-19,594,3,PatchTST,iTransformer,77.96463012695312,79.24459838867188,-1.27996826171875
Multivariate+Exogenous,exogenous,Brent Oil,Com_BrentCrudeOil,tscv,11,2024-08-26,595,4,PatchTST,iTransformer,78.09672546386719,78.97262573242188,-0.8759002685546875
Multivariate+Exogenous,exogenous,Brent Oil,Com_BrentCrudeOil,tscv,11,2024-09-02,596,5,PatchTST,iTransformer,72.91812896728516,76.9417953491211,-4.0236663818359375
Multivariate+Exogenous,exogenous,Brent Oil,Com_BrentCrudeOil,tscv,11,2024-09-09,597,6,PatchTST,iTransformer,71.21612548828125,79.51557922363281,-8.299453735351562
Multivariate+Exogenous,exogenous,Brent Oil,Com_BrentCrudeOil,tscv,11,2024-09-16,598,7,PatchTST,iTransformer,74.13544464111328,80.96795654296875,-6.832511901855469
Multivariate+Exogenous,exogenous,Brent Oil,Com_BrentCrudeOil,tscv,11,2024-09-23,599,8,PatchTST,iTransformer,72.62645721435547,73.0009765625,-0.37451934814453125
Multivariate+Exogenous,exogenous,Brent Oil,Com_BrentCrudeOil,tscv,11,2024-09-30,600,9,PatchTST,iTransformer,75.79288482666016,80.98149871826172,-5.1886138916015625
Multivariate+Exogenous,exogenous,Brent Oil,Com_BrentCrudeOil,tscv,11,2024-10-07,601,10,PatchTST,iTransformer,78.61448669433594,73.91093444824219,4.70355224609375
Multivariate+Exogenous,exogenous,Brent Oil,Com_BrentCrudeOil,tscv,11,2024-10-14,602,11,PatchTST,iTransformer,74.26461791992188,76.7061538696289,-2.4415359497070312
Multivariate+Exogenous,exogenous,Brent Oil,Com_BrentCrudeOil,tscv,11,2024-10-21,603,12,PatchTST,iTransformer,74.91790008544922,76.62158966064453,-1.7036895751953125
Multivariate+Exogenous,exogenous,Brent Oil,Com_BrentCrudeOil,tscv,11,2024-08-05,592,1,PatchTST,XGBoost,78.48297119140625,84.11052703857422,-5.627555847167969
Multivariate+Exogenous,exogenous,Brent Oil,Com_BrentCrudeOil,tscv,11,2024-08-12,593,2,PatchTST,XGBoost,80.38911437988281,81.35185241699219,-0.962738037109375
Multivariate+Exogenous,exogenous,Brent Oil,Com_BrentCrudeOil,tscv,11,2024-08-19,594,3,PatchTST,XGBoost,77.96463012695312,80.02786254882812,-2.063232421875
Multivariate+Exogenous,exogenous,Brent Oil,Com_BrentCrudeOil,tscv,11,2024-08-26,595,4,PatchTST,XGBoost,78.09672546386719,80.85665130615234,-2.7599258422851562
Multivariate+Exogenous,exogenous,Brent Oil,Com_BrentCrudeOil,tscv,11,2024-09-02,596,5,PatchTST,XGBoost,72.91812896728516,77.64967346191406,-4.731544494628906
Multivariate+Exogenous,exogenous,Brent Oil,Com_BrentCrudeOil,tscv,11,2024-09-09,597,6,PatchTST,XGBoost,71.21612548828125,80.53722381591797,-9.321098327636719
Multivariate+Exogenous,exogenous,Brent Oil,Com_BrentCrudeOil,tscv,11,2024-09-16,598,7,PatchTST,XGBoost,74.13544464111328,80.6520767211914,-6.516632080078125
Multivariate+Exogenous,exogenous,Brent Oil,Com_BrentCrudeOil,tscv,11,2024-09-23,599,8,PatchTST,XGBoost,72.62645721435547,74.61561584472656,-1.9891586303710938
Multivariate+Exogenous,exogenous,Brent Oil,Com_BrentCrudeOil,tscv,11,2024-09-30,600,9,PatchTST,XGBoost,75.79288482666016,81.99654388427734,-6.2036590576171875
Multivariate+Exogenous,exogenous,Brent Oil,Com_BrentCrudeOil,tscv,11,2024-10-07,601,10,PatchTST,XGBoost,78.61448669433594,75.35166931152344,3.2628173828125
Multivariate+Exogenous,exogenous,Brent Oil,Com_BrentCrudeOil,tscv,11,2024-10-14,602,11,PatchTST,XGBoost,74.26461791992188,79.90653228759766,-5.641914367675781
Multivariate+Exogenous,exogenous,Brent Oil,Com_BrentCrudeOil,tscv,11,2024-10-21,603,12,PatchTST,XGBoost,74.91790008544922,80.15296936035156,-5.235069274902344
Multivariate+Exogenous,exogenous,Brent Oil,Com_BrentCrudeOil,tscv,11,2024-08-05,592,1,PatchTST,LightGBM,78.48297119140625,84.47834777832031,-5.9953765869140625
Multivariate+Exogenous,exogenous,Brent Oil,Com_BrentCrudeOil,tscv,11,2024-08-12,593,2,PatchTST,LightGBM,80.38911437988281,82.92719268798828,-2.5380783081054688
Multivariate+Exogenous,exogenous,Brent Oil,Com_BrentCrudeOil,tscv,11,2024-08-19,594,3,PatchTST,LightGBM,77.96463012695312,82.10746002197266,-4.142829895019531
Multivariate+Exogenous,exogenous,Brent Oil,Com_BrentCrudeOil,tscv,11,2024-08-26,595,4,PatchTST,LightGBM,78.09672546386719,82.12591552734375,-4.0291900634765625
Multivariate+Exogenous,exogenous,Brent Oil,Com_BrentCrudeOil,tscv,11,2024-09-02,596,5,PatchTST,LightGBM,72.91812896728516,79.44534301757812,-6.527214050292969
Multivariate+Exogenous,exogenous,Brent Oil,Com_BrentCrudeOil,tscv,11,2024-09-09,597,6,PatchTST,LightGBM,71.21612548828125,81.52996063232422,-10.313835144042969
Multivariate+Exogenous,exogenous,Brent Oil,Com_BrentCrudeOil,tscv,11,2024-09-16,598,7,PatchTST,LightGBM,74.13544464111328,78.769287109375,-4.633842468261719
Multivariate+Exogenous,exogenous,Brent Oil,Com_BrentCrudeOil,tscv,11,2024-09-23,599,8,PatchTST,LightGBM,72.62645721435547,71.02003479003906,1.6064224243164062
Multivariate+Exogenous,exogenous,Brent Oil,Com_BrentCrudeOil,tscv,11,2024-09-30,600,9,PatchTST,LightGBM,75.79288482666016,78.90371704101562,-3.1108322143554688
Multivariate+Exogenous,exogenous,Brent Oil,Com_BrentCrudeOil,tscv,11,2024-10-07,601,10,PatchTST,LightGBM,78.61448669433594,71.55352020263672,7.060966491699219
Multivariate+Exogenous,exogenous,Brent Oil,Com_BrentCrudeOil,tscv,11,2024-10-14,602,11,PatchTST,LightGBM,74.26461791992188,75.61066436767578,-1.3460464477539062
Multivariate+Exogenous,exogenous,Brent Oil,Com_BrentCrudeOil,tscv,11,2024-10-21,603,12,PatchTST,LightGBM,74.91790008544922,75.94783020019531,-1.0299301147460938
Multivariate+Exogenous,exogenous,Brent Oil,Com_BrentCrudeOil,tscv,12,2024-09-02,596,1,PatchTST,-,72.91812896728516,71.69132232666016,1.226806640625
Multivariate+Exogenous,exogenous,Brent Oil,Com_BrentCrudeOil,tscv,12,2024-09-09,597,2,PatchTST,-,71.21612548828125,70.21693420410156,0.9991912841796875
Multivariate+Exogenous,exogenous,Brent Oil,Com_BrentCrudeOil,tscv,12,2024-09-16,598,3,PatchTST,-,74.13544464111328,75.95819091796875,-1.8227462768554688
Multivariate+Exogenous,exogenous,Brent Oil,Com_BrentCrudeOil,tscv,12,2024-09-23,599,4,PatchTST,-,72.62645721435547,69.6832046508789,2.9432525634765625
Multivariate+Exogenous,exogenous,Brent Oil,Com_BrentCrudeOil,tscv,12,2024-09-30,600,5,PatchTST,-,75.79288482666016,69.23379516601562,6.559089660644531
Multivariate+Exogenous,exogenous,Brent Oil,Com_BrentCrudeOil,tscv,12,2024-10-07,601,6,PatchTST,-,78.61448669433594,70.6159439086914,7.998542785644531
Multivariate+Exogenous,exogenous,Brent Oil,Com_BrentCrudeOil,tscv,12,2024-10-14,602,7,PatchTST,-,74.26461791992188,70.00104522705078,4.263572692871094
Multivariate+Exogenous,exogenous,Brent Oil,Com_BrentCrudeOil,tscv,12,2024-10-21,603,8,PatchTST,-,74.91790008544922,69.82886505126953,5.0890350341796875
Multivariate+Exogenous,exogenous,Brent Oil,Com_BrentCrudeOil,tscv,12,2024-10-28,604,9,PatchTST,-,72.1500015258789,69.58010864257812,2.5698928833007812
Multivariate+Exogenous,exogenous,Brent Oil,Com_BrentCrudeOil,tscv,12,2024-11-04,605,10,PatchTST,-,74.633544921875,66.26530456542969,8.368240356445312
Multivariate+Exogenous,exogenous,Brent Oil,Com_BrentCrudeOil,tscv,12,2024-11-11,606,11,PatchTST,-,71.7145004272461,70.08074951171875,1.6337509155273438
Multivariate+Exogenous,exogenous,Brent Oil,Com_BrentCrudeOil,tscv,12,2024-11-18,607,12,PatchTST,-,73.94104766845703,68.30347442626953,5.6375732421875
Multivariate+Exogenous,exogenous,Brent Oil,Com_BrentCrudeOil,tscv,12,2024-09-02,596,1,PatchTST,NLinear,72.91812896728516,76.50887298583984,-3.5907440185546875
Multivariate+Exogenous,exogenous,Brent Oil,Com_BrentCrudeOil,tscv,12,2024-09-09,597,2,PatchTST,NLinear,71.21612548828125,75.97795104980469,-4.7618255615234375
Multivariate+Exogenous,exogenous,Brent Oil,Com_BrentCrudeOil,tscv,12,2024-09-16,598,3,PatchTST,NLinear,74.13544464111328,82.69231414794922,-8.556869506835938
Multivariate+Exogenous,exogenous,Brent Oil,Com_BrentCrudeOil,tscv,12,2024-09-23,599,4,PatchTST,NLinear,72.62645721435547,75.92788696289062,-3.3014297485351562
Multivariate+Exogenous,exogenous,Brent Oil,Com_BrentCrudeOil,tscv,12,2024-09-30,600,5,PatchTST,NLinear,75.79288482666016,75.29730987548828,0.495574951171875
Multivariate+Exogenous,exogenous,Brent Oil,Com_BrentCrudeOil,tscv,12,2024-10-07,601,6,PatchTST,NLinear,78.61448669433594,76.65747833251953,1.9570083618164062
Multivariate+Exogenous,exogenous,Brent Oil,Com_BrentCrudeOil,tscv,12,2024-10-14,602,7,PatchTST,NLinear,74.26461791992188,75.01824951171875,-0.753631591796875
Multivariate+Exogenous,exogenous,Brent Oil,Com_BrentCrudeOil,tscv,12,2024-10-21,603,8,PatchTST,NLinear,74.91790008544922,74.54141998291016,0.3764801025390625
Multivariate+Exogenous,exogenous,Brent Oil,Com_BrentCrudeOil,tscv,12,2024-10-28,604,9,PatchTST,NLinear,72.1500015258789,74.71528625488281,-2.5652847290039062
Multivariate+Exogenous,exogenous,Brent Oil,Com_BrentCrudeOil,tscv,12,2024-11-04,605,10,PatchTST,NLinear,74.633544921875,71.9835205078125,2.6500244140625
Multivariate+Exogenous,exogenous,Brent Oil,Com_BrentCrudeOil,tscv,12,2024-11-11,606,11,PatchTST,NLinear,71.7145004272461,77.68710327148438,-5.972602844238281
Multivariate+Exogenous,exogenous,Brent Oil,Com_BrentCrudeOil,tscv,12,2024-11-18,607,12,PatchTST,NLinear,73.94104766845703,76.32308197021484,-2.3820343017578125
Multivariate+Exogenous,exogenous,Brent Oil,Com_BrentCrudeOil,tscv,12,2024-09-02,596,1,PatchTST,iTransformer,72.91812896728516,77.74362182617188,-4.825492858886719
Multivariate+Exogenous,exogenous,Brent Oil,Com_BrentCrudeOil,tscv,12,2024-09-09,597,2,PatchTST,iTransformer,71.21612548828125,75.74232482910156,-4.5261993408203125
Multivariate+Exogenous,exogenous,Brent Oil,Com_BrentCrudeOil,tscv,12,2024-09-16,598,3,PatchTST,iTransformer,74.13544464111328,81.5658950805664,-7.430450439453125
Multivariate+Exogenous,exogenous,Brent Oil,Com_BrentCrudeOil,tscv,12,2024-09-23,599,4,PatchTST,iTransformer,72.62645721435547,75.98465728759766,-3.3582000732421875
Multivariate+Exogenous,exogenous,Brent Oil,Com_BrentCrudeOil,tscv,12,2024-09-30,600,5,PatchTST,iTransformer,75.79288482666016,74.7664794921875,1.0264053344726562
Multivariate+Exogenous,exogenous,Brent Oil,Com_BrentCrudeOil,tscv,12,2024-10-07,601,6,PatchTST,iTransformer,78.61448669433594,75.96796417236328,2.6465225219726562
Multivariate+Exogenous,exogenous,Brent Oil,Com_BrentCrudeOil,tscv,12,2024-10-14,602,7,PatchTST,iTransformer,74.26461791992188,74.97303009033203,-0.7084121704101562
Multivariate+Exogenous,exogenous,Brent Oil,Com_BrentCrudeOil,tscv,12,2024-10-21,603,8,PatchTST,iTransformer,74.91790008544922,75.33110809326172,-0.4132080078125
Multivariate+Exogenous,exogenous,Brent Oil,Com_BrentCrudeOil,tscv,12,2024-10-28,604,9,PatchTST,iTransformer,72.1500015258789,74.93195343017578,-2.781951904296875
Multivariate+Exogenous,exogenous,Brent Oil,Com_BrentCrudeOil,tscv,12,2024-11-04,605,10,PatchTST,iTransformer,74.633544921875,72.04578399658203,2.5877609252929688
Multivariate+Exogenous,exogenous,Brent Oil,Com_BrentCrudeOil,tscv,12,2024-11-11,606,11,PatchTST,iTransformer,71.7145004272461,75.21227264404297,-3.497772216796875
Multivariate+Exogenous,exogenous,Brent Oil,Com_BrentCrudeOil,tscv,12,2024-11-18,607,12,PatchTST,iTransformer,73.94104766845703,73.16514587402344,0.7759017944335938
Multivariate+Exogenous,exogenous,Brent Oil,Com_BrentCrudeOil,tscv,12,2024-09-02,596,1,PatchTST,XGBoost,72.91812896728516,78.30716705322266,-5.3890380859375
Multivariate+Exogenous,exogenous,Brent Oil,Com_BrentCrudeOil,tscv,12,2024-09-09,597,2,PatchTST,XGBoost,71.21612548828125,77.17835235595703,-5.962226867675781
Multivariate+Exogenous,exogenous,Brent Oil,Com_BrentCrudeOil,tscv,12,2024-09-16,598,3,PatchTST,XGBoost,74.13544464111328,82.74702453613281,-8.611579895019531
Multivariate+Exogenous,exogenous,Brent Oil,Com_BrentCrudeOil,tscv,12,2024-09-23,599,4,PatchTST,XGBoost,72.62645721435547,76.10895538330078,-3.4824981689453125
Multivariate+Exogenous,exogenous,Brent Oil,Com_BrentCrudeOil,tscv,12,2024-09-30,600,5,PatchTST,XGBoost,75.79288482666016,74.2602310180664,1.53265380859375
Multivariate+Exogenous,exogenous,Brent Oil,Com_BrentCrudeOil,tscv,12,2024-10-07,601,6,PatchTST,XGBoost,78.61448669433594,77.218017578125,1.3964691162109375
Multivariate+Exogenous,exogenous,Brent Oil,Com_BrentCrudeOil,tscv,12,2024-10-14,602,7,PatchTST,XGBoost,74.26461791992188,77.04285430908203,-2.7782363891601562
Multivariate+Exogenous,exogenous,Brent Oil,Com_BrentCrudeOil,tscv,12,2024-10-21,603,8,PatchTST,XGBoost,74.91790008544922,76.0631103515625,-1.1452102661132812
Multivariate+Exogenous,exogenous,Brent Oil,Com_BrentCrudeOil,tscv,12,2024-10-28,604,9,PatchTST,XGBoost,72.1500015258789,74.35336303710938,-2.2033615112304688
Multivariate+Exogenous,exogenous,Brent Oil,Com_BrentCrudeOil,tscv,12,2024-11-04,605,10,PatchTST,XGBoost,74.633544921875,73.04434967041016,1.5891952514648438
Multivariate+Exogenous,exogenous,Brent Oil,Com_BrentCrudeOil,tscv,12,2024-11-11,606,11,PatchTST,XGBoost,71.7145004272461,76.40343475341797,-4.688934326171875
Multivariate+Exogenous,exogenous,Brent Oil,Com_BrentCrudeOil,tscv,12,2024-11-18,607,12,PatchTST,XGBoost,73.94104766845703,72.08282470703125,1.8582229614257812
Multivariate+Exogenous,exogenous,Brent Oil,Com_BrentCrudeOil,tscv,12,2024-09-02,596,1,PatchTST,LightGBM,72.91812896728516,76.68595886230469,-3.7678298950195312
Multivariate+Exogenous,exogenous,Brent Oil,Com_BrentCrudeOil,tscv,12,2024-09-09,597,2,PatchTST,LightGBM,71.21612548828125,75.2115707397461,-3.9954452514648438
Multivariate+Exogenous,exogenous,Brent Oil,Com_BrentCrudeOil,tscv,12,2024-09-16,598,3,PatchTST,LightGBM,74.13544464111328,80.95282745361328,-6.8173828125
Multivariate+Exogenous,exogenous,Brent Oil,Com_BrentCrudeOil,tscv,12,2024-09-23,599,4,PatchTST,LightGBM,72.62645721435547,77.62191009521484,-4.995452880859375
Multivariate+Exogenous,exogenous,Brent Oil,Com_BrentCrudeOil,tscv,12,2024-09-30,600,5,PatchTST,LightGBM,75.79288482666016,74.22843170166016,1.564453125
Multivariate+Exogenous,exogenous,Brent Oil,Com_BrentCrudeOil,tscv,12,2024-10-07,601,6,PatchTST,LightGBM,78.61448669433594,75.61058044433594,3.00390625
Multivariate+Exogenous,exogenous,Brent Oil,Com_BrentCrudeOil,tscv,12,2024-10-14,602,7,PatchTST,LightGBM,74.26461791992188,72.6222915649414,1.6423263549804688
Multivariate+Exogenous,exogenous,Brent Oil,Com_BrentCrudeOil,tscv,12,2024-10-21,603,8,PatchTST,LightGBM,74.91790008544922,72.45011138916016,2.4677886962890625
Multivariate+Exogenous,exogenous,Brent Oil,Com_BrentCrudeOil,tscv,12,2024-10-28,604,9,PatchTST,LightGBM,72.1500015258789,72.20135498046875,-0.05135345458984375
Multivariate+Exogenous,exogenous,Brent Oil,Com_BrentCrudeOil,tscv,12,2024-11-04,605,10,PatchTST,LightGBM,74.633544921875,68.88655090332031,5.7469940185546875
Multivariate+Exogenous,exogenous,Brent Oil,Com_BrentCrudeOil,tscv,12,2024-11-11,606,11,PatchTST,LightGBM,71.7145004272461,72.70199584960938,-0.9874954223632812
Multivariate+Exogenous,exogenous,Brent Oil,Com_BrentCrudeOil,tscv,12,2024-11-18,607,12,PatchTST,LightGBM,73.94104766845703,70.92472076416016,3.016326904296875
Multivariate+Exogenous,exogenous,Brent Oil,Com_BrentCrudeOil,tscv,13,2024-09-30,600,1,PatchTST,-,75.79288482666016,77.75298309326172,-1.9600982666015625
Multivariate+Exogenous,exogenous,Brent Oil,Com_BrentCrudeOil,tscv,13,2024-10-07,601,2,PatchTST,-,78.61448669433594,78.24380493164062,0.3706817626953125
Multivariate+Exogenous,exogenous,Brent Oil,Com_BrentCrudeOil,tscv,13,2024-10-14,602,3,PatchTST,-,74.26461791992188,78.7688217163086,-4.504203796386719
Multivariate+Exogenous,exogenous,Brent Oil,Com_BrentCrudeOil,tscv,13,2024-10-21,603,4,PatchTST,-,74.91790008544922,78.5007095336914,-3.5828094482421875
Multivariate+Exogenous,exogenous,Brent Oil,Com_BrentCrudeOil,tscv,13,2024-10-28,604,5,PatchTST,-,72.1500015258789,78.33013916015625,-6.180137634277344
Multivariate+Exogenous,exogenous,Brent Oil,Com_BrentCrudeOil,tscv,13,2024-11-04,605,6,PatchTST,-,74.633544921875,79.77926635742188,-5.145721435546875
Multivariate+Exogenous,exogenous,Brent Oil,Com_BrentCrudeOil,tscv,13,2024-11-11,606,7,PatchTST,-,71.7145004272461,76.75125122070312,-5.036750793457031
Multivariate+Exogenous,exogenous,Brent Oil,Com_BrentCrudeOil,tscv,13,2024-11-18,607,8,PatchTST,-,73.94104766845703,77.27017211914062,-3.3291244506835938
Multivariate+Exogenous,exogenous,Brent Oil,Com_BrentCrudeOil,tscv,13,2024-11-25,608,9,PatchTST,-,72.4459457397461,75.80008697509766,-3.3541412353515625
Multivariate+Exogenous,exogenous,Brent Oil,Com_BrentCrudeOil,tscv,13,2024-12-02,609,10,PatchTST,-,71.92588806152344,79.8289794921875,-7.9030914306640625
Multivariate+Exogenous,exogenous,Brent Oil,Com_BrentCrudeOil,tscv,13,2024-12-09,610,11,PatchTST,-,73.48958587646484,75.32566833496094,-1.8360824584960938
Multivariate+Exogenous,exogenous,Brent Oil,Com_BrentCrudeOil,tscv,13,2024-12-16,611,12,PatchTST,-,73.21955871582031,77.12019348144531,-3.900634765625
Multivariate+Exogenous,exogenous,Brent Oil,Com_BrentCrudeOil,tscv,13,2024-09-30,600,1,PatchTST,NLinear,75.79288482666016,84.0963134765625,-8.303428649902344
Multivariate+Exogenous,exogenous,Brent Oil,Com_BrentCrudeOil,tscv,13,2024-10-07,601,2,PatchTST,NLinear,78.61448669433594,86.26529693603516,-7.650810241699219
Multivariate+Exogenous,exogenous,Brent Oil,Com_BrentCrudeOil,tscv,13,2024-10-14,602,3,PatchTST,NLinear,74.26461791992188,87.94265747070312,-13.67803955078125
Multivariate+Exogenous,exogenous,Brent Oil,Com_BrentCrudeOil,tscv,13,2024-10-21,603,4,PatchTST,NLinear,74.91790008544922,88.57829284667969,-13.660392761230469
Multivariate+Exogenous,exogenous,Brent Oil,Com_BrentCrudeOil,tscv,13,2024-10-28,604,5,PatchTST,NLinear,72.1500015258789,89.15243530273438,-17.00243377685547
Multivariate+Exogenous,exogenous,Brent Oil,Com_BrentCrudeOil,tscv,13,2024-11-04,605,6,PatchTST,NLinear,74.633544921875,91.40143585205078,-16.76789093017578
Multivariate+Exogenous,exogenous,Brent Oil,Com_BrentCrudeOil,tscv,13,2024-11-11,606,7,PatchTST,NLinear,71.7145004272461,89.00921630859375,-17.294715881347656
Multivariate+Exogenous,exogenous,Brent Oil,Com_BrentCrudeOil,tscv,13,2024-11-18,607,8,PatchTST,NLinear,73.94104766845703,89.36236572265625,-15.421318054199219
Multivariate+Exogenous,exogenous,Brent Oil,Com_BrentCrudeOil,tscv,13,2024-11-25,608,9,PatchTST,NLinear,72.4459457397461,88.14524841308594,-15.699302673339844
Multivariate+Exogenous,exogenous,Brent Oil,Com_BrentCrudeOil,tscv,13,2024-12-02,609,10,PatchTST,NLinear,71.92588806152344,91.76182556152344,-19.8359375
Multivariate+Exogenous,exogenous,Brent Oil,Com_BrentCrudeOil,tscv,13,2024-12-09,610,11,PatchTST,NLinear,73.48958587646484,87.81272888183594,-14.323143005371094
Multivariate+Exogenous,exogenous,Brent Oil,Com_BrentCrudeOil,tscv,13,2024-12-16,611,12,PatchTST,NLinear,73.21955871582031,88.5347900390625,-15.315231323242188
Multivariate+Exogenous,exogenous,Brent Oil,Com_BrentCrudeOil,tscv,13,2024-09-30,600,1,PatchTST,iTransformer,75.79288482666016,84.61390686035156,-8.821022033691406
Multivariate+Exogenous,exogenous,Brent Oil,Com_BrentCrudeOil,tscv,13,2024-10-07,601,2,PatchTST,iTransformer,78.61448669433594,86.19538879394531,-7.580902099609375
Multivariate+Exogenous,exogenous,Brent Oil,Com_BrentCrudeOil,tscv,13,2024-10-14,602,3,PatchTST,iTransformer,74.26461791992188,85.0950927734375,-10.830474853515625
Multivariate+Exogenous,exogenous,Brent Oil,Com_BrentCrudeOil,tscv,13,2024-10-21,603,4,PatchTST,iTransformer,74.91790008544922,81.58738708496094,-6.669486999511719
Multivariate+Exogenous,exogenous,Brent Oil,Com_BrentCrudeOil,tscv,13,2024-10-28,604,5,PatchTST,iTransformer,72.1500015258789,84.5290298461914,-12.3790283203125
Multivariate+Exogenous,exogenous,Brent Oil,Com_BrentCrudeOil,tscv,13,2024-11-04,605,6,PatchTST,iTransformer,74.633544921875,84.63170623779297,-9.998161315917969
Multivariate+Exogenous,exogenous,Brent Oil,Com_BrentCrudeOil,tscv,13,2024-11-11,606,7,PatchTST,iTransformer,71.7145004272461,82.01578521728516,-10.301284790039062
Multivariate+Exogenous,exogenous,Brent Oil,Com_BrentCrudeOil,tscv,13,2024-11-18,607,8,PatchTST,iTransformer,73.94104766845703,86.54959106445312,-12.608543395996094
Multivariate+Exogenous,exogenous,Brent Oil,Com_BrentCrudeOil,tscv,13,2024-11-25,608,9,PatchTST,iTransformer,72.4459457397461,85.7706298828125,-13.324684143066406
Multivariate+Exogenous,exogenous,Brent Oil,Com_BrentCrudeOil,tscv,13,2024-12-02,609,10,PatchTST,iTransformer,71.92588806152344,89.18482208251953,-17.258934020996094
Multivariate+Exogenous,exogenous,Brent Oil,Com_BrentCrudeOil,tscv,13,2024-12-09,610,11,PatchTST,iTransformer,73.48958587646484,82.878662109375,-9.389076232910156
Multivariate+Exogenous,exogenous,Brent Oil,Com_BrentCrudeOil,tscv,13,2024-12-16,611,12,PatchTST,iTransformer,73.21955871582031,82.7672348022461,-9.547676086425781
Multivariate+Exogenous,exogenous,Brent Oil,Com_BrentCrudeOil,tscv,13,2024-09-30,600,1,PatchTST,XGBoost,75.79288482666016,83.4872817993164,-7.69439697265625
Multivariate+Exogenous,exogenous,Brent Oil,Com_BrentCrudeOil,tscv,13,2024-10-07,601,2,PatchTST,XGBoost,78.61448669433594,87.51841735839844,-8.9039306640625
Multivariate+Exogenous,exogenous,Brent Oil,Com_BrentCrudeOil,tscv,13,2024-10-14,602,3,PatchTST,XGBoost,74.26461791992188,86.49837493896484,-12.233757019042969
Multivariate+Exogenous,exogenous,Brent Oil,Com_BrentCrudeOil,tscv,13,2024-10-21,603,4,PatchTST,XGBoost,74.91790008544922,84.96717834472656,-10.049278259277344
Multivariate+Exogenous,exogenous,Brent Oil,Com_BrentCrudeOil,tscv,13,2024-10-28,604,5,PatchTST,XGBoost,72.1500015258789,85.66163635253906,-13.511634826660156
Multivariate+Exogenous,exogenous,Brent Oil,Com_BrentCrudeOil,tscv,13,2024-11-04,605,6,PatchTST,XGBoost,74.633544921875,86.87071990966797,-12.237174987792969
Multivariate+Exogenous,exogenous,Brent Oil,Com_BrentCrudeOil,tscv,13,2024-11-11,606,7,PatchTST,XGBoost,71.7145004272461,84.43596649169922,-12.721466064453125
Multivariate+Exogenous,exogenous,Brent Oil,Com_BrentCrudeOil,tscv,13,2024-11-18,607,8,PatchTST,XGBoost,73.94104766845703,84.04177856445312,-10.100730895996094
Multivariate+Exogenous,exogenous,Brent Oil,Com_BrentCrudeOil,tscv,13,2024-11-25,608,9,PatchTST,XGBoost,72.4459457397461,84.0437240600586,-11.5977783203125
Multivariate+Exogenous,exogenous,Brent Oil,Com_BrentCrudeOil,tscv,13,2024-12-02,609,10,PatchTST,XGBoost,71.92588806152344,87.55632019042969,-15.63043212890625
Multivariate+Exogenous,exogenous,Brent Oil,Com_BrentCrudeOil,tscv,13,2024-12-09,610,11,PatchTST,XGBoost,73.48958587646484,82.48643493652344,-8.996849060058594
Multivariate+Exogenous,exogenous,Brent Oil,Com_BrentCrudeOil,tscv,13,2024-12-16,611,12,PatchTST,XGBoost,73.21955871582031,84.60660552978516,-11.387046813964844
Multivariate+Exogenous,exogenous,Brent Oil,Com_BrentCrudeOil,tscv,13,2024-09-30,600,1,PatchTST,LightGBM,75.79288482666016,83.10694885253906,-7.314064025878906
Multivariate+Exogenous,exogenous,Brent Oil,Com_BrentCrudeOil,tscv,13,2024-10-07,601,2,PatchTST,LightGBM,78.61448669433594,83.53738403320312,-4.9228973388671875
Multivariate+Exogenous,exogenous,Brent Oil,Com_BrentCrudeOil,tscv,13,2024-10-14,602,3,PatchTST,LightGBM,74.26461791992188,83.96733856201172,-9.702720642089844
Multivariate+Exogenous,exogenous,Brent Oil,Com_BrentCrudeOil,tscv,13,2024-10-21,603,4,PatchTST,LightGBM,74.91790008544922,83.69922637939453,-8.781326293945312
Multivariate+Exogenous,exogenous,Brent Oil,Com_BrentCrudeOil,tscv,13,2024-10-28,604,5,PatchTST,LightGBM,72.1500015258789,83.52865600585938,-11.378654479980469
Multivariate+Exogenous,exogenous,Brent Oil,Com_BrentCrudeOil,tscv,13,2024-11-04,605,6,PatchTST,LightGBM,74.633544921875,84.87335968017578,-10.239814758300781
Multivariate+Exogenous,exogenous,Brent Oil,Com_BrentCrudeOil,tscv,13,2024-11-11,606,7,PatchTST,LightGBM,71.7145004272461,82.22549438476562,-10.510993957519531
Multivariate+Exogenous,exogenous,Brent Oil,Com_BrentCrudeOil,tscv,13,2024-11-18,607,8,PatchTST,LightGBM,73.94104766845703,82.8048095703125,-8.863761901855469
Multivariate+Exogenous,exogenous,Brent Oil,Com_BrentCrudeOil,tscv,13,2024-11-25,608,9,PatchTST,LightGBM,72.4459457397461,81.27433013916016,-8.828384399414062
Multivariate+Exogenous,exogenous,Brent Oil,Com_BrentCrudeOil,tscv,13,2024-12-02,609,10,PatchTST,LightGBM,71.92588806152344,85.30322265625,-13.377334594726562
Multivariate+Exogenous,exogenous,Brent Oil,Com_BrentCrudeOil,tscv,13,2024-12-09,610,11,PatchTST,LightGBM,73.48958587646484,80.79991149902344,-7.310325622558594
Multivariate+Exogenous,exogenous,Brent Oil,Com_BrentCrudeOil,tscv,13,2024-12-16,611,12,PatchTST,LightGBM,73.21955871582031,82.59443664550781,-9.3748779296875
Multivariate+Exogenous,exogenous,Brent Oil,Com_BrentCrudeOil,tscv,14,2024-10-28,604,1,PatchTST,-,72.1500015258789,71.58797454833984,0.5620269775390625
Multivariate+Exogenous,exogenous,Brent Oil,Com_BrentCrudeOil,tscv,14,2024-11-04,605,2,PatchTST,-,74.633544921875,66.65660858154297,7.976936340332031
Multivariate+Exogenous,exogenous,Brent Oil,Com_BrentCrudeOil,tscv,14,2024-11-11,606,3,PatchTST,-,71.7145004272461,71.3346939086914,0.3798065185546875
Multivariate+Exogenous,exogenous,Brent Oil,Com_BrentCrudeOil,tscv,14,2024-11-18,607,4,PatchTST,-,73.94104766845703,72.98681640625,0.9542312622070312
Multivariate+Exogenous,exogenous,Brent Oil,Com_BrentCrudeOil,tscv,14,2024-11-25,608,5,PatchTST,-,72.4459457397461,71.93082427978516,0.5151214599609375
Multivariate+Exogenous,exogenous,Brent Oil,Com_BrentCrudeOil,tscv,14,2024-12-02,609,6,PatchTST,-,71.92588806152344,74.53302764892578,-2.6071395874023438
Multivariate+Exogenous,exogenous,Brent Oil,Com_BrentCrudeOil,tscv,14,2024-12-09,610,7,PatchTST,-,73.48958587646484,72.46673583984375,1.0228500366210938
Multivariate+Exogenous,exogenous,Brent Oil,Com_BrentCrudeOil,tscv,14,2024-12-16,611,8,PatchTST,-,73.21955871582031,72.93128204345703,0.28827667236328125
Multivariate+Exogenous,exogenous,Brent Oil,Com_BrentCrudeOil,tscv,14,2024-12-23,612,9,PatchTST,-,73.44568634033203,69.57623291015625,3.8694534301757812
Multivariate+Exogenous,exogenous,Brent Oil,Com_BrentCrudeOil,tscv,14,2024-12-30,613,10,PatchTST,-,75.3517837524414,68.610595703125,6.741188049316406
Multivariate+Exogenous,exogenous,Brent Oil,Com_BrentCrudeOil,tscv,14,2025-01-06,614,11,PatchTST,-,77.89148712158203,73.20820617675781,4.683280944824219
Multivariate+Exogenous,exogenous,Brent Oil,Com_BrentCrudeOil,tscv,14,2025-01-13,615,12,PatchTST,-,80.95013427734375,75.18473815917969,5.7653961181640625
Multivariate+Exogenous,exogenous,Brent Oil,Com_BrentCrudeOil,tscv,14,2024-10-28,604,1,PatchTST,NLinear,72.1500015258789,81.51765441894531,-9.367652893066406
Multivariate+Exogenous,exogenous,Brent Oil,Com_BrentCrudeOil,tscv,14,2024-11-04,605,2,PatchTST,NLinear,74.633544921875,77.06202697753906,-2.4284820556640625
Multivariate+Exogenous,exogenous,Brent Oil,Com_BrentCrudeOil,tscv,14,2024-11-11,606,3,PatchTST,NLinear,71.7145004272461,82.20684051513672,-10.492340087890625
Multivariate+Exogenous,exogenous,Brent Oil,Com_BrentCrudeOil,tscv,14,2024-11-18,607,4,PatchTST,NLinear,73.94104766845703,84.26776885986328,-10.32672119140625
Multivariate+Exogenous,exogenous,Brent Oil,Com_BrentCrudeOil,tscv,14,2024-11-25,608,5,PatchTST,NLinear,72.4459457397461,83.02770233154297,-10.581756591796875
Multivariate+Exogenous,exogenous,Brent Oil,Com_BrentCrudeOil,tscv,14,2024-12-02,609,6,PatchTST,NLinear,71.92588806152344,85.06046295166016,-13.134574890136719
Multivariate+Exogenous,exogenous,Brent Oil,Com_BrentCrudeOil,tscv,14,2024-12-09,610,7,PatchTST,NLinear,73.48958587646484,82.92167663574219,-9.432090759277344
Multivariate+Exogenous,exogenous,Brent Oil,Com_BrentCrudeOil,tscv,14,2024-12-16,611,8,PatchTST,NLinear,73.21955871582031,82.41724395751953,-9.197685241699219
Multivariate+Exogenous,exogenous,Brent Oil,Com_BrentCrudeOil,tscv,14,2024-12-23,612,9,PatchTST,NLinear,73.44568634033203,78.70391845703125,-5.258232116699219
Multivariate+Exogenous,exogenous,Brent Oil,Com_BrentCrudeOil,tscv,14,2024-12-30,613,10,PatchTST,NLinear,75.3517837524414,79.54823303222656,-4.196449279785156
Multivariate+Exogenous,exogenous,Brent Oil,Com_BrentCrudeOil,tscv,14,2025-01-06,614,11,PatchTST,NLinear,77.89148712158203,84.62396240234375,-6.732475280761719
Multivariate+Exogenous,exogenous,Brent Oil,Com_BrentCrudeOil,tscv,14,2025-01-13,615,12,PatchTST,NLinear,80.95013427734375,87.44039154052734,-6.490257263183594
Multivariate+Exogenous,exogenous,Brent Oil,Com_BrentCrudeOil,tscv,14,2024-10-28,604,1,PatchTST,iTransformer,72.1500015258789,82.01803588867188,-9.868034362792969
Multivariate+Exogenous,exogenous,Brent Oil,Com_BrentCrudeOil,tscv,14,2024-11-04,605,2,PatchTST,iTransformer,74.633544921875,77.07994842529297,-2.4464035034179688
Multivariate+Exogenous,exogenous,Brent Oil,Com_BrentCrudeOil,tscv,14,2024-11-11,606,3,PatchTST,iTransformer,71.7145004272461,82.17819213867188,-10.463691711425781
Multivariate+Exogenous,exogenous,Brent Oil,Com_BrentCrudeOil,tscv,14,2024-11-18,607,4,PatchTST,iTransformer,73.94104766845703,82.75254821777344,-8.811500549316406
Multivariate+Exogenous,exogenous,Brent Oil,Com_BrentCrudeOil,tscv,14,2024-11-25,608,5,PatchTST,iTransformer,72.4459457397461,81.86100006103516,-9.415054321289062
Multivariate+Exogenous,exogenous,Brent Oil,Com_BrentCrudeOil,tscv,14,2024-12-02,609,6,PatchTST,iTransformer,71.92588806152344,86.13362884521484,-14.207740783691406
Multivariate+Exogenous,exogenous,Brent Oil,Com_BrentCrudeOil,tscv,14,2024-12-09,610,7,PatchTST,iTransformer,73.48958587646484,83.0517349243164,-9.562149047851562
Multivariate+Exogenous,exogenous,Brent Oil,Com_BrentCrudeOil,tscv,14,2024-12-16,611,8,PatchTST,iTransformer,73.21955871582031,82.14849853515625,-8.928939819335938
Multivariate+Exogenous,exogenous,Brent Oil,Com_BrentCrudeOil,tscv,14,2024-12-23,612,9,PatchTST,iTransformer,73.44568634033203,80.44762420654297,-7.0019378662109375
Multivariate+Exogenous,exogenous,Brent Oil,Com_BrentCrudeOil,tscv,14,2024-12-30,613,10,PatchTST,iTransformer,75.3517837524414,78.3882064819336,-3.0364227294921875
Multivariate+Exogenous,exogenous,Brent Oil,Com_BrentCrudeOil,tscv,14,2025-01-06,614,11,PatchTST,iTransformer,77.89148712158203,81.9565658569336,-4.0650787353515625
Multivariate+Exogenous,exogenous,Brent Oil,Com_BrentCrudeOil,tscv,14,2025-01-13,615,12,PatchTST,iTransformer,80.95013427734375,81.93511199951172,-0.9849777221679688
Multivariate+Exogenous,exogenous,Brent Oil,Com_BrentCrudeOil,tscv,14,2024-10-28,604,1,PatchTST,XGBoost,72.1500015258789,80.39978790283203,-8.249786376953125
Multivariate+Exogenous,exogenous,Brent Oil,Com_BrentCrudeOil,tscv,14,2024-11-04,605,2,PatchTST,XGBoost,74.633544921875,75.66388702392578,-1.0303421020507812
Multivariate+Exogenous,exogenous,Brent Oil,Com_BrentCrudeOil,tscv,14,2024-11-11,606,3,PatchTST,XGBoost,71.7145004272461,80.34197235107422,-8.627471923828125
Multivariate+Exogenous,exogenous,Brent Oil,Com_BrentCrudeOil,tscv,14,2024-11-18,607,4,PatchTST,XGBoost,73.94104766845703,81.82028198242188,-7.879234313964844
Multivariate+Exogenous,exogenous,Brent Oil,Com_BrentCrudeOil,tscv,14,2024-11-25,608,5,PatchTST,XGBoost,72.4459457397461,80.53314208984375,-8.087196350097656
Multivariate+Exogenous,exogenous,Brent Oil,Com_BrentCrudeOil,tscv,14,2024-12-02,609,6,PatchTST,XGBoost,71.92588806152344,83.44427490234375,-11.518386840820312
Multivariate+Exogenous,exogenous,Brent Oil,Com_BrentCrudeOil,tscv,14,2024-12-09,610,7,PatchTST,XGBoost,73.48958587646484,81.06905364990234,-7.5794677734375
Multivariate+Exogenous,exogenous,Brent Oil,Com_BrentCrudeOil,tscv,14,2024-12-16,611,8,PatchTST,XGBoost,73.21955871582031,81.64706420898438,-8.427505493164062
Multivariate+Exogenous,exogenous,Brent Oil,Com_BrentCrudeOil,tscv,14,2024-12-23,612,9,PatchTST,XGBoost,73.44568634033203,78.48748016357422,-5.0417938232421875
Multivariate+Exogenous,exogenous,Brent Oil,Com_BrentCrudeOil,tscv,14,2024-12-30,613,10,PatchTST,XGBoost,75.3517837524414,77.27922821044922,-1.9274444580078125
Multivariate+Exogenous,exogenous,Brent Oil,Com_BrentCrudeOil,tscv,14,2025-01-06,614,11,PatchTST,XGBoost,77.89148712158203,81.79483032226562,-3.9033432006835938
Multivariate+Exogenous,exogenous,Brent Oil,Com_BrentCrudeOil,tscv,14,2025-01-13,615,12,PatchTST,XGBoost,80.95013427734375,83.96682739257812,-3.016693115234375
Multivariate+Exogenous,exogenous,Brent Oil,Com_BrentCrudeOil,tscv,14,2024-10-28,604,1,PatchTST,LightGBM,72.1500015258789,81.09397888183594,-8.943977355957031
Multivariate+Exogenous,exogenous,Brent Oil,Com_BrentCrudeOil,tscv,14,2024-11-04,605,2,PatchTST,LightGBM,74.633544921875,76.16261291503906,-1.5290679931640625
Multivariate+Exogenous,exogenous,Brent Oil,Com_BrentCrudeOil,tscv,14,2024-11-11,606,3,PatchTST,LightGBM,71.7145004272461,80.8406982421875,-9.126197814941406
Multivariate+Exogenous,exogenous,Brent Oil,Com_BrentCrudeOil,tscv,14,2024-11-18,607,4,PatchTST,LightGBM,73.94104766845703,82.12118530273438,-8.180137634277344
Multivariate+Exogenous,exogenous,Brent Oil,Com_BrentCrudeOil,tscv,14,2024-11-25,608,5,PatchTST,LightGBM,72.4459457397461,81.43682861328125,-8.990882873535156
Multivariate+Exogenous,exogenous,Brent Oil,Com_BrentCrudeOil,tscv,14,2024-12-02,609,6,PatchTST,LightGBM,71.92588806152344,84.03903198242188,-12.113143920898438
Multivariate+Exogenous,exogenous,Brent Oil,Com_BrentCrudeOil,tscv,14,2024-12-09,610,7,PatchTST,LightGBM,73.48958587646484,81.97274017333984,-8.483154296875
Multivariate+Exogenous,exogenous,Brent Oil,Com_BrentCrudeOil,tscv,14,2024-12-16,611,8,PatchTST,LightGBM,73.21955871582031,82.43728637695312,-9.217727661132812
Multivariate+Exogenous,exogenous,Brent Oil,Com_BrentCrudeOil,tscv,14,2024-12-23,612,9,PatchTST,LightGBM,73.44568634033203,78.71060180664062,-5.264915466308594
Multivariate+Exogenous,exogenous,Brent Oil,Com_BrentCrudeOil,tscv,14,2024-12-30,613,10,PatchTST,LightGBM,75.3517837524414,77.74496459960938,-2.3931808471679688
Multivariate+Exogenous,exogenous,Brent Oil,Com_BrentCrudeOil,tscv,14,2025-01-06,614,11,PatchTST,LightGBM,77.89148712158203,82.34257507324219,-4.451087951660156
Multivariate+Exogenous,exogenous,Brent Oil,Com_BrentCrudeOil,tscv,14,2025-01-13,615,12,PatchTST,LightGBM,80.95013427734375,84.31910705566406,-3.3689727783203125
Multivariate+Exogenous,exogenous,Brent Oil,Com_BrentCrudeOil,tscv,15,2024-11-25,608,1,PatchTST,-,72.4459457397461,65.45889282226562,6.987052917480469
Multivariate+Exogenous,exogenous,Brent Oil,Com_BrentCrudeOil,tscv,15,2024-12-02,609,2,PatchTST,-,71.92588806152344,62.20219421386719,9.72369384765625
Multivariate+Exogenous,exogenous,Brent Oil,Com_BrentCrudeOil,tscv,15,2024-12-09,610,3,PatchTST,-,73.48958587646484,60.99049758911133,12.499088287353516
Multivariate+Exogenous,exogenous,Brent Oil,Com_BrentCrudeOil,tscv,15,2024-12-16,611,4,PatchTST,-,73.21955871582031,64.69973754882812,8.519821166992188
Multivariate+Exogenous,exogenous,Brent Oil,Com_BrentCrudeOil,tscv,15,2024-12-23,612,5,PatchTST,-,73.44568634033203,57.696502685546875,15.749183654785156
Multivariate+Exogenous,exogenous,Brent Oil,Com_BrentCrudeOil,tscv,15,2024-12-30,613,6,PatchTST,-,75.3517837524414,59.63278579711914,15.718997955322266
Multivariate+Exogenous,exogenous,Brent Oil,Com_BrentCrudeOil,tscv,15,2025-01-06,614,7,PatchTST,-,77.89148712158203,57.93082046508789,19.96066665649414
Multivariate+Exogenous,exogenous,Brent Oil,Com_BrentCrudeOil,tscv,15,2025-01-13,615,8,PatchTST,-,80.95013427734375,59.241188049316406,21.708946228027344
Multivariate+Exogenous,exogenous,Brent Oil,Com_BrentCrudeOil,tscv,15,2025-01-20,616,9,PatchTST,-,78.79235076904297,63.920101165771484,14.872249603271484
Multivariate+Exogenous,exogenous,Brent Oil,Com_BrentCrudeOil,tscv,15,2025-01-27,617,10,PatchTST,-,76.10587310791016,64.80502319335938,11.300849914550781
Multivariate+Exogenous,exogenous,Brent Oil,Com_BrentCrudeOil,tscv,15,2025-02-03,618,11,PatchTST,-,75.14842987060547,62.73423767089844,12.414192199707031
Multivariate+Exogenous,exogenous,Brent Oil,Com_BrentCrudeOil,tscv,15,2025-02-10,619,12,PatchTST,-,75.43816375732422,64.07254791259766,11.365615844726562
Multivariate+Exogenous,exogenous,Brent Oil,Com_BrentCrudeOil,tscv,15,2024-11-25,608,1,PatchTST,NLinear,72.4459457397461,83.43705749511719,-10.991111755371094
Multivariate+Exogenous,exogenous,Brent Oil,Com_BrentCrudeOil,tscv,15,2024-12-02,609,2,PatchTST,NLinear,71.92588806152344,79.76461791992188,-7.8387298583984375
Multivariate+Exogenous,exogenous,Brent Oil,Com_BrentCrudeOil,tscv,15,2024-12-09,610,3,PatchTST,NLinear,73.48958587646484,78.6219253540039,-5.1323394775390625
Multivariate+Exogenous,exogenous,Brent Oil,Com_BrentCrudeOil,tscv,15,2024-12-16,611,4,PatchTST,NLinear,73.21955871582031,82.54644012451172,-9.326881408691406
Multivariate+Exogenous,exogenous,Brent Oil,Com_BrentCrudeOil,tscv,15,2024-12-23,612,5,PatchTST,NLinear,73.44568634033203,75.60678100585938,-2.1610946655273438
Multivariate+Exogenous,exogenous,Brent Oil,Com_BrentCrudeOil,tscv,15,2024-12-30,613,6,PatchTST,NLinear,75.3517837524414,78.13607025146484,-2.7842864990234375
Multivariate+Exogenous,exogenous,Brent Oil,Com_BrentCrudeOil,tscv,15,2025-01-06,614,7,PatchTST,NLinear,77.89148712158203,76.37657165527344,1.5149154663085938
Multivariate+Exogenous,exogenous,Brent Oil,Com_BrentCrudeOil,tscv,15,2025-01-13,615,8,PatchTST,NLinear,80.95013427734375,78.21748352050781,2.7326507568359375
Multivariate+Exogenous,exogenous,Brent Oil,Com_BrentCrudeOil,tscv,15,2025-01-20,616,9,PatchTST,NLinear,78.79235076904297,83.39732360839844,-4.604972839355469
Multivariate+Exogenous,exogenous,Brent Oil,Com_BrentCrudeOil,tscv,15,2025-01-27,617,10,PatchTST,NLinear,76.10587310791016,84.79070281982422,-8.684829711914062
Multivariate+Exogenous,exogenous,Brent Oil,Com_BrentCrudeOil,tscv,15,2025-02-03,618,11,PatchTST,NLinear,75.14842987060547,83.55980682373047,-8.411376953125
Multivariate+Exogenous,exogenous,Brent Oil,Com_BrentCrudeOil,tscv,15,2025-02-10,619,12,PatchTST,NLinear,75.43816375732422,85.07865905761719,-9.640495300292969
Multivariate+Exogenous,exogenous,Brent Oil,Com_BrentCrudeOil,tscv,15,2024-11-25,608,1,PatchTST,iTransformer,72.4459457397461,84.81886291503906,-12.372917175292969
Multivariate+Exogenous,exogenous,Brent Oil,Com_BrentCrudeOil,tscv,15,2024-12-02,609,2,PatchTST,iTransformer,71.92588806152344,84.03246307373047,-12.106575012207031
Multivariate+Exogenous,exogenous,Brent Oil,Com_BrentCrudeOil,tscv,15,2024-12-09,610,3,PatchTST,iTransformer,73.48958587646484,82.2305679321289,-8.740982055664062
Multivariate+Exogenous,exogenous,Brent Oil,Com_BrentCrudeOil,tscv,15,2024-12-16,611,4,PatchTST,iTransformer,73.21955871582031,82.02339172363281,-8.8038330078125
Multivariate+Exogenous,exogenous,Brent Oil,Com_BrentCrudeOil,tscv,15,2024-12-23,612,5,PatchTST,iTransformer,73.44568634033203,70.82015228271484,2.6255340576171875
Multivariate+Exogenous,exogenous,Brent Oil,Com_BrentCrudeOil,tscv,15,2024-12-30,613,6,PatchTST,iTransformer,75.3517837524414,71.68492126464844,3.6668624877929688
Multivariate+Exogenous,exogenous,Brent Oil,Com_BrentCrudeOil,tscv,15,2025-01-06,614,7,PatchTST,iTransformer,77.89148712158203,70.52346801757812,7.368019104003906
Multivariate+Exogenous,exogenous,Brent Oil,Com_BrentCrudeOil,tscv,15,2025-01-13,615,8,PatchTST,iTransformer,80.95013427734375,74.62852478027344,6.3216094970703125
Multivariate+Exogenous,exogenous,Brent Oil,Com_BrentCrudeOil,tscv,15,2025-01-20,616,9,PatchTST,iTransformer,78.79235076904297,81.34234619140625,-2.5499954223632812
Multivariate+Exogenous,exogenous,Brent Oil,Com_BrentCrudeOil,tscv,15,2025-01-27,617,10,PatchTST,iTransformer,76.10587310791016,80.659912109375,-4.554039001464844
Multivariate+Exogenous,exogenous,Brent Oil,Com_BrentCrudeOil,tscv,15,2025-02-03,618,11,PatchTST,iTransformer,75.14842987060547,75.40043640136719,-0.25200653076171875
Multivariate+Exogenous,exogenous,Brent Oil,Com_BrentCrudeOil,tscv,15,2025-02-10,619,12,PatchTST,iTransformer,75.43816375732422,74.8624038696289,0.5757598876953125
Multivariate+Exogenous,exogenous,Brent Oil,Com_BrentCrudeOil,tscv,15,2024-11-25,608,1,PatchTST,XGBoost,72.4459457397461,80.39842987060547,-7.952484130859375
Multivariate+Exogenous,exogenous,Brent Oil,Com_BrentCrudeOil,tscv,15,2024-12-02,609,2,PatchTST,XGBoost,71.92588806152344,76.53152465820312,-4.6056365966796875
Multivariate+Exogenous,exogenous,Brent Oil,Com_BrentCrudeOil,tscv,15,2024-12-09,610,3,PatchTST,XGBoost,73.48958587646484,76.07203674316406,-2.5824508666992188
Multivariate+Exogenous,exogenous,Brent Oil,Com_BrentCrudeOil,tscv,15,2024-12-16,611,4,PatchTST,XGBoost,73.21955871582031,79.84680938720703,-6.627250671386719
Multivariate+Exogenous,exogenous,Brent Oil,Com_BrentCrudeOil,tscv,15,2024-12-23,612,5,PatchTST,XGBoost,73.44568634033203,72.09537506103516,1.350311279296875
Multivariate+Exogenous,exogenous,Brent Oil,Com_BrentCrudeOil,tscv,15,2024-12-30,613,6,PatchTST,XGBoost,75.3517837524414,73.65570831298828,1.696075439453125
Multivariate+Exogenous,exogenous,Brent Oil,Com_BrentCrudeOil,tscv,15,2025-01-06,614,7,PatchTST,XGBoost,77.89148712158203,72.94251251220703,4.948974609375
Multivariate+Exogenous,exogenous,Brent Oil,Com_BrentCrudeOil,tscv,15,2025-01-13,615,8,PatchTST,XGBoost,80.95013427734375,73.55343627929688,7.396697998046875
Multivariate+Exogenous,exogenous,Brent Oil,Com_BrentCrudeOil,tscv,15,2025-01-20,616,9,PatchTST,XGBoost,78.79235076904297,78.2497787475586,0.542572021484375
Multivariate+Exogenous,exogenous,Brent Oil,Com_BrentCrudeOil,tscv,15,2025-01-27,617,10,PatchTST,XGBoost,76.10587310791016,79.21250915527344,-3.1066360473632812
Multivariate+Exogenous,exogenous,Brent Oil,Com_BrentCrudeOil,tscv,15,2025-02-03,618,11,PatchTST,XGBoost,75.14842987060547,77.14496612548828,-1.9965362548828125
Multivariate+Exogenous,exogenous,Brent Oil,Com_BrentCrudeOil,tscv,15,2025-02-10,619,12,PatchTST,XGBoost,75.43816375732422,77.63938903808594,-2.2012252807617188
Multivariate+Exogenous,exogenous,Brent Oil,Com_BrentCrudeOil,tscv,15,2024-11-25,608,1,PatchTST,LightGBM,72.4459457397461,79.97957611083984,-7.53363037109375
Multivariate+Exogenous,exogenous,Brent Oil,Com_BrentCrudeOil,tscv,15,2024-12-02,609,2,PatchTST,LightGBM,71.92588806152344,76.7228775024414,-4.796989440917969
Multivariate+Exogenous,exogenous,Brent Oil,Com_BrentCrudeOil,tscv,15,2024-12-09,610,3,PatchTST,LightGBM,73.48958587646484,75.51118469238281,-2.0215988159179688
Multivariate+Exogenous,exogenous,Brent Oil,Com_BrentCrudeOil,tscv,15,2024-12-16,611,4,PatchTST,LightGBM,73.21955871582031,79.22042083740234,-6.000862121582031
Multivariate+Exogenous,exogenous,Brent Oil,Com_BrentCrudeOil,tscv,15,2024-12-23,612,5,PatchTST,LightGBM,73.44568634033203,72.2171859741211,1.2285003662109375
Multivariate+Exogenous,exogenous,Brent Oil,Com_BrentCrudeOil,tscv,15,2024-12-30,613,6,PatchTST,LightGBM,75.3517837524414,74.15347290039062,1.1983108520507812
Multivariate+Exogenous,exogenous,Brent Oil,Com_BrentCrudeOil,tscv,15,2025-01-06,614,7,PatchTST,LightGBM,77.89148712158203,72.45150756835938,5.439979553222656
Multivariate+Exogenous,exogenous,Brent Oil,Com_BrentCrudeOil,tscv,15,2025-01-13,615,8,PatchTST,LightGBM,80.95013427734375,73.76187133789062,7.188262939453125
Multivariate+Exogenous,exogenous,Brent Oil,Com_BrentCrudeOil,tscv,15,2025-01-20,616,9,PatchTST,LightGBM,78.79235076904297,78.44078826904297,0.3515625
Multivariate+Exogenous,exogenous,Brent Oil,Com_BrentCrudeOil,tscv,15,2025-01-27,617,10,PatchTST,LightGBM,76.10587310791016,79.3257064819336,-3.2198333740234375
Multivariate+Exogenous,exogenous,Brent Oil,Com_BrentCrudeOil,tscv,15,2025-02-03,618,11,PatchTST,LightGBM,75.14842987060547,77.25492095947266,-2.1064910888671875
Multivariate+Exogenous,exogenous,Brent Oil,Com_BrentCrudeOil,tscv,15,2025-02-10,619,12,PatchTST,LightGBM,75.43816375732422,78.59323120117188,-3.1550674438476562
Multivariate+Exogenous,exogenous,Brent Oil,Com_BrentCrudeOil,tscv,16,2024-12-23,612,1,PatchTST,-,73.44568634033203,66.45152282714844,6.994163513183594
Multivariate+Exogenous,exogenous,Brent Oil,Com_BrentCrudeOil,tscv,16,2024-12-30,613,2,PatchTST,-,75.3517837524414,65.43025970458984,9.921524047851562
Multivariate+Exogenous,exogenous,Brent Oil,Com_BrentCrudeOil,tscv,16,2025-01-06,614,3,PatchTST,-,77.89148712158203,64.00469970703125,13.886787414550781
Multivariate+Exogenous,exogenous,Brent Oil,Com_BrentCrudeOil,tscv,16,2025-01-13,615,4,PatchTST,-,80.95013427734375,67.50281524658203,13.447319030761719
Multivariate+Exogenous,exogenous,Brent Oil,Com_BrentCrudeOil,tscv,16,2025-01-20,616,5,PatchTST,-,78.79235076904297,62.04692840576172,16.74542236328125
Multivariate+Exogenous,exogenous,Brent Oil,Com_BrentCrudeOil,tscv,16,2025-01-27,617,6,PatchTST,-,76.10587310791016,65.22382354736328,10.882049560546875
Multivariate+Exogenous,exogenous,Brent Oil,Com_BrentCrudeOil,tscv,16,2025-02-03,618,7,PatchTST,-,75.14842987060547,63.37919616699219,11.769233703613281
Multivariate+Exogenous,exogenous,Brent Oil,Com_BrentCrudeOil,tscv,16,2025-02-10,619,8,PatchTST,-,75.43816375732422,65.92362213134766,9.514541625976562
Multivariate+Exogenous,exogenous,Brent Oil,Com_BrentCrudeOil,tscv,16,2025-02-17,620,9,PatchTST,-,75.4046630859375,63.152748107910156,12.251914978027344
Multivariate+Exogenous,exogenous,Brent Oil,Com_BrentCrudeOil,tscv,16,2025-02-24,621,10,PatchTST,-,73.14600372314453,64.55107116699219,8.594932556152344
Multivariate+Exogenous,exogenous,Brent Oil,Com_BrentCrudeOil,tscv,16,2025-03-03,622,11,PatchTST,-,70.35600280761719,64.43016815185547,5.925834655761719
Multivariate+Exogenous,exogenous,Brent Oil,Com_BrentCrudeOil,tscv,16,2025-03-10,623,12,PatchTST,-,70.26238250732422,64.84503173828125,5.417350769042969
Multivariate+Exogenous,exogenous,Brent Oil,Com_BrentCrudeOil,tscv,16,2024-12-23,612,1,PatchTST,NLinear,73.44568634033203,55.17741012573242,18.26827621459961
Multivariate+Exogenous,exogenous,Brent Oil,Com_BrentCrudeOil,tscv,16,2024-12-30,613,2,PatchTST,NLinear,75.3517837524414,53.72101974487305,21.63076400756836
Multivariate+Exogenous,exogenous,Brent Oil,Com_BrentCrudeOil,tscv,16,2025-01-06,614,3,PatchTST,NLinear,77.89148712158203,52.57721710205078,25.31427001953125
Multivariate+Exogenous,exogenous,Brent Oil,Com_BrentCrudeOil,tscv,16,2025-01-13,615,4,PatchTST,NLinear,80.95013427734375,57.01409149169922,23.93604278564453
Multivariate+Exogenous,exogenous,Brent Oil,Com_BrentCrudeOil,tscv,16,2025-01-20,616,5,PatchTST,NLinear,78.79235076904297,50.52465057373047,28.2677001953125
Multivariate+Exogenous,exogenous,Brent Oil,Com_BrentCrudeOil,tscv,16,2025-01-27,617,6,PatchTST,NLinear,76.10587310791016,52.146305084228516,23.95956802368164
Multivariate+Exogenous,exogenous,Brent Oil,Com_BrentCrudeOil,tscv,16,2025-02-03,618,7,PatchTST,NLinear,75.14842987060547,48.92689514160156,26.221534729003906
Multivariate+Exogenous,exogenous,Brent Oil,Com_BrentCrudeOil,tscv,16,2025-02-10,619,8,PatchTST,NLinear,75.43816375732422,51.38368225097656,24.054481506347656
Multivariate+Exogenous,exogenous,Brent Oil,Com_BrentCrudeOil,tscv,16,2025-02-17,620,9,PatchTST,NLinear,75.4046630859375,48.564979553222656,26.839683532714844
Multivariate+Exogenous,exogenous,Brent Oil,Com_BrentCrudeOil,tscv,16,2025-02-24,621,10,PatchTST,NLinear,73.14600372314453,49.34852981567383,23.797473907470703
Multivariate+Exogenous,exogenous,Brent Oil,Com_BrentCrudeOil,tscv,16,2025-03-03,622,11,PatchTST,NLinear,70.35600280761719,48.98847961425781,21.367523193359375
Multivariate+Exogenous,exogenous,Brent Oil,Com_BrentCrudeOil,tscv,16,2025-03-10,623,12,PatchTST,NLinear,70.26238250732422,49.15021896362305,21.112163543701172
Multivariate+Exogenous,exogenous,Brent Oil,Com_BrentCrudeOil,tscv,16,2024-12-23,612,1,PatchTST,iTransformer,73.44568634033203,68.32449340820312,5.121192932128906
Multivariate+Exogenous,exogenous,Brent Oil,Com_BrentCrudeOil,tscv,16,2024-12-30,613,2,PatchTST,iTransformer,75.3517837524414,67.25534057617188,8.096443176269531
Multivariate+Exogenous,exogenous,Brent Oil,Com_BrentCrudeOil,tscv,16,2025-01-06,614,3,PatchTST,iTransformer,77.89148712158203,65.69902038574219,12.192466735839844
Multivariate+Exogenous,exogenous,Brent Oil,Com_BrentCrudeOil,tscv,16,2025-01-13,615,4,PatchTST,iTransformer,80.95013427734375,69.29046630859375,11.65966796875
Multivariate+Exogenous,exogenous,Brent Oil,Com_BrentCrudeOil,tscv,16,2025-01-20,616,5,PatchTST,iTransformer,78.79235076904297,62.924171447753906,15.868179321289062
Multivariate+Exogenous,exogenous,Brent Oil,Com_BrentCrudeOil,tscv,16,2025-01-27,617,6,PatchTST,iTransformer,76.10587310791016,66.32621002197266,9.7796630859375
Multivariate+Exogenous,exogenous,Brent Oil,Com_BrentCrudeOil,tscv,16,2025-02-03,618,7,PatchTST,iTransformer,75.14842987060547,65.01496124267578,10.133468627929688
Multivariate+Exogenous,exogenous,Brent Oil,Com_BrentCrudeOil,tscv,16,2025-02-10,619,8,PatchTST,iTransformer,75.43816375732422,67.40875244140625,8.029411315917969
Multivariate+Exogenous,exogenous,Brent Oil,Com_BrentCrudeOil,tscv,16,2025-02-17,620,9,PatchTST,iTransformer,75.4046630859375,64.40892791748047,10.995735168457031
Multivariate+Exogenous,exogenous,Brent Oil,Com_BrentCrudeOil,tscv,16,2025-02-24,621,10,PatchTST,iTransformer,73.14600372314453,65.96456146240234,7.1814422607421875
Multivariate+Exogenous,exogenous,Brent Oil,Com_BrentCrudeOil,tscv,16,2025-03-03,622,11,PatchTST,iTransformer,70.35600280761719,65.82347869873047,4.532524108886719
Multivariate+Exogenous,exogenous,Brent Oil,Com_BrentCrudeOil,tscv,16,2025-03-10,623,12,PatchTST,iTransformer,70.26238250732422,66.89810180664062,3.3642807006835938
Multivariate+Exogenous,exogenous,Brent Oil,Com_BrentCrudeOil,tscv,16,2024-12-23,612,1,PatchTST,XGBoost,73.44568634033203,70.6809310913086,2.7647552490234375
Multivariate+Exogenous,exogenous,Brent Oil,Com_BrentCrudeOil,tscv,16,2024-12-30,613,2,PatchTST,XGBoost,75.3517837524414,55.58235168457031,19.769432067871094
Multivariate+Exogenous,exogenous,Brent Oil,Com_BrentCrudeOil,tscv,16,2025-01-06,614,3,PatchTST,XGBoost,77.89148712158203,67.49760437011719,10.393882751464844
Multivariate+Exogenous,exogenous,Brent Oil,Com_BrentCrudeOil,tscv,16,2025-01-13,615,4,PatchTST,XGBoost,80.95013427734375,72.17137145996094,8.778762817382812
Multivariate+Exogenous,exogenous,Brent Oil,Com_BrentCrudeOil,tscv,16,2025-01-20,616,5,PatchTST,XGBoost,78.79235076904297,64.93568420410156,13.856666564941406
Multivariate+Exogenous,exogenous,Brent Oil,Com_BrentCrudeOil,tscv,16,2025-01-27,617,6,PatchTST,XGBoost,76.10587310791016,55.50778579711914,20.598087310791016
Multivariate+Exogenous,exogenous,Brent Oil,Com_BrentCrudeOil,tscv,16,2025-02-03,618,7,PatchTST,XGBoost,75.14842987060547,55.05378341674805,20.094646453857422
Multivariate+Exogenous,exogenous,Brent Oil,Com_BrentCrudeOil,tscv,16,2025-02-10,619,8,PatchTST,XGBoost,75.43816375732422,69.57390594482422,5.8642578125
Multivariate+Exogenous,exogenous,Brent Oil,Com_BrentCrudeOil,tscv,16,2025-02-17,620,9,PatchTST,XGBoost,75.4046630859375,52.81979751586914,22.58486557006836
Multivariate+Exogenous,exogenous,Brent Oil,Com_BrentCrudeOil,tscv,16,2025-02-24,621,10,PatchTST,XGBoost,73.14600372314453,54.103515625,19.04248809814453
Multivariate+Exogenous,exogenous,Brent Oil,Com_BrentCrudeOil,tscv,16,2025-03-03,622,11,PatchTST,XGBoost,70.35600280761719,54.44419860839844,15.91180419921875
Multivariate+Exogenous,exogenous,Brent Oil,Com_BrentCrudeOil,tscv,16,2025-03-10,623,12,PatchTST,XGBoost,70.26238250732422,54.99577331542969,15.266609191894531
Multivariate+Exogenous,exogenous,Brent Oil,Com_BrentCrudeOil,tscv,16,2024-12-23,612,1,PatchTST,LightGBM,73.44568634033203,68.23213958740234,5.2135467529296875
Multivariate+Exogenous,exogenous,Brent Oil,Com_BrentCrudeOil,tscv,16,2024-12-30,613,2,PatchTST,LightGBM,75.3517837524414,67.21087646484375,8.140907287597656
Multivariate+Exogenous,exogenous,Brent Oil,Com_BrentCrudeOil,tscv,16,2025-01-06,614,3,PatchTST,LightGBM,77.89148712158203,65.78531646728516,12.106170654296875
Multivariate+Exogenous,exogenous,Brent Oil,Com_BrentCrudeOil,tscv,16,2025-01-13,615,4,PatchTST,LightGBM,80.95013427734375,69.28343200683594,11.666702270507812
Multivariate+Exogenous,exogenous,Brent Oil,Com_BrentCrudeOil,tscv,16,2025-01-20,616,5,PatchTST,LightGBM,78.79235076904297,63.82754898071289,14.964801788330078
Multivariate+Exogenous,exogenous,Brent Oil,Com_BrentCrudeOil,tscv,16,2025-01-27,617,6,PatchTST,LightGBM,76.10587310791016,67.00444030761719,9.101432800292969
Multivariate+Exogenous,exogenous,Brent Oil,Com_BrentCrudeOil,tscv,16,2025-02-03,618,7,PatchTST,LightGBM,75.14842987060547,62.08222961425781,13.066200256347656
Multivariate+Exogenous,exogenous,Brent Oil,Com_BrentCrudeOil,tscv,16,2025-02-10,619,8,PatchTST,LightGBM,75.43816375732422,64.62665557861328,10.811508178710938
Multivariate+Exogenous,exogenous,Brent Oil,Com_BrentCrudeOil,tscv,16,2025-02-17,620,9,PatchTST,LightGBM,75.4046630859375,62.46876525878906,12.935897827148438
Multivariate+Exogenous,exogenous,Brent Oil,Com_BrentCrudeOil,tscv,16,2025-02-24,621,10,PatchTST,LightGBM,73.14600372314453,68.57010650634766,4.575897216796875
Multivariate+Exogenous,exogenous,Brent Oil,Com_BrentCrudeOil,tscv,16,2025-03-03,622,11,PatchTST,LightGBM,70.35600280761719,63.133201599121094,7.222801208496094
Multivariate+Exogenous,exogenous,Brent Oil,Com_BrentCrudeOil,tscv,16,2025-03-10,623,12,PatchTST,LightGBM,70.26238250732422,63.654781341552734,6.607601165771484
Multivariate+Exogenous,exogenous,Brent Oil,Com_BrentCrudeOil,tscv,17,2025-01-20,616,1,PatchTST,-,78.79235076904297,71.63029479980469,7.162055969238281
Multivariate+Exogenous,exogenous,Brent Oil,Com_BrentCrudeOil,tscv,17,2025-01-27,617,2,PatchTST,-,76.10587310791016,69.28933715820312,6.816535949707031
Multivariate+Exogenous,exogenous,Brent Oil,Com_BrentCrudeOil,tscv,17,2025-02-03,618,3,PatchTST,-,75.14842987060547,65.48131561279297,9.6671142578125
Multivariate+Exogenous,exogenous,Brent Oil,Com_BrentCrudeOil,tscv,17,2025-02-10,619,4,PatchTST,-,75.43816375732422,67.03363037109375,8.404533386230469
Multivariate+Exogenous,exogenous,Brent Oil,Com_BrentCrudeOil,tscv,17,2025-02-17,620,5,PatchTST,-,75.4046630859375,68.31444549560547,7.090217590332031
Multivariate+Exogenous,exogenous,Brent Oil,Com_BrentCrudeOil,tscv,17,2025-02-24,621,6,PatchTST,-,73.14600372314453,69.93791961669922,3.2080841064453125
Multivariate+Exogenous,exogenous,Brent Oil,Com_BrentCrudeOil,tscv,17,2025-03-03,622,7,PatchTST,-,70.35600280761719,72.92601776123047,-2.5700149536132812
Multivariate+Exogenous,exogenous,Brent Oil,Com_BrentCrudeOil,tscv,17,2025-03-10,623,8,PatchTST,-,70.26238250732422,65.29940032958984,4.962982177734375
Multivariate+Exogenous,exogenous,Brent Oil,Com_BrentCrudeOil,tscv,17,2025-03-17,624,9,PatchTST,-,71.52252960205078,68.738037109375,2.7844924926757812
Multivariate+Exogenous,exogenous,Brent Oil,Com_BrentCrudeOil,tscv,17,2025-03-24,625,10,PatchTST,-,73.04026794433594,66.0755844116211,6.964683532714844
Multivariate+Exogenous,exogenous,Brent Oil,Com_BrentCrudeOil,tscv,17,2025-03-31,626,11,PatchTST,-,69.90252685546875,69.80471801757812,0.097808837890625
Multivariate+Exogenous,exogenous,Brent Oil,Com_BrentCrudeOil,tscv,17,2025-04-07,627,12,PatchTST,-,64.27491760253906,69.2756576538086,-5.000740051269531
Multivariate+Exogenous,exogenous,Brent Oil,Com_BrentCrudeOil,tscv,17,2025-01-20,616,1,PatchTST,NLinear,78.79235076904297,88.47145080566406,-9.679100036621094
Multivariate+Exogenous,exogenous,Brent Oil,Com_BrentCrudeOil,tscv,17,2025-01-27,617,2,PatchTST,NLinear,76.10587310791016,84.69598388671875,-8.590110778808594
Multivariate+Exogenous,exogenous,Brent Oil,Com_BrentCrudeOil,tscv,17,2025-02-03,618,3,PatchTST,NLinear,75.14842987060547,80.09998321533203,-4.9515533447265625
Multivariate+Exogenous,exogenous,Brent Oil,Com_BrentCrudeOil,tscv,17,2025-02-10,619,4,PatchTST,NLinear,75.43816375732422,81.75135803222656,-6.313194274902344
Multivariate+Exogenous,exogenous,Brent Oil,Com_BrentCrudeOil,tscv,17,2025-02-17,620,5,PatchTST,NLinear,75.4046630859375,83.9448013305664,-8.540138244628906
Multivariate+Exogenous,exogenous,Brent Oil,Com_BrentCrudeOil,tscv,17,2025-02-24,621,6,PatchTST,NLinear,73.14600372314453,86.27201843261719,-13.126014709472656
Multivariate+Exogenous,exogenous,Brent Oil,Com_BrentCrudeOil,tscv,17,2025-03-03,622,7,PatchTST,NLinear,70.35600280761719,89.32149505615234,-18.965492248535156
Multivariate+Exogenous,exogenous,Brent Oil,Com_BrentCrudeOil,tscv,17,2025-03-10,623,8,PatchTST,NLinear,70.26238250732422,82.19123077392578,-11.928848266601562
Multivariate+Exogenous,exogenous,Brent Oil,Com_BrentCrudeOil,tscv,17,2025-03-17,624,9,PatchTST,NLinear,71.52252960205078,85.72222137451172,-14.199691772460938
Multivariate+Exogenous,exogenous,Brent Oil,Com_BrentCrudeOil,tscv,17,2025-03-24,625,10,PatchTST,NLinear,73.04026794433594,83.6370849609375,-10.596817016601562
Multivariate+Exogenous,exogenous,Brent Oil,Com_BrentCrudeOil,tscv,17,2025-03-31,626,11,PatchTST,NLinear,69.90252685546875,88.00993347167969,-18.107406616210938
Multivariate+Exogenous,exogenous,Brent Oil,Com_BrentCrudeOil,tscv,17,2025-04-07,627,12,PatchTST,NLinear,64.27491760253906,87.6748046875,-23.399887084960938
Multivariate+Exogenous,exogenous,Brent Oil,Com_BrentCrudeOil,tscv,17,2025-01-20,616,1,PatchTST,iTransformer,78.79235076904297,76.30482482910156,2.4875259399414062
Multivariate+Exogenous,exogenous,Brent Oil,Com_BrentCrudeOil,tscv,17,2025-01-27,617,2,PatchTST,iTransformer,76.10587310791016,73.94233703613281,2.1635360717773438
Multivariate+Exogenous,exogenous,Brent Oil,Com_BrentCrudeOil,tscv,17,2025-02-03,618,3,PatchTST,iTransformer,75.14842987060547,71.05829620361328,4.0901336669921875
Multivariate+Exogenous,exogenous,Brent Oil,Com_BrentCrudeOil,tscv,17,2025-02-10,619,4,PatchTST,iTransformer,75.43816375732422,71.18653869628906,4.251625061035156
Multivariate+Exogenous,exogenous,Brent Oil,Com_BrentCrudeOil,tscv,17,2025-02-17,620,5,PatchTST,iTransformer,75.4046630859375,72.25597381591797,3.1486892700195312
Multivariate+Exogenous,exogenous,Brent Oil,Com_BrentCrudeOil,tscv,17,2025-02-24,621,6,PatchTST,iTransformer,73.14600372314453,73.43974304199219,-0.29373931884765625
Multivariate+Exogenous,exogenous,Brent Oil,Com_BrentCrudeOil,tscv,17,2025-03-03,622,7,PatchTST,iTransformer,70.35600280761719,77.27378845214844,-6.91778564453125
Multivariate+Exogenous,exogenous,Brent Oil,Com_BrentCrudeOil,tscv,17,2025-03-10,623,8,PatchTST,iTransformer,70.26238250732422,68.90451049804688,1.3578720092773438
Multivariate+Exogenous,exogenous,Brent Oil,Com_BrentCrudeOil,tscv,17,2025-03-17,624,9,PatchTST,iTransformer,71.52252960205078,72.94068908691406,-1.4181594848632812
Multivariate+Exogenous,exogenous,Brent Oil,Com_BrentCrudeOil,tscv,17,2025-03-24,625,10,PatchTST,iTransformer,73.04026794433594,70.64302825927734,2.3972396850585938
Multivariate+Exogenous,exogenous,Brent Oil,Com_BrentCrudeOil,tscv,17,2025-03-31,626,11,PatchTST,iTransformer,69.90252685546875,73.84831237792969,-3.9457855224609375
Multivariate+Exogenous,exogenous,Brent Oil,Com_BrentCrudeOil,tscv,17,2025-04-07,627,12,PatchTST,iTransformer,64.27491760253906,74.13713073730469,-9.862213134765625
Multivariate+Exogenous,exogenous,Brent Oil,Com_BrentCrudeOil,tscv,17,2025-01-20,616,1,PatchTST,XGBoost,78.79235076904297,81.11930847167969,-2.3269577026367188
Multivariate+Exogenous,exogenous,Brent Oil,Com_BrentCrudeOil,tscv,17,2025-01-27,617,2,PatchTST,XGBoost,76.10587310791016,78.09619903564453,-1.990325927734375
Multivariate+Exogenous,exogenous,Brent Oil,Com_BrentCrudeOil,tscv,17,2025-02-03,618,3,PatchTST,XGBoost,75.14842987060547,73.73529052734375,1.4131393432617188
Multivariate+Exogenous,exogenous,Brent Oil,Com_BrentCrudeOil,tscv,17,2025-02-10,619,4,PatchTST,XGBoost,75.43816375732422,76.11858367919922,-0.680419921875
Multivariate+Exogenous,exogenous,Brent Oil,Com_BrentCrudeOil,tscv,17,2025-02-17,620,5,PatchTST,XGBoost,75.4046630859375,76.6976318359375,-1.29296875
Multivariate+Exogenous,exogenous,Brent Oil,Com_BrentCrudeOil,tscv,17,2025-02-24,621,6,PatchTST,XGBoost,73.14600372314453,78.45081329345703,-5.3048095703125
Multivariate+Exogenous,exogenous,Brent Oil,Com_BrentCrudeOil,tscv,17,2025-03-03,622,7,PatchTST,XGBoost,70.35600280761719,80.46321105957031,-10.107208251953125
Multivariate+Exogenous,exogenous,Brent Oil,Com_BrentCrudeOil,tscv,17,2025-03-10,623,8,PatchTST,XGBoost,70.26238250732422,72.61720275878906,-2.3548202514648438
Multivariate+Exogenous,exogenous,Brent Oil,Com_BrentCrudeOil,tscv,17,2025-03-17,624,9,PatchTST,XGBoost,71.52252960205078,76.89181518554688,-5.369285583496094
Multivariate+Exogenous,exogenous,Brent Oil,Com_BrentCrudeOil,tscv,17,2025-03-24,625,10,PatchTST,XGBoost,73.04026794433594,73.1875991821289,-0.14733123779296875
Multivariate+Exogenous,exogenous,Brent Oil,Com_BrentCrudeOil,tscv,17,2025-03-31,626,11,PatchTST,XGBoost,69.90252685546875,77.03374481201172,-7.131217956542969
Multivariate+Exogenous,exogenous,Brent Oil,Com_BrentCrudeOil,tscv,17,2025-04-07,627,12,PatchTST,XGBoost,64.27491760253906,77.32269287109375,-13.047775268554688
Multivariate+Exogenous,exogenous,Brent Oil,Com_BrentCrudeOil,tscv,17,2025-01-20,616,1,PatchTST,LightGBM,78.79235076904297,80.56179809570312,-1.7694473266601562
Multivariate+Exogenous,exogenous,Brent Oil,Com_BrentCrudeOil,tscv,17,2025-01-27,617,2,PatchTST,LightGBM,76.10587310791016,77.5710678100586,-1.4651947021484375
Multivariate+Exogenous,exogenous,Brent Oil,Com_BrentCrudeOil,tscv,17,2025-02-03,618,3,PatchTST,LightGBM,75.14842987060547,73.77084350585938,1.3775863647460938
Multivariate+Exogenous,exogenous,Brent Oil,Com_BrentCrudeOil,tscv,17,2025-02-10,619,4,PatchTST,LightGBM,75.43816375732422,75.32315826416016,0.1150054931640625
Multivariate+Exogenous,exogenous,Brent Oil,Com_BrentCrudeOil,tscv,17,2025-02-17,620,5,PatchTST,LightGBM,75.4046630859375,76.60397338867188,-1.199310302734375
Multivariate+Exogenous,exogenous,Brent Oil,Com_BrentCrudeOil,tscv,17,2025-02-24,621,6,PatchTST,LightGBM,73.14600372314453,78.07593536376953,-4.929931640625
Multivariate+Exogenous,exogenous,Brent Oil,Com_BrentCrudeOil,tscv,17,2025-03-03,622,7,PatchTST,LightGBM,70.35600280761719,81.21554565429688,-10.859542846679688
Multivariate+Exogenous,exogenous,Brent Oil,Com_BrentCrudeOil,tscv,17,2025-03-10,623,8,PatchTST,LightGBM,70.26238250732422,73.58892822265625,-3.3265457153320312
Multivariate+Exogenous,exogenous,Brent Oil,Com_BrentCrudeOil,tscv,17,2025-03-17,624,9,PatchTST,LightGBM,71.52252960205078,77.0275650024414,-5.505035400390625
Multivariate+Exogenous,exogenous,Brent Oil,Com_BrentCrudeOil,tscv,17,2025-03-24,625,10,PatchTST,LightGBM,73.04026794433594,74.29194641113281,-1.251678466796875
Multivariate+Exogenous,exogenous,Brent Oil,Com_BrentCrudeOil,tscv,17,2025-03-31,626,11,PatchTST,LightGBM,69.90252685546875,77.94273376464844,-8.040206909179688
Multivariate+Exogenous,exogenous,Brent Oil,Com_BrentCrudeOil,tscv,17,2025-04-07,627,12,PatchTST,LightGBM,64.27491760253906,77.55738830566406,-13.282470703125
Multivariate+Exogenous,exogenous,Brent Oil,Com_BrentCrudeOil,tscv,18,2025-02-17,620,1,PatchTST,-,75.4046630859375,60.22772216796875,15.17694091796875
Multivariate+Exogenous,exogenous,Brent Oil,Com_BrentCrudeOil,tscv,18,2025-02-24,621,2,PatchTST,-,73.14600372314453,64.85771942138672,8.288284301757812
Multivariate+Exogenous,exogenous,Brent Oil,Com_BrentCrudeOil,tscv,18,2025-03-03,622,3,PatchTST,-,70.35600280761719,59.38188552856445,10.974117279052734
Multivariate+Exogenous,exogenous,Brent Oil,Com_BrentCrudeOil,tscv,18,2025-03-10,623,4,PatchTST,-,70.26238250732422,61.839622497558594,8.422760009765625
Multivariate+Exogenous,exogenous,Brent Oil,Com_BrentCrudeOil,tscv,18,2025-03-17,624,5,PatchTST,-,71.52252960205078,60.34950256347656,11.173027038574219
Multivariate+Exogenous,exogenous,Brent Oil,Com_BrentCrudeOil,tscv,18,2025-03-24,625,6,PatchTST,-,73.04026794433594,57.73881912231445,15.301448822021484
Multivariate+Exogenous,exogenous,Brent Oil,Com_BrentCrudeOil,tscv,18,2025-03-31,626,7,PatchTST,-,69.90252685546875,58.464447021484375,11.438079833984375
Multivariate+Exogenous,exogenous,Brent Oil,Com_BrentCrudeOil,tscv,18,2025-04-07,627,8,PatchTST,-,64.27491760253906,54.34526062011719,9.929656982421875
Multivariate+Exogenous,exogenous,Brent Oil,Com_BrentCrudeOil,tscv,18,2025-04-14,628,9,PatchTST,-,66.60935974121094,57.4367561340332,9.172603607177734
Multivariate+Exogenous,exogenous,Brent Oil,Com_BrentCrudeOil,tscv,18,2025-04-21,629,10,PatchTST,-,66.57654571533203,57.87696075439453,8.6995849609375
Multivariate+Exogenous,exogenous,Brent Oil,Com_BrentCrudeOil,tscv,18,2025-04-28,630,11,PatchTST,-,61.81767272949219,54.835201263427734,6.982471466064453
Multivariate+Exogenous,exogenous,Brent Oil,Com_BrentCrudeOil,tscv,18,2025-05-05,631,12,PatchTST,-,62.62345886230469,57.559383392333984,5.064075469970703
Multivariate+Exogenous,exogenous,Brent Oil,Com_BrentCrudeOil,tscv,18,2025-02-17,620,1,PatchTST,NLinear,75.4046630859375,72.80379486083984,2.6008682250976562
Multivariate+Exogenous,exogenous,Brent Oil,Com_BrentCrudeOil,tscv,18,2025-02-24,621,2,PatchTST,NLinear,73.14600372314453,75.68563842773438,-2.5396347045898438
Multivariate+Exogenous,exogenous,Brent Oil,Com_BrentCrudeOil,tscv,18,2025-03-03,622,3,PatchTST,NLinear,70.35600280761719,71.70951843261719,-1.353515625
Multivariate+Exogenous,exogenous,Brent Oil,Com_BrentCrudeOil,tscv,18,2025-03-10,623,4,PatchTST,NLinear,70.26238250732422,75.27885437011719,-5.016471862792969
Multivariate+Exogenous,exogenous,Brent Oil,Com_BrentCrudeOil,tscv,18,2025-03-17,624,5,PatchTST,NLinear,71.52252960205078,69.88772583007812,1.6348037719726562
Multivariate+Exogenous,exogenous,Brent Oil,Com_BrentCrudeOil,tscv,18,2025-03-24,625,6,PatchTST,NLinear,73.04026794433594,65.35912322998047,7.681144714355469
Multivariate+Exogenous,exogenous,Brent Oil,Com_BrentCrudeOil,tscv,18,2025-03-31,626,7,PatchTST,NLinear,69.90252685546875,68.25563049316406,1.6468963623046875
Multivariate+Exogenous,exogenous,Brent Oil,Com_BrentCrudeOil,tscv,18,2025-04-07,627,8,PatchTST,NLinear,64.27491760253906,66.72327423095703,-2.4483566284179688
Multivariate+Exogenous,exogenous,Brent Oil,Com_BrentCrudeOil,tscv,18,2025-04-14,628,9,PatchTST,NLinear,66.60935974121094,63.83903503417969,2.77032470703125
Multivariate+Exogenous,exogenous,Brent Oil,Com_BrentCrudeOil,tscv,18,2025-04-21,629,10,PatchTST,NLinear,66.57654571533203,63.83415222167969,2.7423934936523438
Multivariate+Exogenous,exogenous,Brent Oil,Com_BrentCrudeOil,tscv,18,2025-04-28,630,11,PatchTST,NLinear,61.81767272949219,63.31047058105469,-1.4927978515625
Multivariate+Exogenous,exogenous,Brent Oil,Com_BrentCrudeOil,tscv,18,2025-05-05,631,12,PatchTST,NLinear,62.62345886230469,68.24174499511719,-5.6182861328125
Multivariate+Exogenous,exogenous,Brent Oil,Com_BrentCrudeOil,tscv,18,2025-02-17,620,1,PatchTST,iTransformer,75.4046630859375,66.3016357421875,9.10302734375
Multivariate+Exogenous,exogenous,Brent Oil,Com_BrentCrudeOil,tscv,18,2025-02-24,621,2,PatchTST,iTransformer,73.14600372314453,70.68848419189453,2.45751953125
Multivariate+Exogenous,exogenous,Brent Oil,Com_BrentCrudeOil,tscv,18,2025-03-03,622,3,PatchTST,iTransformer,70.35600280761719,65.16250610351562,5.1934967041015625
Multivariate+Exogenous,exogenous,Brent Oil,Com_BrentCrudeOil,tscv,18,2025-03-10,623,4,PatchTST,iTransformer,70.26238250732422,67.85121154785156,2.4111709594726562
Multivariate+Exogenous,exogenous,Brent Oil,Com_BrentCrudeOil,tscv,18,2025-03-17,624,5,PatchTST,iTransformer,71.52252960205078,66.19097900390625,5.331550598144531
Multivariate+Exogenous,exogenous,Brent Oil,Com_BrentCrudeOil,tscv,18,2025-03-24,625,6,PatchTST,iTransformer,73.04026794433594,63.34214401245117,9.698123931884766
Multivariate+Exogenous,exogenous,Brent Oil,Com_BrentCrudeOil,tscv,18,2025-03-31,626,7,PatchTST,iTransformer,69.90252685546875,64.00633239746094,5.8961944580078125
Multivariate+Exogenous,exogenous,Brent Oil,Com_BrentCrudeOil,tscv,18,2025-04-07,627,8,PatchTST,iTransformer,64.27491760253906,59.823917388916016,4.451000213623047
Multivariate+Exogenous,exogenous,Brent Oil,Com_BrentCrudeOil,tscv,18,2025-04-14,628,9,PatchTST,iTransformer,66.60935974121094,63.29838943481445,3.3109703063964844
Multivariate+Exogenous,exogenous,Brent Oil,Com_BrentCrudeOil,tscv,18,2025-04-21,629,10,PatchTST,iTransformer,66.57654571533203,63.6158332824707,2.960712432861328
Multivariate+Exogenous,exogenous,Brent Oil,Com_BrentCrudeOil,tscv,18,2025-04-28,630,11,PatchTST,iTransformer,61.81767272949219,60.08819580078125,1.7294769287109375
Multivariate+Exogenous,exogenous,Brent Oil,Com_BrentCrudeOil,tscv,18,2025-05-05,631,12,PatchTST,iTransformer,62.62345886230469,63.04930114746094,-0.42584228515625
Multivariate+Exogenous,exogenous,Brent Oil,Com_BrentCrudeOil,tscv,18,2025-02-17,620,1,PatchTST,XGBoost,75.4046630859375,69.19281005859375,6.21185302734375
Multivariate+Exogenous,exogenous,Brent Oil,Com_BrentCrudeOil,tscv,18,2025-02-24,621,2,PatchTST,XGBoost,73.14600372314453,73.47136688232422,-0.3253631591796875
Multivariate+Exogenous,exogenous,Brent Oil,Com_BrentCrudeOil,tscv,18,2025-03-03,622,3,PatchTST,XGBoost,70.35600280761719,68.22650146484375,2.1295013427734375
Multivariate+Exogenous,exogenous,Brent Oil,Com_BrentCrudeOil,tscv,18,2025-03-10,623,4,PatchTST,XGBoost,70.26238250732422,70.41626739501953,-0.1538848876953125
Multivariate+Exogenous,exogenous,Brent Oil,Com_BrentCrudeOil,tscv,18,2025-03-17,624,5,PatchTST,XGBoost,71.52252960205078,68.17988586425781,3.3426437377929688
Multivariate+Exogenous,exogenous,Brent Oil,Com_BrentCrudeOil,tscv,18,2025-03-24,625,6,PatchTST,XGBoost,73.04026794433594,65.36671447753906,7.673553466796875
Multivariate+Exogenous,exogenous,Brent Oil,Com_BrentCrudeOil,tscv,18,2025-03-31,626,7,PatchTST,XGBoost,69.90252685546875,66.51266479492188,3.389862060546875
Multivariate+Exogenous,exogenous,Brent Oil,Com_BrentCrudeOil,tscv,18,2025-04-07,627,8,PatchTST,XGBoost,64.27491760253906,62.24320983886719,2.031707763671875
Multivariate+Exogenous,exogenous,Brent Oil,Com_BrentCrudeOil,tscv,18,2025-04-14,628,9,PatchTST,XGBoost,66.60935974121094,65.14219665527344,1.4671630859375
Multivariate+Exogenous,exogenous,Brent Oil,Com_BrentCrudeOil,tscv,18,2025-04-21,629,10,PatchTST,XGBoost,66.57654571533203,65.82999420166016,0.746551513671875
Multivariate+Exogenous,exogenous,Brent Oil,Com_BrentCrudeOil,tscv,18,2025-04-28,630,11,PatchTST,XGBoost,61.81767272949219,63.64701461791992,-1.8293418884277344
Multivariate+Exogenous,exogenous,Brent Oil,Com_BrentCrudeOil,tscv,18,2025-05-05,631,12,PatchTST,XGBoost,62.62345886230469,66.06429290771484,-3.4408340454101562
Multivariate+Exogenous,exogenous,Brent Oil,Com_BrentCrudeOil,tscv,18,2025-02-17,620,1,PatchTST,LightGBM,75.4046630859375,68.63655853271484,6.768104553222656
Multivariate+Exogenous,exogenous,Brent Oil,Com_BrentCrudeOil,tscv,18,2025-02-24,621,2,PatchTST,LightGBM,73.14600372314453,72.72869873046875,0.41730499267578125
Multivariate+Exogenous,exogenous,Brent Oil,Com_BrentCrudeOil,tscv,18,2025-03-03,622,3,PatchTST,LightGBM,70.35600280761719,67.25286102294922,3.1031417846679688
Multivariate+Exogenous,exogenous,Brent Oil,Com_BrentCrudeOil,tscv,18,2025-03-10,623,4,PatchTST,LightGBM,70.26238250732422,69.71060180664062,0.5517807006835938
Multivariate+Exogenous,exogenous,Brent Oil,Com_BrentCrudeOil,tscv,18,2025-03-17,624,5,PatchTST,LightGBM,71.52252960205078,68.2204818725586,3.3020477294921875
Multivariate+Exogenous,exogenous,Brent Oil,Com_BrentCrudeOil,tscv,18,2025-03-24,625,6,PatchTST,LightGBM,73.04026794433594,65.60979461669922,7.430473327636719
Multivariate+Exogenous,exogenous,Brent Oil,Com_BrentCrudeOil,tscv,18,2025-03-31,626,7,PatchTST,LightGBM,69.90252685546875,66.3354263305664,3.5671005249023438
Multivariate+Exogenous,exogenous,Brent Oil,Com_BrentCrudeOil,tscv,18,2025-04-07,627,8,PatchTST,LightGBM,64.27491760253906,62.21623611450195,2.0586814880371094
Multivariate+Exogenous,exogenous,Brent Oil,Com_BrentCrudeOil,tscv,18,2025-04-14,628,9,PatchTST,LightGBM,66.60935974121094,65.30773162841797,1.3016281127929688
Multivariate+Exogenous,exogenous,Brent Oil,Com_BrentCrudeOil,tscv,18,2025-04-21,629,10,PatchTST,LightGBM,66.57654571533203,65.74794006347656,0.8286056518554688
Multivariate+Exogenous,exogenous,Brent Oil,Com_BrentCrudeOil,tscv,18,2025-04-28,630,11,PatchTST,LightGBM,61.81767272949219,62.7061767578125,-0.8885040283203125
Multivariate+Exogenous,exogenous,Brent Oil,Com_BrentCrudeOil,tscv,18,2025-05-05,631,12,PatchTST,LightGBM,62.62345886230469,65.43035888671875,-2.8069000244140625
Multivariate+Exogenous,exogenous,Brent Oil,Com_BrentCrudeOil,tscv,19,2025-03-17,624,1,PatchTST,-,71.52252960205078,69.36522674560547,2.1573028564453125
Multivariate+Exogenous,exogenous,Brent Oil,Com_BrentCrudeOil,tscv,19,2025-03-24,625,2,PatchTST,-,73.04026794433594,67.62938690185547,5.410881042480469
Multivariate+Exogenous,exogenous,Brent Oil,Com_BrentCrudeOil,tscv,19,2025-03-31,626,3,PatchTST,-,69.90252685546875,71.67061614990234,-1.7680892944335938
Multivariate+Exogenous,exogenous,Brent Oil,Com_BrentCrudeOil,tscv,19,2025-04-07,627,4,PatchTST,-,64.27491760253906,72.52848052978516,-8.253562927246094
Multivariate+Exogenous,exogenous,Brent Oil,Com_BrentCrudeOil,tscv,19,2025-04-14,628,5,PatchTST,-,66.60935974121094,67.30406951904297,-0.6947097778320312
Multivariate+Exogenous,exogenous,Brent Oil,Com_BrentCrudeOil,tscv,19,2025-04-21,629,6,PatchTST,-,66.57654571533203,68.2437515258789,-1.667205810546875
Multivariate+Exogenous,exogenous,Brent Oil,Com_BrentCrudeOil,tscv,19,2025-04-28,630,7,PatchTST,-,61.81767272949219,64.37825012207031,-2.560577392578125
Multivariate+Exogenous,exogenous,Brent Oil,Com_BrentCrudeOil,tscv,19,2025-05-05,631,8,PatchTST,-,62.62345886230469,68.97615051269531,-6.352691650390625
Multivariate+Exogenous,exogenous,Brent Oil,Com_BrentCrudeOil,tscv,19,2025-05-12,632,9,PatchTST,-,65.50987243652344,66.93208312988281,-1.422210693359375
Multivariate+Exogenous,exogenous,Brent Oil,Com_BrentCrudeOil,tscv,19,2025-05-19,633,10,PatchTST,-,65.00296020507812,66.4970474243164,-1.4940872192382812
Multivariate+Exogenous,exogenous,Brent Oil,Com_BrentCrudeOil,tscv,19,2025-05-26,634,11,PatchTST,-,63.65324401855469,67.35311126708984,-3.6998672485351562
Multivariate+Exogenous,exogenous,Brent Oil,Com_BrentCrudeOil,tscv,19,2025-06-02,635,12,PatchTST,-,65.69291687011719,64.20785522460938,1.4850616455078125
Multivariate+Exogenous,exogenous,Brent Oil,Com_BrentCrudeOil,tscv,19,2025-03-17,624,1,PatchTST,NLinear,71.52252960205078,74.69506072998047,-3.1725311279296875
Multivariate+Exogenous,exogenous,Brent Oil,Com_BrentCrudeOil,tscv,19,2025-03-24,625,2,PatchTST,NLinear,73.04026794433594,73.71773529052734,-0.6774673461914062
Multivariate+Exogenous,exogenous,Brent Oil,Com_BrentCrudeOil,tscv,19,2025-03-31,626,3,PatchTST,NLinear,69.90252685546875,78.23017883300781,-8.327651977539062
Multivariate+Exogenous,exogenous,Brent Oil,Com_BrentCrudeOil,tscv,19,2025-04-07,627,4,PatchTST,NLinear,64.27491760253906,80.0208511352539,-15.745933532714844
Multivariate+Exogenous,exogenous,Brent Oil,Com_BrentCrudeOil,tscv,19,2025-04-14,628,5,PatchTST,NLinear,66.60935974121094,74.73524475097656,-8.125885009765625
Multivariate+Exogenous,exogenous,Brent Oil,Com_BrentCrudeOil,tscv,19,2025-04-21,629,6,PatchTST,NLinear,66.57654571533203,75.21122741699219,-8.634681701660156
Multivariate+Exogenous,exogenous,Brent Oil,Com_BrentCrudeOil,tscv,19,2025-04-28,630,7,PatchTST,NLinear,61.81767272949219,71.70211791992188,-9.884445190429688
Multivariate+Exogenous,exogenous,Brent Oil,Com_BrentCrudeOil,tscv,19,2025-05-05,631,8,PatchTST,NLinear,62.62345886230469,77.29436492919922,-14.670906066894531
Multivariate+Exogenous,exogenous,Brent Oil,Com_BrentCrudeOil,tscv,19,2025-05-12,632,9,PatchTST,NLinear,65.50987243652344,75.49356842041016,-9.983695983886719
Multivariate+Exogenous,exogenous,Brent Oil,Com_BrentCrudeOil,tscv,19,2025-05-19,633,10,PatchTST,NLinear,65.00296020507812,74.98759460449219,-9.984634399414062
Multivariate+Exogenous,exogenous,Brent Oil,Com_BrentCrudeOil,tscv,19,2025-05-26,634,11,PatchTST,NLinear,63.65324401855469,75.46644592285156,-11.813201904296875
Multivariate+Exogenous,exogenous,Brent Oil,Com_BrentCrudeOil,tscv,19,2025-06-02,635,12,PatchTST,NLinear,65.69291687011719,72.18889617919922,-6.495979309082031
Multivariate+Exogenous,exogenous,Brent Oil,Com_BrentCrudeOil,tscv,19,2025-03-17,624,1,PatchTST,iTransformer,71.52252960205078,76.24449157714844,-4.721961975097656
Multivariate+Exogenous,exogenous,Brent Oil,Com_BrentCrudeOil,tscv,19,2025-03-24,625,2,PatchTST,iTransformer,73.04026794433594,72.88864135742188,0.1516265869140625
Multivariate+Exogenous,exogenous,Brent Oil,Com_BrentCrudeOil,tscv,19,2025-03-31,626,3,PatchTST,iTransformer,69.90252685546875,78.98841857910156,-9.085891723632812
Multivariate+Exogenous,exogenous,Brent Oil,Com_BrentCrudeOil,tscv,19,2025-04-07,627,4,PatchTST,iTransformer,64.27491760253906,77.8298110961914,-13.554893493652344
Multivariate+Exogenous,exogenous,Brent Oil,Com_BrentCrudeOil,tscv,19,2025-04-14,628,5,PatchTST,iTransformer,66.60935974121094,71.1591567993164,-4.549797058105469
Multivariate+Exogenous,exogenous,Brent Oil,Com_BrentCrudeOil,tscv,19,2025-04-21,629,6,PatchTST,iTransformer,66.57654571533203,74.84889221191406,-8.272346496582031
Multivariate+Exogenous,exogenous,Brent Oil,Com_BrentCrudeOil,tscv,19,2025-04-28,630,7,PatchTST,iTransformer,61.81767272949219,69.85982513427734,-8.042152404785156
Multivariate+Exogenous,exogenous,Brent Oil,Com_BrentCrudeOil,tscv,19,2025-05-05,631,8,PatchTST,iTransformer,62.62345886230469,70.972412109375,-8.348953247070312
Multivariate+Exogenous,exogenous,Brent Oil,Com_BrentCrudeOil,tscv,19,2025-05-12,632,9,PatchTST,iTransformer,65.50987243652344,69.5690689086914,-4.059196472167969
Multivariate+Exogenous,exogenous,Brent Oil,Com_BrentCrudeOil,tscv,19,2025-05-19,633,10,PatchTST,iTransformer,65.00296020507812,69.45853424072266,-4.455574035644531
Multivariate+Exogenous,exogenous,Brent Oil,Com_BrentCrudeOil,tscv,19,2025-05-26,634,11,PatchTST,iTransformer,63.65324401855469,69.40948486328125,-5.7562408447265625
Multivariate+Exogenous,exogenous,Brent Oil,Com_BrentCrudeOil,tscv,19,2025-06-02,635,12,PatchTST,iTransformer,65.69291687011719,65.99079895019531,-0.297882080078125
Multivariate+Exogenous,exogenous,Brent Oil,Com_BrentCrudeOil,tscv,19,2025-03-17,624,1,PatchTST,XGBoost,71.52252960205078,76.20130920410156,-4.678779602050781
Multivariate+Exogenous,exogenous,Brent Oil,Com_BrentCrudeOil,tscv,19,2025-03-24,625,2,PatchTST,XGBoost,73.04026794433594,74.00238037109375,-0.9621124267578125
Multivariate+Exogenous,exogenous,Brent Oil,Com_BrentCrudeOil,tscv,19,2025-03-31,626,3,PatchTST,XGBoost,69.90252685546875,77.65927124023438,-7.756744384765625
Multivariate+Exogenous,exogenous,Brent Oil,Com_BrentCrudeOil,tscv,19,2025-04-07,627,4,PatchTST,XGBoost,64.27491760253906,78.44930267333984,-14.174385070800781
Multivariate+Exogenous,exogenous,Brent Oil,Com_BrentCrudeOil,tscv,19,2025-04-14,628,5,PatchTST,XGBoost,66.60935974121094,73.37149047851562,-6.7621307373046875
Multivariate+Exogenous,exogenous,Brent Oil,Com_BrentCrudeOil,tscv,19,2025-04-21,629,6,PatchTST,XGBoost,66.57654571533203,74.1981430053711,-7.6215972900390625
Multivariate+Exogenous,exogenous,Brent Oil,Com_BrentCrudeOil,tscv,19,2025-04-28,630,7,PatchTST,XGBoost,61.81767272949219,70.34095001220703,-8.523277282714844
Multivariate+Exogenous,exogenous,Brent Oil,Com_BrentCrudeOil,tscv,19,2025-05-05,631,8,PatchTST,XGBoost,62.62345886230469,75.3677978515625,-12.744338989257812
Multivariate+Exogenous,exogenous,Brent Oil,Com_BrentCrudeOil,tscv,19,2025-05-12,632,9,PatchTST,XGBoost,65.50987243652344,72.9862060546875,-7.4763336181640625
Multivariate+Exogenous,exogenous,Brent Oil,Com_BrentCrudeOil,tscv,19,2025-05-19,633,10,PatchTST,XGBoost,65.00296020507812,71.7688980102539,-6.765937805175781
Multivariate+Exogenous,exogenous,Brent Oil,Com_BrentCrudeOil,tscv,19,2025-05-26,634,11,PatchTST,XGBoost,63.65324401855469,73.34772491455078,-9.694480895996094
Multivariate+Exogenous,exogenous,Brent Oil,Com_BrentCrudeOil,tscv,19,2025-06-02,635,12,PatchTST,XGBoost,65.69291687011719,70.42318725585938,-4.7302703857421875
Multivariate+Exogenous,exogenous,Brent Oil,Com_BrentCrudeOil,tscv,19,2025-03-17,624,1,PatchTST,LightGBM,71.52252960205078,75.06957244873047,-3.5470428466796875
Multivariate+Exogenous,exogenous,Brent Oil,Com_BrentCrudeOil,tscv,19,2025-03-24,625,2,PatchTST,LightGBM,73.04026794433594,73.33373260498047,-0.29346466064453125
Multivariate+Exogenous,exogenous,Brent Oil,Com_BrentCrudeOil,tscv,19,2025-03-31,626,3,PatchTST,LightGBM,69.90252685546875,77.37496185302734,-7.472434997558594
Multivariate+Exogenous,exogenous,Brent Oil,Com_BrentCrudeOil,tscv,19,2025-04-07,627,4,PatchTST,LightGBM,64.27491760253906,78.23282623291016,-13.957908630371094
Multivariate+Exogenous,exogenous,Brent Oil,Com_BrentCrudeOil,tscv,19,2025-04-14,628,5,PatchTST,LightGBM,66.60935974121094,73.00841522216797,-6.399055480957031
Multivariate+Exogenous,exogenous,Brent Oil,Com_BrentCrudeOil,tscv,19,2025-04-21,629,6,PatchTST,LightGBM,66.57654571533203,73.9480972290039,-7.371551513671875
Multivariate+Exogenous,exogenous,Brent Oil,Com_BrentCrudeOil,tscv,19,2025-04-28,630,7,PatchTST,LightGBM,61.81767272949219,70.08259582519531,-8.264923095703125
Multivariate+Exogenous,exogenous,Brent Oil,Com_BrentCrudeOil,tscv,19,2025-05-05,631,8,PatchTST,LightGBM,62.62345886230469,74.68049621582031,-12.057037353515625
Multivariate+Exogenous,exogenous,Brent Oil,Com_BrentCrudeOil,tscv,19,2025-05-12,632,9,PatchTST,LightGBM,65.50987243652344,72.63642883300781,-7.126556396484375
Multivariate+Exogenous,exogenous,Brent Oil,Com_BrentCrudeOil,tscv,19,2025-05-19,633,10,PatchTST,LightGBM,65.00296020507812,72.2013931274414,-7.198432922363281
Multivariate+Exogenous,exogenous,Brent Oil,Com_BrentCrudeOil,tscv,19,2025-05-26,634,11,PatchTST,LightGBM,63.65324401855469,73.05745697021484,-9.404212951660156
Multivariate+Exogenous,exogenous,Brent Oil,Com_BrentCrudeOil,tscv,19,2025-06-02,635,12,PatchTST,LightGBM,65.69291687011719,69.91220092773438,-4.2192840576171875
Multivariate+Exogenous,exogenous,Brent Oil,Com_BrentCrudeOil,tscv,20,2025-04-14,628,1,PatchTST,-,66.60935974121094,65.95515441894531,0.654205322265625
Multivariate+Exogenous,exogenous,Brent Oil,Com_BrentCrudeOil,tscv,20,2025-04-21,629,2,PatchTST,-,66.57654571533203,66.02571868896484,0.5508270263671875
Multivariate+Exogenous,exogenous,Brent Oil,Com_BrentCrudeOil,tscv,20,2025-04-28,630,3,PatchTST,-,61.81767272949219,69.62044525146484,-7.802772521972656
Multivariate+Exogenous,exogenous,Brent Oil,Com_BrentCrudeOil,tscv,20,2025-05-05,631,4,PatchTST,-,62.62345886230469,68.6628189086914,-6.039360046386719
Multivariate+Exogenous,exogenous,Brent Oil,Com_BrentCrudeOil,tscv,20,2025-05-12,632,5,PatchTST,-,65.50987243652344,70.87552642822266,-5.365653991699219
Multivariate+Exogenous,exogenous,Brent Oil,Com_BrentCrudeOil,tscv,20,2025-05-19,633,6,PatchTST,-,65.00296020507812,69.17456817626953,-4.171607971191406
Multivariate+Exogenous,exogenous,Brent Oil,Com_BrentCrudeOil,tscv,20,2025-05-26,634,7,PatchTST,-,63.65324401855469,68.85580444335938,-5.2025604248046875
Multivariate+Exogenous,exogenous,Brent Oil,Com_BrentCrudeOil,tscv,20,2025-06-02,635,8,PatchTST,-,65.69291687011719,69.90148162841797,-4.208564758300781
Multivariate+Exogenous,exogenous,Brent Oil,Com_BrentCrudeOil,tscv,20,2025-06-09,636,9,PatchTST,-,70.90538787841797,62.99665069580078,7.9087371826171875
Multivariate+Exogenous,exogenous,Brent Oil,Com_BrentCrudeOil,tscv,20,2025-06-16,637,10,PatchTST,-,76.53987121582031,66.19526672363281,10.3446044921875
Multivariate+Exogenous,exogenous,Brent Oil,Com_BrentCrudeOil,tscv,20,2025-06-23,638,11,PatchTST,-,67.5205307006836,71.4412841796875,-3.9207534790039062
Multivariate+Exogenous,exogenous,Brent Oil,Com_BrentCrudeOil,tscv,20,2025-06-30,639,12,PatchTST,-,67.9451675415039,70.5955810546875,-2.6504135131835938
Multivariate+Exogenous,exogenous,Brent Oil,Com_BrentCrudeOil,tscv,20,2025-04-14,628,1,PatchTST,NLinear,66.60935974121094,66.64598846435547,-0.03662872314453125
Multivariate+Exogenous,exogenous,Brent Oil,Com_BrentCrudeOil,tscv,20,2025-04-21,629,2,PatchTST,NLinear,66.57654571533203,68.57117462158203,-1.99462890625
Multivariate+Exogenous,exogenous,Brent Oil,Com_BrentCrudeOil,tscv,20,2025-04-28,630,3,PatchTST,NLinear,61.81767272949219,72.81773376464844,-11.00006103515625
Multivariate+Exogenous,exogenous,Brent Oil,Com_BrentCrudeOil,tscv,20,2025-05-05,631,4,PatchTST,NLinear,62.62345886230469,72.14859771728516,-9.525138854980469
Multivariate+Exogenous,exogenous,Brent Oil,Com_BrentCrudeOil,tscv,20,2025-05-12,632,5,PatchTST,NLinear,65.50987243652344,74.75479125976562,-9.244918823242188
Multivariate+Exogenous,exogenous,Brent Oil,Com_BrentCrudeOil,tscv,20,2025-05-19,633,6,PatchTST,NLinear,65.00296020507812,73.20834350585938,-8.20538330078125
Multivariate+Exogenous,exogenous,Brent Oil,Com_BrentCrudeOil,tscv,20,2025-05-26,634,7,PatchTST,NLinear,63.65324401855469,72.82532501220703,-9.172080993652344
Multivariate+Exogenous,exogenous,Brent Oil,Com_BrentCrudeOil,tscv,20,2025-06-02,635,8,PatchTST,NLinear,65.69291687011719,74.23624420166016,-8.543327331542969
Multivariate+Exogenous,exogenous,Brent Oil,Com_BrentCrudeOil,tscv,20,2025-06-09,636,9,PatchTST,NLinear,70.90538787841797,66.81585693359375,4.089530944824219
Multivariate+Exogenous,exogenous,Brent Oil,Com_BrentCrudeOil,tscv,20,2025-06-16,637,10,PatchTST,NLinear,76.53987121582031,69.99794006347656,6.54193115234375
Multivariate+Exogenous,exogenous,Brent Oil,Com_BrentCrudeOil,tscv,20,2025-06-23,638,11,PatchTST,NLinear,67.5205307006836,75.12652587890625,-7.605995178222656
Multivariate+Exogenous,exogenous,Brent Oil,Com_BrentCrudeOil,tscv,20,2025-06-30,639,12,PatchTST,NLinear,67.9451675415039,73.5755386352539,-5.63037109375
Multivariate+Exogenous,exogenous,Brent Oil,Com_BrentCrudeOil,tscv,20,2025-04-14,628,1,PatchTST,iTransformer,66.60935974121094,75.05852508544922,-8.449165344238281
Multivariate+Exogenous,exogenous,Brent Oil,Com_BrentCrudeOil,tscv,20,2025-04-21,629,2,PatchTST,iTransformer,66.57654571533203,73.43010711669922,-6.8535614013671875
Multivariate+Exogenous,exogenous,Brent Oil,Com_BrentCrudeOil,tscv,20,2025-04-28,630,3,PatchTST,iTransformer,61.81767272949219,75.25118255615234,-13.433509826660156
Multivariate+Exogenous,exogenous,Brent Oil,Com_BrentCrudeOil,tscv,20,2025-05-05,631,4,PatchTST,iTransformer,62.62345886230469,71.04988861083984,-8.426429748535156
Multivariate+Exogenous,exogenous,Brent Oil,Com_BrentCrudeOil,tscv,20,2025-05-12,632,5,PatchTST,iTransformer,65.50987243652344,74.9857406616211,-9.475868225097656
Multivariate+Exogenous,exogenous,Brent Oil,Com_BrentCrudeOil,tscv,20,2025-05-19,633,6,PatchTST,iTransformer,65.00296020507812,72.00584411621094,-7.0028839111328125
Multivariate+Exogenous,exogenous,Brent Oil,Com_BrentCrudeOil,tscv,20,2025-05-26,634,7,PatchTST,iTransformer,63.65324401855469,69.49198150634766,-5.838737487792969
Multivariate+Exogenous,exogenous,Brent Oil,Com_BrentCrudeOil,tscv,20,2025-06-02,635,8,PatchTST,iTransformer,65.69291687011719,71.64865112304688,-5.9557342529296875
Multivariate+Exogenous,exogenous,Brent Oil,Com_BrentCrudeOil,tscv,20,2025-06-09,636,9,PatchTST,iTransformer,70.90538787841797,65.81576538085938,5.089622497558594
Multivariate+Exogenous,exogenous,Brent Oil,Com_BrentCrudeOil,tscv,20,2025-06-16,637,10,PatchTST,iTransformer,76.53987121582031,69.311279296875,7.2285919189453125
Multivariate+Exogenous,exogenous,Brent Oil,Com_BrentCrudeOil,tscv,20,2025-06-23,638,11,PatchTST,iTransformer,67.5205307006836,73.04806518554688,-5.527534484863281
Multivariate+Exogenous,exogenous,Brent Oil,Com_BrentCrudeOil,tscv,20,2025-06-30,639,12,PatchTST,iTransformer,67.9451675415039,71.47378540039062,-3.5286178588867188
Multivariate+Exogenous,exogenous,Brent Oil,Com_BrentCrudeOil,tscv,20,2025-04-14,628,1,PatchTST,XGBoost,66.60935974121094,79.62749481201172,-13.018135070800781
Multivariate+Exogenous,exogenous,Brent Oil,Com_BrentCrudeOil,tscv,20,2025-04-21,629,2,PatchTST,XGBoost,66.57654571533203,79.69805908203125,-13.121513366699219
Multivariate+Exogenous,exogenous,Brent Oil,Com_BrentCrudeOil,tscv,20,2025-04-28,630,3,PatchTST,XGBoost,61.81767272949219,83.29278564453125,-21.475112915039062
Multivariate+Exogenous,exogenous,Brent Oil,Com_BrentCrudeOil,tscv,20,2025-05-05,631,4,PatchTST,XGBoost,62.62345886230469,82.33515930175781,-19.711700439453125
Multivariate+Exogenous,exogenous,Brent Oil,Com_BrentCrudeOil,tscv,20,2025-05-12,632,5,PatchTST,XGBoost,65.50987243652344,84.63072967529297,-19.12085723876953
Multivariate+Exogenous,exogenous,Brent Oil,Com_BrentCrudeOil,tscv,20,2025-05-19,633,6,PatchTST,XGBoost,65.00296020507812,82.84690856933594,-17.843948364257812
Multivariate+Exogenous,exogenous,Brent Oil,Com_BrentCrudeOil,tscv,20,2025-05-26,634,7,PatchTST,XGBoost,63.65324401855469,82.61100769042969,-18.957763671875
Multivariate+Exogenous,exogenous,Brent Oil,Com_BrentCrudeOil,tscv,20,2025-06-02,635,8,PatchTST,XGBoost,65.69291687011719,83.57382202148438,-17.880905151367188
Multivariate+Exogenous,exogenous,Brent Oil,Com_BrentCrudeOil,tscv,20,2025-06-09,636,9,PatchTST,XGBoost,70.90538787841797,76.7518539428711,-5.846466064453125
Multivariate+Exogenous,exogenous,Brent Oil,Com_BrentCrudeOil,tscv,20,2025-06-16,637,10,PatchTST,XGBoost,76.53987121582031,79.835205078125,-3.2953338623046875
Multivariate+Exogenous,exogenous,Brent Oil,Com_BrentCrudeOil,tscv,20,2025-06-23,638,11,PatchTST,XGBoost,67.5205307006836,84.84960174560547,-17.329071044921875
Multivariate+Exogenous,exogenous,Brent Oil,Com_BrentCrudeOil,tscv,20,2025-06-30,639,12,PatchTST,XGBoost,67.9451675415039,84.34912109375,-16.403953552246094
Multivariate+Exogenous,exogenous,Brent Oil,Com_BrentCrudeOil,tscv,20,2025-04-14,628,1,PatchTST,LightGBM,66.60935974121094,78.62458801269531,-12.015228271484375
Multivariate+Exogenous,exogenous,Brent Oil,Com_BrentCrudeOil,tscv,20,2025-04-21,629,2,PatchTST,LightGBM,66.57654571533203,78.69514465332031,-12.118598937988281
Multivariate+Exogenous,exogenous,Brent Oil,Com_BrentCrudeOil,tscv,20,2025-04-28,630,3,PatchTST,LightGBM,61.81767272949219,82.28987121582031,-20.472198486328125
Multivariate+Exogenous,exogenous,Brent Oil,Com_BrentCrudeOil,tscv,20,2025-05-05,631,4,PatchTST,LightGBM,62.62345886230469,81.33224487304688,-18.708786010742188
Multivariate+Exogenous,exogenous,Brent Oil,Com_BrentCrudeOil,tscv,20,2025-05-12,632,5,PatchTST,LightGBM,65.50987243652344,83.54495239257812,-18.035079956054688
Multivariate+Exogenous,exogenous,Brent Oil,Com_BrentCrudeOil,tscv,20,2025-05-19,633,6,PatchTST,LightGBM,65.00296020507812,81.843994140625,-16.841033935546875
Multivariate+Exogenous,exogenous,Brent Oil,Com_BrentCrudeOil,tscv,20,2025-05-26,634,7,PatchTST,LightGBM,63.65324401855469,81.52523803710938,-17.871994018554688
Multivariate+Exogenous,exogenous,Brent Oil,Com_BrentCrudeOil,tscv,20,2025-06-02,635,8,PatchTST,LightGBM,65.69291687011719,82.57090759277344,-16.87799072265625
Multivariate+Exogenous,exogenous,Brent Oil,Com_BrentCrudeOil,tscv,20,2025-06-09,636,9,PatchTST,LightGBM,70.90538787841797,75.66607666015625,-4.760688781738281
Multivariate+Exogenous,exogenous,Brent Oil,Com_BrentCrudeOil,tscv,20,2025-06-16,637,10,PatchTST,LightGBM,76.53987121582031,78.86470031738281,-2.3248291015625
Multivariate+Exogenous,exogenous,Brent Oil,Com_BrentCrudeOil,tscv,20,2025-06-23,638,11,PatchTST,LightGBM,67.5205307006836,84.1107177734375,-16.590187072753906
Multivariate+Exogenous,exogenous,Brent Oil,Com_BrentCrudeOil,tscv,20,2025-06-30,639,12,PatchTST,LightGBM,67.9451675415039,83.2650146484375,-15.319847106933594
Multivariate+Exogenous,exogenous,Brent Oil,Com_BrentCrudeOil,tscv,21,2025-05-12,632,1,PatchTST,-,65.50987243652344,63.71757888793945,1.7922935485839844
Multivariate+Exogenous,exogenous,Brent Oil,Com_BrentCrudeOil,tscv,21,2025-05-19,633,2,PatchTST,-,65.00296020507812,65.70958709716797,-0.7066268920898438
Multivariate+Exogenous,exogenous,Brent Oil,Com_BrentCrudeOil,tscv,21,2025-05-26,634,3,PatchTST,-,63.65324401855469,61.79906463623047,1.8541793823242188
Multivariate+Exogenous,exogenous,Brent Oil,Com_BrentCrudeOil,tscv,21,2025-06-02,635,4,PatchTST,-,65.69291687011719,57.551361083984375,8.141555786132812
Multivariate+Exogenous,exogenous,Brent Oil,Com_BrentCrudeOil,tscv,21,2025-06-09,636,5,PatchTST,-,70.90538787841797,58.84865188598633,12.05673599243164
Multivariate+Exogenous,exogenous,Brent Oil,Com_BrentCrudeOil,tscv,21,2025-06-16,637,6,PatchTST,-,76.53987121582031,60.61072540283203,15.929145812988281
Multivariate+Exogenous,exogenous,Brent Oil,Com_BrentCrudeOil,tscv,21,2025-06-23,638,7,PatchTST,-,67.5205307006836,63.95476531982422,3.565765380859375
Multivariate+Exogenous,exogenous,Brent Oil,Com_BrentCrudeOil,tscv,21,2025-06-30,639,8,PatchTST,-,67.9451675415039,63.72639846801758,4.218769073486328
Multivariate+Exogenous,exogenous,Brent Oil,Com_BrentCrudeOil,tscv,21,2025-07-07,640,9,PatchTST,-,69.90603637695312,60.28123474121094,9.624801635742188
Multivariate+Exogenous,exogenous,Brent Oil,Com_BrentCrudeOil,tscv,21,2025-07-14,641,10,PatchTST,-,69.10814666748047,56.66761779785156,12.440528869628906
Multivariate+Exogenous,exogenous,Brent Oil,Com_BrentCrudeOil,tscv,21,2025-07-21,642,11,PatchTST,-,68.77239990234375,61.607421875,7.16497802734375
Multivariate+Exogenous,exogenous,Brent Oil,Com_BrentCrudeOil,tscv,21,2025-07-28,643,12,PatchTST,-,70.7232666015625,59.703121185302734,11.020145416259766
Multivariate+Exogenous,exogenous,Brent Oil,Com_BrentCrudeOil,tscv,21,2025-05-12,632,1,PatchTST,NLinear,65.50987243652344,74.77651977539062,-9.266647338867188
Multivariate+Exogenous,exogenous,Brent Oil,Com_BrentCrudeOil,tscv,21,2025-05-19,633,2,PatchTST,NLinear,65.00296020507812,77.71172332763672,-12.708763122558594
Multivariate+Exogenous,exogenous,Brent Oil,Com_BrentCrudeOil,tscv,21,2025-05-26,634,3,PatchTST,NLinear,63.65324401855469,74.09629821777344,-10.44305419921875
Multivariate+Exogenous,exogenous,Brent Oil,Com_BrentCrudeOil,tscv,21,2025-06-02,635,4,PatchTST,NLinear,65.69291687011719,70.20281982421875,-4.5099029541015625
Multivariate+Exogenous,exogenous,Brent Oil,Com_BrentCrudeOil,tscv,21,2025-06-09,636,5,PatchTST,NLinear,70.90538787841797,71.26455688476562,-0.35916900634765625
Multivariate+Exogenous,exogenous,Brent Oil,Com_BrentCrudeOil,tscv,21,2025-06-16,637,6,PatchTST,NLinear,76.53987121582031,75.19633483886719,1.343536376953125
Multivariate+Exogenous,exogenous,Brent Oil,Com_BrentCrudeOil,tscv,21,2025-06-23,638,7,PatchTST,NLinear,67.5205307006836,79.67230987548828,-12.151779174804688
Multivariate+Exogenous,exogenous,Brent Oil,Com_BrentCrudeOil,tscv,21,2025-06-30,639,8,PatchTST,NLinear,67.9451675415039,79.74479675292969,-11.799629211425781
Multivariate+Exogenous,exogenous,Brent Oil,Com_BrentCrudeOil,tscv,21,2025-07-07,640,9,PatchTST,NLinear,69.90603637695312,75.35833740234375,-5.452301025390625
Multivariate+Exogenous,exogenous,Brent Oil,Com_BrentCrudeOil,tscv,21,2025-07-14,641,10,PatchTST,NLinear,69.10814666748047,73.25596618652344,-4.147819519042969
Multivariate+Exogenous,exogenous,Brent Oil,Com_BrentCrudeOil,tscv,21,2025-07-21,642,11,PatchTST,NLinear,68.77239990234375,78.59912872314453,-9.826728820800781
Multivariate+Exogenous,exogenous,Brent Oil,Com_BrentCrudeOil,tscv,21,2025-07-28,643,12,PatchTST,NLinear,70.7232666015625,77.36260986328125,-6.63934326171875
Multivariate+Exogenous,exogenous,Brent Oil,Com_BrentCrudeOil,tscv,21,2025-05-12,632,1,PatchTST,iTransformer,65.50987243652344,69.8788833618164,-4.369010925292969
Multivariate+Exogenous,exogenous,Brent Oil,Com_BrentCrudeOil,tscv,21,2025-05-19,633,2,PatchTST,iTransformer,65.00296020507812,69.79666900634766,-4.793708801269531
Multivariate+Exogenous,exogenous,Brent Oil,Com_BrentCrudeOil,tscv,21,2025-05-26,634,3,PatchTST,iTransformer,63.65324401855469,67.45199584960938,-3.7987518310546875
Multivariate+Exogenous,exogenous,Brent Oil,Com_BrentCrudeOil,tscv,21,2025-06-02,635,4,PatchTST,iTransformer,65.69291687011719,62.98684310913086,2.706073760986328
Multivariate+Exogenous,exogenous,Brent Oil,Com_BrentCrudeOil,tscv,21,2025-06-09,636,5,PatchTST,iTransformer,70.90538787841797,65.28202056884766,5.6233673095703125
Multivariate+Exogenous,exogenous,Brent Oil,Com_BrentCrudeOil,tscv,21,2025-06-16,637,6,PatchTST,iTransformer,76.53987121582031,65.28462982177734,11.255241394042969
Multivariate+Exogenous,exogenous,Brent Oil,Com_BrentCrudeOil,tscv,21,2025-06-23,638,7,PatchTST,iTransformer,67.5205307006836,69.17566680908203,-1.6551361083984375
Multivariate+Exogenous,exogenous,Brent Oil,Com_BrentCrudeOil,tscv,21,2025-06-30,639,8,PatchTST,iTransformer,67.9451675415039,67.9808349609375,-0.03566741943359375
Multivariate+Exogenous,exogenous,Brent Oil,Com_BrentCrudeOil,tscv,21,2025-07-07,640,9,PatchTST,iTransformer,69.90603637695312,65.14986419677734,4.756172180175781
Multivariate+Exogenous,exogenous,Brent Oil,Com_BrentCrudeOil,tscv,21,2025-07-14,641,10,PatchTST,iTransformer,69.10814666748047,61.093109130859375,8.015037536621094
Multivariate+Exogenous,exogenous,Brent Oil,Com_BrentCrudeOil,tscv,21,2025-07-21,642,11,PatchTST,iTransformer,68.77239990234375,67.08200073242188,1.690399169921875
Multivariate+Exogenous,exogenous,Brent Oil,Com_BrentCrudeOil,tscv,21,2025-07-28,643,12,PatchTST,iTransformer,70.7232666015625,64.6095199584961,6.113746643066406
Multivariate+Exogenous,exogenous,Brent Oil,Com_BrentCrudeOil,tscv,21,2025-05-12,632,1,PatchTST,XGBoost,65.50987243652344,74.48494720458984,-8.975074768066406
Multivariate+Exogenous,exogenous,Brent Oil,Com_BrentCrudeOil,tscv,21,2025-05-19,633,2,PatchTST,XGBoost,65.00296020507812,76.73173522949219,-11.728775024414062
Multivariate+Exogenous,exogenous,Brent Oil,Com_BrentCrudeOil,tscv,21,2025-05-26,634,3,PatchTST,XGBoost,63.65324401855469,72.86836242675781,-9.215118408203125
Multivariate+Exogenous,exogenous,Brent Oil,Com_BrentCrudeOil,tscv,21,2025-06-02,635,4,PatchTST,XGBoost,65.69291687011719,67.47557830810547,-1.7826614379882812
Multivariate+Exogenous,exogenous,Brent Oil,Com_BrentCrudeOil,tscv,21,2025-06-09,636,5,PatchTST,XGBoost,70.90538787841797,68.30838012695312,2.5970077514648438
Multivariate+Exogenous,exogenous,Brent Oil,Com_BrentCrudeOil,tscv,21,2025-06-16,637,6,PatchTST,XGBoost,76.53987121582031,70.69599914550781,5.8438720703125
Multivariate+Exogenous,exogenous,Brent Oil,Com_BrentCrudeOil,tscv,21,2025-06-23,638,7,PatchTST,XGBoost,67.5205307006836,74.81585693359375,-7.295326232910156
Multivariate+Exogenous,exogenous,Brent Oil,Com_BrentCrudeOil,tscv,21,2025-06-30,639,8,PatchTST,XGBoost,67.9451675415039,75.89049530029297,-7.9453277587890625
Multivariate+Exogenous,exogenous,Brent Oil,Com_BrentCrudeOil,tscv,21,2025-07-07,640,9,PatchTST,XGBoost,69.90603637695312,70.33004760742188,-0.42401123046875
Multivariate+Exogenous,exogenous,Brent Oil,Com_BrentCrudeOil,tscv,21,2025-07-14,641,10,PatchTST,XGBoost,69.10814666748047,67.4487533569336,1.659393310546875
Multivariate+Exogenous,exogenous,Brent Oil,Com_BrentCrudeOil,tscv,21,2025-07-21,642,11,PatchTST,XGBoost,68.77239990234375,74.12641906738281,-5.3540191650390625
Multivariate+Exogenous,exogenous,Brent Oil,Com_BrentCrudeOil,tscv,21,2025-07-28,643,12,PatchTST,XGBoost,70.7232666015625,72.2297134399414,-1.5064468383789062
Multivariate+Exogenous,exogenous,Brent Oil,Com_BrentCrudeOil,tscv,21,2025-05-12,632,1,PatchTST,LightGBM,65.50987243652344,72.41915130615234,-6.909278869628906
Multivariate+Exogenous,exogenous,Brent Oil,Com_BrentCrudeOil,tscv,21,2025-05-19,633,2,PatchTST,LightGBM,65.00296020507812,74.99777221679688,-9.99481201171875
Multivariate+Exogenous,exogenous,Brent Oil,Com_BrentCrudeOil,tscv,21,2025-05-26,634,3,PatchTST,LightGBM,63.65324401855469,71.01805114746094,-7.36480712890625
Multivariate+Exogenous,exogenous,Brent Oil,Com_BrentCrudeOil,tscv,21,2025-06-02,635,4,PatchTST,LightGBM,65.69291687011719,66.33666229248047,-0.6437454223632812
Multivariate+Exogenous,exogenous,Brent Oil,Com_BrentCrudeOil,tscv,21,2025-06-09,636,5,PatchTST,LightGBM,70.90538787841797,67.63394927978516,3.2714385986328125
Multivariate+Exogenous,exogenous,Brent Oil,Com_BrentCrudeOil,tscv,21,2025-06-16,637,6,PatchTST,LightGBM,76.53987121582031,68.86373138427734,7.676139831542969
Multivariate+Exogenous,exogenous,Brent Oil,Com_BrentCrudeOil,tscv,21,2025-06-23,638,7,PatchTST,LightGBM,67.5205307006836,72.11071014404297,-4.590179443359375
Multivariate+Exogenous,exogenous,Brent Oil,Com_BrentCrudeOil,tscv,21,2025-06-30,639,8,PatchTST,LightGBM,67.9451675415039,74.21867370605469,-6.273506164550781
Multivariate+Exogenous,exogenous,Brent Oil,Com_BrentCrudeOil,tscv,21,2025-07-07,640,9,PatchTST,LightGBM,69.90603637695312,70.1286392211914,-0.22260284423828125
Multivariate+Exogenous,exogenous,Brent Oil,Com_BrentCrudeOil,tscv,21,2025-07-14,641,10,PatchTST,LightGBM,69.10814666748047,66.89936828613281,2.2087783813476562
Multivariate+Exogenous,exogenous,Brent Oil,Com_BrentCrudeOil,tscv,21,2025-07-21,642,11,PatchTST,LightGBM,68.77239990234375,73.81082153320312,-5.038421630859375
Multivariate+Exogenous,exogenous,Brent Oil,Com_BrentCrudeOil,tscv,21,2025-07-28,643,12,PatchTST,LightGBM,70.7232666015625,71.78538513183594,-1.0621185302734375
Multivariate+Exogenous,exogenous,Brent Oil,Com_BrentCrudeOil,tscv,22,2025-06-09,636,1,PatchTST,-,70.90538787841797,60.57181167602539,10.333576202392578
Multivariate+Exogenous,exogenous,Brent Oil,Com_BrentCrudeOil,tscv,22,2025-06-16,637,2,PatchTST,-,76.53987121582031,58.53076934814453,18.00910186767578
Multivariate+Exogenous,exogenous,Brent Oil,Com_BrentCrudeOil,tscv,22,2025-06-23,638,3,PatchTST,-,67.5205307006836,63.567970275878906,3.9525604248046875
Multivariate+Exogenous,exogenous,Brent Oil,Com_BrentCrudeOil,tscv,22,2025-06-30,639,4,PatchTST,-,67.9451675415039,65.92784881591797,2.0173187255859375
Multivariate+Exogenous,exogenous,Brent Oil,Com_BrentCrudeOil,tscv,22,2025-07-07,640,5,PatchTST,-,69.90603637695312,61.78396224975586,8.122074127197266
Multivariate+Exogenous,exogenous,Brent Oil,Com_BrentCrudeOil,tscv,22,2025-07-14,641,6,PatchTST,-,69.10814666748047,65.74103546142578,3.3671112060546875
Multivariate+Exogenous,exogenous,Brent Oil,Com_BrentCrudeOil,tscv,22,2025-07-21,642,7,PatchTST,-,68.77239990234375,66.58263397216797,2.1897659301757812
Multivariate+Exogenous,exogenous,Brent Oil,Com_BrentCrudeOil,tscv,22,2025-07-28,643,8,PatchTST,-,70.7232666015625,65.54366302490234,5.179603576660156
Multivariate+Exogenous,exogenous,Brent Oil,Com_BrentCrudeOil,tscv,22,2025-08-04,644,9,PatchTST,-,67.10191345214844,63.492576599121094,3.6093368530273438
Multivariate+Exogenous,exogenous,Brent Oil,Com_BrentCrudeOil,tscv,22,2025-08-11,645,10,PatchTST,-,66.15612030029297,65.27819061279297,0.8779296875
Multivariate+Exogenous,exogenous,Brent Oil,Com_BrentCrudeOil,tscv,22,2025-08-18,646,11,PatchTST,-,67.08045196533203,66.29959106445312,0.7808609008789062
Multivariate+Exogenous,exogenous,Brent Oil,Com_BrentCrudeOil,tscv,22,2025-08-25,647,12,PatchTST,-,67.60226440429688,65.21204376220703,2.3902206420898438
Multivariate+Exogenous,exogenous,Brent Oil,Com_BrentCrudeOil,tscv,22,2025-06-09,636,1,PatchTST,NLinear,70.90538787841797,67.75696563720703,3.1484222412109375
Multivariate+Exogenous,exogenous,Brent Oil,Com_BrentCrudeOil,tscv,22,2025-06-16,637,2,PatchTST,NLinear,76.53987121582031,64.83749389648438,11.702377319335938
Multivariate+Exogenous,exogenous,Brent Oil,Com_BrentCrudeOil,tscv,22,2025-06-23,638,3,PatchTST,NLinear,67.5205307006836,68.97349548339844,-1.4529647827148438
Multivariate+Exogenous,exogenous,Brent Oil,Com_BrentCrudeOil,tscv,22,2025-06-30,639,4,PatchTST,NLinear,67.9451675415039,70.47726440429688,-2.5320968627929688
Multivariate+Exogenous,exogenous,Brent Oil,Com_BrentCrudeOil,tscv,22,2025-07-07,640,5,PatchTST,NLinear,69.90603637695312,65.44580078125,4.460235595703125
Multivariate+Exogenous,exogenous,Brent Oil,Com_BrentCrudeOil,tscv,22,2025-07-14,641,6,PatchTST,NLinear,69.10814666748047,69.40172576904297,-0.2935791015625
Multivariate+Exogenous,exogenous,Brent Oil,Com_BrentCrudeOil,tscv,22,2025-07-21,642,7,PatchTST,NLinear,68.77239990234375,70.09133911132812,-1.318939208984375
Multivariate+Exogenous,exogenous,Brent Oil,Com_BrentCrudeOil,tscv,22,2025-07-28,643,8,PatchTST,NLinear,70.7232666015625,68.8783950805664,1.8448715209960938
Multivariate+Exogenous,exogenous,Brent Oil,Com_BrentCrudeOil,tscv,22,2025-08-04,644,9,PatchTST,NLinear,67.10191345214844,66.18937683105469,0.91253662109375
Multivariate+Exogenous,exogenous,Brent Oil,Com_BrentCrudeOil,tscv,22,2025-08-11,645,10,PatchTST,NLinear,66.15612030029297,67.45003509521484,-1.293914794921875
Multivariate+Exogenous,exogenous,Brent Oil,Com_BrentCrudeOil,tscv,22,2025-08-18,646,11,PatchTST,NLinear,67.08045196533203,69.4438705444336,-2.3634185791015625
Multivariate+Exogenous,exogenous,Brent Oil,Com_BrentCrudeOil,tscv,22,2025-08-25,647,12,PatchTST,NLinear,67.60226440429688,69.44694519042969,-1.8446807861328125
Multivariate+Exogenous,exogenous,Brent Oil,Com_BrentCrudeOil,tscv,22,2025-06-09,636,1,PatchTST,iTransformer,70.90538787841797,63.85699462890625,7.048393249511719
Multivariate+Exogenous,exogenous,Brent Oil,Com_BrentCrudeOil,tscv,22,2025-06-16,637,2,PatchTST,iTransformer,76.53987121582031,63.501747131347656,13.038124084472656
Multivariate+Exogenous,exogenous,Brent Oil,Com_BrentCrudeOil,tscv,22,2025-06-23,638,3,PatchTST,iTransformer,67.5205307006836,69.18446350097656,-1.6639328002929688
Multivariate+Exogenous,exogenous,Brent Oil,Com_BrentCrudeOil,tscv,22,2025-06-30,639,4,PatchTST,iTransformer,67.9451675415039,71.02823638916016,-3.08306884765625
Multivariate+Exogenous,exogenous,Brent Oil,Com_BrentCrudeOil,tscv,22,2025-07-07,640,5,PatchTST,iTransformer,69.90603637695312,66.97689819335938,2.92913818359375
Multivariate+Exogenous,exogenous,Brent Oil,Com_BrentCrudeOil,tscv,22,2025-07-14,641,6,PatchTST,iTransformer,69.10814666748047,70.06224060058594,-0.9540939331054688
Multivariate+Exogenous,exogenous,Brent Oil,Com_BrentCrudeOil,tscv,22,2025-07-21,642,7,PatchTST,iTransformer,68.77239990234375,70.47817993164062,-1.705780029296875
Multivariate+Exogenous,exogenous,Brent Oil,Com_BrentCrudeOil,tscv,22,2025-07-28,643,8,PatchTST,iTransformer,70.7232666015625,69.45602416992188,1.267242431640625
Multivariate+Exogenous,exogenous,Brent Oil,Com_BrentCrudeOil,tscv,22,2025-08-04,644,9,PatchTST,iTransformer,67.10191345214844,67.21357727050781,-0.111663818359375
Multivariate+Exogenous,exogenous,Brent Oil,Com_BrentCrudeOil,tscv,22,2025-08-11,645,10,PatchTST,iTransformer,66.15612030029297,67.88616180419922,-1.73004150390625
Multivariate+Exogenous,exogenous,Brent Oil,Com_BrentCrudeOil,tscv,22,2025-08-18,646,11,PatchTST,iTransformer,67.08045196533203,66.4864730834961,0.5939788818359375
Multivariate+Exogenous,exogenous,Brent Oil,Com_BrentCrudeOil,tscv,22,2025-08-25,647,12,PatchTST,iTransformer,67.60226440429688,66.16677856445312,1.43548583984375
Multivariate+Exogenous,exogenous,Brent Oil,Com_BrentCrudeOil,tscv,22,2025-06-09,636,1,PatchTST,XGBoost,70.90538787841797,69.3698501586914,1.5355377197265625
Multivariate+Exogenous,exogenous,Brent Oil,Com_BrentCrudeOil,tscv,22,2025-06-16,637,2,PatchTST,XGBoost,76.53987121582031,71.50726318359375,5.0326080322265625
Multivariate+Exogenous,exogenous,Brent Oil,Com_BrentCrudeOil,tscv,22,2025-06-23,638,3,PatchTST,XGBoost,67.5205307006836,78.63813781738281,-11.117607116699219
Multivariate+Exogenous,exogenous,Brent Oil,Com_BrentCrudeOil,tscv,22,2025-06-30,639,4,PatchTST,XGBoost,67.9451675415039,81.486083984375,-13.540916442871094
Multivariate+Exogenous,exogenous,Brent Oil,Com_BrentCrudeOil,tscv,22,2025-07-07,640,5,PatchTST,XGBoost,69.90603637695312,71.87529754638672,-1.9692611694335938
Multivariate+Exogenous,exogenous,Brent Oil,Com_BrentCrudeOil,tscv,22,2025-07-14,641,6,PatchTST,XGBoost,69.10814666748047,77.99736022949219,-8.889213562011719
Multivariate+Exogenous,exogenous,Brent Oil,Com_BrentCrudeOil,tscv,22,2025-07-21,642,7,PatchTST,XGBoost,68.77239990234375,80.93144226074219,-12.159042358398438
Multivariate+Exogenous,exogenous,Brent Oil,Com_BrentCrudeOil,tscv,22,2025-07-28,643,8,PatchTST,XGBoost,70.7232666015625,80.03816223144531,-9.314895629882812
Multivariate+Exogenous,exogenous,Brent Oil,Com_BrentCrudeOil,tscv,22,2025-08-04,644,9,PatchTST,XGBoost,67.10191345214844,76.65025329589844,-9.54833984375
Multivariate+Exogenous,exogenous,Brent Oil,Com_BrentCrudeOil,tscv,22,2025-08-11,645,10,PatchTST,XGBoost,66.15612030029297,79.14409637451172,-12.98797607421875
Multivariate+Exogenous,exogenous,Brent Oil,Com_BrentCrudeOil,tscv,22,2025-08-18,646,11,PatchTST,XGBoost,67.08045196533203,79.65746307373047,-12.577011108398438
Multivariate+Exogenous,exogenous,Brent Oil,Com_BrentCrudeOil,tscv,22,2025-08-25,647,12,PatchTST,XGBoost,67.60226440429688,78.24825286865234,-10.645988464355469
Multivariate+Exogenous,exogenous,Brent Oil,Com_BrentCrudeOil,tscv,22,2025-06-09,636,1,PatchTST,LightGBM,70.90538787841797,70.79546356201172,0.10992431640625
Multivariate+Exogenous,exogenous,Brent Oil,Com_BrentCrudeOil,tscv,22,2025-06-16,637,2,PatchTST,LightGBM,76.53987121582031,70.36990356445312,6.1699676513671875
Multivariate+Exogenous,exogenous,Brent Oil,Com_BrentCrudeOil,tscv,22,2025-06-23,638,3,PatchTST,LightGBM,67.5205307006836,76.77889251708984,-9.25836181640625
Multivariate+Exogenous,exogenous,Brent Oil,Com_BrentCrudeOil,tscv,22,2025-06-30,639,4,PatchTST,LightGBM,67.9451675415039,77.71109008789062,-9.765922546386719
Multivariate+Exogenous,exogenous,Brent Oil,Com_BrentCrudeOil,tscv,22,2025-07-07,640,5,PatchTST,LightGBM,69.90603637695312,72.08193969726562,-2.1759033203125
Multivariate+Exogenous,exogenous,Brent Oil,Com_BrentCrudeOil,tscv,22,2025-07-14,641,6,PatchTST,LightGBM,69.10814666748047,76.28270721435547,-7.174560546875
Multivariate+Exogenous,exogenous,Brent Oil,Com_BrentCrudeOil,tscv,22,2025-07-21,642,7,PatchTST,LightGBM,68.77239990234375,78.49609375,-9.72369384765625
Multivariate+Exogenous,exogenous,Brent Oil,Com_BrentCrudeOil,tscv,22,2025-07-28,643,8,PatchTST,LightGBM,70.7232666015625,77.45712280273438,-6.733856201171875
Multivariate+Exogenous,exogenous,Brent Oil,Com_BrentCrudeOil,tscv,22,2025-08-04,644,9,PatchTST,LightGBM,67.10191345214844,75.40603637695312,-8.304122924804688
Multivariate+Exogenous,exogenous,Brent Oil,Com_BrentCrudeOil,tscv,22,2025-08-11,645,10,PatchTST,LightGBM,66.15612030029297,77.191650390625,-11.035530090332031
Multivariate+Exogenous,exogenous,Brent Oil,Com_BrentCrudeOil,tscv,22,2025-08-18,646,11,PatchTST,LightGBM,67.08045196533203,78.21305084228516,-11.132598876953125
Multivariate+Exogenous,exogenous,Brent Oil,Com_BrentCrudeOil,tscv,22,2025-08-25,647,12,PatchTST,LightGBM,67.60226440429688,75.69782257080078,-8.095558166503906
Multivariate+Exogenous,exogenous,Brent Oil,Com_BrentCrudeOil,tscv,23,2025-07-07,640,1,PatchTST,-,69.90603637695312,74.28014373779297,-4.374107360839844
Multivariate+Exogenous,exogenous,Brent Oil,Com_BrentCrudeOil,tscv,23,2025-07-14,641,2,PatchTST,-,69.10814666748047,75.20011901855469,-6.091972351074219
Multivariate+Exogenous,exogenous,Brent Oil,Com_BrentCrudeOil,tscv,23,2025-07-21,642,3,PatchTST,-,68.77239990234375,71.85017395019531,-3.0777740478515625
Multivariate+Exogenous,exogenous,Brent Oil,Com_BrentCrudeOil,tscv,23,2025-07-28,643,4,PatchTST,-,70.7232666015625,73.45777130126953,-2.7345046997070312
Multivariate+Exogenous,exogenous,Brent Oil,Com_BrentCrudeOil,tscv,23,2025-08-04,644,5,PatchTST,-,67.10191345214844,76.90960693359375,-9.807693481445312
Multivariate+Exogenous,exogenous,Brent Oil,Com_BrentCrudeOil,tscv,23,2025-08-11,645,6,PatchTST,-,66.15612030029297,70.24400329589844,-4.087882995605469
Multivariate+Exogenous,exogenous,Brent Oil,Com_BrentCrudeOil,tscv,23,2025-08-18,646,7,PatchTST,-,67.08045196533203,69.69670104980469,-2.6162490844726562
Multivariate+Exogenous,exogenous,Brent Oil,Com_BrentCrudeOil,tscv,23,2025-08-25,647,8,PatchTST,-,67.60226440429688,78.33757019042969,-10.735305786132812
Multivariate+Exogenous,exogenous,Brent Oil,Com_BrentCrudeOil,tscv,23,2025-09-01,648,9,PatchTST,-,67.27151489257812,75.84866333007812,-8.5771484375
Multivariate+Exogenous,exogenous,Brent Oil,Com_BrentCrudeOil,tscv,23,2025-09-08,649,10,PatchTST,-,66.77435302734375,71.5868148803711,-4.812461853027344
Multivariate+Exogenous,exogenous,Brent Oil,Com_BrentCrudeOil,tscv,23,2025-09-15,650,11,PatchTST,-,67.5166015625,69.89933013916016,-2.3827285766601562
Multivariate+Exogenous,exogenous,Brent Oil,Com_BrentCrudeOil,tscv,23,2025-09-22,651,12,PatchTST,-,68.50713348388672,66.96038055419922,1.5467529296875
Multivariate+Exogenous,exogenous,Brent Oil,Com_BrentCrudeOil,tscv,23,2025-07-07,640,1,PatchTST,NLinear,69.90603637695312,76.14388275146484,-6.237846374511719
Multivariate+Exogenous,exogenous,Brent Oil,Com_BrentCrudeOil,tscv,23,2025-07-14,641,2,PatchTST,NLinear,69.10814666748047,77.53240203857422,-8.42425537109375
Multivariate+Exogenous,exogenous,Brent Oil,Com_BrentCrudeOil,tscv,23,2025-07-21,642,3,PatchTST,NLinear,68.77239990234375,74.26969909667969,-5.4972991943359375
Multivariate+Exogenous,exogenous,Brent Oil,Com_BrentCrudeOil,tscv,23,2025-07-28,643,4,PatchTST,NLinear,70.7232666015625,76.24209594726562,-5.518829345703125
Multivariate+Exogenous,exogenous,Brent Oil,Com_BrentCrudeOil,tscv,23,2025-08-04,644,5,PatchTST,NLinear,67.10191345214844,80.22435760498047,-13.122444152832031
Multivariate+Exogenous,exogenous,Brent Oil,Com_BrentCrudeOil,tscv,23,2025-08-11,645,6,PatchTST,NLinear,66.15612030029297,72.21652221679688,-6.060401916503906
Multivariate+Exogenous,exogenous,Brent Oil,Com_BrentCrudeOil,tscv,23,2025-08-18,646,7,PatchTST,NLinear,67.08045196533203,71.1502914428711,-4.0698394775390625
Multivariate+Exogenous,exogenous,Brent Oil,Com_BrentCrudeOil,tscv,23,2025-08-25,647,8,PatchTST,NLinear,67.60226440429688,80.37437438964844,-12.772109985351562
Multivariate+Exogenous,exogenous,Brent Oil,Com_BrentCrudeOil,tscv,23,2025-09-01,648,9,PatchTST,NLinear,67.27151489257812,77.92412567138672,-10.652610778808594
Multivariate+Exogenous,exogenous,Brent Oil,Com_BrentCrudeOil,tscv,23,2025-09-08,649,10,PatchTST,NLinear,66.77435302734375,72.51392364501953,-5.739570617675781
Multivariate+Exogenous,exogenous,Brent Oil,Com_BrentCrudeOil,tscv,23,2025-09-15,650,11,PatchTST,NLinear,67.5166015625,70.38462829589844,-2.8680267333984375
Multivariate+Exogenous,exogenous,Brent Oil,Com_BrentCrudeOil,tscv,23,2025-09-22,651,12,PatchTST,NLinear,68.50713348388672,67.4503173828125,1.0568161010742188
Multivariate+Exogenous,exogenous,Brent Oil,Com_BrentCrudeOil,tscv,23,2025-07-07,640,1,PatchTST,iTransformer,69.90603637695312,78.80673217773438,-8.90069580078125
Multivariate+Exogenous,exogenous,Brent Oil,Com_BrentCrudeOil,tscv,23,2025-07-14,641,2,PatchTST,iTransformer,69.10814666748047,79.12520599365234,-10.017059326171875
Multivariate+Exogenous,exogenous,Brent Oil,Com_BrentCrudeOil,tscv,23,2025-07-21,642,3,PatchTST,iTransformer,68.77239990234375,75.9178237915039,-7.145423889160156
Multivariate+Exogenous,exogenous,Brent Oil,Com_BrentCrudeOil,tscv,23,2025-07-28,643,4,PatchTST,iTransformer,70.7232666015625,77.66777038574219,-6.9445037841796875
Multivariate+Exogenous,exogenous,Brent Oil,Com_BrentCrudeOil,tscv,23,2025-08-04,644,5,PatchTST,iTransformer,67.10191345214844,81.14110565185547,-14.039192199707031
Multivariate+Exogenous,exogenous,Brent Oil,Com_BrentCrudeOil,tscv,23,2025-08-11,645,6,PatchTST,iTransformer,66.15612030029297,74.2474365234375,-8.091316223144531
Multivariate+Exogenous,exogenous,Brent Oil,Com_BrentCrudeOil,tscv,23,2025-08-18,646,7,PatchTST,iTransformer,67.08045196533203,73.58341979980469,-6.502967834472656
Multivariate+Exogenous,exogenous,Brent Oil,Com_BrentCrudeOil,tscv,23,2025-08-25,647,8,PatchTST,iTransformer,67.60226440429688,82.1063461303711,-14.504081726074219
Multivariate+Exogenous,exogenous,Brent Oil,Com_BrentCrudeOil,tscv,23,2025-09-01,648,9,PatchTST,iTransformer,67.27151489257812,80.02417755126953,-12.752662658691406
Multivariate+Exogenous,exogenous,Brent Oil,Com_BrentCrudeOil,tscv,23,2025-09-08,649,10,PatchTST,iTransformer,66.77435302734375,75.6361312866211,-8.861778259277344
Multivariate+Exogenous,exogenous,Brent Oil,Com_BrentCrudeOil,tscv,23,2025-09-15,650,11,PatchTST,iTransformer,67.5166015625,74.04225158691406,-6.5256500244140625
Multivariate+Exogenous,exogenous,Brent Oil,Com_BrentCrudeOil,tscv,23,2025-09-22,651,12,PatchTST,iTransformer,68.50713348388672,71.03445434570312,-2.5273208618164062
Multivariate+Exogenous,exogenous,Brent Oil,Com_BrentCrudeOil,tscv,23,2025-07-07,640,1,PatchTST,XGBoost,69.90603637695312,79.77865600585938,-9.87261962890625
Multivariate+Exogenous,exogenous,Brent Oil,Com_BrentCrudeOil,tscv,23,2025-07-14,641,2,PatchTST,XGBoost,69.10814666748047,80.74300384521484,-11.634857177734375
Multivariate+Exogenous,exogenous,Brent Oil,Com_BrentCrudeOil,tscv,23,2025-07-21,642,3,PatchTST,XGBoost,68.77239990234375,77.34883117675781,-8.576431274414062
Multivariate+Exogenous,exogenous,Brent Oil,Com_BrentCrudeOil,tscv,23,2025-07-28,643,4,PatchTST,XGBoost,70.7232666015625,79.00065612792969,-8.277389526367188
Multivariate+Exogenous,exogenous,Brent Oil,Com_BrentCrudeOil,tscv,23,2025-08-04,644,5,PatchTST,XGBoost,67.10191345214844,82.40811920166016,-15.306205749511719
Multivariate+Exogenous,exogenous,Brent Oil,Com_BrentCrudeOil,tscv,23,2025-08-11,645,6,PatchTST,XGBoost,66.15612030029297,75.7868881225586,-9.630767822265625
Multivariate+Exogenous,exogenous,Brent Oil,Com_BrentCrudeOil,tscv,23,2025-08-18,646,7,PatchTST,XGBoost,67.08045196533203,75.23958587646484,-8.159133911132812
Multivariate+Exogenous,exogenous,Brent Oil,Com_BrentCrudeOil,tscv,23,2025-08-25,647,8,PatchTST,XGBoost,67.60226440429688,83.8360824584961,-16.23381805419922
Multivariate+Exogenous,exogenous,Brent Oil,Com_BrentCrudeOil,tscv,23,2025-09-01,648,9,PatchTST,XGBoost,67.27151489257812,81.34717559814453,-14.075660705566406
Multivariate+Exogenous,exogenous,Brent Oil,Com_BrentCrudeOil,tscv,23,2025-09-08,649,10,PatchTST,XGBoost,66.77435302734375,77.0853271484375,-10.31097412109375
Multivariate+Exogenous,exogenous,Brent Oil,Com_BrentCrudeOil,tscv,23,2025-09-15,650,11,PatchTST,XGBoost,67.5166015625,75.44221496582031,-7.9256134033203125
Multivariate+Exogenous,exogenous,Brent Oil,Com_BrentCrudeOil,tscv,23,2025-09-22,651,12,PatchTST,XGBoost,68.50713348388672,72.63259887695312,-4.125465393066406
Multivariate+Exogenous,exogenous,Brent Oil,Com_BrentCrudeOil,tscv,23,2025-07-07,640,1,PatchTST,LightGBM,69.90603637695312,81.44805908203125,-11.542022705078125
Multivariate+Exogenous,exogenous,Brent Oil,Com_BrentCrudeOil,tscv,23,2025-07-14,641,2,PatchTST,LightGBM,69.10814666748047,83.68083953857422,-14.57269287109375
Multivariate+Exogenous,exogenous,Brent Oil,Com_BrentCrudeOil,tscv,23,2025-07-21,642,3,PatchTST,LightGBM,68.77239990234375,79.96044921875,-11.18804931640625
Multivariate+Exogenous,exogenous,Brent Oil,Com_BrentCrudeOil,tscv,23,2025-07-28,643,4,PatchTST,LightGBM,70.7232666015625,81.56804656982422,-10.844779968261719
Multivariate+Exogenous,exogenous,Brent Oil,Com_BrentCrudeOil,tscv,23,2025-08-04,644,5,PatchTST,LightGBM,67.10191345214844,85.01988220214844,-17.91796875
Multivariate+Exogenous,exogenous,Brent Oil,Com_BrentCrudeOil,tscv,23,2025-08-11,645,6,PatchTST,LightGBM,66.15612030029297,78.35427856445312,-12.198158264160156
Multivariate+Exogenous,exogenous,Brent Oil,Com_BrentCrudeOil,tscv,23,2025-08-18,646,7,PatchTST,LightGBM,67.08045196533203,77.80697631835938,-10.726524353027344
Multivariate+Exogenous,exogenous,Brent Oil,Com_BrentCrudeOil,tscv,23,2025-08-25,647,8,PatchTST,LightGBM,67.60226440429688,86.44784545898438,-18.8455810546875
Multivariate+Exogenous,exogenous,Brent Oil,Com_BrentCrudeOil,tscv,23,2025-09-01,648,9,PatchTST,LightGBM,67.27151489257812,83.95893859863281,-16.687423706054688
Multivariate+Exogenous,exogenous,Brent Oil,Com_BrentCrudeOil,tscv,23,2025-09-08,649,10,PatchTST,LightGBM,66.77435302734375,80.06753540039062,-13.293182373046875
Multivariate+Exogenous,exogenous,Brent Oil,Com_BrentCrudeOil,tscv,23,2025-09-15,650,11,PatchTST,LightGBM,67.5166015625,78.00960540771484,-10.493003845214844
Multivariate+Exogenous,exogenous,Brent Oil,Com_BrentCrudeOil,tscv,23,2025-09-22,651,12,PatchTST,LightGBM,68.50713348388672,75.44110107421875,-6.933967590332031
Multivariate+Exogenous,exogenous,Brent Oil,Com_BrentCrudeOil,tscv,24,2025-08-04,644,1,PatchTST,-,67.10191345214844,60.354042053222656,6.747871398925781
Multivariate+Exogenous,exogenous,Brent Oil,Com_BrentCrudeOil,tscv,24,2025-08-11,645,2,PatchTST,-,66.15612030029297,56.69303894042969,9.463081359863281
Multivariate+Exogenous,exogenous,Brent Oil,Com_BrentCrudeOil,tscv,24,2025-08-18,646,3,PatchTST,-,67.08045196533203,58.29064178466797,8.789810180664062
Multivariate+Exogenous,exogenous,Brent Oil,Com_BrentCrudeOil,tscv,24,2025-08-25,647,4,PatchTST,-,67.60226440429688,56.865394592285156,10.736869812011719
Multivariate+Exogenous,exogenous,Brent Oil,Com_BrentCrudeOil,tscv,24,2025-09-01,648,5,PatchTST,-,67.27151489257812,55.351253509521484,11.92026138305664
Multivariate+Exogenous,exogenous,Brent Oil,Com_BrentCrudeOil,tscv,24,2025-09-08,649,6,PatchTST,-,66.77435302734375,56.3387336730957,10.435619354248047
Multivariate+Exogenous,exogenous,Brent Oil,Com_BrentCrudeOil,tscv,24,2025-09-15,650,7,PatchTST,-,67.5166015625,50.539794921875,16.976806640625
Multivariate+Exogenous,exogenous,Brent Oil,Com_BrentCrudeOil,tscv,24,2025-09-22,651,8,PatchTST,-,68.50713348388672,50.99243927001953,17.514694213867188
Multivariate+Exogenous,exogenous,Brent Oil,Com_BrentCrudeOil,tscv,24,2025-09-29,652,9,PatchTST,-,65.30098724365234,50.698883056640625,14.602104187011719
Multivariate+Exogenous,exogenous,Brent Oil,Com_BrentCrudeOil,tscv,24,2025-10-06,653,10,PatchTST,-,64.48927307128906,49.94272994995117,14.54654312133789
Multivariate+Exogenous,exogenous,Brent Oil,Com_BrentCrudeOil,tscv,24,2025-10-13,654,11,PatchTST,-,61.7679557800293,51.86378479003906,9.904170989990234
Multivariate+Exogenous,exogenous,Brent Oil,Com_BrentCrudeOil,tscv,24,2025-10-20,655,12,PatchTST,-,63.904998779296875,53.260406494140625,10.64459228515625
Multivariate+Exogenous,exogenous,Brent Oil,Com_BrentCrudeOil,tscv,24,2025-08-04,644,1,PatchTST,NLinear,67.10191345214844,57.7046012878418,9.39731216430664
Multivariate+Exogenous,exogenous,Brent Oil,Com_BrentCrudeOil,tscv,24,2025-08-11,645,2,PatchTST,NLinear,66.15612030029297,54.61793518066406,11.538185119628906
Multivariate+Exogenous,exogenous,Brent Oil,Com_BrentCrudeOil,tscv,24,2025-08-18,646,3,PatchTST,NLinear,67.08045196533203,56.354305267333984,10.726146697998047
Multivariate+Exogenous,exogenous,Brent Oil,Com_BrentCrudeOil,tscv,24,2025-08-25,647,4,PatchTST,NLinear,67.60226440429688,55.106075286865234,12.49618911743164
Multivariate+Exogenous,exogenous,Brent Oil,Com_BrentCrudeOil,tscv,24,2025-09-01,648,5,PatchTST,NLinear,67.27151489257812,53.29718780517578,13.974327087402344
Multivariate+Exogenous,exogenous,Brent Oil,Com_BrentCrudeOil,tscv,24,2025-09-08,649,6,PatchTST,NLinear,66.77435302734375,54.829978942871094,11.944374084472656
Multivariate+Exogenous,exogenous,Brent Oil,Com_BrentCrudeOil,tscv,24,2025-09-15,650,7,PatchTST,NLinear,67.5166015625,49.35788345336914,18.15871810913086
Multivariate+Exogenous,exogenous,Brent Oil,Com_BrentCrudeOil,tscv,24,2025-09-22,651,8,PatchTST,NLinear,68.50713348388672,49.185977935791016,19.321155548095703
Multivariate+Exogenous,exogenous,Brent Oil,Com_BrentCrudeOil,tscv,24,2025-09-29,652,9,PatchTST,NLinear,65.30098724365234,48.80354309082031,16.49744415283203
Multivariate+Exogenous,exogenous,Brent Oil,Com_BrentCrudeOil,tscv,24,2025-10-06,653,10,PatchTST,NLinear,64.48927307128906,48.087059020996094,16.40221405029297
Multivariate+Exogenous,exogenous,Brent Oil,Com_BrentCrudeOil,tscv,24,2025-10-13,654,11,PatchTST,NLinear,61.7679557800293,50.287742614746094,11.480213165283203
Multivariate+Exogenous,exogenous,Brent Oil,Com_BrentCrudeOil,tscv,24,2025-10-20,655,12,PatchTST,NLinear,63.904998779296875,51.59568786621094,12.309310913085938
Multivariate+Exogenous,exogenous,Brent Oil,Com_BrentCrudeOil,tscv,24,2025-08-04,644,1,PatchTST,iTransformer,67.10191345214844,61.0971794128418,6.004734039306641
Multivariate+Exogenous,exogenous,Brent Oil,Com_BrentCrudeOil,tscv,24,2025-08-11,645,2,PatchTST,iTransformer,66.15612030029297,56.37135314941406,9.784767150878906
Multivariate+Exogenous,exogenous,Brent Oil,Com_BrentCrudeOil,tscv,24,2025-08-18,646,3,PatchTST,iTransformer,67.08045196533203,57.593048095703125,9.487403869628906
Multivariate+Exogenous,exogenous,Brent Oil,Com_BrentCrudeOil,tscv,24,2025-08-25,647,4,PatchTST,iTransformer,67.60226440429688,56.6555290222168,10.946735382080078
Multivariate+Exogenous,exogenous,Brent Oil,Com_BrentCrudeOil,tscv,24,2025-09-01,648,5,PatchTST,iTransformer,67.27151489257812,55.43246841430664,11.839046478271484
Multivariate+Exogenous,exogenous,Brent Oil,Com_BrentCrudeOil,tscv,24,2025-09-08,649,6,PatchTST,iTransformer,66.77435302734375,56.20741653442383,10.566936492919922
Multivariate+Exogenous,exogenous,Brent Oil,Com_BrentCrudeOil,tscv,24,2025-09-15,650,7,PatchTST,iTransformer,67.5166015625,50.74173355102539,16.77486801147461
Multivariate+Exogenous,exogenous,Brent Oil,Com_BrentCrudeOil,tscv,24,2025-09-22,651,8,PatchTST,iTransformer,68.50713348388672,51.54045104980469,16.96668243408203
Multivariate+Exogenous,exogenous,Brent Oil,Com_BrentCrudeOil,tscv,24,2025-09-29,652,9,PatchTST,iTransformer,65.30098724365234,50.70915222167969,14.591835021972656
Multivariate+Exogenous,exogenous,Brent Oil,Com_BrentCrudeOil,tscv,24,2025-10-06,653,10,PatchTST,iTransformer,64.48927307128906,51.141990661621094,13.347282409667969
Multivariate+Exogenous,exogenous,Brent Oil,Com_BrentCrudeOil,tscv,24,2025-10-13,654,11,PatchTST,iTransformer,61.7679557800293,51.99571990966797,9.772235870361328
Multivariate+Exogenous,exogenous,Brent Oil,Com_BrentCrudeOil,tscv,24,2025-10-20,655,12,PatchTST,iTransformer,63.904998779296875,54.20472717285156,9.700271606445312
Multivariate+Exogenous,exogenous,Brent Oil,Com_BrentCrudeOil,tscv,24,2025-08-04,644,1,PatchTST,XGBoost,67.10191345214844,63.747764587402344,3.3541488647460938
Multivariate+Exogenous,exogenous,Brent Oil,Com_BrentCrudeOil,tscv,24,2025-08-11,645,2,PatchTST,XGBoost,66.15612030029297,61.287906646728516,4.868213653564453
Multivariate+Exogenous,exogenous,Brent Oil,Com_BrentCrudeOil,tscv,24,2025-08-18,646,3,PatchTST,XGBoost,67.08045196533203,61.02294921875,6.057502746582031
Multivariate+Exogenous,exogenous,Brent Oil,Com_BrentCrudeOil,tscv,24,2025-08-25,647,4,PatchTST,XGBoost,67.60226440429688,58.68589401245117,8.916370391845703
Multivariate+Exogenous,exogenous,Brent Oil,Com_BrentCrudeOil,tscv,24,2025-09-01,648,5,PatchTST,XGBoost,67.27151489257812,58.92915725708008,8.342357635498047
Multivariate+Exogenous,exogenous,Brent Oil,Com_BrentCrudeOil,tscv,24,2025-09-08,649,6,PatchTST,XGBoost,66.77435302734375,60.714576721191406,6.059776306152344
Multivariate+Exogenous,exogenous,Brent Oil,Com_BrentCrudeOil,tscv,24,2025-09-15,650,7,PatchTST,XGBoost,67.5166015625,52.96782302856445,14.548778533935547
Multivariate+Exogenous,exogenous,Brent Oil,Com_BrentCrudeOil,tscv,24,2025-09-22,651,8,PatchTST,XGBoost,68.50713348388672,52.975608825683594,15.531524658203125
Multivariate+Exogenous,exogenous,Brent Oil,Com_BrentCrudeOil,tscv,24,2025-09-29,652,9,PatchTST,XGBoost,65.30098724365234,53.58158874511719,11.719398498535156
Multivariate+Exogenous,exogenous,Brent Oil,Com_BrentCrudeOil,tscv,24,2025-10-06,653,10,PatchTST,XGBoost,64.48927307128906,53.59668731689453,10.892585754394531
Multivariate+Exogenous,exogenous,Brent Oil,Com_BrentCrudeOil,tscv,24,2025-10-13,654,11,PatchTST,XGBoost,61.7679557800293,55.04264831542969,6.725307464599609
Multivariate+Exogenous,exogenous,Brent Oil,Com_BrentCrudeOil,tscv,24,2025-10-20,655,12,PatchTST,XGBoost,63.904998779296875,56.26083755493164,7.644161224365234
Multivariate+Exogenous,exogenous,Brent Oil,Com_BrentCrudeOil,tscv,24,2025-08-04,644,1,PatchTST,LightGBM,67.10191345214844,62.30563735961914,4.796276092529297
Multivariate+Exogenous,exogenous,Brent Oil,Com_BrentCrudeOil,tscv,24,2025-08-11,645,2,PatchTST,LightGBM,66.15612030029297,59.8537483215332,6.302371978759766
Multivariate+Exogenous,exogenous,Brent Oil,Com_BrentCrudeOil,tscv,24,2025-08-18,646,3,PatchTST,LightGBM,67.08045196533203,59.75029373168945,7.330158233642578
Multivariate+Exogenous,exogenous,Brent Oil,Com_BrentCrudeOil,tscv,24,2025-08-25,647,4,PatchTST,LightGBM,67.60226440429688,58.20341873168945,9.398845672607422
Multivariate+Exogenous,exogenous,Brent Oil,Com_BrentCrudeOil,tscv,24,2025-09-01,648,5,PatchTST,LightGBM,67.27151489257812,56.87847900390625,10.393035888671875
Multivariate+Exogenous,exogenous,Brent Oil,Com_BrentCrudeOil,tscv,24,2025-09-08,649,6,PatchTST,LightGBM,66.77435302734375,58.34736251831055,8.426990509033203
Multivariate+Exogenous,exogenous,Brent Oil,Com_BrentCrudeOil,tscv,24,2025-09-15,650,7,PatchTST,LightGBM,67.5166015625,52.548423767089844,14.968177795410156
Multivariate+Exogenous,exogenous,Brent Oil,Com_BrentCrudeOil,tscv,24,2025-09-22,651,8,PatchTST,LightGBM,68.50713348388672,52.33046340942383,16.17667007446289
Multivariate+Exogenous,exogenous,Brent Oil,Com_BrentCrudeOil,tscv,24,2025-09-29,652,9,PatchTST,LightGBM,65.30098724365234,52.15853500366211,13.142452239990234
Multivariate+Exogenous,exogenous,Brent Oil,Com_BrentCrudeOil,tscv,24,2025-10-06,653,10,PatchTST,LightGBM,64.48927307128906,51.823280334472656,12.665992736816406
Multivariate+Exogenous,exogenous,Brent Oil,Com_BrentCrudeOil,tscv,24,2025-10-13,654,11,PatchTST,LightGBM,61.7679557800293,53.391014099121094,8.376941680908203
Multivariate+Exogenous,exogenous,Brent Oil,Com_BrentCrudeOil,tscv,24,2025-10-20,655,12,PatchTST,LightGBM,63.904998779296875,56.54781723022461,7.357181549072266
Multivariate+Exogenous,exogenous,Brent Oil,Com_BrentCrudeOil,holdout,1,2025-10-27,656,1,PatchTST,-,64.5328598022461,65.51701354980469,-0.9841537475585938
Multivariate+Exogenous,exogenous,Brent Oil,Com_BrentCrudeOil,holdout,1,2025-11-03,657,2,PatchTST,-,63.94032669067383,65.79097747802734,-1.8506507873535156
Multivariate+Exogenous,exogenous,Brent Oil,Com_BrentCrudeOil,holdout,1,2025-11-10,658,3,PatchTST,-,63.92447280883789,66.9468765258789,-3.0224037170410156
Multivariate+Exogenous,exogenous,Brent Oil,Com_BrentCrudeOil,holdout,1,2025-11-17,659,4,PatchTST,-,63.38262939453125,62.783565521240234,0.5990638732910156
Multivariate+Exogenous,exogenous,Brent Oil,Com_BrentCrudeOil,holdout,1,2025-11-24,660,5,PatchTST,-,62.65865707397461,64.98878479003906,-2.330127716064453
Multivariate+Exogenous,exogenous,Brent Oil,Com_BrentCrudeOil,holdout,1,2025-12-01,661,6,PatchTST,-,63.27702713012695,64.245361328125,-0.9683341979980469
Multivariate+Exogenous,exogenous,Brent Oil,Com_BrentCrudeOil,holdout,1,2025-12-08,662,7,PatchTST,-,61.66008758544922,63.39339065551758,-1.7333030700683594
Multivariate+Exogenous,exogenous,Brent Oil,Com_BrentCrudeOil,holdout,1,2025-12-15,663,8,PatchTST,-,60.13292694091797,67.65086364746094,-7.517936706542969
Multivariate+Exogenous,exogenous,Brent Oil,Com_BrentCrudeOil,holdout,1,2025-12-22,664,9,PatchTST,-,61.52321243286133,66.28759002685547,-4.764377593994141
Multivariate+Exogenous,exogenous,Brent Oil,Com_BrentCrudeOil,holdout,1,2025-12-29,665,10,PatchTST,-,60.96549987792969,66.968017578125,-6.0025177001953125
Multivariate+Exogenous,exogenous,Brent Oil,Com_BrentCrudeOil,holdout,1,2026-01-05,666,11,PatchTST,-,62.07210159301758,66.48975372314453,-4.417652130126953
Multivariate+Exogenous,exogenous,Brent Oil,Com_BrentCrudeOil,holdout,1,2026-01-12,667,12,PatchTST,-,64.25517272949219,63.829219818115234,0.4259529113769531
Multivariate+Exogenous,exogenous,Brent Oil,Com_BrentCrudeOil,holdout,1,2025-10-27,656,1,PatchTST,NLinear,64.5328598022461,70.35225677490234,-5.81939697265625
Multivariate+Exogenous,exogenous,Brent Oil,Com_BrentCrudeOil,holdout,1,2025-11-03,657,2,PatchTST,NLinear,63.94032669067383,69.17587280273438,-5.235546112060547
Multivariate+Exogenous,exogenous,Brent Oil,Com_BrentCrudeOil,holdout,1,2025-11-10,658,3,PatchTST,NLinear,63.92447280883789,69.28367614746094,-5.359203338623047
Multivariate+Exogenous,exogenous,Brent Oil,Com_BrentCrudeOil,holdout,1,2025-11-17,659,4,PatchTST,NLinear,63.38262939453125,64.39795684814453,-1.0153274536132812
Multivariate+Exogenous,exogenous,Brent Oil,Com_BrentCrudeOil,holdout,1,2025-11-24,660,5,PatchTST,NLinear,62.65865707397461,66.6493911743164,-3.990734100341797
Multivariate+Exogenous,exogenous,Brent Oil,Com_BrentCrudeOil,holdout,1,2025-12-01,661,6,PatchTST,NLinear,63.27702713012695,67.39730834960938,-4.120281219482422
Multivariate+Exogenous,exogenous,Brent Oil,Com_BrentCrudeOil,holdout,1,2025-12-08,662,7,PatchTST,NLinear,61.66008758544922,67.23080444335938,-5.570716857910156
Multivariate+Exogenous,exogenous,Brent Oil,Com_BrentCrudeOil,holdout,1,2025-12-15,663,8,PatchTST,NLinear,60.13292694091797,70.74104309082031,-10.608116149902344
Multivariate+Exogenous,exogenous,Brent Oil,Com_BrentCrudeOil,holdout,1,2025-12-22,664,9,PatchTST,NLinear,61.52321243286133,69.1714096069336,-7.648197174072266
Multivariate+Exogenous,exogenous,Brent Oil,Com_BrentCrudeOil,holdout,1,2025-12-29,665,10,PatchTST,NLinear,60.96549987792969,69.38253021240234,-8.417030334472656
Multivariate+Exogenous,exogenous,Brent Oil,Com_BrentCrudeOil,holdout,1,2026-01-05,666,11,PatchTST,NLinear,62.07210159301758,67.83246612548828,-5.760364532470703
Multivariate+Exogenous,exogenous,Brent Oil,Com_BrentCrudeOil,holdout,1,2026-01-12,667,12,PatchTST,NLinear,64.25517272949219,65.28253173828125,-1.0273590087890625
Multivariate+Exogenous,exogenous,Brent Oil,Com_BrentCrudeOil,holdout,1,2025-10-27,656,1,PatchTST,iTransformer,64.5328598022461,72.26675415039062,-7.733894348144531
Multivariate+Exogenous,exogenous,Brent Oil,Com_BrentCrudeOil,holdout,1,2025-11-03,657,2,PatchTST,iTransformer,63.94032669067383,72.02942657470703,-8.089099884033203
Multivariate+Exogenous,exogenous,Brent Oil,Com_BrentCrudeOil,holdout,1,2025-11-10,658,3,PatchTST,iTransformer,63.92447280883789,73.47563934326172,-9.551166534423828
Multivariate+Exogenous,exogenous,Brent Oil,Com_BrentCrudeOil,holdout,1,2025-11-17,659,4,PatchTST,iTransformer,63.38262939453125,69.28533172607422,-5.902702331542969
Multivariate+Exogenous,exogenous,Brent Oil,Com_BrentCrudeOil,holdout,1,2025-11-24,660,5,PatchTST,iTransformer,62.65865707397461,70.79972076416016,-8.141063690185547
Multivariate+Exogenous,exogenous,Brent Oil,Com_BrentCrudeOil,holdout,1,2025-12-01,661,6,PatchTST,iTransformer,63.27702713012695,70.8753890991211,-7.598361968994141
Multivariate+Exogenous,exogenous,Brent Oil,Com_BrentCrudeOil,holdout,1,2025-12-08,662,7,PatchTST,iTransformer,61.66008758544922,70.10028076171875,-8.440193176269531
Multivariate+Exogenous,exogenous,Brent Oil,Com_BrentCrudeOil,holdout,1,2025-12-15,663,8,PatchTST,iTransformer,60.13292694091797,74.0374526977539,-13.904525756835938
Multivariate+Exogenous,exogenous,Brent Oil,Com_BrentCrudeOil,holdout,1,2025-12-22,664,9,PatchTST,iTransformer,61.52321243286133,73.43498992919922,-11.91177749633789
Multivariate+Exogenous,exogenous,Brent Oil,Com_BrentCrudeOil,holdout,1,2025-12-29,665,10,PatchTST,iTransformer,60.96549987792969,73.50997924804688,-12.544479370117188
Multivariate+Exogenous,exogenous,Brent Oil,Com_BrentCrudeOil,holdout,1,2026-01-05,666,11,PatchTST,iTransformer,62.07210159301758,73.47206115722656,-11.399959564208984
Multivariate+Exogenous,exogenous,Brent Oil,Com_BrentCrudeOil,holdout,1,2026-01-12,667,12,PatchTST,iTransformer,64.25517272949219,70.98905181884766,-6.733879089355469
Multivariate+Exogenous,exogenous,Brent Oil,Com_BrentCrudeOil,holdout,1,2025-10-27,656,1,PatchTST,XGBoost,64.5328598022461,70.60419464111328,-6.0713348388671875
Multivariate+Exogenous,exogenous,Brent Oil,Com_BrentCrudeOil,holdout,1,2025-11-03,657,2,PatchTST,XGBoost,63.94032669067383,72.13578796386719,-8.19546127319336
Multivariate+Exogenous,exogenous,Brent Oil,Com_BrentCrudeOil,holdout,1,2025-11-10,658,3,PatchTST,XGBoost,63.92447280883789,72.04292297363281,-8.118450164794922
Multivariate+Exogenous,exogenous,Brent Oil,Com_BrentCrudeOil,holdout,1,2025-11-17,659,4,PatchTST,XGBoost,63.38262939453125,65.00467681884766,-1.6220474243164062
Multivariate+Exogenous,exogenous,Brent Oil,Com_BrentCrudeOil,holdout,1,2025-11-24,660,5,PatchTST,XGBoost,62.65865707397461,69.3340835571289,-6.675426483154297
Multivariate+Exogenous,exogenous,Brent Oil,Com_BrentCrudeOil,holdout,1,2025-12-01,661,6,PatchTST,XGBoost,63.27702713012695,69.32665252685547,-6.049625396728516
Multivariate+Exogenous,exogenous,Brent Oil,Com_BrentCrudeOil,holdout,1,2025-12-08,662,7,PatchTST,XGBoost,61.66008758544922,67.75991821289062,-6.099830627441406
Multivariate+Exogenous,exogenous,Brent Oil,Com_BrentCrudeOil,holdout,1,2025-12-15,663,8,PatchTST,XGBoost,60.13292694091797,72.31184387207031,-12.178916931152344
Multivariate+Exogenous,exogenous,Brent Oil,Com_BrentCrudeOil,holdout,1,2025-12-22,664,9,PatchTST,XGBoost,61.52321243286133,69.95146179199219,-8.42824935913086
Multivariate+Exogenous,exogenous,Brent Oil,Com_BrentCrudeOil,holdout,1,2025-12-29,665,10,PatchTST,XGBoost,60.96549987792969,71.3719711303711,-10.406471252441406
Multivariate+Exogenous,exogenous,Brent Oil,Com_BrentCrudeOil,holdout,1,2026-01-05,666,11,PatchTST,XGBoost,62.07210159301758,68.17472076416016,-6.102619171142578
Multivariate+Exogenous,exogenous,Brent Oil,Com_BrentCrudeOil,holdout,1,2026-01-12,667,12,PatchTST,XGBoost,64.25517272949219,65.52513122558594,-1.26995849609375
Multivariate+Exogenous,exogenous,Brent Oil,Com_BrentCrudeOil,holdout,1,2025-10-27,656,1,PatchTST,LightGBM,64.5328598022461,70.92030334472656,-6.387443542480469
Multivariate+Exogenous,exogenous,Brent Oil,Com_BrentCrudeOil,holdout,1,2025-11-03,657,2,PatchTST,LightGBM,63.94032669067383,71.19426727294922,-7.253940582275391
Multivariate+Exogenous,exogenous,Brent Oil,Com_BrentCrudeOil,holdout,1,2025-11-10,658,3,PatchTST,LightGBM,63.92447280883789,70.6432113647461,-6.718738555908203
Multivariate+Exogenous,exogenous,Brent Oil,Com_BrentCrudeOil,holdout,1,2025-11-17,659,4,PatchTST,LightGBM,63.38262939453125,66.47990417480469,-3.0972747802734375
Multivariate+Exogenous,exogenous,Brent Oil,Com_BrentCrudeOil,holdout,1,2025-11-24,660,5,PatchTST,LightGBM,62.65865707397461,70.39207458496094,-7.733417510986328
Multivariate+Exogenous,exogenous,Brent Oil,Com_BrentCrudeOil,holdout,1,2025-12-01,661,6,PatchTST,LightGBM,63.27702713012695,69.64865112304688,-6.371623992919922
Multivariate+Exogenous,exogenous,Brent Oil,Com_BrentCrudeOil,holdout,1,2025-12-08,662,7,PatchTST,LightGBM,61.66008758544922,68.79667663574219,-7.136589050292969
Multivariate+Exogenous,exogenous,Brent Oil,Com_BrentCrudeOil,holdout,1,2025-12-15,663,8,PatchTST,LightGBM,60.13292694091797,73.05415344238281,-12.921226501464844
Multivariate+Exogenous,exogenous,Brent Oil,Com_BrentCrudeOil,holdout,1,2025-12-22,664,9,PatchTST,LightGBM,61.52321243286133,69.98392486572266,-8.460712432861328
Multivariate+Exogenous,exogenous,Brent Oil,Com_BrentCrudeOil,holdout,1,2025-12-29,665,10,PatchTST,LightGBM,60.96549987792969,72.37130737304688,-11.405807495117188
Multivariate+Exogenous,exogenous,Brent Oil,Com_BrentCrudeOil,holdout,1,2026-01-05,666,11,PatchTST,LightGBM,62.07210159301758,70.18608856201172,-8.11398696899414
Multivariate+Exogenous,exogenous,Brent Oil,Com_BrentCrudeOil,holdout,1,2026-01-12,667,12,PatchTST,LightGBM,64.25517272949219,67.52555847167969,-3.2703857421875
