n_features,cv_rmse
10,8.06903346685748
15,9.00752420255527
20,9.059408340102856
25,10.207766709225165
30,10.12445456795302
40,9.938660903777299
55,10.20927781825159
