Target,TargetColumn,EvalSplit,WindowId,Date,RawPosition,HorizonStep,Baseline,ResidualModel,Actual,Prediction,Error
WTI Oil,Com_CrudeOil,tscv,1,2023-10-30,552,1,PatchTST,-,80.93399810791016,66.84632110595703,14.087677001953125
WTI Oil,Com_CrudeOil,tscv,1,2023-11-06,553,2,PatchTST,-,77.04000091552734,66.58086395263672,10.459136962890625
WTI Oil,Com_CrudeOil,tscv,1,2023-11-13,554,3,PatchTST,-,76.41400146484375,66.18910217285156,10.224899291992188
WTI Oil,Com_CrudeOil,tscv,1,2023-11-20,555,4,PatchTST,-,77.20999908447266,66.64984130859375,10.560157775878906
WTI Oil,Com_CrudeOil,tscv,1,2023-11-27,556,5,PatchTST,-,75.99400329589844,66.5625228881836,9.431480407714844
WTI Oil,Com_CrudeOil,tscv,1,2023-12-04,557,6,PatchTST,-,71.30599975585938,66.4736557006836,4.832344055175781
WTI Oil,Com_CrudeOil,tscv,1,2023-12-11,558,7,PatchTST,-,70.76399993896484,66.49449157714844,4.269508361816406
WTI Oil,Com_CrudeOil,tscv,1,2023-12-18,559,8,PatchTST,-,73.68599700927734,66.1559066772461,7.53009033203125
WTI Oil,Com_CrudeOil,tscv,1,2023-12-25,560,9,PatchTST,-,73.2750015258789,66.13079833984375,7.144203186035156
WTI Oil,Com_CrudeOil,tscv,1,2024-01-01,561,10,PatchTST,-,72.2699966430664,66.25468444824219,6.015312194824219
WTI Oil,Com_CrudeOil,tscv,1,2024-01-08,562,11,PatchTST,-,71.9800033569336,66.01097869873047,5.969024658203125
WTI Oil,Com_CrudeOil,tscv,1,2024-01-15,563,12,PatchTST,-,72.99749755859375,66.0749740600586,6.922523498535156
WTI Oil,Com_CrudeOil,tscv,1,2023-10-30,552,1,PatchTST,NLinear,80.93399810791016,70.97823333740234,9.955764770507812
WTI Oil,Com_CrudeOil,tscv,1,2023-11-06,553,2,PatchTST,NLinear,77.04000091552734,72.11273193359375,4.927268981933594
WTI Oil,Com_CrudeOil,tscv,1,2023-11-13,554,3,PatchTST,NLinear,76.41400146484375,71.44055938720703,4.973442077636719
WTI Oil,Com_CrudeOil,tscv,1,2023-11-20,555,4,PatchTST,NLinear,77.20999908447266,72.92803955078125,4.281959533691406
WTI Oil,Com_CrudeOil,tscv,1,2023-11-27,556,5,PatchTST,NLinear,75.99400329589844,68.9853744506836,7.008628845214844
WTI Oil,Com_CrudeOil,tscv,1,2023-12-04,557,6,PatchTST,NLinear,71.30599975585938,69.23580932617188,2.0701904296875
WTI Oil,Com_CrudeOil,tscv,1,2023-12-11,558,7,PatchTST,NLinear,70.76399993896484,70.74589538574219,0.01810455322265625
WTI Oil,Com_CrudeOil,tscv,1,2023-12-18,559,8,PatchTST,NLinear,73.68599700927734,70.13522338867188,3.5507736206054688
WTI Oil,Com_CrudeOil,tscv,1,2023-12-25,560,9,PatchTST,NLinear,73.2750015258789,71.13372039794922,2.1412811279296875
WTI Oil,Com_CrudeOil,tscv,1,2024-01-01,561,10,PatchTST,NLinear,72.2699966430664,70.61227416992188,1.6577224731445312
WTI Oil,Com_CrudeOil,tscv,1,2024-01-08,562,11,PatchTST,NLinear,71.9800033569336,68.01558685302734,3.96441650390625
WTI Oil,Com_CrudeOil,tscv,1,2024-01-15,563,12,PatchTST,NLinear,72.99749755859375,67.49422454833984,5.503273010253906
WTI Oil,Com_CrudeOil,tscv,1,2023-10-30,552,1,PatchTST,XGBoost,80.93399810791016,87.8833236694336,-6.9493255615234375
WTI Oil,Com_CrudeOil,tscv,1,2023-11-06,553,2,PatchTST,XGBoost,77.04000091552734,93.14321899414062,-16.10321807861328
WTI Oil,Com_CrudeOil,tscv,1,2023-11-13,554,3,PatchTST,XGBoost,76.41400146484375,89.67620849609375,-13.26220703125
WTI Oil,Com_CrudeOil,tscv,1,2023-11-20,555,4,PatchTST,XGBoost,77.20999908447266,88.16283416748047,-10.952835083007812
WTI Oil,Com_CrudeOil,tscv,1,2023-11-27,556,5,PatchTST,XGBoost,75.99400329589844,90.31732177734375,-14.323318481445312
WTI Oil,Com_CrudeOil,tscv,1,2023-12-04,557,6,PatchTST,XGBoost,71.30599975585938,84.2105941772461,-12.904594421386719
WTI Oil,Com_CrudeOil,tscv,1,2023-12-11,558,7,PatchTST,XGBoost,70.76399993896484,87.27728271484375,-16.513282775878906
WTI Oil,Com_CrudeOil,tscv,1,2023-12-18,559,8,PatchTST,XGBoost,73.68599700927734,86.58154296875,-12.895545959472656
WTI Oil,Com_CrudeOil,tscv,1,2023-12-25,560,9,PatchTST,XGBoost,73.2750015258789,86.27920532226562,-13.004203796386719
WTI Oil,Com_CrudeOil,tscv,1,2024-01-01,561,10,PatchTST,XGBoost,72.2699966430664,86.55805969238281,-14.288063049316406
WTI Oil,Com_CrudeOil,tscv,1,2024-01-08,562,11,PatchTST,XGBoost,71.9800033569336,84.38884735107422,-12.408843994140625
WTI Oil,Com_CrudeOil,tscv,1,2024-01-15,563,12,PatchTST,XGBoost,72.99749755859375,84.69986724853516,-11.702369689941406
WTI Oil,Com_CrudeOil,tscv,1,2023-10-30,552,1,PatchTST,LightGBM,80.93399810791016,93.75970458984375,-12.825706481933594
WTI Oil,Com_CrudeOil,tscv,1,2023-11-06,553,2,PatchTST,LightGBM,77.04000091552734,91.53608703613281,-14.496086120605469
WTI Oil,Com_CrudeOil,tscv,1,2023-11-13,554,3,PatchTST,LightGBM,76.41400146484375,90.45992279052734,-14.045921325683594
WTI Oil,Com_CrudeOil,tscv,1,2023-11-20,555,4,PatchTST,LightGBM,77.20999908447266,88.38581085205078,-11.175811767578125
WTI Oil,Com_CrudeOil,tscv,1,2023-11-27,556,5,PatchTST,LightGBM,75.99400329589844,87.92411041259766,-11.930107116699219
WTI Oil,Com_CrudeOil,tscv,1,2023-12-04,557,6,PatchTST,LightGBM,71.30599975585938,87.58840942382812,-16.28240966796875
WTI Oil,Com_CrudeOil,tscv,1,2023-12-11,558,7,PatchTST,LightGBM,70.76399993896484,88.6972427368164,-17.933242797851562
WTI Oil,Com_CrudeOil,tscv,1,2023-12-18,559,8,PatchTST,LightGBM,73.68599700927734,85.12979125976562,-11.443794250488281
WTI Oil,Com_CrudeOil,tscv,1,2023-12-25,560,9,PatchTST,LightGBM,73.2750015258789,85.43855285644531,-12.163551330566406
WTI Oil,Com_CrudeOil,tscv,1,2024-01-01,561,10,PatchTST,LightGBM,72.2699966430664,84.6334228515625,-12.363426208496094
WTI Oil,Com_CrudeOil,tscv,1,2024-01-08,562,11,PatchTST,LightGBM,71.9800033569336,84.357177734375,-12.377174377441406
WTI Oil,Com_CrudeOil,tscv,1,2024-01-15,563,12,PatchTST,LightGBM,72.99749755859375,84.19078063964844,-11.193283081054688
WTI Oil,Com_CrudeOil,tscv,2,2023-11-27,556,1,PatchTST,-,75.99400329589844,63.1153450012207,12.878658294677734
WTI Oil,Com_CrudeOil,tscv,2,2023-12-04,557,2,PatchTST,-,71.30599975585938,62.96981430053711,8.336185455322266
WTI Oil,Com_CrudeOil,tscv,2,2023-12-11,558,3,PatchTST,-,70.76399993896484,62.873130798339844,7.890869140625
WTI Oil,Com_CrudeOil,tscv,2,2023-12-18,559,4,PatchTST,-,73.68599700927734,62.785240173339844,10.9007568359375
WTI Oil,Com_CrudeOil,tscv,2,2023-12-25,560,5,PatchTST,-,73.2750015258789,62.66878890991211,10.606212615966797
WTI Oil,Com_CrudeOil,tscv,2,2024-01-01,561,6,PatchTST,-,72.2699966430664,62.573848724365234,9.696147918701172
WTI Oil,Com_CrudeOil,tscv,2,2024-01-08,562,7,PatchTST,-,71.9800033569336,62.44190216064453,9.538101196289062
WTI Oil,Com_CrudeOil,tscv,2,2024-01-15,563,8,PatchTST,-,72.99749755859375,62.44356155395508,10.553936004638672
WTI Oil,Com_CrudeOil,tscv,2,2024-01-22,564,9,PatchTST,-,75.79000091552734,62.278446197509766,13.511554718017578
WTI Oil,Com_CrudeOil,tscv,2,2024-01-29,565,10,PatchTST,-,75.2239990234375,62.270389556884766,12.953609466552734
WTI Oil,Com_CrudeOil,tscv,2,2024-02-05,566,11,PatchTST,-,74.552001953125,61.76083755493164,12.79116439819336
WTI Oil,Com_CrudeOil,tscv,2,2024-02-12,567,12,PatchTST,-,77.04000091552734,62.19792556762695,14.84207534790039
WTI Oil,Com_CrudeOil,tscv,2,2023-11-27,556,1,PatchTST,NLinear,75.99400329589844,67.10839080810547,8.885612487792969
WTI Oil,Com_CrudeOil,tscv,2,2023-12-04,557,2,PatchTST,NLinear,71.30599975585938,67.6966323852539,3.6093673706054688
WTI Oil,Com_CrudeOil,tscv,2,2023-12-11,558,3,PatchTST,NLinear,70.76399993896484,66.78376770019531,3.9802322387695312
WTI Oil,Com_CrudeOil,tscv,2,2023-12-18,559,4,PatchTST,NLinear,73.68599700927734,68.87687683105469,4.809120178222656
WTI Oil,Com_CrudeOil,tscv,2,2023-12-25,560,5,PatchTST,NLinear,73.2750015258789,66.8604736328125,6.414527893066406
WTI Oil,Com_CrudeOil,tscv,2,2024-01-01,561,6,PatchTST,NLinear,72.2699966430664,65.35647583007812,6.913520812988281
WTI Oil,Com_CrudeOil,tscv,2,2024-01-08,562,7,PatchTST,NLinear,71.9800033569336,65.8614501953125,6.118553161621094
WTI Oil,Com_CrudeOil,tscv,2,2024-01-15,563,8,PatchTST,NLinear,72.99749755859375,65.00135040283203,7.996147155761719
WTI Oil,Com_CrudeOil,tscv,2,2024-01-22,564,9,PatchTST,NLinear,75.79000091552734,66.36386108398438,9.426139831542969
WTI Oil,Com_CrudeOil,tscv,2,2024-01-29,565,10,PatchTST,NLinear,75.2239990234375,64.48885345458984,10.735145568847656
WTI Oil,Com_CrudeOil,tscv,2,2024-02-05,566,11,PatchTST,NLinear,74.552001953125,65.3143310546875,9.2376708984375
WTI Oil,Com_CrudeOil,tscv,2,2024-02-12,567,12,PatchTST,NLinear,77.04000091552734,64.68054962158203,12.359451293945312
WTI Oil,Com_CrudeOil,tscv,2,2023-11-27,556,1,PatchTST,XGBoost,75.99400329589844,78.99864196777344,-3.004638671875
WTI Oil,Com_CrudeOil,tscv,2,2023-12-04,557,2,PatchTST,XGBoost,71.30599975585938,82.48863983154297,-11.182640075683594
WTI Oil,Com_CrudeOil,tscv,2,2023-12-11,558,3,PatchTST,XGBoost,70.76399993896484,83.26805114746094,-12.504051208496094
WTI Oil,Com_CrudeOil,tscv,2,2023-12-18,559,4,PatchTST,XGBoost,73.68599700927734,82.07023620605469,-8.384239196777344
WTI Oil,Com_CrudeOil,tscv,2,2023-12-25,560,5,PatchTST,XGBoost,73.2750015258789,82.3088607788086,-9.033859252929688
WTI Oil,Com_CrudeOil,tscv,2,2024-01-01,561,6,PatchTST,XGBoost,72.2699966430664,81.8530502319336,-9.583053588867188
WTI Oil,Com_CrudeOil,tscv,2,2024-01-08,562,7,PatchTST,XGBoost,71.9800033569336,81.02322387695312,-9.043220520019531
WTI Oil,Com_CrudeOil,tscv,2,2024-01-15,563,8,PatchTST,XGBoost,72.99749755859375,81.280517578125,-8.28302001953125
WTI Oil,Com_CrudeOil,tscv,2,2024-01-22,564,9,PatchTST,XGBoost,75.79000091552734,81.22937774658203,-5.4393768310546875
WTI Oil,Com_CrudeOil,tscv,2,2024-01-29,565,10,PatchTST,XGBoost,75.2239990234375,80.53901672363281,-5.3150177001953125
WTI Oil,Com_CrudeOil,tscv,2,2024-02-05,566,11,PatchTST,XGBoost,74.552001953125,79.86510467529297,-5.313102722167969
WTI Oil,Com_CrudeOil,tscv,2,2024-02-12,567,12,PatchTST,XGBoost,77.04000091552734,80.15824890136719,-3.1182479858398438
WTI Oil,Com_CrudeOil,tscv,2,2023-11-27,556,1,PatchTST,LightGBM,75.99400329589844,81.53025817871094,-5.5362548828125
WTI Oil,Com_CrudeOil,tscv,2,2023-12-04,557,2,PatchTST,LightGBM,71.30599975585938,83.09620666503906,-11.790206909179688
WTI Oil,Com_CrudeOil,tscv,2,2023-12-11,558,3,PatchTST,LightGBM,70.76399993896484,83.0905532836914,-12.326553344726562
WTI Oil,Com_CrudeOil,tscv,2,2023-12-18,559,4,PatchTST,LightGBM,73.68599700927734,82.7913589477539,-9.105361938476562
WTI Oil,Com_CrudeOil,tscv,2,2023-12-25,560,5,PatchTST,LightGBM,73.2750015258789,83.69613647460938,-10.421134948730469
WTI Oil,Com_CrudeOil,tscv,2,2024-01-01,561,6,PatchTST,LightGBM,72.2699966430664,81.09429931640625,-8.824302673339844
WTI Oil,Com_CrudeOil,tscv,2,2024-01-08,562,7,PatchTST,LightGBM,71.9800033569336,81.23764038085938,-9.257637023925781
WTI Oil,Com_CrudeOil,tscv,2,2024-01-15,563,8,PatchTST,LightGBM,72.99749755859375,80.92579650878906,-7.9282989501953125
WTI Oil,Com_CrudeOil,tscv,2,2024-01-22,564,9,PatchTST,LightGBM,75.79000091552734,81.15394592285156,-5.363945007324219
WTI Oil,Com_CrudeOil,tscv,2,2024-01-29,565,10,PatchTST,LightGBM,75.2239990234375,80.62150573730469,-5.3975067138671875
WTI Oil,Com_CrudeOil,tscv,2,2024-02-05,566,11,PatchTST,LightGBM,74.552001953125,79.90950012207031,-5.3574981689453125
WTI Oil,Com_CrudeOil,tscv,2,2024-02-12,567,12,PatchTST,LightGBM,77.04000091552734,80.51129150390625,-3.4712905883789062
WTI Oil,Com_CrudeOil,tscv,3,2023-12-25,560,1,PatchTST,-,73.2750015258789,61.771236419677734,11.503765106201172
WTI Oil,Com_CrudeOil,tscv,3,2024-01-01,561,2,PatchTST,-,72.2699966430664,61.727577209472656,10.54241943359375
WTI Oil,Com_CrudeOil,tscv,3,2024-01-08,562,3,PatchTST,-,71.9800033569336,61.781917572021484,10.19808578491211
WTI Oil,Com_CrudeOil,tscv,3,2024-01-15,563,4,PatchTST,-,72.99749755859375,61.69813919067383,11.299358367919922
WTI Oil,Com_CrudeOil,tscv,3,2024-01-22,564,5,PatchTST,-,75.79000091552734,61.53207778930664,14.257923126220703
WTI Oil,Com_CrudeOil,tscv,3,2024-01-29,565,6,PatchTST,-,75.2239990234375,61.605960845947266,13.618038177490234
WTI Oil,Com_CrudeOil,tscv,3,2024-02-05,566,7,PatchTST,-,74.552001953125,61.342628479003906,13.209373474121094
WTI Oil,Com_CrudeOil,tscv,3,2024-02-12,567,8,PatchTST,-,77.04000091552734,61.24146270751953,15.798538208007812
WTI Oil,Com_CrudeOil,tscv,3,2024-02-19,568,9,PatchTST,-,76.98500061035156,61.259361267089844,15.725639343261719
WTI Oil,Com_CrudeOil,tscv,3,2024-02-26,569,10,PatchTST,-,77.93800354003906,61.26422119140625,16.673782348632812
WTI Oil,Com_CrudeOil,tscv,3,2024-03-04,570,11,PatchTST,-,77.96199798583984,61.01891326904297,16.943084716796875
WTI Oil,Com_CrudeOil,tscv,3,2024-03-11,571,12,PatchTST,-,79.08000183105469,60.98938751220703,18.090614318847656
WTI Oil,Com_CrudeOil,tscv,3,2023-12-25,560,1,PatchTST,NLinear,73.2750015258789,64.79046630859375,8.484535217285156
WTI Oil,Com_CrudeOil,tscv,3,2024-01-01,561,2,PatchTST,NLinear,72.2699966430664,67.26651763916016,5.00347900390625
WTI Oil,Com_CrudeOil,tscv,3,2024-01-08,562,3,PatchTST,NLinear,71.9800033569336,65.92332458496094,6.056678771972656
WTI Oil,Com_CrudeOil,tscv,3,2024-01-15,563,4,PatchTST,NLinear,72.99749755859375,67.7084732055664,5.289024353027344
WTI Oil,Com_CrudeOil,tscv,3,2024-01-22,564,5,PatchTST,NLinear,75.79000091552734,64.77239227294922,11.017608642578125
WTI Oil,Com_CrudeOil,tscv,3,2024-01-29,565,6,PatchTST,NLinear,75.2239990234375,67.28275299072266,7.941246032714844
WTI Oil,Com_CrudeOil,tscv,3,2024-02-05,566,7,PatchTST,NLinear,74.552001953125,66.91680908203125,7.63519287109375
WTI Oil,Com_CrudeOil,tscv,3,2024-02-12,567,8,PatchTST,NLinear,77.04000091552734,67.28657531738281,9.753425598144531
WTI Oil,Com_CrudeOil,tscv,3,2024-02-19,568,9,PatchTST,NLinear,76.98500061035156,64.00410461425781,12.98089599609375
WTI Oil,Com_CrudeOil,tscv,3,2024-02-26,569,10,PatchTST,NLinear,77.93800354003906,64.81930541992188,13.118698120117188
WTI Oil,Com_CrudeOil,tscv,3,2024-03-04,570,11,PatchTST,NLinear,77.96199798583984,66.98343658447266,10.978561401367188
WTI Oil,Com_CrudeOil,tscv,3,2024-03-11,571,12,PatchTST,NLinear,79.08000183105469,65.91667175292969,13.163330078125
WTI Oil,Com_CrudeOil,tscv,3,2023-12-25,560,1,PatchTST,XGBoost,73.2750015258789,80.91057586669922,-7.6355743408203125
WTI Oil,Com_CrudeOil,tscv,3,2024-01-01,561,2,PatchTST,XGBoost,72.2699966430664,80.6015853881836,-8.331588745117188
WTI Oil,Com_CrudeOil,tscv,3,2024-01-08,562,3,PatchTST,XGBoost,71.9800033569336,80.00637817382812,-8.026374816894531
WTI Oil,Com_CrudeOil,tscv,3,2024-01-15,563,4,PatchTST,XGBoost,72.99749755859375,80.30421447753906,-7.3067169189453125
WTI Oil,Com_CrudeOil,tscv,3,2024-01-22,564,5,PatchTST,XGBoost,75.79000091552734,80.2905044555664,-4.5005035400390625
WTI Oil,Com_CrudeOil,tscv,3,2024-01-29,565,6,PatchTST,XGBoost,75.2239990234375,79.89737701416016,-4.673377990722656
WTI Oil,Com_CrudeOil,tscv,3,2024-02-05,566,7,PatchTST,XGBoost,74.552001953125,79.697509765625,-5.1455078125
WTI Oil,Com_CrudeOil,tscv,3,2024-02-12,567,8,PatchTST,XGBoost,77.04000091552734,79.52960205078125,-2.4896011352539062
WTI Oil,Com_CrudeOil,tscv,3,2024-02-19,568,9,PatchTST,XGBoost,76.98500061035156,80.72956085205078,-3.7445602416992188
WTI Oil,Com_CrudeOil,tscv,3,2024-02-26,569,10,PatchTST,XGBoost,77.93800354003906,79.50068664550781,-1.56268310546875
WTI Oil,Com_CrudeOil,tscv,3,2024-03-04,570,11,PatchTST,XGBoost,77.96199798583984,79.56690979003906,-1.6049118041992188
WTI Oil,Com_CrudeOil,tscv,3,2024-03-11,571,12,PatchTST,XGBoost,79.08000183105469,80.18431091308594,-1.10430908203125
WTI Oil,Com_CrudeOil,tscv,3,2023-12-25,560,1,PatchTST,LightGBM,73.2750015258789,80.8291015625,-7.554100036621094
WTI Oil,Com_CrudeOil,tscv,3,2024-01-01,561,2,PatchTST,LightGBM,72.2699966430664,75.67623138427734,-3.4062347412109375
WTI Oil,Com_CrudeOil,tscv,3,2024-01-08,562,3,PatchTST,LightGBM,71.9800033569336,77.72866821289062,-5.748664855957031
WTI Oil,Com_CrudeOil,tscv,3,2024-01-15,563,4,PatchTST,LightGBM,72.99749755859375,79.46038818359375,-6.462890625
WTI Oil,Com_CrudeOil,tscv,3,2024-01-22,564,5,PatchTST,LightGBM,75.79000091552734,80.58312225341797,-4.793121337890625
WTI Oil,Com_CrudeOil,tscv,3,2024-01-29,565,6,PatchTST,LightGBM,75.2239990234375,79.92237854003906,-4.6983795166015625
WTI Oil,Com_CrudeOil,tscv,3,2024-02-05,566,7,PatchTST,LightGBM,74.552001953125,79.62223815917969,-5.0702362060546875
WTI Oil,Com_CrudeOil,tscv,3,2024-02-12,567,8,PatchTST,LightGBM,77.04000091552734,79.49820709228516,-2.4582061767578125
WTI Oil,Com_CrudeOil,tscv,3,2024-02-19,568,9,PatchTST,LightGBM,76.98500061035156,80.65916442871094,-3.674163818359375
WTI Oil,Com_CrudeOil,tscv,3,2024-02-26,569,10,PatchTST,LightGBM,77.93800354003906,79.64332580566406,-1.705322265625
WTI Oil,Com_CrudeOil,tscv,3,2024-03-04,570,11,PatchTST,LightGBM,77.96199798583984,80.20539093017578,-2.2433929443359375
WTI Oil,Com_CrudeOil,tscv,3,2024-03-11,571,12,PatchTST,LightGBM,79.08000183105469,81.215576171875,-2.1355743408203125
WTI Oil,Com_CrudeOil,tscv,4,2024-01-22,564,1,PatchTST,-,75.79000091552734,62.383445739746094,13.40655517578125
WTI Oil,Com_CrudeOil,tscv,4,2024-01-29,565,2,PatchTST,-,75.2239990234375,62.11283874511719,13.111160278320312
WTI Oil,Com_CrudeOil,tscv,4,2024-02-05,566,3,PatchTST,-,74.552001953125,62.0555534362793,12.496448516845703
WTI Oil,Com_CrudeOil,tscv,4,2024-02-12,567,4,PatchTST,-,77.04000091552734,61.84593963623047,15.194061279296875
WTI Oil,Com_CrudeOil,tscv,4,2024-02-19,568,5,PatchTST,-,76.98500061035156,62.0663948059082,14.91860580444336
WTI Oil,Com_CrudeOil,tscv,4,2024-02-26,569,6,PatchTST,-,77.93800354003906,61.899654388427734,16.038349151611328
WTI Oil,Com_CrudeOil,tscv,4,2024-03-04,570,7,PatchTST,-,77.96199798583984,61.695228576660156,16.266769409179688
WTI Oil,Com_CrudeOil,tscv,4,2024-03-11,571,8,PatchTST,-,79.08000183105469,61.52690505981445,17.553096771240234
WTI Oil,Com_CrudeOil,tscv,4,2024-03-18,572,9,PatchTST,-,81.5719985961914,61.52643585205078,20.045562744140625
WTI Oil,Com_CrudeOil,tscv,4,2024-03-25,573,10,PatchTST,-,82.2426986694336,61.359710693359375,20.88298797607422
WTI Oil,Com_CrudeOil,tscv,4,2024-04-01,574,11,PatchTST,-,85.55799865722656,61.25758361816406,24.3004150390625
WTI Oil,Com_CrudeOil,tscv,4,2024-04-08,575,12,PatchTST,-,85.70999908447266,61.1015510559082,24.608448028564453
WTI Oil,Com_CrudeOil,tscv,4,2024-01-22,564,1,PatchTST,NLinear,75.79000091552734,72.84442901611328,2.9455718994140625
WTI Oil,Com_CrudeOil,tscv,4,2024-01-29,565,2,PatchTST,NLinear,75.2239990234375,71.44577026367188,3.778228759765625
WTI Oil,Com_CrudeOil,tscv,4,2024-02-05,566,3,PatchTST,NLinear,74.552001953125,71.09518432617188,3.456817626953125
WTI Oil,Com_CrudeOil,tscv,4,2024-02-12,567,4,PatchTST,NLinear,77.04000091552734,70.83447265625,6.205528259277344
WTI Oil,Com_CrudeOil,tscv,4,2024-02-19,568,5,PatchTST,NLinear,76.98500061035156,70.95886993408203,6.026130676269531
WTI Oil,Com_CrudeOil,tscv,4,2024-02-26,569,6,PatchTST,NLinear,77.93800354003906,71.90817260742188,6.0298309326171875
WTI Oil,Com_CrudeOil,tscv,4,2024-03-04,570,7,PatchTST,NLinear,77.96199798583984,70.73716735839844,7.224830627441406
WTI Oil,Com_CrudeOil,tscv,4,2024-03-11,571,8,PatchTST,NLinear,79.08000183105469,70.03375244140625,9.046249389648438
WTI Oil,Com_CrudeOil,tscv,4,2024-03-18,572,9,PatchTST,NLinear,81.5719985961914,71.28730773925781,10.284690856933594
WTI Oil,Com_CrudeOil,tscv,4,2024-03-25,573,10,PatchTST,NLinear,82.2426986694336,68.7530288696289,13.489669799804688
WTI Oil,Com_CrudeOil,tscv,4,2024-04-01,574,11,PatchTST,NLinear,85.55799865722656,68.19095611572266,17.367042541503906
WTI Oil,Com_CrudeOil,tscv,4,2024-04-08,575,12,PatchTST,NLinear,85.70999908447266,68.40541076660156,17.304588317871094
WTI Oil,Com_CrudeOil,tscv,4,2024-01-22,564,1,PatchTST,XGBoost,75.79000091552734,80.72007751464844,-4.930076599121094
WTI Oil,Com_CrudeOil,tscv,4,2024-01-29,565,2,PatchTST,XGBoost,75.2239990234375,80.37659454345703,-5.152595520019531
WTI Oil,Com_CrudeOil,tscv,4,2024-02-05,566,3,PatchTST,XGBoost,74.552001953125,79.29074096679688,-4.738739013671875
WTI Oil,Com_CrudeOil,tscv,4,2024-02-12,567,4,PatchTST,XGBoost,77.04000091552734,79.99488830566406,-2.9548873901367188
WTI Oil,Com_CrudeOil,tscv,4,2024-02-19,568,5,PatchTST,XGBoost,76.98500061035156,81.30537414550781,-4.32037353515625
WTI Oil,Com_CrudeOil,tscv,4,2024-02-26,569,6,PatchTST,XGBoost,77.93800354003906,79.97343444824219,-2.035430908203125
WTI Oil,Com_CrudeOil,tscv,4,2024-03-04,570,7,PatchTST,XGBoost,77.96199798583984,79.55286407470703,-1.5908660888671875
WTI Oil,Com_CrudeOil,tscv,4,2024-03-11,571,8,PatchTST,XGBoost,79.08000183105469,80.39865112304688,-1.3186492919921875
WTI Oil,Com_CrudeOil,tscv,4,2024-03-18,572,9,PatchTST,XGBoost,81.5719985961914,81.043701171875,0.5282974243164062
WTI Oil,Com_CrudeOil,tscv,4,2024-03-25,573,10,PatchTST,XGBoost,82.2426986694336,80.24969482421875,1.9930038452148438
WTI Oil,Com_CrudeOil,tscv,4,2024-04-01,574,11,PatchTST,XGBoost,85.55799865722656,80.47760772705078,5.080390930175781
WTI Oil,Com_CrudeOil,tscv,4,2024-04-08,575,12,PatchTST,XGBoost,85.70999908447266,80.87371826171875,4.836280822753906
WTI Oil,Com_CrudeOil,tscv,4,2024-01-22,564,1,PatchTST,LightGBM,75.79000091552734,80.82769775390625,-5.037696838378906
WTI Oil,Com_CrudeOil,tscv,4,2024-01-29,565,2,PatchTST,LightGBM,75.2239990234375,80.03426361083984,-4.810264587402344
WTI Oil,Com_CrudeOil,tscv,4,2024-02-05,566,3,PatchTST,LightGBM,74.552001953125,78.31193542480469,-3.7599334716796875
WTI Oil,Com_CrudeOil,tscv,4,2024-02-12,567,4,PatchTST,LightGBM,77.04000091552734,79.87793731689453,-2.8379364013671875
WTI Oil,Com_CrudeOil,tscv,4,2024-02-19,568,5,PatchTST,LightGBM,76.98500061035156,80.94649505615234,-3.9614944458007812
WTI Oil,Com_CrudeOil,tscv,4,2024-02-26,569,6,PatchTST,LightGBM,77.93800354003906,79.34786224365234,-1.4098587036132812
WTI Oil,Com_CrudeOil,tscv,4,2024-03-04,570,7,PatchTST,LightGBM,77.96199798583984,80.99118041992188,-3.0291824340820312
WTI Oil,Com_CrudeOil,tscv,4,2024-03-11,571,8,PatchTST,LightGBM,79.08000183105469,82.57133483886719,-3.4913330078125
WTI Oil,Com_CrudeOil,tscv,4,2024-03-18,572,9,PatchTST,LightGBM,81.5719985961914,81.15571594238281,0.41628265380859375
WTI Oil,Com_CrudeOil,tscv,4,2024-03-25,573,10,PatchTST,LightGBM,82.2426986694336,80.13458251953125,2.1081161499023438
WTI Oil,Com_CrudeOil,tscv,4,2024-04-01,574,11,PatchTST,LightGBM,85.55799865722656,81.6945571899414,3.8634414672851562
WTI Oil,Com_CrudeOil,tscv,4,2024-04-08,575,12,PatchTST,LightGBM,85.70999908447266,81.24484252929688,4.465156555175781
WTI Oil,Com_CrudeOil,tscv,5,2024-02-19,568,1,PatchTST,-,76.98500061035156,61.260433197021484,15.724567413330078
WTI Oil,Com_CrudeOil,tscv,5,2024-02-26,569,2,PatchTST,-,77.93800354003906,61.19264602661133,16.745357513427734
WTI Oil,Com_CrudeOil,tscv,5,2024-03-04,570,3,PatchTST,-,77.96199798583984,61.01474380493164,16.947254180908203
WTI Oil,Com_CrudeOil,tscv,5,2024-03-11,571,4,PatchTST,-,79.08000183105469,60.954315185546875,18.125686645507812
WTI Oil,Com_CrudeOil,tscv,5,2024-03-18,572,5,PatchTST,-,81.5719985961914,60.91668701171875,20.655311584472656
WTI Oil,Com_CrudeOil,tscv,5,2024-03-25,573,6,PatchTST,-,82.2426986694336,60.88386535644531,21.35883331298828
WTI Oil,Com_CrudeOil,tscv,5,2024-04-01,574,7,PatchTST,-,85.55799865722656,60.75800323486328,24.79999542236328
WTI Oil,Com_CrudeOil,tscv,5,2024-04-08,575,8,PatchTST,-,85.70999908447266,60.81660079956055,24.89339828491211
WTI Oil,Com_CrudeOil,tscv,5,2024-04-15,576,9,PatchTST,-,83.74513244628906,60.51186752319336,23.233264923095703
WTI Oil,Com_CrudeOil,tscv,5,2024-04-22,577,10,PatchTST,-,83.15287780761719,60.60078430175781,22.552093505859375
WTI Oil,Com_CrudeOil,tscv,5,2024-04-29,578,11,PatchTST,-,80.14189910888672,60.618797302246094,19.523101806640625
WTI Oil,Com_CrudeOil,tscv,5,2024-05-06,579,12,PatchTST,-,78.67400360107422,60.61227035522461,18.06173324584961
WTI Oil,Com_CrudeOil,tscv,5,2024-02-19,568,1,PatchTST,NLinear,76.98500061035156,71.07791137695312,5.9070892333984375
WTI Oil,Com_CrudeOil,tscv,5,2024-02-26,569,2,PatchTST,NLinear,77.93800354003906,69.76531219482422,8.172691345214844
WTI Oil,Com_CrudeOil,tscv,5,2024-03-04,570,3,PatchTST,NLinear,77.96199798583984,69.77648162841797,8.185516357421875
WTI Oil,Com_CrudeOil,tscv,5,2024-03-11,571,4,PatchTST,NLinear,79.08000183105469,68.22892761230469,10.85107421875
WTI Oil,Com_CrudeOil,tscv,5,2024-03-18,572,5,PatchTST,NLinear,81.5719985961914,68.2601318359375,13.311866760253906
WTI Oil,Com_CrudeOil,tscv,5,2024-03-25,573,6,PatchTST,NLinear,82.2426986694336,67.66937255859375,14.573326110839844
WTI Oil,Com_CrudeOil,tscv,5,2024-04-01,574,7,PatchTST,NLinear,85.55799865722656,69.99690246582031,15.56109619140625
WTI Oil,Com_CrudeOil,tscv,5,2024-04-08,575,8,PatchTST,NLinear,85.70999908447266,68.7872314453125,16.922767639160156
WTI Oil,Com_CrudeOil,tscv,5,2024-04-15,576,9,PatchTST,NLinear,83.74513244628906,67.5189437866211,16.22618865966797
WTI Oil,Com_CrudeOil,tscv,5,2024-04-22,577,10,PatchTST,NLinear,83.15287780761719,66.2813720703125,16.871505737304688
WTI Oil,Com_CrudeOil,tscv,5,2024-04-29,578,11,PatchTST,NLinear,80.14189910888672,65.54471588134766,14.597183227539062
WTI Oil,Com_CrudeOil,tscv,5,2024-05-06,579,12,PatchTST,NLinear,78.67400360107422,68.65243530273438,10.021568298339844
WTI Oil,Com_CrudeOil,tscv,5,2024-02-19,568,1,PatchTST,XGBoost,76.98500061035156,77.68391418457031,-0.69891357421875
WTI Oil,Com_CrudeOil,tscv,5,2024-02-26,569,2,PatchTST,XGBoost,77.93800354003906,76.79329681396484,1.1447067260742188
WTI Oil,Com_CrudeOil,tscv,5,2024-03-04,570,3,PatchTST,XGBoost,77.96199798583984,77.42149353027344,0.5405044555664062
WTI Oil,Com_CrudeOil,tscv,5,2024-03-11,571,4,PatchTST,XGBoost,79.08000183105469,78.12210083007812,0.9579010009765625
WTI Oil,Com_CrudeOil,tscv,5,2024-03-18,572,5,PatchTST,XGBoost,81.5719985961914,78.7674331665039,2.8045654296875
WTI Oil,Com_CrudeOil,tscv,5,2024-03-25,573,6,PatchTST,XGBoost,82.2426986694336,77.87104797363281,4.371650695800781
WTI Oil,Com_CrudeOil,tscv,5,2024-04-01,574,7,PatchTST,XGBoost,85.55799865722656,78.22178649902344,7.336212158203125
WTI Oil,Com_CrudeOil,tscv,5,2024-04-08,575,8,PatchTST,XGBoost,85.70999908447266,78.81451416015625,6.895484924316406
WTI Oil,Com_CrudeOil,tscv,5,2024-04-15,576,9,PatchTST,XGBoost,83.74513244628906,78.44773864746094,5.297393798828125
WTI Oil,Com_CrudeOil,tscv,5,2024-04-22,577,10,PatchTST,XGBoost,83.15287780761719,77.87007141113281,5.282806396484375
WTI Oil,Com_CrudeOil,tscv,5,2024-04-29,578,11,PatchTST,XGBoost,80.14189910888672,79.71146392822266,0.4304351806640625
WTI Oil,Com_CrudeOil,tscv,5,2024-05-06,579,12,PatchTST,XGBoost,78.67400360107422,79.3803482055664,-0.7063446044921875
WTI Oil,Com_CrudeOil,tscv,5,2024-02-19,568,1,PatchTST,LightGBM,76.98500061035156,75.09364318847656,1.891357421875
WTI Oil,Com_CrudeOil,tscv,5,2024-02-26,569,2,PatchTST,LightGBM,77.93800354003906,74.66667175292969,3.271331787109375
WTI Oil,Com_CrudeOil,tscv,5,2024-03-04,570,3,PatchTST,LightGBM,77.96199798583984,77.26782989501953,0.6941680908203125
WTI Oil,Com_CrudeOil,tscv,5,2024-03-11,571,4,PatchTST,LightGBM,79.08000183105469,79.61036682128906,-0.530364990234375
WTI Oil,Com_CrudeOil,tscv,5,2024-03-18,572,5,PatchTST,LightGBM,81.5719985961914,78.74541473388672,2.8265838623046875
WTI Oil,Com_CrudeOil,tscv,5,2024-03-25,573,6,PatchTST,LightGBM,82.2426986694336,77.68846130371094,4.554237365722656
WTI Oil,Com_CrudeOil,tscv,5,2024-04-01,574,7,PatchTST,LightGBM,85.55799865722656,81.34877014160156,4.209228515625
WTI Oil,Com_CrudeOil,tscv,5,2024-04-08,575,8,PatchTST,LightGBM,85.70999908447266,78.85856628417969,6.851432800292969
WTI Oil,Com_CrudeOil,tscv,5,2024-04-15,576,9,PatchTST,LightGBM,83.74513244628906,78.5107421875,5.2343902587890625
WTI Oil,Com_CrudeOil,tscv,5,2024-04-22,577,10,PatchTST,LightGBM,83.15287780761719,78.84974670410156,4.303131103515625
WTI Oil,Com_CrudeOil,tscv,5,2024-04-29,578,11,PatchTST,LightGBM,80.14189910888672,78.78016662597656,1.3617324829101562
WTI Oil,Com_CrudeOil,tscv,5,2024-05-06,579,12,PatchTST,LightGBM,78.67400360107422,79.50074768066406,-0.8267440795898438
WTI Oil,Com_CrudeOil,tscv,6,2024-03-18,572,1,PatchTST,-,81.5719985961914,64.1094741821289,17.4625244140625
WTI Oil,Com_CrudeOil,tscv,6,2024-03-25,573,2,PatchTST,-,82.2426986694336,64.20730590820312,18.03539276123047
WTI Oil,Com_CrudeOil,tscv,6,2024-04-01,574,3,PatchTST,-,85.55799865722656,64.2304916381836,21.32750701904297
WTI Oil,Com_CrudeOil,tscv,6,2024-04-08,575,4,PatchTST,-,85.70999908447266,64.08306121826172,21.626937866210938
WTI Oil,Com_CrudeOil,tscv,6,2024-04-15,576,5,PatchTST,-,83.74513244628906,64.31649780273438,19.428634643554688
WTI Oil,Com_CrudeOil,tscv,6,2024-04-22,577,6,PatchTST,-,83.15287780761719,64.12609100341797,19.02678680419922
WTI Oil,Com_CrudeOil,tscv,6,2024-04-29,578,7,PatchTST,-,80.14189910888672,64.16659545898438,15.975303649902344
WTI Oil,Com_CrudeOil,tscv,6,2024-05-06,579,8,PatchTST,-,78.67400360107422,64.01667022705078,14.657333374023438
WTI Oil,Com_CrudeOil,tscv,6,2024-05-13,580,9,PatchTST,-,78.81800079345703,64.01520538330078,14.80279541015625
WTI Oil,Com_CrudeOil,tscv,6,2024-05-20,581,10,PatchTST,-,78.02400207519531,63.97639846801758,14.047603607177734
WTI Oil,Com_CrudeOil,tscv,6,2024-05-27,582,11,PatchTST,-,78.5094985961914,64.06817626953125,14.441322326660156
WTI Oil,Com_CrudeOil,tscv,6,2024-06-03,583,12,PatchTST,-,74.52400207519531,64.0491714477539,10.474830627441406
WTI Oil,Com_CrudeOil,tscv,6,2024-03-18,572,1,PatchTST,NLinear,81.5719985961914,76.50390625,5.068092346191406
WTI Oil,Com_CrudeOil,tscv,6,2024-03-25,573,2,PatchTST,NLinear,82.2426986694336,75.65399169921875,6.588706970214844
WTI Oil,Com_CrudeOil,tscv,6,2024-04-01,574,3,PatchTST,NLinear,85.55799865722656,74.01696014404297,11.541038513183594
WTI Oil,Com_CrudeOil,tscv,6,2024-04-08,575,4,PatchTST,NLinear,85.70999908447266,75.33802032470703,10.371978759765625
WTI Oil,Com_CrudeOil,tscv,6,2024-04-15,576,5,PatchTST,NLinear,83.74513244628906,75.23403930664062,8.511093139648438
WTI Oil,Com_CrudeOil,tscv,6,2024-04-22,577,6,PatchTST,NLinear,83.15287780761719,73.90496063232422,9.247917175292969
WTI Oil,Com_CrudeOil,tscv,6,2024-04-29,578,7,PatchTST,NLinear,80.14189910888672,74.9200668334961,5.221832275390625
WTI Oil,Com_CrudeOil,tscv,6,2024-05-06,579,8,PatchTST,NLinear,78.67400360107422,73.92228698730469,4.751716613769531
WTI Oil,Com_CrudeOil,tscv,6,2024-05-13,580,9,PatchTST,NLinear,78.81800079345703,73.42497253417969,5.393028259277344
WTI Oil,Com_CrudeOil,tscv,6,2024-05-20,581,10,PatchTST,NLinear,78.02400207519531,73.10511779785156,4.91888427734375
WTI Oil,Com_CrudeOil,tscv,6,2024-05-27,582,11,PatchTST,NLinear,78.5094985961914,72.23501586914062,6.274482727050781
WTI Oil,Com_CrudeOil,tscv,6,2024-06-03,583,12,PatchTST,NLinear,74.52400207519531,73.9120101928711,0.6119918823242188
WTI Oil,Com_CrudeOil,tscv,6,2024-03-18,572,1,PatchTST,XGBoost,81.5719985961914,83.10330200195312,-1.5313034057617188
WTI Oil,Com_CrudeOil,tscv,6,2024-03-25,573,2,PatchTST,XGBoost,82.2426986694336,80.92076873779297,1.321929931640625
WTI Oil,Com_CrudeOil,tscv,6,2024-04-01,574,3,PatchTST,XGBoost,85.55799865722656,81.75798797607422,3.8000106811523438
WTI Oil,Com_CrudeOil,tscv,6,2024-04-08,575,4,PatchTST,XGBoost,85.70999908447266,82.59093475341797,3.1190643310546875
WTI Oil,Com_CrudeOil,tscv,6,2024-04-15,576,5,PatchTST,XGBoost,83.74513244628906,81.733154296875,2.0119781494140625
WTI Oil,Com_CrudeOil,tscv,6,2024-04-22,577,6,PatchTST,XGBoost,83.15287780761719,80.36349487304688,2.7893829345703125
WTI Oil,Com_CrudeOil,tscv,6,2024-04-29,578,7,PatchTST,XGBoost,80.14189910888672,83.00475311279297,-2.86285400390625
WTI Oil,Com_CrudeOil,tscv,6,2024-05-06,579,8,PatchTST,XGBoost,78.67400360107422,82.39517974853516,-3.7211761474609375
WTI Oil,Com_CrudeOil,tscv,6,2024-05-13,580,9,PatchTST,XGBoost,78.81800079345703,81.52429962158203,-2.706298828125
WTI Oil,Com_CrudeOil,tscv,6,2024-05-20,581,10,PatchTST,XGBoost,78.02400207519531,81.48239135742188,-3.4583892822265625
WTI Oil,Com_CrudeOil,tscv,6,2024-05-27,582,11,PatchTST,XGBoost,78.5094985961914,78.65572357177734,-0.1462249755859375
WTI Oil,Com_CrudeOil,tscv,6,2024-06-03,583,12,PatchTST,XGBoost,74.52400207519531,82.71759796142578,-8.193595886230469
WTI Oil,Com_CrudeOil,tscv,6,2024-03-18,572,1,PatchTST,LightGBM,81.5719985961914,83.27348327636719,-1.7014846801757812
WTI Oil,Com_CrudeOil,tscv,6,2024-03-25,573,2,PatchTST,LightGBM,82.2426986694336,81.47391510009766,0.7687835693359375
WTI Oil,Com_CrudeOil,tscv,6,2024-04-01,574,3,PatchTST,LightGBM,85.55799865722656,83.79320526123047,1.7647933959960938
WTI Oil,Com_CrudeOil,tscv,6,2024-04-08,575,4,PatchTST,LightGBM,85.70999908447266,86.19408416748047,-0.4840850830078125
WTI Oil,Com_CrudeOil,tscv,6,2024-04-15,576,5,PatchTST,LightGBM,83.74513244628906,81.80999755859375,1.9351348876953125
WTI Oil,Com_CrudeOil,tscv,6,2024-04-22,577,6,PatchTST,LightGBM,83.15287780761719,82.34454345703125,0.8083343505859375
WTI Oil,Com_CrudeOil,tscv,6,2024-04-29,578,7,PatchTST,LightGBM,80.14189910888672,81.77955627441406,-1.6376571655273438
WTI Oil,Com_CrudeOil,tscv,6,2024-05-06,579,8,PatchTST,LightGBM,78.67400360107422,82.19804382324219,-3.5240402221679688
WTI Oil,Com_CrudeOil,tscv,6,2024-05-13,580,9,PatchTST,LightGBM,78.81800079345703,81.93104553222656,-3.1130447387695312
WTI Oil,Com_CrudeOil,tscv,6,2024-05-20,581,10,PatchTST,LightGBM,78.02400207519531,80.17996978759766,-2.1559677124023438
WTI Oil,Com_CrudeOil,tscv,6,2024-05-27,582,11,PatchTST,LightGBM,78.5094985961914,80.43689727783203,-1.927398681640625
WTI Oil,Com_CrudeOil,tscv,6,2024-06-03,583,12,PatchTST,LightGBM,74.52400207519531,82.784423828125,-8.260421752929688
WTI Oil,Com_CrudeOil,tscv,7,2024-04-15,576,1,PatchTST,-,83.74513244628906,64.0455322265625,19.699600219726562
WTI Oil,Com_CrudeOil,tscv,7,2024-04-22,577,2,PatchTST,-,83.15287780761719,63.916770935058594,19.236106872558594
WTI Oil,Com_CrudeOil,tscv,7,2024-04-29,578,3,PatchTST,-,80.14189910888672,63.81296920776367,16.328929901123047
WTI Oil,Com_CrudeOil,tscv,7,2024-05-06,579,4,PatchTST,-,78.67400360107422,63.937713623046875,14.736289978027344
WTI Oil,Com_CrudeOil,tscv,7,2024-05-13,580,5,PatchTST,-,78.81800079345703,63.83918380737305,14.978816986083984
WTI Oil,Com_CrudeOil,tscv,7,2024-05-20,581,6,PatchTST,-,78.02400207519531,63.86591339111328,14.158088684082031
WTI Oil,Com_CrudeOil,tscv,7,2024-05-27,582,7,PatchTST,-,78.5094985961914,63.45105743408203,15.058441162109375
WTI Oil,Com_CrudeOil,tscv,7,2024-06-03,583,8,PatchTST,-,74.52400207519531,64.03668975830078,10.487312316894531
WTI Oil,Com_CrudeOil,tscv,7,2024-06-10,584,9,PatchTST,-,78.16200256347656,63.82283020019531,14.33917236328125
WTI Oil,Com_CrudeOil,tscv,7,2024-06-17,585,10,PatchTST,-,80.61250305175781,63.901058197021484,16.711444854736328
WTI Oil,Com_CrudeOil,tscv,7,2024-06-24,586,11,PatchTST,-,81.3280029296875,63.96166229248047,17.36634063720703
WTI Oil,Com_CrudeOil,tscv,7,2024-07-01,587,12,PatchTST,-,83.31356048583984,63.91822052001953,19.395339965820312
WTI Oil,Com_CrudeOil,tscv,7,2024-04-15,576,1,PatchTST,NLinear,83.74513244628906,75.67451477050781,8.07061767578125
WTI Oil,Com_CrudeOil,tscv,7,2024-04-22,577,2,PatchTST,NLinear,83.15287780761719,75.41040802001953,7.742469787597656
WTI Oil,Com_CrudeOil,tscv,7,2024-04-29,578,3,PatchTST,NLinear,80.14189910888672,74.88931274414062,5.252586364746094
WTI Oil,Com_CrudeOil,tscv,7,2024-05-06,579,4,PatchTST,NLinear,78.67400360107422,76.8583755493164,1.8156280517578125
WTI Oil,Com_CrudeOil,tscv,7,2024-05-13,580,5,PatchTST,NLinear,78.81800079345703,74.28459167480469,4.533409118652344
WTI Oil,Com_CrudeOil,tscv,7,2024-05-20,581,6,PatchTST,NLinear,78.02400207519531,72.4839859008789,5.540016174316406
WTI Oil,Com_CrudeOil,tscv,7,2024-05-27,582,7,PatchTST,NLinear,78.5094985961914,73.03180694580078,5.477691650390625
WTI Oil,Com_CrudeOil,tscv,7,2024-06-03,583,8,PatchTST,NLinear,74.52400207519531,72.36571502685547,2.1582870483398438
WTI Oil,Com_CrudeOil,tscv,7,2024-06-10,584,9,PatchTST,NLinear,78.16200256347656,71.0019760131836,7.160026550292969
WTI Oil,Com_CrudeOil,tscv,7,2024-06-17,585,10,PatchTST,NLinear,80.61250305175781,70.13731384277344,10.475189208984375
WTI Oil,Com_CrudeOil,tscv,7,2024-06-24,586,11,PatchTST,NLinear,81.3280029296875,71.27642059326172,10.051582336425781
WTI Oil,Com_CrudeOil,tscv,7,2024-07-01,587,12,PatchTST,NLinear,83.31356048583984,69.99061584472656,13.322944641113281
WTI Oil,Com_CrudeOil,tscv,7,2024-04-15,576,1,PatchTST,XGBoost,83.74513244628906,82.04629516601562,1.6988372802734375
WTI Oil,Com_CrudeOil,tscv,7,2024-04-22,577,2,PatchTST,XGBoost,83.15287780761719,80.53447723388672,2.6184005737304688
WTI Oil,Com_CrudeOil,tscv,7,2024-04-29,578,3,PatchTST,XGBoost,80.14189910888672,82.33790588378906,-2.1960067749023438
WTI Oil,Com_CrudeOil,tscv,7,2024-05-06,579,4,PatchTST,XGBoost,78.67400360107422,81.37913513183594,-2.7051315307617188
WTI Oil,Com_CrudeOil,tscv,7,2024-05-13,580,5,PatchTST,XGBoost,78.81800079345703,80.87940979003906,-2.0614089965820312
WTI Oil,Com_CrudeOil,tscv,7,2024-05-20,581,6,PatchTST,XGBoost,78.02400207519531,78.80815124511719,-0.784149169921875
WTI Oil,Com_CrudeOil,tscv,7,2024-05-27,582,7,PatchTST,XGBoost,78.5094985961914,76.77833557128906,1.7311630249023438
WTI Oil,Com_CrudeOil,tscv,7,2024-06-03,583,8,PatchTST,XGBoost,74.52400207519531,81.82048797607422,-7.296485900878906
WTI Oil,Com_CrudeOil,tscv,7,2024-06-10,584,9,PatchTST,XGBoost,78.16200256347656,80.78578186035156,-2.623779296875
WTI Oil,Com_CrudeOil,tscv,7,2024-06-17,585,10,PatchTST,XGBoost,80.61250305175781,78.48944091796875,2.1230621337890625
WTI Oil,Com_CrudeOil,tscv,7,2024-06-24,586,11,PatchTST,XGBoost,81.3280029296875,71.8489990234375,9.47900390625
WTI Oil,Com_CrudeOil,tscv,7,2024-07-01,587,12,PatchTST,XGBoost,83.31356048583984,81.69691467285156,1.6166458129882812
WTI Oil,Com_CrudeOil,tscv,7,2024-04-15,576,1,PatchTST,LightGBM,83.74513244628906,82.70350646972656,1.0416259765625
WTI Oil,Com_CrudeOil,tscv,7,2024-04-22,577,2,PatchTST,LightGBM,83.15287780761719,81.18135833740234,1.9715194702148438
WTI Oil,Com_CrudeOil,tscv,7,2024-04-29,578,3,PatchTST,LightGBM,80.14189910888672,82.05770111083984,-1.915802001953125
WTI Oil,Com_CrudeOil,tscv,7,2024-05-06,579,4,PatchTST,LightGBM,78.67400360107422,81.58857727050781,-2.9145736694335938
WTI Oil,Com_CrudeOil,tscv,7,2024-05-13,580,5,PatchTST,LightGBM,78.81800079345703,81.06892395019531,-2.2509231567382812
WTI Oil,Com_CrudeOil,tscv,7,2024-05-20,581,6,PatchTST,LightGBM,78.02400207519531,79.28316497802734,-1.2591629028320312
WTI Oil,Com_CrudeOil,tscv,7,2024-05-27,582,7,PatchTST,LightGBM,78.5094985961914,79.99505615234375,-1.4855575561523438
WTI Oil,Com_CrudeOil,tscv,7,2024-06-03,583,8,PatchTST,LightGBM,74.52400207519531,81.8819580078125,-7.3579559326171875
WTI Oil,Com_CrudeOil,tscv,7,2024-06-10,584,9,PatchTST,LightGBM,78.16200256347656,81.20247650146484,-3.0404739379882812
WTI Oil,Com_CrudeOil,tscv,7,2024-06-17,585,10,PatchTST,LightGBM,80.61250305175781,77.76173400878906,2.85076904296875
WTI Oil,Com_CrudeOil,tscv,7,2024-06-24,586,11,PatchTST,LightGBM,81.3280029296875,78.6148681640625,2.713134765625
WTI Oil,Com_CrudeOil,tscv,7,2024-07-01,587,12,PatchTST,LightGBM,83.31356048583984,80.90402221679688,2.4095382690429688
WTI Oil,Com_CrudeOil,tscv,8,2024-05-13,580,1,PatchTST,-,78.81800079345703,64.41509246826172,14.402908325195312
WTI Oil,Com_CrudeOil,tscv,8,2024-05-20,581,2,PatchTST,-,78.02400207519531,64.50531005859375,13.518692016601562
WTI Oil,Com_CrudeOil,tscv,8,2024-05-27,582,3,PatchTST,-,78.5094985961914,64.31671905517578,14.192779541015625
WTI Oil,Com_CrudeOil,tscv,8,2024-06-03,583,4,PatchTST,-,74.52400207519531,64.57921600341797,9.944786071777344
WTI Oil,Com_CrudeOil,tscv,8,2024-06-10,584,5,PatchTST,-,78.16200256347656,64.66448974609375,13.497512817382812
WTI Oil,Com_CrudeOil,tscv,8,2024-06-17,585,6,PatchTST,-,80.61250305175781,64.76608276367188,15.846420288085938
WTI Oil,Com_CrudeOil,tscv,8,2024-06-24,586,7,PatchTST,-,81.3280029296875,64.7214126586914,16.606590270996094
WTI Oil,Com_CrudeOil,tscv,8,2024-07-01,587,8,PatchTST,-,83.31356048583984,64.77853393554688,18.53502655029297
WTI Oil,Com_CrudeOil,tscv,8,2024-07-08,588,9,PatchTST,-,82.13400268554688,64.7643051147461,17.36969757080078
WTI Oil,Com_CrudeOil,tscv,8,2024-07-15,589,10,PatchTST,-,80.80999755859375,64.6740951538086,16.135902404785156
WTI Oil,Com_CrudeOil,tscv,8,2024-07-22,590,11,PatchTST,-,77.6780014038086,64.886474609375,12.791526794433594
WTI Oil,Com_CrudeOil,tscv,8,2024-07-29,591,12,PatchTST,-,75.65599822998047,64.58084869384766,11.075149536132812
WTI Oil,Com_CrudeOil,tscv,8,2024-05-13,580,1,PatchTST,NLinear,78.81800079345703,73.6220474243164,5.195953369140625
WTI Oil,Com_CrudeOil,tscv,8,2024-05-20,581,2,PatchTST,NLinear,78.02400207519531,70.57088470458984,7.453117370605469
WTI Oil,Com_CrudeOil,tscv,8,2024-05-27,582,3,PatchTST,NLinear,78.5094985961914,72.30841827392578,6.201080322265625
WTI Oil,Com_CrudeOil,tscv,8,2024-06-03,583,4,PatchTST,NLinear,74.52400207519531,72.5452880859375,1.9787139892578125
WTI Oil,Com_CrudeOil,tscv,8,2024-06-10,584,5,PatchTST,NLinear,78.16200256347656,70.32471466064453,7.837287902832031
WTI Oil,Com_CrudeOil,tscv,8,2024-06-17,585,6,PatchTST,NLinear,80.61250305175781,66.77719116210938,13.835311889648438
WTI Oil,Com_CrudeOil,tscv,8,2024-06-24,586,7,PatchTST,NLinear,81.3280029296875,67.9350357055664,13.392967224121094
WTI Oil,Com_CrudeOil,tscv,8,2024-07-01,587,8,PatchTST,NLinear,83.31356048583984,69.33396911621094,13.979591369628906
WTI Oil,Com_CrudeOil,tscv,8,2024-07-08,588,9,PatchTST,NLinear,82.13400268554688,69.52528381347656,12.608718872070312
WTI Oil,Com_CrudeOil,tscv,8,2024-07-15,589,10,PatchTST,NLinear,80.80999755859375,68.00360107421875,12.806396484375
WTI Oil,Com_CrudeOil,tscv,8,2024-07-22,590,11,PatchTST,NLinear,77.6780014038086,68.78782653808594,8.890174865722656
WTI Oil,Com_CrudeOil,tscv,8,2024-07-29,591,12,PatchTST,NLinear,75.65599822998047,67.93458557128906,7.721412658691406
WTI Oil,Com_CrudeOil,tscv,8,2024-05-13,580,1,PatchTST,XGBoost,78.81800079345703,78.12171173095703,0.6962890625
WTI Oil,Com_CrudeOil,tscv,8,2024-05-20,581,2,PatchTST,XGBoost,78.02400207519531,77.28032684326172,0.7436752319335938
WTI Oil,Com_CrudeOil,tscv,8,2024-05-27,582,3,PatchTST,XGBoost,78.5094985961914,74.62557983398438,3.8839187622070312
WTI Oil,Com_CrudeOil,tscv,8,2024-06-03,583,4,PatchTST,XGBoost,74.52400207519531,74.91281127929688,-0.3888092041015625
WTI Oil,Com_CrudeOil,tscv,8,2024-06-10,584,5,PatchTST,XGBoost,78.16200256347656,74.32981872558594,3.832183837890625
WTI Oil,Com_CrudeOil,tscv,8,2024-06-17,585,6,PatchTST,XGBoost,80.61250305175781,73.47013092041016,7.142372131347656
WTI Oil,Com_CrudeOil,tscv,8,2024-06-24,586,7,PatchTST,XGBoost,81.3280029296875,69.07584381103516,12.252159118652344
WTI Oil,Com_CrudeOil,tscv,8,2024-07-01,587,8,PatchTST,XGBoost,83.31356048583984,73.60247802734375,9.711082458496094
WTI Oil,Com_CrudeOil,tscv,8,2024-07-08,588,9,PatchTST,XGBoost,82.13400268554688,74.94066619873047,7.193336486816406
WTI Oil,Com_CrudeOil,tscv,8,2024-07-15,589,10,PatchTST,XGBoost,80.80999755859375,79.6734619140625,1.13653564453125
WTI Oil,Com_CrudeOil,tscv,8,2024-07-22,590,11,PatchTST,XGBoost,77.6780014038086,76.27838134765625,1.3996200561523438
WTI Oil,Com_CrudeOil,tscv,8,2024-07-29,591,12,PatchTST,XGBoost,75.65599822998047,73.36320495605469,2.2927932739257812
WTI Oil,Com_CrudeOil,tscv,8,2024-05-13,580,1,PatchTST,LightGBM,78.81800079345703,77.31352233886719,1.5044784545898438
WTI Oil,Com_CrudeOil,tscv,8,2024-05-20,581,2,PatchTST,LightGBM,78.02400207519531,77.77815246582031,0.245849609375
WTI Oil,Com_CrudeOil,tscv,8,2024-05-27,582,3,PatchTST,LightGBM,78.5094985961914,77.82467651367188,0.6848220825195312
WTI Oil,Com_CrudeOil,tscv,8,2024-06-03,583,4,PatchTST,LightGBM,74.52400207519531,78.90977478027344,-4.385772705078125
WTI Oil,Com_CrudeOil,tscv,8,2024-06-10,584,5,PatchTST,LightGBM,78.16200256347656,78.80724334716797,-0.6452407836914062
WTI Oil,Com_CrudeOil,tscv,8,2024-06-17,585,6,PatchTST,LightGBM,80.61250305175781,76.71320343017578,3.8992996215820312
WTI Oil,Com_CrudeOil,tscv,8,2024-06-24,586,7,PatchTST,LightGBM,81.3280029296875,76.08116149902344,5.2468414306640625
WTI Oil,Com_CrudeOil,tscv,8,2024-07-01,587,8,PatchTST,LightGBM,83.31356048583984,79.87155151367188,3.4420089721679688
WTI Oil,Com_CrudeOil,tscv,8,2024-07-08,588,9,PatchTST,LightGBM,82.13400268554688,81.0666275024414,1.0673751831054688
WTI Oil,Com_CrudeOil,tscv,8,2024-07-15,589,10,PatchTST,LightGBM,80.80999755859375,77.8968505859375,2.91314697265625
WTI Oil,Com_CrudeOil,tscv,8,2024-07-22,590,11,PatchTST,LightGBM,77.6780014038086,74.84667205810547,2.831329345703125
WTI Oil,Com_CrudeOil,tscv,8,2024-07-29,591,12,PatchTST,LightGBM,75.65599822998047,77.20381927490234,-1.547821044921875
WTI Oil,Com_CrudeOil,tscv,9,2024-06-10,584,1,PatchTST,-,78.16200256347656,62.8145751953125,15.347427368164062
WTI Oil,Com_CrudeOil,tscv,9,2024-06-17,585,2,PatchTST,-,80.61250305175781,63.01728820800781,17.59521484375
WTI Oil,Com_CrudeOil,tscv,9,2024-06-24,586,3,PatchTST,-,81.3280029296875,62.57905960083008,18.748943328857422
WTI Oil,Com_CrudeOil,tscv,9,2024-07-01,587,4,PatchTST,-,83.31356048583984,62.810298919677734,20.50326156616211
WTI Oil,Com_CrudeOil,tscv,9,2024-07-08,588,5,PatchTST,-,82.13400268554688,63.11088180541992,19.023120880126953
WTI Oil,Com_CrudeOil,tscv,9,2024-07-15,589,6,PatchTST,-,80.80999755859375,63.09569549560547,17.71430206298828
WTI Oil,Com_CrudeOil,tscv,9,2024-07-22,590,7,PatchTST,-,77.6780014038086,62.92041778564453,14.757583618164062
WTI Oil,Com_CrudeOil,tscv,9,2024-07-29,591,8,PatchTST,-,75.65599822998047,63.10556411743164,12.550434112548828
WTI Oil,Com_CrudeOil,tscv,9,2024-08-05,592,9,PatchTST,-,74.87999725341797,63.03186798095703,11.848129272460938
WTI Oil,Com_CrudeOil,tscv,9,2024-08-12,593,10,PatchTST,-,77.58399963378906,62.728599548339844,14.855400085449219
WTI Oil,Com_CrudeOil,tscv,9,2024-08-19,594,11,PatchTST,-,73.31999969482422,62.870941162109375,10.449058532714844
WTI Oil,Com_CrudeOil,tscv,9,2024-08-26,595,12,PatchTST,-,75.38600158691406,63.30205154418945,12.08395004272461
WTI Oil,Com_CrudeOil,tscv,9,2024-06-10,584,1,PatchTST,NLinear,78.16200256347656,67.50984954833984,10.652153015136719
WTI Oil,Com_CrudeOil,tscv,9,2024-06-17,585,2,PatchTST,NLinear,80.61250305175781,67.04650115966797,13.566001892089844
WTI Oil,Com_CrudeOil,tscv,9,2024-06-24,586,3,PatchTST,NLinear,81.3280029296875,67.86669158935547,13.461311340332031
WTI Oil,Com_CrudeOil,tscv,9,2024-07-01,587,4,PatchTST,NLinear,83.31356048583984,67.94181823730469,15.371742248535156
WTI Oil,Com_CrudeOil,tscv,9,2024-07-08,588,5,PatchTST,NLinear,82.13400268554688,69.81648254394531,12.317520141601562
WTI Oil,Com_CrudeOil,tscv,9,2024-07-15,589,6,PatchTST,NLinear,80.80999755859375,67.18418884277344,13.625808715820312
WTI Oil,Com_CrudeOil,tscv,9,2024-07-22,590,7,PatchTST,NLinear,77.6780014038086,67.29558563232422,10.382415771484375
WTI Oil,Com_CrudeOil,tscv,9,2024-07-29,591,8,PatchTST,NLinear,75.65599822998047,69.66999816894531,5.986000061035156
WTI Oil,Com_CrudeOil,tscv,9,2024-08-05,592,9,PatchTST,NLinear,74.87999725341797,70.18220520019531,4.697792053222656
WTI Oil,Com_CrudeOil,tscv,9,2024-08-12,593,10,PatchTST,NLinear,77.58399963378906,70.08939361572266,7.494606018066406
WTI Oil,Com_CrudeOil,tscv,9,2024-08-19,594,11,PatchTST,NLinear,73.31999969482422,69.90025329589844,3.4197463989257812
WTI Oil,Com_CrudeOil,tscv,9,2024-08-26,595,12,PatchTST,NLinear,75.38600158691406,70.6934814453125,4.6925201416015625
WTI Oil,Com_CrudeOil,tscv,9,2024-06-10,584,1,PatchTST,XGBoost,78.16200256347656,78.8005142211914,-0.6385116577148438
WTI Oil,Com_CrudeOil,tscv,9,2024-06-17,585,2,PatchTST,XGBoost,80.61250305175781,73.98448181152344,6.628021240234375
WTI Oil,Com_CrudeOil,tscv,9,2024-06-24,586,3,PatchTST,XGBoost,81.3280029296875,72.91780090332031,8.410202026367188
WTI Oil,Com_CrudeOil,tscv,9,2024-07-01,587,4,PatchTST,XGBoost,83.31356048583984,73.77883911132812,9.534721374511719
WTI Oil,Com_CrudeOil,tscv,9,2024-07-08,588,5,PatchTST,XGBoost,82.13400268554688,75.47718048095703,6.656822204589844
WTI Oil,Com_CrudeOil,tscv,9,2024-07-15,589,6,PatchTST,XGBoost,80.80999755859375,77.48866271972656,3.3213348388671875
WTI Oil,Com_CrudeOil,tscv,9,2024-07-22,590,7,PatchTST,XGBoost,77.6780014038086,71.64453125,6.033470153808594
WTI Oil,Com_CrudeOil,tscv,9,2024-07-29,591,8,PatchTST,XGBoost,75.65599822998047,77.36430358886719,-1.7083053588867188
WTI Oil,Com_CrudeOil,tscv,9,2024-08-05,592,9,PatchTST,XGBoost,74.87999725341797,74.8654556274414,0.0145416259765625
WTI Oil,Com_CrudeOil,tscv,9,2024-08-12,593,10,PatchTST,XGBoost,77.58399963378906,78.22491455078125,-0.6409149169921875
WTI Oil,Com_CrudeOil,tscv,9,2024-08-19,594,11,PatchTST,XGBoost,73.31999969482422,75.89324951171875,-2.5732498168945312
WTI Oil,Com_CrudeOil,tscv,9,2024-08-26,595,12,PatchTST,XGBoost,75.38600158691406,76.21013641357422,-0.8241348266601562
WTI Oil,Com_CrudeOil,tscv,9,2024-06-10,584,1,PatchTST,LightGBM,78.16200256347656,75.05297088623047,3.1090316772460938
WTI Oil,Com_CrudeOil,tscv,9,2024-06-17,585,2,PatchTST,LightGBM,80.61250305175781,74.90784454345703,5.704658508300781
WTI Oil,Com_CrudeOil,tscv,9,2024-06-24,586,3,PatchTST,LightGBM,81.3280029296875,73.09416198730469,8.233840942382812
WTI Oil,Com_CrudeOil,tscv,9,2024-07-01,587,4,PatchTST,LightGBM,83.31356048583984,76.2545166015625,7.059043884277344
WTI Oil,Com_CrudeOil,tscv,9,2024-07-08,588,5,PatchTST,LightGBM,82.13400268554688,77.20807647705078,4.925926208496094
WTI Oil,Com_CrudeOil,tscv,9,2024-07-15,589,6,PatchTST,LightGBM,80.80999755859375,75.734130859375,5.07586669921875
WTI Oil,Com_CrudeOil,tscv,9,2024-07-22,590,7,PatchTST,LightGBM,77.6780014038086,74.15463256835938,3.5233688354492188
WTI Oil,Com_CrudeOil,tscv,9,2024-07-29,591,8,PatchTST,LightGBM,75.65599822998047,75.85115051269531,-0.19515228271484375
WTI Oil,Com_CrudeOil,tscv,9,2024-08-05,592,9,PatchTST,LightGBM,74.87999725341797,76.29833984375,-1.4183425903320312
WTI Oil,Com_CrudeOil,tscv,9,2024-08-12,593,10,PatchTST,LightGBM,77.58399963378906,76.09709167480469,1.486907958984375
WTI Oil,Com_CrudeOil,tscv,9,2024-08-19,594,11,PatchTST,LightGBM,73.31999969482422,74.09573364257812,-0.7757339477539062
WTI Oil,Com_CrudeOil,tscv,9,2024-08-26,595,12,PatchTST,LightGBM,75.38600158691406,77.4195327758789,-2.0335311889648438
WTI Oil,Com_CrudeOil,tscv,10,2024-07-08,588,1,PatchTST,-,82.13400268554688,67.66434478759766,14.469657897949219
WTI Oil,Com_CrudeOil,tscv,10,2024-07-15,589,2,PatchTST,-,80.80999755859375,67.49295806884766,13.317039489746094
WTI Oil,Com_CrudeOil,tscv,10,2024-07-22,590,3,PatchTST,-,77.6780014038086,67.55978393554688,10.118217468261719
WTI Oil,Com_CrudeOil,tscv,10,2024-07-29,591,4,PatchTST,-,75.65599822998047,67.44758605957031,8.208412170410156
WTI Oil,Com_CrudeOil,tscv,10,2024-08-05,592,5,PatchTST,-,74.87999725341797,67.62773895263672,7.25225830078125
WTI Oil,Com_CrudeOil,tscv,10,2024-08-12,593,6,PatchTST,-,77.58399963378906,67.38646697998047,10.197532653808594
WTI Oil,Com_CrudeOil,tscv,10,2024-08-19,594,7,PatchTST,-,73.31999969482422,67.51263427734375,5.807365417480469
WTI Oil,Com_CrudeOil,tscv,10,2024-08-26,595,8,PatchTST,-,75.38600158691406,67.45975494384766,7.926246643066406
WTI Oil,Com_CrudeOil,tscv,10,2024-09-02,596,9,PatchTST,-,70.08424377441406,67.37609100341797,2.7081527709960938
WTI Oil,Com_CrudeOil,tscv,10,2024-09-09,597,10,PatchTST,-,67.87799835205078,67.2405014038086,0.6374969482421875
WTI Oil,Com_CrudeOil,tscv,10,2024-09-16,598,11,PatchTST,-,70.41799926757812,67.23631286621094,3.1816864013671875
WTI Oil,Com_CrudeOil,tscv,10,2024-09-23,599,12,PatchTST,-,69.49400329589844,67.43286895751953,2.0611343383789062
WTI Oil,Com_CrudeOil,tscv,10,2024-07-08,588,1,PatchTST,NLinear,82.13400268554688,77.97005462646484,4.163948059082031
WTI Oil,Com_CrudeOil,tscv,10,2024-07-15,589,2,PatchTST,NLinear,80.80999755859375,75.74417114257812,5.065826416015625
WTI Oil,Com_CrudeOil,tscv,10,2024-07-22,590,3,PatchTST,NLinear,77.6780014038086,77.12411499023438,0.5538864135742188
WTI Oil,Com_CrudeOil,tscv,10,2024-07-29,591,4,PatchTST,NLinear,75.65599822998047,79.33779907226562,-3.6818008422851562
WTI Oil,Com_CrudeOil,tscv,10,2024-08-05,592,5,PatchTST,NLinear,74.87999725341797,80.054443359375,-5.174446105957031
WTI Oil,Com_CrudeOil,tscv,10,2024-08-12,593,6,PatchTST,NLinear,77.58399963378906,79.26497650146484,-1.6809768676757812
WTI Oil,Com_CrudeOil,tscv,10,2024-08-19,594,7,PatchTST,NLinear,73.31999969482422,76.89567565917969,-3.5756759643554688
WTI Oil,Com_CrudeOil,tscv,10,2024-08-26,595,8,PatchTST,NLinear,75.38600158691406,78.21143341064453,-2.8254318237304688
WTI Oil,Com_CrudeOil,tscv,10,2024-09-02,596,9,PatchTST,NLinear,70.08424377441406,77.14581298828125,-7.0615692138671875
WTI Oil,Com_CrudeOil,tscv,10,2024-09-09,597,10,PatchTST,NLinear,67.87799835205078,79.61932373046875,-11.741325378417969
WTI Oil,Com_CrudeOil,tscv,10,2024-09-16,598,11,PatchTST,NLinear,70.41799926757812,79.68047332763672,-9.262474060058594
WTI Oil,Com_CrudeOil,tscv,10,2024-09-23,599,12,PatchTST,NLinear,69.49400329589844,80.05265808105469,-10.55865478515625
WTI Oil,Com_CrudeOil,tscv,10,2024-07-08,588,1,PatchTST,XGBoost,82.13400268554688,81.11656951904297,1.0174331665039062
WTI Oil,Com_CrudeOil,tscv,10,2024-07-15,589,2,PatchTST,XGBoost,80.80999755859375,78.77782440185547,2.0321731567382812
WTI Oil,Com_CrudeOil,tscv,10,2024-07-22,590,3,PatchTST,XGBoost,77.6780014038086,79.37271118164062,-1.6947097778320312
WTI Oil,Com_CrudeOil,tscv,10,2024-07-29,591,4,PatchTST,XGBoost,75.65599822998047,79.64430236816406,-3.9883041381835938
WTI Oil,Com_CrudeOil,tscv,10,2024-08-05,592,5,PatchTST,XGBoost,74.87999725341797,79.11011505126953,-4.2301177978515625
WTI Oil,Com_CrudeOil,tscv,10,2024-08-12,593,6,PatchTST,XGBoost,77.58399963378906,81.39227294921875,-3.8082733154296875
WTI Oil,Com_CrudeOil,tscv,10,2024-08-19,594,7,PatchTST,XGBoost,73.31999969482422,78.95418548583984,-5.634185791015625
WTI Oil,Com_CrudeOil,tscv,10,2024-08-26,595,8,PatchTST,XGBoost,75.38600158691406,80.308837890625,-4.9228363037109375
WTI Oil,Com_CrudeOil,tscv,10,2024-09-02,596,9,PatchTST,XGBoost,70.08424377441406,82.16617584228516,-12.081932067871094
WTI Oil,Com_CrudeOil,tscv,10,2024-09-09,597,10,PatchTST,XGBoost,67.87799835205078,82.06831359863281,-14.190315246582031
WTI Oil,Com_CrudeOil,tscv,10,2024-09-16,598,11,PatchTST,XGBoost,70.41799926757812,81.4398422241211,-11.021842956542969
WTI Oil,Com_CrudeOil,tscv,10,2024-09-23,599,12,PatchTST,XGBoost,69.49400329589844,83.11854553222656,-13.624542236328125
WTI Oil,Com_CrudeOil,tscv,10,2024-07-08,588,1,PatchTST,LightGBM,82.13400268554688,81.26105499267578,0.8729476928710938
WTI Oil,Com_CrudeOil,tscv,10,2024-07-15,589,2,PatchTST,LightGBM,80.80999755859375,79.13589477539062,1.674102783203125
WTI Oil,Com_CrudeOil,tscv,10,2024-07-22,590,3,PatchTST,LightGBM,77.6780014038086,77.00843811035156,0.6695632934570312
WTI Oil,Com_CrudeOil,tscv,10,2024-07-29,591,4,PatchTST,LightGBM,75.65599822998047,79.50773620605469,-3.8517379760742188
WTI Oil,Com_CrudeOil,tscv,10,2024-08-05,592,5,PatchTST,LightGBM,74.87999725341797,81.11690521240234,-6.236907958984375
WTI Oil,Com_CrudeOil,tscv,10,2024-08-12,593,6,PatchTST,LightGBM,77.58399963378906,80.01935577392578,-2.4353561401367188
WTI Oil,Com_CrudeOil,tscv,10,2024-08-19,594,7,PatchTST,LightGBM,73.31999969482422,77.63434600830078,-4.3143463134765625
WTI Oil,Com_CrudeOil,tscv,10,2024-08-26,595,8,PatchTST,LightGBM,75.38600158691406,80.74889373779297,-5.362892150878906
WTI Oil,Com_CrudeOil,tscv,10,2024-09-02,596,9,PatchTST,LightGBM,70.08424377441406,80.5650634765625,-10.480819702148438
WTI Oil,Com_CrudeOil,tscv,10,2024-09-09,597,10,PatchTST,LightGBM,67.87799835205078,77.21324157714844,-9.335243225097656
WTI Oil,Com_CrudeOil,tscv,10,2024-09-16,598,11,PatchTST,LightGBM,70.41799926757812,76.0283203125,-5.610321044921875
WTI Oil,Com_CrudeOil,tscv,10,2024-09-23,599,12,PatchTST,LightGBM,69.49400329589844,80.96612548828125,-11.472122192382812
WTI Oil,Com_CrudeOil,tscv,11,2024-08-05,592,1,PatchTST,-,74.87999725341797,62.962284088134766,11.917713165283203
WTI Oil,Com_CrudeOil,tscv,11,2024-08-12,593,2,PatchTST,-,77.58399963378906,62.98529815673828,14.598701477050781
WTI Oil,Com_CrudeOil,tscv,11,2024-08-19,594,3,PatchTST,-,73.31999969482422,62.93535232543945,10.384647369384766
WTI Oil,Com_CrudeOil,tscv,11,2024-08-26,595,4,PatchTST,-,75.38600158691406,63.26179504394531,12.12420654296875
WTI Oil,Com_CrudeOil,tscv,11,2024-09-02,596,5,PatchTST,-,70.08424377441406,63.16693878173828,6.917304992675781
WTI Oil,Com_CrudeOil,tscv,11,2024-09-09,597,6,PatchTST,-,67.87799835205078,63.12264633178711,4.755352020263672
WTI Oil,Com_CrudeOil,tscv,11,2024-09-16,598,7,PatchTST,-,70.41799926757812,63.0440559387207,7.373943328857422
WTI Oil,Com_CrudeOil,tscv,11,2024-09-23,599,8,PatchTST,-,69.49400329589844,62.9700927734375,6.5239105224609375
WTI Oil,Com_CrudeOil,tscv,11,2024-09-30,600,9,PatchTST,-,71.23799896240234,63.04786682128906,8.190132141113281
WTI Oil,Com_CrudeOil,tscv,11,2024-10-07,601,10,PatchTST,-,75.0719985961914,63.13838577270508,11.933612823486328
WTI Oil,Com_CrudeOil,tscv,11,2024-10-14,602,11,PatchTST,-,70.71600341796875,62.88545608520508,7.830547332763672
WTI Oil,Com_CrudeOil,tscv,11,2024-10-21,603,12,PatchTST,-,70.90399932861328,63.11713409423828,7.786865234375
WTI Oil,Com_CrudeOil,tscv,11,2024-08-05,592,1,PatchTST,NLinear,74.87999725341797,74.93279266357422,-0.05279541015625
WTI Oil,Com_CrudeOil,tscv,11,2024-08-12,593,2,PatchTST,NLinear,77.58399963378906,74.68156433105469,2.902435302734375
WTI Oil,Com_CrudeOil,tscv,11,2024-08-19,594,3,PatchTST,NLinear,73.31999969482422,74.44572448730469,-1.1257247924804688
WTI Oil,Com_CrudeOil,tscv,11,2024-08-26,595,4,PatchTST,NLinear,75.38600158691406,75.91384887695312,-0.5278472900390625
WTI Oil,Com_CrudeOil,tscv,11,2024-09-02,596,5,PatchTST,NLinear,70.08424377441406,72.17109680175781,-2.08685302734375
WTI Oil,Com_CrudeOil,tscv,11,2024-09-09,597,6,PatchTST,NLinear,67.87799835205078,72.8819351196289,-5.003936767578125
WTI Oil,Com_CrudeOil,tscv,11,2024-09-16,598,7,PatchTST,NLinear,70.41799926757812,73.23027801513672,-2.8122787475585938
WTI Oil,Com_CrudeOil,tscv,11,2024-09-23,599,8,PatchTST,NLinear,69.49400329589844,73.96631622314453,-4.472312927246094
WTI Oil,Com_CrudeOil,tscv,11,2024-09-30,600,9,PatchTST,NLinear,71.23799896240234,73.72034454345703,-2.4823455810546875
WTI Oil,Com_CrudeOil,tscv,11,2024-10-07,601,10,PatchTST,NLinear,75.0719985961914,72.03868103027344,3.0333175659179688
WTI Oil,Com_CrudeOil,tscv,11,2024-10-14,602,11,PatchTST,NLinear,70.71600341796875,73.3825912475586,-2.6665878295898438
WTI Oil,Com_CrudeOil,tscv,11,2024-10-21,603,12,PatchTST,NLinear,70.90399932861328,73.6434555053711,-2.7394561767578125
WTI Oil,Com_CrudeOil,tscv,11,2024-08-05,592,1,PatchTST,XGBoost,74.87999725341797,75.69808197021484,-0.818084716796875
WTI Oil,Com_CrudeOil,tscv,11,2024-08-12,593,2,PatchTST,XGBoost,77.58399963378906,72.67130279541016,4.912696838378906
WTI Oil,Com_CrudeOil,tscv,11,2024-08-19,594,3,PatchTST,XGBoost,73.31999969482422,75.15142059326172,-1.8314208984375
WTI Oil,Com_CrudeOil,tscv,11,2024-08-26,595,4,PatchTST,XGBoost,75.38600158691406,74.40711212158203,0.9788894653320312
WTI Oil,Com_CrudeOil,tscv,11,2024-09-02,596,5,PatchTST,XGBoost,70.08424377441406,75.15280151367188,-5.0685577392578125
WTI Oil,Com_CrudeOil,tscv,11,2024-09-09,597,6,PatchTST,XGBoost,67.87799835205078,76.54574584960938,-8.667747497558594
WTI Oil,Com_CrudeOil,tscv,11,2024-09-16,598,7,PatchTST,XGBoost,70.41799926757812,76.36250305175781,-5.9445037841796875
WTI Oil,Com_CrudeOil,tscv,11,2024-09-23,599,8,PatchTST,XGBoost,69.49400329589844,77.6678695678711,-8.173866271972656
WTI Oil,Com_CrudeOil,tscv,11,2024-09-30,600,9,PatchTST,XGBoost,71.23799896240234,77.78118133544922,-6.543182373046875
WTI Oil,Com_CrudeOil,tscv,11,2024-10-07,601,10,PatchTST,XGBoost,75.0719985961914,78.06338500976562,-2.9913864135742188
WTI Oil,Com_CrudeOil,tscv,11,2024-10-14,602,11,PatchTST,XGBoost,70.71600341796875,77.90939331054688,-7.193389892578125
WTI Oil,Com_CrudeOil,tscv,11,2024-10-21,603,12,PatchTST,XGBoost,70.90399932861328,78.27442169189453,-7.37042236328125
WTI Oil,Com_CrudeOil,tscv,11,2024-08-05,592,1,PatchTST,LightGBM,74.87999725341797,77.8116226196289,-2.9316253662109375
WTI Oil,Com_CrudeOil,tscv,11,2024-08-12,593,2,PatchTST,LightGBM,77.58399963378906,77.29045867919922,0.29354095458984375
WTI Oil,Com_CrudeOil,tscv,11,2024-08-19,594,3,PatchTST,LightGBM,73.31999969482422,72.60018920898438,0.7198104858398438
WTI Oil,Com_CrudeOil,tscv,11,2024-08-26,595,4,PatchTST,LightGBM,75.38600158691406,74.44368743896484,0.9423141479492188
WTI Oil,Com_CrudeOil,tscv,11,2024-09-02,596,5,PatchTST,LightGBM,70.08424377441406,74.88558959960938,-4.8013458251953125
WTI Oil,Com_CrudeOil,tscv,11,2024-09-09,597,6,PatchTST,LightGBM,67.87799835205078,73.37950134277344,-5.501502990722656
WTI Oil,Com_CrudeOil,tscv,11,2024-09-16,598,7,PatchTST,LightGBM,70.41799926757812,72.85738372802734,-2.4393844604492188
WTI Oil,Com_CrudeOil,tscv,11,2024-09-23,599,8,PatchTST,LightGBM,69.49400329589844,75.83863830566406,-6.344635009765625
WTI Oil,Com_CrudeOil,tscv,11,2024-09-30,600,9,PatchTST,LightGBM,71.23799896240234,77.52545928955078,-6.2874603271484375
WTI Oil,Com_CrudeOil,tscv,11,2024-10-07,601,10,PatchTST,LightGBM,75.0719985961914,77.91546630859375,-2.8434677124023438
WTI Oil,Com_CrudeOil,tscv,11,2024-10-14,602,11,PatchTST,LightGBM,70.71600341796875,77.34286499023438,-6.626861572265625
WTI Oil,Com_CrudeOil,tscv,11,2024-10-21,603,12,PatchTST,LightGBM,70.90399932861328,77.1374282836914,-6.233428955078125
WTI Oil,Com_CrudeOil,tscv,12,2024-09-02,596,1,PatchTST,-,70.08424377441406,65.94830322265625,4.1359405517578125
WTI Oil,Com_CrudeOil,tscv,12,2024-09-09,597,2,PatchTST,-,67.87799835205078,66.14588165283203,1.73211669921875
WTI Oil,Com_CrudeOil,tscv,12,2024-09-16,598,3,PatchTST,-,70.41799926757812,65.98445129394531,4.4335479736328125
WTI Oil,Com_CrudeOil,tscv,12,2024-09-23,599,4,PatchTST,-,69.49400329589844,66.1846923828125,3.3093109130859375
WTI Oil,Com_CrudeOil,tscv,12,2024-09-30,600,5,PatchTST,-,71.23799896240234,66.2845458984375,4.953453063964844
WTI Oil,Com_CrudeOil,tscv,12,2024-10-07,601,6,PatchTST,-,75.0719985961914,65.92333984375,9.148658752441406
WTI Oil,Com_CrudeOil,tscv,12,2024-10-14,602,7,PatchTST,-,70.71600341796875,66.04837799072266,4.667625427246094
WTI Oil,Com_CrudeOil,tscv,12,2024-10-21,603,8,PatchTST,-,70.90399932861328,66.06529998779297,4.8386993408203125
WTI Oil,Com_CrudeOil,tscv,12,2024-10-28,604,9,PatchTST,-,68.38999938964844,66.08629608154297,2.3037033081054688
WTI Oil,Com_CrudeOil,tscv,12,2024-11-04,605,10,PatchTST,-,71.5780029296875,66.05751037597656,5.5204925537109375
WTI Oil,Com_CrudeOil,tscv,12,2024-11-11,606,11,PatchTST,-,68.04199981689453,65.75357818603516,2.288421630859375
WTI Oil,Com_CrudeOil,tscv,12,2024-11-18,607,12,PatchTST,-,69.69999694824219,65.87931823730469,3.8206787109375
WTI Oil,Com_CrudeOil,tscv,12,2024-09-02,596,1,PatchTST,NLinear,70.08424377441406,75.1681900024414,-5.083946228027344
WTI Oil,Com_CrudeOil,tscv,12,2024-09-09,597,2,PatchTST,NLinear,67.87799835205078,74.74079895019531,-6.862800598144531
WTI Oil,Com_CrudeOil,tscv,12,2024-09-16,598,3,PatchTST,NLinear,70.41799926757812,73.69925689697266,-3.2812576293945312
WTI Oil,Com_CrudeOil,tscv,12,2024-09-23,599,4,PatchTST,NLinear,69.49400329589844,74.990234375,-5.4962310791015625
WTI Oil,Com_CrudeOil,tscv,12,2024-09-30,600,5,PatchTST,NLinear,71.23799896240234,74.48560333251953,-3.2476043701171875
WTI Oil,Com_CrudeOil,tscv,12,2024-10-07,601,6,PatchTST,NLinear,75.0719985961914,75.2918701171875,-0.21987152099609375
WTI Oil,Com_CrudeOil,tscv,12,2024-10-14,602,7,PatchTST,NLinear,70.71600341796875,76.42514038085938,-5.709136962890625
WTI Oil,Com_CrudeOil,tscv,12,2024-10-21,603,8,PatchTST,NLinear,70.90399932861328,75.7410659790039,-4.837066650390625
WTI Oil,Com_CrudeOil,tscv,12,2024-10-28,604,9,PatchTST,NLinear,68.38999938964844,76.43408203125,-8.044082641601562
WTI Oil,Com_CrudeOil,tscv,12,2024-11-04,605,10,PatchTST,NLinear,71.5780029296875,75.25830078125,-3.6802978515625
WTI Oil,Com_CrudeOil,tscv,12,2024-11-11,606,11,PatchTST,NLinear,68.04199981689453,73.6519546508789,-5.609954833984375
WTI Oil,Com_CrudeOil,tscv,12,2024-11-18,607,12,PatchTST,NLinear,69.69999694824219,75.55668640136719,-5.856689453125
WTI Oil,Com_CrudeOil,tscv,12,2024-09-02,596,1,PatchTST,XGBoost,70.08424377441406,80.05802917480469,-9.973785400390625
WTI Oil,Com_CrudeOil,tscv,12,2024-09-09,597,2,PatchTST,XGBoost,67.87799835205078,78.9587173461914,-11.080718994140625
WTI Oil,Com_CrudeOil,tscv,12,2024-09-16,598,3,PatchTST,XGBoost,70.41799926757812,79.60757446289062,-9.1895751953125
WTI Oil,Com_CrudeOil,tscv,12,2024-09-23,599,4,PatchTST,XGBoost,69.49400329589844,80.86769104003906,-11.373687744140625
WTI Oil,Com_CrudeOil,tscv,12,2024-09-30,600,5,PatchTST,XGBoost,71.23799896240234,81.24346160888672,-10.005462646484375
WTI Oil,Com_CrudeOil,tscv,12,2024-10-07,601,6,PatchTST,XGBoost,75.0719985961914,80.35673522949219,-5.284736633300781
WTI Oil,Com_CrudeOil,tscv,12,2024-10-14,602,7,PatchTST,XGBoost,70.71600341796875,80.741455078125,-10.02545166015625
WTI Oil,Com_CrudeOil,tscv,12,2024-10-21,603,8,PatchTST,XGBoost,70.90399932861328,82.17979431152344,-11.275794982910156
WTI Oil,Com_CrudeOil,tscv,12,2024-10-28,604,9,PatchTST,XGBoost,68.38999938964844,81.05679321289062,-12.666793823242188
WTI Oil,Com_CrudeOil,tscv,12,2024-11-04,605,10,PatchTST,XGBoost,71.5780029296875,82.2486343383789,-10.670631408691406
WTI Oil,Com_CrudeOil,tscv,12,2024-11-11,606,11,PatchTST,XGBoost,68.04199981689453,81.43389129638672,-13.391891479492188
WTI Oil,Com_CrudeOil,tscv,12,2024-11-18,607,12,PatchTST,XGBoost,69.69999694824219,82.67487335205078,-12.974876403808594
WTI Oil,Com_CrudeOil,tscv,12,2024-09-02,596,1,PatchTST,LightGBM,70.08424377441406,78.95536041259766,-8.871116638183594
WTI Oil,Com_CrudeOil,tscv,12,2024-09-09,597,2,PatchTST,LightGBM,67.87799835205078,77.87693786621094,-9.998939514160156
WTI Oil,Com_CrudeOil,tscv,12,2024-09-16,598,3,PatchTST,LightGBM,70.41799926757812,77.24906158447266,-6.831062316894531
WTI Oil,Com_CrudeOil,tscv,12,2024-09-23,599,4,PatchTST,LightGBM,69.49400329589844,79.58352661132812,-10.089523315429688
WTI Oil,Com_CrudeOil,tscv,12,2024-09-30,600,5,PatchTST,LightGBM,71.23799896240234,80.3429946899414,-9.104995727539062
WTI Oil,Com_CrudeOil,tscv,12,2024-10-07,601,6,PatchTST,LightGBM,75.0719985961914,79.82037353515625,-4.748374938964844
WTI Oil,Com_CrudeOil,tscv,12,2024-10-14,602,7,PatchTST,LightGBM,70.71600341796875,80.63522338867188,-9.919219970703125
WTI Oil,Com_CrudeOil,tscv,12,2024-10-21,603,8,PatchTST,LightGBM,70.90399932861328,81.88704681396484,-10.983047485351562
WTI Oil,Com_CrudeOil,tscv,12,2024-10-28,604,9,PatchTST,LightGBM,68.38999938964844,82.04277038574219,-13.65277099609375
WTI Oil,Com_CrudeOil,tscv,12,2024-11-04,605,10,PatchTST,LightGBM,71.5780029296875,81.7704086303711,-10.192405700683594
WTI Oil,Com_CrudeOil,tscv,12,2024-11-11,606,11,PatchTST,LightGBM,68.04199981689453,80.3924331665039,-12.350433349609375
WTI Oil,Com_CrudeOil,tscv,12,2024-11-18,607,12,PatchTST,LightGBM,69.69999694824219,82.17464447021484,-12.474647521972656
WTI Oil,Com_CrudeOil,tscv,13,2024-09-30,600,1,PatchTST,-,71.23799896240234,67.58123016357422,3.656768798828125
WTI Oil,Com_CrudeOil,tscv,13,2024-10-07,601,2,PatchTST,-,75.0719985961914,67.76361846923828,7.308380126953125
WTI Oil,Com_CrudeOil,tscv,13,2024-10-14,602,3,PatchTST,-,70.71600341796875,67.5907211303711,3.1252822875976562
WTI Oil,Com_CrudeOil,tscv,13,2024-10-21,603,4,PatchTST,-,70.90399932861328,67.77943420410156,3.1245651245117188
WTI Oil,Com_CrudeOil,tscv,13,2024-10-28,604,5,PatchTST,-,68.38999938964844,67.51495361328125,0.8750457763671875
WTI Oil,Com_CrudeOil,tscv,13,2024-11-04,605,6,PatchTST,-,71.5780029296875,67.6340560913086,3.9439468383789062
WTI Oil,Com_CrudeOil,tscv,13,2024-11-11,606,7,PatchTST,-,68.04199981689453,67.52985382080078,0.51214599609375
WTI Oil,Com_CrudeOil,tscv,13,2024-11-18,607,8,PatchTST,-,69.69999694824219,67.64287567138672,2.0571212768554688
WTI Oil,Com_CrudeOil,tscv,13,2024-11-25,608,9,PatchTST,-,68.7181167602539,67.47083282470703,1.247283935546875
WTI Oil,Com_CrudeOil,tscv,13,2024-12-02,609,10,PatchTST,-,68.11045837402344,67.40581512451172,0.7046432495117188
WTI Oil,Com_CrudeOil,tscv,13,2024-12-09,610,11,PatchTST,-,70.1072006225586,67.39673614501953,2.7104644775390625
WTI Oil,Com_CrudeOil,tscv,13,2024-12-16,611,12,PatchTST,-,69.7302017211914,67.29559326171875,2.4346084594726562
WTI Oil,Com_CrudeOil,tscv,13,2024-09-30,600,1,PatchTST,NLinear,71.23799896240234,74.22178649902344,-2.9837875366210938
WTI Oil,Com_CrudeOil,tscv,13,2024-10-07,601,2,PatchTST,NLinear,75.0719985961914,75.07652282714844,-0.00452423095703125
WTI Oil,Com_CrudeOil,tscv,13,2024-10-14,602,3,PatchTST,NLinear,70.71600341796875,76.38236999511719,-5.6663665771484375
WTI Oil,Com_CrudeOil,tscv,13,2024-10-21,603,4,PatchTST,NLinear,70.90399932861328,76.28248596191406,-5.378486633300781
WTI Oil,Com_CrudeOil,tscv,13,2024-10-28,604,5,PatchTST,NLinear,68.38999938964844,77.59144592285156,-9.201446533203125
WTI Oil,Com_CrudeOil,tscv,13,2024-11-04,605,6,PatchTST,NLinear,71.5780029296875,77.75141143798828,-6.173408508300781
WTI Oil,Com_CrudeOil,tscv,13,2024-11-11,606,7,PatchTST,NLinear,68.04199981689453,75.34622192382812,-7.304222106933594
WTI Oil,Com_CrudeOil,tscv,13,2024-11-18,607,8,PatchTST,NLinear,69.69999694824219,75.56266784667969,-5.8626708984375
WTI Oil,Com_CrudeOil,tscv,13,2024-11-25,608,9,PatchTST,NLinear,68.7181167602539,75.96365356445312,-7.245536804199219
WTI Oil,Com_CrudeOil,tscv,13,2024-12-02,609,10,PatchTST,NLinear,68.11045837402344,76.3095932006836,-8.199134826660156
WTI Oil,Com_CrudeOil,tscv,13,2024-12-09,610,11,PatchTST,NLinear,70.1072006225586,77.78059387207031,-7.673393249511719
WTI Oil,Com_CrudeOil,tscv,13,2024-12-16,611,12,PatchTST,NLinear,69.7302017211914,76.94953918457031,-7.219337463378906
WTI Oil,Com_CrudeOil,tscv,13,2024-09-30,600,1,PatchTST,XGBoost,71.23799896240234,80.95926666259766,-9.721267700195312
WTI Oil,Com_CrudeOil,tscv,13,2024-10-07,601,2,PatchTST,XGBoost,75.0719985961914,81.2319564819336,-6.1599578857421875
WTI Oil,Com_CrudeOil,tscv,13,2024-10-14,602,3,PatchTST,XGBoost,70.71600341796875,81.70726013183594,-10.991256713867188
WTI Oil,Com_CrudeOil,tscv,13,2024-10-21,603,4,PatchTST,XGBoost,70.90399932861328,83.22073364257812,-12.316734313964844
WTI Oil,Com_CrudeOil,tscv,13,2024-10-28,604,5,PatchTST,XGBoost,68.38999938964844,81.89222717285156,-13.502227783203125
WTI Oil,Com_CrudeOil,tscv,13,2024-11-04,605,6,PatchTST,XGBoost,71.5780029296875,82.20008087158203,-10.622077941894531
WTI Oil,Com_CrudeOil,tscv,13,2024-11-11,606,7,PatchTST,XGBoost,68.04199981689453,82.52112579345703,-14.4791259765625
WTI Oil,Com_CrudeOil,tscv,13,2024-11-18,607,8,PatchTST,XGBoost,69.69999694824219,83.92960357666016,-14.229606628417969
WTI Oil,Com_CrudeOil,tscv,13,2024-11-25,608,9,PatchTST,XGBoost,68.7181167602539,84.80108642578125,-16.082969665527344
WTI Oil,Com_CrudeOil,tscv,13,2024-12-02,609,10,PatchTST,XGBoost,68.11045837402344,85.87525939941406,-17.764801025390625
WTI Oil,Com_CrudeOil,tscv,13,2024-12-09,610,11,PatchTST,XGBoost,70.1072006225586,83.35374450683594,-13.246543884277344
WTI Oil,Com_CrudeOil,tscv,13,2024-12-16,611,12,PatchTST,XGBoost,69.7302017211914,84.48908233642578,-14.758880615234375
WTI Oil,Com_CrudeOil,tscv,13,2024-09-30,600,1,PatchTST,LightGBM,71.23799896240234,81.11473083496094,-9.876731872558594
WTI Oil,Com_CrudeOil,tscv,13,2024-10-07,601,2,PatchTST,LightGBM,75.0719985961914,81.43881225585938,-6.366813659667969
WTI Oil,Com_CrudeOil,tscv,13,2024-10-14,602,3,PatchTST,LightGBM,70.71600341796875,80.87525939941406,-10.159255981445312
WTI Oil,Com_CrudeOil,tscv,13,2024-10-21,603,4,PatchTST,LightGBM,70.90399932861328,80.91468048095703,-10.01068115234375
WTI Oil,Com_CrudeOil,tscv,13,2024-10-28,604,5,PatchTST,LightGBM,68.38999938964844,80.45250701904297,-12.062507629394531
WTI Oil,Com_CrudeOil,tscv,13,2024-11-04,605,6,PatchTST,LightGBM,71.5780029296875,80.97990417480469,-9.401901245117188
WTI Oil,Com_CrudeOil,tscv,13,2024-11-11,606,7,PatchTST,LightGBM,68.04199981689453,77.48136901855469,-9.439369201660156
WTI Oil,Com_CrudeOil,tscv,13,2024-11-18,607,8,PatchTST,LightGBM,69.69999694824219,81.56470489501953,-11.864707946777344
WTI Oil,Com_CrudeOil,tscv,13,2024-11-25,608,9,PatchTST,LightGBM,68.7181167602539,84.25161743164062,-15.533500671386719
WTI Oil,Com_CrudeOil,tscv,13,2024-12-02,609,10,PatchTST,LightGBM,68.11045837402344,83.97428894042969,-15.86383056640625
WTI Oil,Com_CrudeOil,tscv,13,2024-12-09,610,11,PatchTST,LightGBM,70.1072006225586,81.34161376953125,-11.234413146972656
WTI Oil,Com_CrudeOil,tscv,13,2024-12-16,611,12,PatchTST,LightGBM,69.7302017211914,83.17903137207031,-13.448829650878906
WTI Oil,Com_CrudeOil,tscv,14,2024-10-28,604,1,PatchTST,-,68.38999938964844,64.83234405517578,3.5576553344726562
WTI Oil,Com_CrudeOil,tscv,14,2024-11-04,605,2,PatchTST,-,71.5780029296875,64.55115509033203,7.026847839355469
WTI Oil,Com_CrudeOil,tscv,14,2024-11-11,606,3,PatchTST,-,68.04199981689453,64.41777801513672,3.6242218017578125
WTI Oil,Com_CrudeOil,tscv,14,2024-11-18,607,4,PatchTST,-,69.69999694824219,64.3095703125,5.3904266357421875
WTI Oil,Com_CrudeOil,tscv,14,2024-11-25,608,5,PatchTST,-,68.7181167602539,64.48822021484375,4.229896545410156
WTI Oil,Com_CrudeOil,tscv,14,2024-12-02,609,6,PatchTST,-,68.11045837402344,64.58598327636719,3.52447509765625
WTI Oil,Com_CrudeOil,tscv,14,2024-12-09,610,7,PatchTST,-,70.1072006225586,64.60151672363281,5.505683898925781
WTI Oil,Com_CrudeOil,tscv,14,2024-12-16,611,8,PatchTST,-,69.7302017211914,64.3419189453125,5.388282775878906
WTI Oil,Com_CrudeOil,tscv,14,2024-12-23,612,9,PatchTST,-,70.14910125732422,64.24202728271484,5.907073974609375
WTI Oil,Com_CrudeOil,tscv,14,2024-12-30,613,10,PatchTST,-,72.57513427734375,64.3619384765625,8.21319580078125
WTI Oil,Com_CrudeOil,tscv,14,2025-01-06,614,11,PatchTST,-,74.95950317382812,64.52188110351562,10.4376220703125
WTI Oil,Com_CrudeOil,tscv,14,2025-01-13,615,12,PatchTST,-,78.02933502197266,64.21630859375,13.813026428222656
WTI Oil,Com_CrudeOil,tscv,14,2024-10-28,604,1,PatchTST,NLinear,68.38999938964844,69.86737060546875,-1.4773712158203125
WTI Oil,Com_CrudeOil,tscv,14,2024-11-04,605,2,PatchTST,NLinear,71.5780029296875,74.59696960449219,-3.0189666748046875
WTI Oil,Com_CrudeOil,tscv,14,2024-11-11,606,3,PatchTST,NLinear,68.04199981689453,72.46867370605469,-4.426673889160156
WTI Oil,Com_CrudeOil,tscv,14,2024-11-18,607,4,PatchTST,NLinear,69.69999694824219,68.89295196533203,0.8070449829101562
WTI Oil,Com_CrudeOil,tscv,14,2024-11-25,608,5,PatchTST,NLinear,68.7181167602539,72.7442398071289,-4.026123046875
WTI Oil,Com_CrudeOil,tscv,14,2024-12-02,609,6,PatchTST,NLinear,68.11045837402344,71.16583251953125,-3.0553741455078125
WTI Oil,Com_CrudeOil,tscv,14,2024-12-09,610,7,PatchTST,NLinear,70.1072006225586,72.71944427490234,-2.61224365234375
WTI Oil,Com_CrudeOil,tscv,14,2024-12-16,611,8,PatchTST,NLinear,69.7302017211914,72.62529754638672,-2.8950958251953125
WTI Oil,Com_CrudeOil,tscv,14,2024-12-23,612,9,PatchTST,NLinear,70.14910125732422,71.076904296875,-0.9278030395507812
WTI Oil,Com_CrudeOil,tscv,14,2024-12-30,613,10,PatchTST,NLinear,72.57513427734375,75.32267761230469,-2.7475433349609375
WTI Oil,Com_CrudeOil,tscv,14,2025-01-06,614,11,PatchTST,NLinear,74.95950317382812,72.67608642578125,2.283416748046875
WTI Oil,Com_CrudeOil,tscv,14,2025-01-13,615,12,PatchTST,NLinear,78.02933502197266,71.62492370605469,6.404411315917969
WTI Oil,Com_CrudeOil,tscv,14,2024-10-28,604,1,PatchTST,XGBoost,68.38999938964844,78.15027618408203,-9.760276794433594
WTI Oil,Com_CrudeOil,tscv,14,2024-11-04,605,2,PatchTST,XGBoost,71.5780029296875,78.11312103271484,-6.535118103027344
WTI Oil,Com_CrudeOil,tscv,14,2024-11-11,606,3,PatchTST,XGBoost,68.04199981689453,78.78853607177734,-10.746536254882812
WTI Oil,Com_CrudeOil,tscv,14,2024-11-18,607,4,PatchTST,XGBoost,69.69999694824219,79.12625122070312,-9.426254272460938
WTI Oil,Com_CrudeOil,tscv,14,2024-11-25,608,5,PatchTST,XGBoost,68.7181167602539,82.54287719726562,-13.824760437011719
WTI Oil,Com_CrudeOil,tscv,14,2024-12-02,609,6,PatchTST,XGBoost,68.11045837402344,82.18634033203125,-14.075881958007812
WTI Oil,Com_CrudeOil,tscv,14,2024-12-09,610,7,PatchTST,XGBoost,70.1072006225586,80.64183044433594,-10.534629821777344
WTI Oil,Com_CrudeOil,tscv,14,2024-12-16,611,8,PatchTST,XGBoost,69.7302017211914,79.82623291015625,-10.096031188964844
WTI Oil,Com_CrudeOil,tscv,14,2024-12-23,612,9,PatchTST,XGBoost,70.14910125732422,83.81022644042969,-13.661125183105469
WTI Oil,Com_CrudeOil,tscv,14,2024-12-30,613,10,PatchTST,XGBoost,72.57513427734375,81.12161254882812,-8.546478271484375
WTI Oil,Com_CrudeOil,tscv,14,2025-01-06,614,11,PatchTST,XGBoost,74.95950317382812,85.75929260253906,-10.799789428710938
WTI Oil,Com_CrudeOil,tscv,14,2025-01-13,615,12,PatchTST,XGBoost,78.02933502197266,82.62147521972656,-4.592140197753906
WTI Oil,Com_CrudeOil,tscv,14,2024-10-28,604,1,PatchTST,LightGBM,68.38999938964844,78.88986206054688,-10.499862670898438
WTI Oil,Com_CrudeOil,tscv,14,2024-11-04,605,2,PatchTST,LightGBM,71.5780029296875,77.93460845947266,-6.356605529785156
WTI Oil,Com_CrudeOil,tscv,14,2024-11-11,606,3,PatchTST,LightGBM,68.04199981689453,76.2027587890625,-8.160758972167969
WTI Oil,Com_CrudeOil,tscv,14,2024-11-18,607,4,PatchTST,LightGBM,69.69999694824219,79.0504150390625,-9.350418090820312
WTI Oil,Com_CrudeOil,tscv,14,2024-11-25,608,5,PatchTST,LightGBM,68.7181167602539,81.73888397216797,-13.020767211914062
WTI Oil,Com_CrudeOil,tscv,14,2024-12-02,609,6,PatchTST,LightGBM,68.11045837402344,81.19749450683594,-13.0870361328125
WTI Oil,Com_CrudeOil,tscv,14,2024-12-09,610,7,PatchTST,LightGBM,70.1072006225586,79.8830795288086,-9.77587890625
WTI Oil,Com_CrudeOil,tscv,14,2024-12-16,611,8,PatchTST,LightGBM,69.7302017211914,81.73225402832031,-12.002052307128906
WTI Oil,Com_CrudeOil,tscv,14,2024-12-23,612,9,PatchTST,LightGBM,70.14910125732422,84.31321716308594,-14.164115905761719
WTI Oil,Com_CrudeOil,tscv,14,2024-12-30,613,10,PatchTST,LightGBM,72.57513427734375,84.36766815185547,-11.792533874511719
WTI Oil,Com_CrudeOil,tscv,14,2025-01-06,614,11,PatchTST,LightGBM,74.95950317382812,85.90879821777344,-10.949295043945312
WTI Oil,Com_CrudeOil,tscv,14,2025-01-13,615,12,PatchTST,LightGBM,78.02933502197266,82.99324035644531,-4.963905334472656
WTI Oil,Com_CrudeOil,tscv,15,2024-11-25,608,1,PatchTST,-,68.7181167602539,67.82473754882812,0.8933792114257812
WTI Oil,Com_CrudeOil,tscv,15,2024-12-02,609,2,PatchTST,-,68.11045837402344,67.95149230957031,0.158966064453125
WTI Oil,Com_CrudeOil,tscv,15,2024-12-09,610,3,PatchTST,-,70.1072006225586,67.80735778808594,2.2998428344726562
WTI Oil,Com_CrudeOil,tscv,15,2024-12-16,611,4,PatchTST,-,69.7302017211914,67.83271789550781,1.8974838256835938
WTI Oil,Com_CrudeOil,tscv,15,2024-12-23,612,5,PatchTST,-,70.14910125732422,67.75054168701172,2.3985595703125
WTI Oil,Com_CrudeOil,tscv,15,2024-12-30,613,6,PatchTST,-,72.57513427734375,67.70157623291016,4.873558044433594
WTI Oil,Com_CrudeOil,tscv,15,2025-01-06,614,7,PatchTST,-,74.95950317382812,67.36552429199219,7.5939788818359375
WTI Oil,Com_CrudeOil,tscv,15,2025-01-13,615,8,PatchTST,-,78.02933502197266,67.61886596679688,10.410469055175781
WTI Oil,Com_CrudeOil,tscv,15,2025-01-20,616,9,PatchTST,-,75.17753601074219,67.54280090332031,7.634735107421875
WTI Oil,Com_CrudeOil,tscv,15,2025-01-27,617,10,PatchTST,-,73.03900146484375,67.50027465820312,5.538726806640625
WTI Oil,Com_CrudeOil,tscv,15,2025-02-03,618,11,PatchTST,-,71.66098022460938,67.26835632324219,4.3926239013671875
WTI Oil,Com_CrudeOil,tscv,15,2025-02-10,619,12,PatchTST,-,71.62548065185547,67.28436279296875,4.341117858886719
WTI Oil,Com_CrudeOil,tscv,15,2024-11-25,608,1,PatchTST,NLinear,68.7181167602539,74.89409637451172,-6.1759796142578125
WTI Oil,Com_CrudeOil,tscv,15,2024-12-02,609,2,PatchTST,NLinear,68.11045837402344,76.18634033203125,-8.075881958007812
WTI Oil,Com_CrudeOil,tscv,15,2024-12-09,610,3,PatchTST,NLinear,70.1072006225586,74.08097076416016,-3.9737701416015625
WTI Oil,Com_CrudeOil,tscv,15,2024-12-16,611,4,PatchTST,NLinear,69.7302017211914,76.96096801757812,-7.230766296386719
WTI Oil,Com_CrudeOil,tscv,15,2024-12-23,612,5,PatchTST,NLinear,70.14910125732422,77.84886932373047,-7.69976806640625
WTI Oil,Com_CrudeOil,tscv,15,2024-12-30,613,6,PatchTST,NLinear,72.57513427734375,74.70951843261719,-2.1343841552734375
WTI Oil,Com_CrudeOil,tscv,15,2025-01-06,614,7,PatchTST,NLinear,74.95950317382812,74.31853485107422,0.6409683227539062
WTI Oil,Com_CrudeOil,tscv,15,2025-01-13,615,8,PatchTST,NLinear,78.02933502197266,73.46862030029297,4.5607147216796875
WTI Oil,Com_CrudeOil,tscv,15,2025-01-20,616,9,PatchTST,NLinear,75.17753601074219,74.9218978881836,0.25563812255859375
WTI Oil,Com_CrudeOil,tscv,15,2025-01-27,617,10,PatchTST,NLinear,73.03900146484375,76.74681091308594,-3.7078094482421875
WTI Oil,Com_CrudeOil,tscv,15,2025-02-03,618,11,PatchTST,NLinear,71.66098022460938,76.16779327392578,-4.506813049316406
WTI Oil,Com_CrudeOil,tscv,15,2025-02-10,619,12,PatchTST,NLinear,71.62548065185547,77.21829986572266,-5.5928192138671875
WTI Oil,Com_CrudeOil,tscv,15,2024-11-25,608,1,PatchTST,XGBoost,68.7181167602539,84.43804931640625,-15.719932556152344
WTI Oil,Com_CrudeOil,tscv,15,2024-12-02,609,2,PatchTST,XGBoost,68.11045837402344,82.04327392578125,-13.932815551757812
WTI Oil,Com_CrudeOil,tscv,15,2024-12-09,610,3,PatchTST,XGBoost,70.1072006225586,82.58114624023438,-12.473945617675781
WTI Oil,Com_CrudeOil,tscv,15,2024-12-16,611,4,PatchTST,XGBoost,69.7302017211914,86.14093017578125,-16.410728454589844
WTI Oil,Com_CrudeOil,tscv,15,2024-12-23,612,5,PatchTST,XGBoost,70.14910125732422,86.56336975097656,-16.414268493652344
WTI Oil,Com_CrudeOil,tscv,15,2024-12-30,613,6,PatchTST,XGBoost,72.57513427734375,82.72267150878906,-10.147537231445312
WTI Oil,Com_CrudeOil,tscv,15,2025-01-06,614,7,PatchTST,XGBoost,74.95950317382812,84.41423034667969,-9.454727172851562
WTI Oil,Com_CrudeOil,tscv,15,2025-01-13,615,8,PatchTST,XGBoost,78.02933502197266,83.27484893798828,-5.245513916015625
WTI Oil,Com_CrudeOil,tscv,15,2025-01-20,616,9,PatchTST,XGBoost,75.17753601074219,84.24290466308594,-9.06536865234375
WTI Oil,Com_CrudeOil,tscv,15,2025-01-27,617,10,PatchTST,XGBoost,73.03900146484375,83.11104583740234,-10.072044372558594
WTI Oil,Com_CrudeOil,tscv,15,2025-02-03,618,11,PatchTST,XGBoost,71.66098022460938,83.79296112060547,-12.131980895996094
WTI Oil,Com_CrudeOil,tscv,15,2025-02-10,619,12,PatchTST,XGBoost,71.62548065185547,82.8780288696289,-11.252548217773438
WTI Oil,Com_CrudeOil,tscv,15,2024-11-25,608,1,PatchTST,LightGBM,68.7181167602539,84.62239837646484,-15.904281616210938
WTI Oil,Com_CrudeOil,tscv,15,2024-12-02,609,2,PatchTST,LightGBM,68.11045837402344,82.1728744506836,-14.062416076660156
WTI Oil,Com_CrudeOil,tscv,15,2024-12-09,610,3,PatchTST,LightGBM,70.1072006225586,82.98876953125,-12.881568908691406
WTI Oil,Com_CrudeOil,tscv,15,2024-12-16,611,4,PatchTST,LightGBM,69.7302017211914,85.43844604492188,-15.708244323730469
WTI Oil,Com_CrudeOil,tscv,15,2024-12-23,612,5,PatchTST,LightGBM,70.14910125732422,85.27418518066406,-15.125083923339844
WTI Oil,Com_CrudeOil,tscv,15,2024-12-30,613,6,PatchTST,LightGBM,72.57513427734375,85.73915100097656,-13.164016723632812
WTI Oil,Com_CrudeOil,tscv,15,2025-01-06,614,7,PatchTST,LightGBM,74.95950317382812,85.36836242675781,-10.408859252929688
WTI Oil,Com_CrudeOil,tscv,15,2025-01-13,615,8,PatchTST,LightGBM,78.02933502197266,84.62361907958984,-6.5942840576171875
WTI Oil,Com_CrudeOil,tscv,15,2025-01-20,616,9,PatchTST,LightGBM,75.17753601074219,85.04899597167969,-9.8714599609375
WTI Oil,Com_CrudeOil,tscv,15,2025-01-27,617,10,PatchTST,LightGBM,73.03900146484375,88.5466079711914,-15.507606506347656
WTI Oil,Com_CrudeOil,tscv,15,2025-02-03,618,11,PatchTST,LightGBM,71.66098022460938,84.30459594726562,-12.64361572265625
WTI Oil,Com_CrudeOil,tscv,15,2025-02-10,619,12,PatchTST,LightGBM,71.62548065185547,83.25200653076172,-11.62652587890625
WTI Oil,Com_CrudeOil,tscv,16,2024-12-23,612,1,PatchTST,-,70.14910125732422,65.6561508178711,4.492950439453125
WTI Oil,Com_CrudeOil,tscv,16,2024-12-30,613,2,PatchTST,-,72.57513427734375,65.64995574951172,6.925178527832031
WTI Oil,Com_CrudeOil,tscv,16,2025-01-06,614,3,PatchTST,-,74.95950317382812,65.4881591796875,9.471343994140625
WTI Oil,Com_CrudeOil,tscv,16,2025-01-13,615,4,PatchTST,-,78.02933502197266,65.32637786865234,12.702957153320312
WTI Oil,Com_CrudeOil,tscv,16,2025-01-20,616,5,PatchTST,-,75.17753601074219,65.6723861694336,9.505149841308594
WTI Oil,Com_CrudeOil,tscv,16,2025-01-27,617,6,PatchTST,-,73.03900146484375,65.22779083251953,7.811210632324219
WTI Oil,Com_CrudeOil,tscv,16,2025-02-03,618,7,PatchTST,-,71.66098022460938,65.38166046142578,6.279319763183594
WTI Oil,Com_CrudeOil,tscv,16,2025-02-10,619,8,PatchTST,-,71.62548065185547,65.31954956054688,6.305931091308594
WTI Oil,Com_CrudeOil,tscv,16,2025-02-17,620,9,PatchTST,-,71.43208312988281,65.35029602050781,6.081787109375
WTI Oil,Com_CrudeOil,tscv,16,2025-02-24,621,10,PatchTST,-,69.6719970703125,65.43865203857422,4.233345031738281
WTI Oil,Com_CrudeOil,tscv,16,2025-03-03,622,11,PatchTST,-,67.26799774169922,64.9890365600586,2.278961181640625
WTI Oil,Com_CrudeOil,tscv,16,2025-03-10,623,12,PatchTST,-,66.92066955566406,65.48099517822266,1.4396743774414062
WTI Oil,Com_CrudeOil,tscv,16,2024-12-23,612,1,PatchTST,NLinear,70.14910125732422,67.490234375,2.6588668823242188
WTI Oil,Com_CrudeOil,tscv,16,2024-12-30,613,2,PatchTST,NLinear,72.57513427734375,69.76258087158203,2.8125534057617188
WTI Oil,Com_CrudeOil,tscv,16,2025-01-06,614,3,PatchTST,NLinear,74.95950317382812,70.3592529296875,4.600250244140625
WTI Oil,Com_CrudeOil,tscv,16,2025-01-13,615,4,PatchTST,NLinear,78.02933502197266,68.7572250366211,9.272109985351562
WTI Oil,Com_CrudeOil,tscv,16,2025-01-20,616,5,PatchTST,NLinear,75.17753601074219,69.49241638183594,5.68511962890625
WTI Oil,Com_CrudeOil,tscv,16,2025-01-27,617,6,PatchTST,NLinear,73.03900146484375,70.51654815673828,2.5224533081054688
WTI Oil,Com_CrudeOil,tscv,16,2025-02-03,618,7,PatchTST,NLinear,71.66098022460938,68.97294616699219,2.6880340576171875
WTI Oil,Com_CrudeOil,tscv,16,2025-02-10,619,8,PatchTST,NLinear,71.62548065185547,69.327880859375,2.2975997924804688
WTI Oil,Com_CrudeOil,tscv,16,2025-02-17,620,9,PatchTST,NLinear,71.43208312988281,70.81600189208984,0.6160812377929688
WTI Oil,Com_CrudeOil,tscv,16,2025-02-24,621,10,PatchTST,NLinear,69.6719970703125,69.67459106445312,-0.002593994140625
WTI Oil,Com_CrudeOil,tscv,16,2025-03-03,622,11,PatchTST,NLinear,67.26799774169922,68.28529357910156,-1.0172958374023438
WTI Oil,Com_CrudeOil,tscv,16,2025-03-10,623,12,PatchTST,NLinear,66.92066955566406,68.806396484375,-1.8857269287109375
WTI Oil,Com_CrudeOil,tscv,16,2024-12-23,612,1,PatchTST,XGBoost,70.14910125732422,81.71699523925781,-11.567893981933594
WTI Oil,Com_CrudeOil,tscv,16,2024-12-30,613,2,PatchTST,XGBoost,72.57513427734375,81.29130554199219,-8.716171264648438
WTI Oil,Com_CrudeOil,tscv,16,2025-01-06,614,3,PatchTST,XGBoost,74.95950317382812,80.68013000488281,-5.7206268310546875
WTI Oil,Com_CrudeOil,tscv,16,2025-01-13,615,4,PatchTST,XGBoost,78.02933502197266,80.79721069335938,-2.7678756713867188
WTI Oil,Com_CrudeOil,tscv,16,2025-01-20,616,5,PatchTST,XGBoost,75.17753601074219,82.73638916015625,-7.5588531494140625
WTI Oil,Com_CrudeOil,tscv,16,2025-01-27,617,6,PatchTST,XGBoost,73.03900146484375,81.8841323852539,-8.845130920410156
WTI Oil,Com_CrudeOil,tscv,16,2025-02-03,618,7,PatchTST,XGBoost,71.66098022460938,82.45207214355469,-10.791091918945312
WTI Oil,Com_CrudeOil,tscv,16,2025-02-10,619,8,PatchTST,XGBoost,71.62548065185547,82.96734619140625,-11.341865539550781
WTI Oil,Com_CrudeOil,tscv,16,2025-02-17,620,9,PatchTST,XGBoost,71.43208312988281,80.06045532226562,-8.628372192382812
WTI Oil,Com_CrudeOil,tscv,16,2025-02-24,621,10,PatchTST,XGBoost,69.6719970703125,79.64434051513672,-9.972343444824219
WTI Oil,Com_CrudeOil,tscv,16,2025-03-03,622,11,PatchTST,XGBoost,67.26799774169922,78.90760803222656,-11.639610290527344
WTI Oil,Com_CrudeOil,tscv,16,2025-03-10,623,12,PatchTST,XGBoost,66.92066955566406,79.76105499267578,-12.840385437011719
WTI Oil,Com_CrudeOil,tscv,16,2024-12-23,612,1,PatchTST,LightGBM,70.14910125732422,81.82211303710938,-11.673011779785156
WTI Oil,Com_CrudeOil,tscv,16,2024-12-30,613,2,PatchTST,LightGBM,72.57513427734375,83.5295181274414,-10.954383850097656
WTI Oil,Com_CrudeOil,tscv,16,2025-01-06,614,3,PatchTST,LightGBM,74.95950317382812,83.87761688232422,-8.918113708496094
WTI Oil,Com_CrudeOil,tscv,16,2025-01-13,615,4,PatchTST,LightGBM,78.02933502197266,83.75077819824219,-5.721443176269531
WTI Oil,Com_CrudeOil,tscv,16,2025-01-20,616,5,PatchTST,LightGBM,75.17753601074219,83.42150115966797,-8.243965148925781
WTI Oil,Com_CrudeOil,tscv,16,2025-01-27,617,6,PatchTST,LightGBM,73.03900146484375,80.53614807128906,-7.4971466064453125
WTI Oil,Com_CrudeOil,tscv,16,2025-02-03,618,7,PatchTST,LightGBM,71.66098022460938,81.27436828613281,-9.613388061523438
WTI Oil,Com_CrudeOil,tscv,16,2025-02-10,619,8,PatchTST,LightGBM,71.62548065185547,80.56863403320312,-8.943153381347656
WTI Oil,Com_CrudeOil,tscv,16,2025-02-17,620,9,PatchTST,LightGBM,71.43208312988281,80.41372680664062,-8.981643676757812
WTI Oil,Com_CrudeOil,tscv,16,2025-02-24,621,10,PatchTST,LightGBM,69.6719970703125,79.71090698242188,-10.038909912109375
WTI Oil,Com_CrudeOil,tscv,16,2025-03-03,622,11,PatchTST,LightGBM,67.26799774169922,79.00267791748047,-11.73468017578125
WTI Oil,Com_CrudeOil,tscv,16,2025-03-10,623,12,PatchTST,LightGBM,66.92066955566406,79.75936126708984,-12.838691711425781
WTI Oil,Com_CrudeOil,tscv,17,2025-01-20,616,1,PatchTST,-,75.17753601074219,65.15058135986328,10.026954650878906
WTI Oil,Com_CrudeOil,tscv,17,2025-01-27,617,2,PatchTST,-,73.03900146484375,65.36824035644531,7.6707611083984375
WTI Oil,Com_CrudeOil,tscv,17,2025-02-03,618,3,PatchTST,-,71.66098022460938,65.06592559814453,6.595054626464844
WTI Oil,Com_CrudeOil,tscv,17,2025-02-10,619,4,PatchTST,-,71.62548065185547,65.03861236572266,6.5868682861328125
WTI Oil,Com_CrudeOil,tscv,17,2025-02-17,620,5,PatchTST,-,71.43208312988281,65.37747192382812,6.0546112060546875
WTI Oil,Com_CrudeOil,tscv,17,2025-02-24,621,6,PatchTST,-,69.6719970703125,65.2508544921875,4.421142578125
WTI Oil,Com_CrudeOil,tscv,17,2025-03-03,622,7,PatchTST,-,67.26799774169922,65.23416137695312,2.0338363647460938
WTI Oil,Com_CrudeOil,tscv,17,2025-03-10,623,8,PatchTST,-,66.92066955566406,64.65360260009766,2.2670669555664062
WTI Oil,Com_CrudeOil,tscv,17,2025-03-17,624,9,PatchTST,-,67.67898559570312,64.99781799316406,2.6811676025390625
WTI Oil,Com_CrudeOil,tscv,17,2025-03-24,625,10,PatchTST,-,69.34062957763672,64.94197845458984,4.398651123046875
WTI Oil,Com_CrudeOil,tscv,17,2025-03-31,626,11,PatchTST,-,66.51853942871094,65.01097106933594,1.507568359375
WTI Oil,Com_CrudeOil,tscv,17,2025-04-07,627,12,PatchTST,-,60.9921875,64.66199493408203,-3.6698074340820312
WTI Oil,Com_CrudeOil,tscv,17,2025-01-20,616,1,PatchTST,NLinear,75.17753601074219,69.8187484741211,5.358787536621094
WTI Oil,Com_CrudeOil,tscv,17,2025-01-27,617,2,PatchTST,NLinear,73.03900146484375,67.33055114746094,5.7084503173828125
WTI Oil,Com_CrudeOil,tscv,17,2025-02-03,618,3,PatchTST,NLinear,71.66098022460938,69.51750946044922,2.1434707641601562
WTI Oil,Com_CrudeOil,tscv,17,2025-02-10,619,4,PatchTST,NLinear,71.62548065185547,69.32917785644531,2.2963027954101562
WTI Oil,Com_CrudeOil,tscv,17,2025-02-17,620,5,PatchTST,NLinear,71.43208312988281,69.61177825927734,1.8203048706054688
WTI Oil,Com_CrudeOil,tscv,17,2025-02-24,621,6,PatchTST,NLinear,69.6719970703125,68.63751220703125,1.03448486328125
WTI Oil,Com_CrudeOil,tscv,17,2025-03-03,622,7,PatchTST,NLinear,67.26799774169922,69.6636962890625,-2.3956985473632812
WTI Oil,Com_CrudeOil,tscv,17,2025-03-10,623,8,PatchTST,NLinear,66.92066955566406,67.61914825439453,-0.6984786987304688
WTI Oil,Com_CrudeOil,tscv,17,2025-03-17,624,9,PatchTST,NLinear,67.67898559570312,68.46395874023438,-0.78497314453125
WTI Oil,Com_CrudeOil,tscv,17,2025-03-24,625,10,PatchTST,NLinear,69.34062957763672,69.77779388427734,-0.437164306640625
WTI Oil,Com_CrudeOil,tscv,17,2025-03-31,626,11,PatchTST,NLinear,66.51853942871094,69.10940551757812,-2.5908660888671875
WTI Oil,Com_CrudeOil,tscv,17,2025-04-07,627,12,PatchTST,NLinear,60.9921875,67.39007568359375,-6.39788818359375
WTI Oil,Com_CrudeOil,tscv,17,2025-01-20,616,1,PatchTST,XGBoost,75.17753601074219,84.08399200439453,-8.906455993652344
WTI Oil,Com_CrudeOil,tscv,17,2025-01-27,617,2,PatchTST,XGBoost,73.03900146484375,80.58164978027344,-7.5426483154296875
WTI Oil,Com_CrudeOil,tscv,17,2025-02-03,618,3,PatchTST,XGBoost,71.66098022460938,80.18138122558594,-8.520401000976562
WTI Oil,Com_CrudeOil,tscv,17,2025-02-10,619,4,PatchTST,XGBoost,71.62548065185547,80.16009521484375,-8.534614562988281
WTI Oil,Com_CrudeOil,tscv,17,2025-02-17,620,5,PatchTST,XGBoost,71.43208312988281,80.28145599365234,-8.849372863769531
WTI Oil,Com_CrudeOil,tscv,17,2025-02-24,621,6,PatchTST,XGBoost,69.6719970703125,79.67256927490234,-10.000572204589844
WTI Oil,Com_CrudeOil,tscv,17,2025-03-03,622,7,PatchTST,XGBoost,67.26799774169922,79.33818054199219,-12.070182800292969
WTI Oil,Com_CrudeOil,tscv,17,2025-03-10,623,8,PatchTST,XGBoost,66.92066955566406,79.09396362304688,-12.173294067382812
WTI Oil,Com_CrudeOil,tscv,17,2025-03-17,624,9,PatchTST,XGBoost,67.67898559570312,79.0384292602539,-11.359443664550781
WTI Oil,Com_CrudeOil,tscv,17,2025-03-24,625,10,PatchTST,XGBoost,69.34062957763672,78.22508239746094,-8.884452819824219
WTI Oil,Com_CrudeOil,tscv,17,2025-03-31,626,11,PatchTST,XGBoost,66.51853942871094,77.73375701904297,-11.215217590332031
WTI Oil,Com_CrudeOil,tscv,17,2025-04-07,627,12,PatchTST,XGBoost,60.9921875,77.29481506347656,-16.302627563476562
WTI Oil,Com_CrudeOil,tscv,17,2025-01-20,616,1,PatchTST,LightGBM,75.17753601074219,80.2796401977539,-5.102104187011719
WTI Oil,Com_CrudeOil,tscv,17,2025-01-27,617,2,PatchTST,LightGBM,73.03900146484375,80.9510726928711,-7.912071228027344
WTI Oil,Com_CrudeOil,tscv,17,2025-02-03,618,3,PatchTST,LightGBM,71.66098022460938,80.73993682861328,-9.078956604003906
WTI Oil,Com_CrudeOil,tscv,17,2025-02-10,619,4,PatchTST,LightGBM,71.62548065185547,80.75840759277344,-9.132926940917969
WTI Oil,Com_CrudeOil,tscv,17,2025-02-17,620,5,PatchTST,LightGBM,71.43208312988281,80.23937225341797,-8.807289123535156
WTI Oil,Com_CrudeOil,tscv,17,2025-02-24,621,6,PatchTST,LightGBM,69.6719970703125,79.86653900146484,-10.194541931152344
WTI Oil,Com_CrudeOil,tscv,17,2025-03-03,622,7,PatchTST,LightGBM,67.26799774169922,79.27637481689453,-12.008377075195312
WTI Oil,Com_CrudeOil,tscv,17,2025-03-10,623,8,PatchTST,LightGBM,66.92066955566406,79.03858184814453,-12.117912292480469
WTI Oil,Com_CrudeOil,tscv,17,2025-03-17,624,9,PatchTST,LightGBM,67.67898559570312,78.91032409667969,-11.231338500976562
WTI Oil,Com_CrudeOil,tscv,17,2025-03-24,625,10,PatchTST,LightGBM,69.34062957763672,78.12783813476562,-8.787208557128906
WTI Oil,Com_CrudeOil,tscv,17,2025-03-31,626,11,PatchTST,LightGBM,66.51853942871094,77.66973114013672,-11.151191711425781
WTI Oil,Com_CrudeOil,tscv,17,2025-04-07,627,12,PatchTST,LightGBM,60.9921875,77.79820251464844,-16.806015014648438
WTI Oil,Com_CrudeOil,tscv,18,2025-02-17,620,1,PatchTST,-,71.43208312988281,68.63516235351562,2.7969207763671875
WTI Oil,Com_CrudeOil,tscv,18,2025-02-24,621,2,PatchTST,-,69.6719970703125,68.62367248535156,1.0483245849609375
WTI Oil,Com_CrudeOil,tscv,18,2025-03-03,622,3,PatchTST,-,67.26799774169922,68.52973175048828,-1.2617340087890625
WTI Oil,Com_CrudeOil,tscv,18,2025-03-10,623,4,PatchTST,-,66.92066955566406,68.23790740966797,-1.3172378540039062
WTI Oil,Com_CrudeOil,tscv,18,2025-03-17,624,5,PatchTST,-,67.67898559570312,68.28886413574219,-0.6098785400390625
WTI Oil,Com_CrudeOil,tscv,18,2025-03-24,625,6,PatchTST,-,69.34062957763672,68.21408081054688,1.1265487670898438
WTI Oil,Com_CrudeOil,tscv,18,2025-03-31,626,7,PatchTST,-,66.51853942871094,68.1835708618164,-1.6650314331054688
WTI Oil,Com_CrudeOil,tscv,18,2025-04-07,627,8,PatchTST,-,60.9921875,67.99376678466797,-7.001579284667969
WTI Oil,Com_CrudeOil,tscv,18,2025-04-14,628,9,PatchTST,-,63.110198974609375,67.67522430419922,-4.565025329589844
WTI Oil,Com_CrudeOil,tscv,18,2025-04-21,629,10,PatchTST,-,62.90476989746094,67.68257904052734,-4.777809143066406
WTI Oil,Com_CrudeOil,tscv,18,2025-04-28,630,11,PatchTST,-,58.91098403930664,67.76622772216797,-8.855243682861328
WTI Oil,Com_CrudeOil,tscv,18,2025-05-05,631,12,PatchTST,-,59.65278625488281,67.5042953491211,-7.851509094238281
WTI Oil,Com_CrudeOil,tscv,18,2025-02-17,620,1,PatchTST,NLinear,71.43208312988281,70.92804718017578,0.5040359497070312
WTI Oil,Com_CrudeOil,tscv,18,2025-02-24,621,2,PatchTST,NLinear,69.6719970703125,70.3931655883789,-0.7211685180664062
WTI Oil,Com_CrudeOil,tscv,18,2025-03-03,622,3,PatchTST,NLinear,67.26799774169922,71.23834228515625,-3.9703445434570312
WTI Oil,Com_CrudeOil,tscv,18,2025-03-10,623,4,PatchTST,NLinear,66.92066955566406,70.63424682617188,-3.7135772705078125
WTI Oil,Com_CrudeOil,tscv,18,2025-03-17,624,5,PatchTST,NLinear,67.67898559570312,70.56098937988281,-2.8820037841796875
WTI Oil,Com_CrudeOil,tscv,18,2025-03-24,625,6,PatchTST,NLinear,69.34062957763672,68.0417251586914,1.2989044189453125
WTI Oil,Com_CrudeOil,tscv,18,2025-03-31,626,7,PatchTST,NLinear,66.51853942871094,69.43692016601562,-2.9183807373046875
WTI Oil,Com_CrudeOil,tscv,18,2025-04-07,627,8,PatchTST,NLinear,60.9921875,71.13256072998047,-10.140373229980469
WTI Oil,Com_CrudeOil,tscv,18,2025-04-14,628,9,PatchTST,NLinear,63.110198974609375,69.92863464355469,-6.8184356689453125
WTI Oil,Com_CrudeOil,tscv,18,2025-04-21,629,10,PatchTST,NLinear,62.90476989746094,69.5634994506836,-6.658729553222656
WTI Oil,Com_CrudeOil,tscv,18,2025-04-28,630,11,PatchTST,NLinear,58.91098403930664,68.81986236572266,-9.908878326416016
WTI Oil,Com_CrudeOil,tscv,18,2025-05-05,631,12,PatchTST,NLinear,59.65278625488281,67.25654602050781,-7.603759765625
WTI Oil,Com_CrudeOil,tscv,18,2025-02-17,620,1,PatchTST,XGBoost,71.43208312988281,82.62032318115234,-11.188240051269531
WTI Oil,Com_CrudeOil,tscv,18,2025-02-24,621,2,PatchTST,XGBoost,69.6719970703125,82.14885711669922,-12.476860046386719
WTI Oil,Com_CrudeOil,tscv,18,2025-03-03,622,3,PatchTST,XGBoost,67.26799774169922,81.77340698242188,-14.505409240722656
WTI Oil,Com_CrudeOil,tscv,18,2025-03-10,623,4,PatchTST,XGBoost,66.92066955566406,81.682861328125,-14.762191772460938
WTI Oil,Com_CrudeOil,tscv,18,2025-03-17,624,5,PatchTST,XGBoost,67.67898559570312,81.28015899658203,-13.601173400878906
WTI Oil,Com_CrudeOil,tscv,18,2025-03-24,625,6,PatchTST,XGBoost,69.34062957763672,80.54855346679688,-11.207923889160156
WTI Oil,Com_CrudeOil,tscv,18,2025-03-31,626,7,PatchTST,XGBoost,66.51853942871094,79.67390441894531,-13.155364990234375
WTI Oil,Com_CrudeOil,tscv,18,2025-04-07,627,8,PatchTST,XGBoost,60.9921875,80.4091796875,-19.4169921875
WTI Oil,Com_CrudeOil,tscv,18,2025-04-14,628,9,PatchTST,XGBoost,63.110198974609375,80.0966796875,-16.986480712890625
WTI Oil,Com_CrudeOil,tscv,18,2025-04-21,629,10,PatchTST,XGBoost,62.90476989746094,80.39849090576172,-17.49372100830078
WTI Oil,Com_CrudeOil,tscv,18,2025-04-28,630,11,PatchTST,XGBoost,58.91098403930664,79.4415054321289,-20.530521392822266
WTI Oil,Com_CrudeOil,tscv,18,2025-05-05,631,12,PatchTST,XGBoost,59.65278625488281,79.41539001464844,-19.762603759765625
WTI Oil,Com_CrudeOil,tscv,18,2025-02-17,620,1,PatchTST,LightGBM,71.43208312988281,82.56448364257812,-11.132400512695312
WTI Oil,Com_CrudeOil,tscv,18,2025-02-24,621,2,PatchTST,LightGBM,69.6719970703125,82.21195220947266,-12.539955139160156
WTI Oil,Com_CrudeOil,tscv,18,2025-03-03,622,3,PatchTST,LightGBM,67.26799774169922,81.5742416381836,-14.306243896484375
WTI Oil,Com_CrudeOil,tscv,18,2025-03-10,623,4,PatchTST,LightGBM,66.92066955566406,81.8713607788086,-14.950691223144531
WTI Oil,Com_CrudeOil,tscv,18,2025-03-17,624,5,PatchTST,LightGBM,67.67898559570312,81.32906341552734,-13.650077819824219
WTI Oil,Com_CrudeOil,tscv,18,2025-03-24,625,6,PatchTST,LightGBM,69.34062957763672,80.81488037109375,-11.474250793457031
WTI Oil,Com_CrudeOil,tscv,18,2025-03-31,626,7,PatchTST,LightGBM,66.51853942871094,80.09606170654297,-13.577522277832031
WTI Oil,Com_CrudeOil,tscv,18,2025-04-07,627,8,PatchTST,LightGBM,60.9921875,80.4148941040039,-19.422706604003906
WTI Oil,Com_CrudeOil,tscv,18,2025-04-14,628,9,PatchTST,LightGBM,63.110198974609375,80.11971282958984,-17.00951385498047
WTI Oil,Com_CrudeOil,tscv,18,2025-04-21,629,10,PatchTST,LightGBM,62.90476989746094,80.11660766601562,-17.211837768554688
WTI Oil,Com_CrudeOil,tscv,18,2025-04-28,630,11,PatchTST,LightGBM,58.91098403930664,79.46566009521484,-20.554676055908203
WTI Oil,Com_CrudeOil,tscv,18,2025-05-05,631,12,PatchTST,LightGBM,59.65278625488281,79.7927474975586,-20.13996124267578
WTI Oil,Com_CrudeOil,tscv,19,2025-03-17,624,1,PatchTST,-,67.67898559570312,65.85572814941406,1.8232574462890625
WTI Oil,Com_CrudeOil,tscv,19,2025-03-24,625,2,PatchTST,-,69.34062957763672,65.83966064453125,3.5009689331054688
WTI Oil,Com_CrudeOil,tscv,19,2025-03-31,626,3,PatchTST,-,66.51853942871094,65.88617706298828,0.6323623657226562
WTI Oil,Com_CrudeOil,tscv,19,2025-04-07,627,4,PatchTST,-,60.9921875,65.76910400390625,-4.77691650390625
WTI Oil,Com_CrudeOil,tscv,19,2025-04-14,628,5,PatchTST,-,63.110198974609375,65.62103271484375,-2.510833740234375
WTI Oil,Com_CrudeOil,tscv,19,2025-04-21,629,6,PatchTST,-,62.90476989746094,65.2295913696289,-2.3248214721679688
WTI Oil,Com_CrudeOil,tscv,19,2025-04-28,630,7,PatchTST,-,58.91098403930664,64.78836059570312,-5.877376556396484
WTI Oil,Com_CrudeOil,tscv,19,2025-05-05,631,8,PatchTST,-,59.65278625488281,65.42740631103516,-5.774620056152344
WTI Oil,Com_CrudeOil,tscv,19,2025-05-12,632,9,PatchTST,-,62.43055725097656,65.29148864746094,-2.860931396484375
WTI Oil,Com_CrudeOil,tscv,19,2025-05-19,633,10,PatchTST,-,61.70574188232422,65.14024353027344,-3.4345016479492188
WTI Oil,Com_CrudeOil,tscv,19,2025-05-26,634,11,PatchTST,-,61.3050422668457,64.9705810546875,-3.665538787841797
WTI Oil,Com_CrudeOil,tscv,19,2025-06-02,635,12,PatchTST,-,63.6950569152832,64.95388793945312,-1.2588310241699219
WTI Oil,Com_CrudeOil,tscv,19,2025-03-17,624,1,PatchTST,NLinear,67.67898559570312,67.39571380615234,0.28327178955078125
WTI Oil,Com_CrudeOil,tscv,19,2025-03-24,625,2,PatchTST,NLinear,69.34062957763672,69.93206024169922,-0.5914306640625
WTI Oil,Com_CrudeOil,tscv,19,2025-03-31,626,3,PatchTST,NLinear,66.51853942871094,69.63809967041016,-3.1195602416992188
WTI Oil,Com_CrudeOil,tscv,19,2025-04-07,627,4,PatchTST,NLinear,60.9921875,69.4854965209961,-8.493309020996094
WTI Oil,Com_CrudeOil,tscv,19,2025-04-14,628,5,PatchTST,NLinear,63.110198974609375,68.852294921875,-5.742095947265625
WTI Oil,Com_CrudeOil,tscv,19,2025-04-21,629,6,PatchTST,NLinear,62.90476989746094,68.74528503417969,-5.84051513671875
WTI Oil,Com_CrudeOil,tscv,19,2025-04-28,630,7,PatchTST,NLinear,58.91098403930664,67.52322387695312,-8.612239837646484
WTI Oil,Com_CrudeOil,tscv,19,2025-05-05,631,8,PatchTST,NLinear,59.65278625488281,69.23113250732422,-9.578346252441406
WTI Oil,Com_CrudeOil,tscv,19,2025-05-12,632,9,PatchTST,NLinear,62.43055725097656,67.4622802734375,-5.0317230224609375
WTI Oil,Com_CrudeOil,tscv,19,2025-05-19,633,10,PatchTST,NLinear,61.70574188232422,67.82537841796875,-6.119636535644531
WTI Oil,Com_CrudeOil,tscv,19,2025-05-26,634,11,PatchTST,NLinear,61.3050422668457,64.97154235839844,-3.6665000915527344
WTI Oil,Com_CrudeOil,tscv,19,2025-06-02,635,12,PatchTST,NLinear,63.6950569152832,67.76234436035156,-4.067287445068359
WTI Oil,Com_CrudeOil,tscv,19,2025-03-17,624,1,PatchTST,XGBoost,67.67898559570312,78.48159790039062,-10.8026123046875
WTI Oil,Com_CrudeOil,tscv,19,2025-03-24,625,2,PatchTST,XGBoost,69.34062957763672,77.94577026367188,-8.605140686035156
WTI Oil,Com_CrudeOil,tscv,19,2025-03-31,626,3,PatchTST,XGBoost,66.51853942871094,77.73295593261719,-11.21441650390625
WTI Oil,Com_CrudeOil,tscv,19,2025-04-07,627,4,PatchTST,XGBoost,60.9921875,77.8749008178711,-16.882713317871094
WTI Oil,Com_CrudeOil,tscv,19,2025-04-14,628,5,PatchTST,XGBoost,63.110198974609375,77.73233032226562,-14.62213134765625
WTI Oil,Com_CrudeOil,tscv,19,2025-04-21,629,6,PatchTST,XGBoost,62.90476989746094,77.49147033691406,-14.586700439453125
WTI Oil,Com_CrudeOil,tscv,19,2025-04-28,630,7,PatchTST,XGBoost,58.91098403930664,76.18152618408203,-17.27054214477539
WTI Oil,Com_CrudeOil,tscv,19,2025-05-05,631,8,PatchTST,XGBoost,59.65278625488281,77.23731231689453,-17.58452606201172
WTI Oil,Com_CrudeOil,tscv,19,2025-05-12,632,9,PatchTST,XGBoost,62.43055725097656,77.09158325195312,-14.661026000976562
WTI Oil,Com_CrudeOil,tscv,19,2025-05-19,633,10,PatchTST,XGBoost,61.70574188232422,77.5077896118164,-15.802047729492188
WTI Oil,Com_CrudeOil,tscv,19,2025-05-26,634,11,PatchTST,XGBoost,61.3050422668457,76.52600860595703,-15.220966339111328
WTI Oil,Com_CrudeOil,tscv,19,2025-06-02,635,12,PatchTST,XGBoost,63.6950569152832,76.744140625,-13.049083709716797
WTI Oil,Com_CrudeOil,tscv,19,2025-03-17,624,1,PatchTST,LightGBM,67.67898559570312,78.52108764648438,-10.84210205078125
WTI Oil,Com_CrudeOil,tscv,19,2025-03-24,625,2,PatchTST,LightGBM,69.34062957763672,77.83011627197266,-8.489486694335938
WTI Oil,Com_CrudeOil,tscv,19,2025-03-31,626,3,PatchTST,LightGBM,66.51853942871094,77.45452117919922,-10.935981750488281
WTI Oil,Com_CrudeOil,tscv,19,2025-04-07,627,4,PatchTST,LightGBM,60.9921875,77.72838592529297,-16.73619842529297
WTI Oil,Com_CrudeOil,tscv,19,2025-04-14,628,5,PatchTST,LightGBM,63.110198974609375,77.57146453857422,-14.461265563964844
WTI Oil,Com_CrudeOil,tscv,19,2025-04-21,629,6,PatchTST,LightGBM,62.90476989746094,77.19542694091797,-14.290657043457031
WTI Oil,Com_CrudeOil,tscv,19,2025-04-28,630,7,PatchTST,LightGBM,58.91098403930664,76.32781982421875,-17.41683578491211
WTI Oil,Com_CrudeOil,tscv,19,2025-05-05,631,8,PatchTST,LightGBM,59.65278625488281,77.295654296875,-17.642868041992188
WTI Oil,Com_CrudeOil,tscv,19,2025-05-12,632,9,PatchTST,LightGBM,62.43055725097656,77.07598876953125,-14.645431518554688
WTI Oil,Com_CrudeOil,tscv,19,2025-05-19,633,10,PatchTST,LightGBM,61.70574188232422,77.61073303222656,-15.904991149902344
WTI Oil,Com_CrudeOil,tscv,19,2025-05-26,634,11,PatchTST,LightGBM,61.3050422668457,76.49263763427734,-15.18759536743164
WTI Oil,Com_CrudeOil,tscv,19,2025-06-02,635,12,PatchTST,LightGBM,63.6950569152832,76.6863021850586,-12.99124526977539
WTI Oil,Com_CrudeOil,tscv,20,2025-04-14,628,1,PatchTST,-,63.110198974609375,67.09783172607422,-3.9876327514648438
WTI Oil,Com_CrudeOil,tscv,20,2025-04-21,629,2,PatchTST,-,62.90476989746094,67.17729949951172,-4.272529602050781
WTI Oil,Com_CrudeOil,tscv,20,2025-04-28,630,3,PatchTST,-,58.91098403930664,67.05248260498047,-8.141498565673828
WTI Oil,Com_CrudeOil,tscv,20,2025-05-05,631,4,PatchTST,-,59.65278625488281,67.2691421508789,-7.616355895996094
WTI Oil,Com_CrudeOil,tscv,20,2025-05-12,632,5,PatchTST,-,62.43055725097656,67.19275665283203,-4.762199401855469
WTI Oil,Com_CrudeOil,tscv,20,2025-05-19,633,6,PatchTST,-,61.70574188232422,66.43280029296875,-4.727058410644531
WTI Oil,Com_CrudeOil,tscv,20,2025-05-26,634,7,PatchTST,-,61.3050422668457,67.01151275634766,-5.706470489501953
WTI Oil,Com_CrudeOil,tscv,20,2025-06-02,635,8,PatchTST,-,63.6950569152832,66.5712890625,-2.876232147216797
WTI Oil,Com_CrudeOil,tscv,20,2025-06-09,636,9,PatchTST,-,69.44467163085938,66.54824829101562,2.89642333984375
WTI Oil,Com_CrudeOil,tscv,20,2025-06-16,637,10,PatchTST,-,73.4095687866211,66.60221862792969,6.807350158691406
WTI Oil,Com_CrudeOil,tscv,20,2025-06-23,638,11,PatchTST,-,65.62223052978516,66.78547668457031,-1.1632461547851562
WTI Oil,Com_CrudeOil,tscv,20,2025-06-30,639,12,PatchTST,-,66.21095275878906,66.45953369140625,-0.2485809326171875
WTI Oil,Com_CrudeOil,tscv,20,2025-04-14,628,1,PatchTST,NLinear,63.110198974609375,73.18109130859375,-10.070892333984375
WTI Oil,Com_CrudeOil,tscv,20,2025-04-21,629,2,PatchTST,NLinear,62.90476989746094,73.40621948242188,-10.501449584960938
WTI Oil,Com_CrudeOil,tscv,20,2025-04-28,630,3,PatchTST,NLinear,58.91098403930664,72.72091674804688,-13.809932708740234
WTI Oil,Com_CrudeOil,tscv,20,2025-05-05,631,4,PatchTST,NLinear,59.65278625488281,73.18550109863281,-13.53271484375
WTI Oil,Com_CrudeOil,tscv,20,2025-05-12,632,5,PatchTST,NLinear,62.43055725097656,71.51988220214844,-9.089324951171875
WTI Oil,Com_CrudeOil,tscv,20,2025-05-19,633,6,PatchTST,NLinear,61.70574188232422,72.36775207519531,-10.662010192871094
WTI Oil,Com_CrudeOil,tscv,20,2025-05-26,634,7,PatchTST,NLinear,61.3050422668457,71.04003143310547,-9.734989166259766
WTI Oil,Com_CrudeOil,tscv,20,2025-06-02,635,8,PatchTST,NLinear,63.6950569152832,73.02658081054688,-9.331523895263672
WTI Oil,Com_CrudeOil,tscv,20,2025-06-09,636,9,PatchTST,NLinear,69.44467163085938,71.91802215576172,-2.4733505249023438
WTI Oil,Com_CrudeOil,tscv,20,2025-06-16,637,10,PatchTST,NLinear,73.4095687866211,72.42898559570312,0.9805831909179688
WTI Oil,Com_CrudeOil,tscv,20,2025-06-23,638,11,PatchTST,NLinear,65.62223052978516,68.40097045898438,-2.7787399291992188
WTI Oil,Com_CrudeOil,tscv,20,2025-06-30,639,12,PatchTST,NLinear,66.21095275878906,72.49613189697266,-6.285179138183594
WTI Oil,Com_CrudeOil,tscv,20,2025-04-14,628,1,PatchTST,XGBoost,63.110198974609375,80.25005340576172,-17.139854431152344
WTI Oil,Com_CrudeOil,tscv,20,2025-04-21,629,2,PatchTST,XGBoost,62.90476989746094,78.71049499511719,-15.80572509765625
WTI Oil,Com_CrudeOil,tscv,20,2025-04-28,630,3,PatchTST,XGBoost,58.91098403930664,79.2877197265625,-20.37673568725586
WTI Oil,Com_CrudeOil,tscv,20,2025-05-05,631,4,PatchTST,XGBoost,59.65278625488281,79.92788696289062,-20.275100708007812
WTI Oil,Com_CrudeOil,tscv,20,2025-05-12,632,5,PatchTST,XGBoost,62.43055725097656,79.93933868408203,-17.50878143310547
WTI Oil,Com_CrudeOil,tscv,20,2025-05-19,633,6,PatchTST,XGBoost,61.70574188232422,79.6203842163086,-17.914642333984375
WTI Oil,Com_CrudeOil,tscv,20,2025-05-26,634,7,PatchTST,XGBoost,61.3050422668457,79.29238891601562,-17.987346649169922
WTI Oil,Com_CrudeOil,tscv,20,2025-06-02,635,8,PatchTST,XGBoost,63.6950569152832,79.21969604492188,-15.524639129638672
WTI Oil,Com_CrudeOil,tscv,20,2025-06-09,636,9,PatchTST,XGBoost,69.44467163085938,78.88578033447266,-9.441108703613281
WTI Oil,Com_CrudeOil,tscv,20,2025-06-16,637,10,PatchTST,XGBoost,73.4095687866211,79.53714752197266,-6.1275787353515625
WTI Oil,Com_CrudeOil,tscv,20,2025-06-23,638,11,PatchTST,XGBoost,65.62223052978516,78.67146301269531,-13.049232482910156
WTI Oil,Com_CrudeOil,tscv,20,2025-06-30,639,12,PatchTST,XGBoost,66.21095275878906,78.79167938232422,-12.580726623535156
WTI Oil,Com_CrudeOil,tscv,20,2025-04-14,628,1,PatchTST,LightGBM,63.110198974609375,79.78084564208984,-16.67064666748047
WTI Oil,Com_CrudeOil,tscv,20,2025-04-21,629,2,PatchTST,LightGBM,62.90476989746094,79.17700958251953,-16.272239685058594
WTI Oil,Com_CrudeOil,tscv,20,2025-04-28,630,3,PatchTST,LightGBM,58.91098403930664,79.42385864257812,-20.512874603271484
WTI Oil,Com_CrudeOil,tscv,20,2025-05-05,631,4,PatchTST,LightGBM,59.65278625488281,80.07504272460938,-20.422256469726562
WTI Oil,Com_CrudeOil,tscv,20,2025-05-12,632,5,PatchTST,LightGBM,62.43055725097656,79.8656005859375,-17.435043334960938
WTI Oil,Com_CrudeOil,tscv,20,2025-05-19,633,6,PatchTST,LightGBM,61.70574188232422,79.71102905273438,-18.005287170410156
WTI Oil,Com_CrudeOil,tscv,20,2025-05-26,634,7,PatchTST,LightGBM,61.3050422668457,79.35469818115234,-18.04965591430664
WTI Oil,Com_CrudeOil,tscv,20,2025-06-02,635,8,PatchTST,LightGBM,63.6950569152832,79.16353607177734,-15.46847915649414
WTI Oil,Com_CrudeOil,tscv,20,2025-06-09,636,9,PatchTST,LightGBM,69.44467163085938,79.03063201904297,-9.585960388183594
WTI Oil,Com_CrudeOil,tscv,20,2025-06-16,637,10,PatchTST,LightGBM,73.4095687866211,79.73838806152344,-6.328819274902344
WTI Oil,Com_CrudeOil,tscv,20,2025-06-23,638,11,PatchTST,LightGBM,65.62223052978516,79.12187194824219,-13.499641418457031
WTI Oil,Com_CrudeOil,tscv,20,2025-06-30,639,12,PatchTST,LightGBM,66.21095275878906,78.88327026367188,-12.672317504882812
WTI Oil,Com_CrudeOil,tscv,21,2025-05-12,632,1,PatchTST,-,62.43055725097656,63.110042572021484,-0.6794853210449219
WTI Oil,Com_CrudeOil,tscv,21,2025-05-19,633,2,PatchTST,-,61.70574188232422,63.330467224121094,-1.624725341796875
WTI Oil,Com_CrudeOil,tscv,21,2025-05-26,634,3,PatchTST,-,61.3050422668457,63.06587600708008,-1.760833740234375
WTI Oil,Com_CrudeOil,tscv,21,2025-06-02,635,4,PatchTST,-,63.6950569152832,63.12240219116211,0.5726547241210938
WTI Oil,Com_CrudeOil,tscv,21,2025-06-09,636,5,PatchTST,-,69.44467163085938,62.9664421081543,6.478229522705078
WTI Oil,Com_CrudeOil,tscv,21,2025-06-16,637,6,PatchTST,-,73.4095687866211,62.91118240356445,10.49838638305664
WTI Oil,Com_CrudeOil,tscv,21,2025-06-23,638,7,PatchTST,-,65.62223052978516,62.857635498046875,2.7645950317382812
WTI Oil,Com_CrudeOil,tscv,21,2025-06-30,639,8,PatchTST,-,66.21095275878906,62.664329528808594,3.5466232299804688
WTI Oil,Com_CrudeOil,tscv,21,2025-07-07,640,9,PatchTST,-,68.04521942138672,62.64946746826172,5.395751953125
WTI Oil,Com_CrudeOil,tscv,21,2025-07-14,641,10,PatchTST,-,66.42243194580078,62.818660736083984,3.603771209716797
WTI Oil,Com_CrudeOil,tscv,21,2025-07-21,642,11,PatchTST,-,65.51323699951172,62.79660415649414,2.716632843017578
WTI Oil,Com_CrudeOil,tscv,21,2025-07-28,643,12,PatchTST,-,68.28096771240234,62.7958984375,5.485069274902344
WTI Oil,Com_CrudeOil,tscv,21,2025-05-12,632,1,PatchTST,NLinear,62.43055725097656,67.7674789428711,-5.336921691894531
WTI Oil,Com_CrudeOil,tscv,21,2025-05-19,633,2,PatchTST,NLinear,61.70574188232422,67.1780776977539,-5.4723358154296875
WTI Oil,Com_CrudeOil,tscv,21,2025-05-26,634,3,PatchTST,NLinear,61.3050422668457,66.26432037353516,-4.959278106689453
WTI Oil,Com_CrudeOil,tscv,21,2025-06-02,635,4,PatchTST,NLinear,63.6950569152832,67.11566925048828,-3.420612335205078
WTI Oil,Com_CrudeOil,tscv,21,2025-06-09,636,5,PatchTST,NLinear,69.44467163085938,64.07838439941406,5.3662872314453125
WTI Oil,Com_CrudeOil,tscv,21,2025-06-16,637,6,PatchTST,NLinear,73.4095687866211,66.55278778076172,6.856781005859375
WTI Oil,Com_CrudeOil,tscv,21,2025-06-23,638,7,PatchTST,NLinear,65.62223052978516,67.47367095947266,-1.8514404296875
WTI Oil,Com_CrudeOil,tscv,21,2025-06-30,639,8,PatchTST,NLinear,66.21095275878906,66.5293197631836,-0.31836700439453125
WTI Oil,Com_CrudeOil,tscv,21,2025-07-07,640,9,PatchTST,NLinear,68.04521942138672,67.09117889404297,0.95404052734375
WTI Oil,Com_CrudeOil,tscv,21,2025-07-14,641,10,PatchTST,NLinear,66.42243194580078,65.05445861816406,1.3679733276367188
WTI Oil,Com_CrudeOil,tscv,21,2025-07-21,642,11,PatchTST,NLinear,65.51323699951172,66.32378387451172,-0.810546875
WTI Oil,Com_CrudeOil,tscv,21,2025-07-28,643,12,PatchTST,NLinear,68.28096771240234,66.3668212890625,1.9141464233398438
WTI Oil,Com_CrudeOil,tscv,21,2025-05-12,632,1,PatchTST,XGBoost,62.43055725097656,69.02657318115234,-6.596015930175781
WTI Oil,Com_CrudeOil,tscv,21,2025-05-19,633,2,PatchTST,XGBoost,61.70574188232422,74.03307342529297,-12.32733154296875
WTI Oil,Com_CrudeOil,tscv,21,2025-05-26,634,3,PatchTST,XGBoost,61.3050422668457,74.35710906982422,-13.052066802978516
WTI Oil,Com_CrudeOil,tscv,21,2025-06-02,635,4,PatchTST,XGBoost,63.6950569152832,74.94596862792969,-11.250911712646484
WTI Oil,Com_CrudeOil,tscv,21,2025-06-09,636,5,PatchTST,XGBoost,69.44467163085938,72.64470672607422,-3.2000350952148438
WTI Oil,Com_CrudeOil,tscv,21,2025-06-16,637,6,PatchTST,XGBoost,73.4095687866211,75.25909423828125,-1.8495254516601562
WTI Oil,Com_CrudeOil,tscv,21,2025-06-23,638,7,PatchTST,XGBoost,65.62223052978516,74.44036102294922,-8.818130493164062
WTI Oil,Com_CrudeOil,tscv,21,2025-06-30,639,8,PatchTST,XGBoost,66.21095275878906,71.98617553710938,-5.7752227783203125
WTI Oil,Com_CrudeOil,tscv,21,2025-07-07,640,9,PatchTST,XGBoost,68.04521942138672,69.60552978515625,-1.5603103637695312
WTI Oil,Com_CrudeOil,tscv,21,2025-07-14,641,10,PatchTST,XGBoost,66.42243194580078,74.2059555053711,-7.7835235595703125
WTI Oil,Com_CrudeOil,tscv,21,2025-07-21,642,11,PatchTST,XGBoost,65.51323699951172,75.3908920288086,-9.877655029296875
WTI Oil,Com_CrudeOil,tscv,21,2025-07-28,643,12,PatchTST,XGBoost,68.28096771240234,79.2328872680664,-10.951919555664062
WTI Oil,Com_CrudeOil,tscv,21,2025-05-12,632,1,PatchTST,LightGBM,62.43055725097656,71.22367095947266,-8.793113708496094
WTI Oil,Com_CrudeOil,tscv,21,2025-05-19,633,2,PatchTST,LightGBM,61.70574188232422,72.82775115966797,-11.12200927734375
WTI Oil,Com_CrudeOil,tscv,21,2025-05-26,634,3,PatchTST,LightGBM,61.3050422668457,74.63378143310547,-13.328739166259766
WTI Oil,Com_CrudeOil,tscv,21,2025-06-02,635,4,PatchTST,LightGBM,63.6950569152832,74.84959411621094,-11.154537200927734
WTI Oil,Com_CrudeOil,tscv,21,2025-06-09,636,5,PatchTST,LightGBM,69.44467163085938,74.5304183959961,-5.085746765136719
WTI Oil,Com_CrudeOil,tscv,21,2025-06-16,637,6,PatchTST,LightGBM,73.4095687866211,75.23284912109375,-1.8232803344726562
WTI Oil,Com_CrudeOil,tscv,21,2025-06-23,638,7,PatchTST,LightGBM,65.62223052978516,74.41395568847656,-8.791725158691406
WTI Oil,Com_CrudeOil,tscv,21,2025-06-30,639,8,PatchTST,LightGBM,66.21095275878906,74.2271957397461,-8.016242980957031
WTI Oil,Com_CrudeOil,tscv,21,2025-07-07,640,9,PatchTST,LightGBM,68.04521942138672,73.9942398071289,-5.9490203857421875
WTI Oil,Com_CrudeOil,tscv,21,2025-07-14,641,10,PatchTST,LightGBM,66.42243194580078,74.84104919433594,-8.418617248535156
WTI Oil,Com_CrudeOil,tscv,21,2025-07-21,642,11,PatchTST,LightGBM,65.51323699951172,74.59214782714844,-9.078910827636719
WTI Oil,Com_CrudeOil,tscv,21,2025-07-28,643,12,PatchTST,LightGBM,68.28096771240234,74.44047546386719,-6.159507751464844
WTI Oil,Com_CrudeOil,tscv,22,2025-06-09,636,1,PatchTST,-,69.44467163085938,67.2120132446289,2.2326583862304688
WTI Oil,Com_CrudeOil,tscv,22,2025-06-16,637,2,PatchTST,-,73.4095687866211,67.14569854736328,6.2638702392578125
WTI Oil,Com_CrudeOil,tscv,22,2025-06-23,638,3,PatchTST,-,65.62223052978516,66.99750518798828,-1.375274658203125
WTI Oil,Com_CrudeOil,tscv,22,2025-06-30,639,4,PatchTST,-,66.21095275878906,66.86793518066406,-0.656982421875
WTI Oil,Com_CrudeOil,tscv,22,2025-07-07,640,5,PatchTST,-,68.04521942138672,66.8190689086914,1.2261505126953125
WTI Oil,Com_CrudeOil,tscv,22,2025-07-14,641,6,PatchTST,-,66.42243194580078,66.78833770751953,-0.36590576171875
WTI Oil,Com_CrudeOil,tscv,22,2025-07-21,642,7,PatchTST,-,65.51323699951172,66.68714904785156,-1.1739120483398438
WTI Oil,Com_CrudeOil,tscv,22,2025-07-28,643,8,PatchTST,-,68.28096771240234,66.7451400756836,1.53582763671875
WTI Oil,Com_CrudeOil,tscv,22,2025-08-04,644,9,PatchTST,-,64.51432037353516,66.65636444091797,-2.1420440673828125
WTI Oil,Com_CrudeOil,tscv,22,2025-08-11,645,10,PatchTST,-,63.105133056640625,66.50616455078125,-3.401031494140625
WTI Oil,Com_CrudeOil,tscv,22,2025-08-18,646,11,PatchTST,-,63.027198791503906,66.38687896728516,-3.35968017578125
WTI Oil,Com_CrudeOil,tscv,22,2025-08-25,647,12,PatchTST,-,64.09881591796875,66.40663146972656,-2.3078155517578125
WTI Oil,Com_CrudeOil,tscv,22,2025-06-09,636,1,PatchTST,NLinear,69.44467163085938,72.54378509521484,-3.0991134643554688
WTI Oil,Com_CrudeOil,tscv,22,2025-06-16,637,2,PatchTST,NLinear,73.4095687866211,69.24931335449219,4.160255432128906
WTI Oil,Com_CrudeOil,tscv,22,2025-06-23,638,3,PatchTST,NLinear,65.62223052978516,69.63085174560547,-4.0086212158203125
WTI Oil,Com_CrudeOil,tscv,22,2025-06-30,639,4,PatchTST,NLinear,66.21095275878906,69.93180084228516,-3.7208480834960938
WTI Oil,Com_CrudeOil,tscv,22,2025-07-07,640,5,PatchTST,NLinear,68.04521942138672,69.63133239746094,-1.5861129760742188
WTI Oil,Com_CrudeOil,tscv,22,2025-07-14,641,6,PatchTST,NLinear,66.42243194580078,69.70213317871094,-3.2797012329101562
WTI Oil,Com_CrudeOil,tscv,22,2025-07-21,642,7,PatchTST,NLinear,65.51323699951172,70.40628051757812,-4.893043518066406
WTI Oil,Com_CrudeOil,tscv,22,2025-07-28,643,8,PatchTST,NLinear,68.28096771240234,69.58499908447266,-1.3040313720703125
WTI Oil,Com_CrudeOil,tscv,22,2025-08-04,644,9,PatchTST,NLinear,64.51432037353516,69.35603332519531,-4.841712951660156
WTI Oil,Com_CrudeOil,tscv,22,2025-08-11,645,10,PatchTST,NLinear,63.105133056640625,67.59757232666016,-4.492439270019531
WTI Oil,Com_CrudeOil,tscv,22,2025-08-18,646,11,PatchTST,NLinear,63.027198791503906,68.89557647705078,-5.868377685546875
WTI Oil,Com_CrudeOil,tscv,22,2025-08-25,647,12,PatchTST,NLinear,64.09881591796875,67.31309509277344,-3.2142791748046875
WTI Oil,Com_CrudeOil,tscv,22,2025-06-09,636,1,PatchTST,XGBoost,69.44467163085938,72.07601928710938,-2.63134765625
WTI Oil,Com_CrudeOil,tscv,22,2025-06-16,637,2,PatchTST,XGBoost,73.4095687866211,74.14698791503906,-0.7374191284179688
WTI Oil,Com_CrudeOil,tscv,22,2025-06-23,638,3,PatchTST,XGBoost,65.62223052978516,74.81298828125,-9.190757751464844
WTI Oil,Com_CrudeOil,tscv,22,2025-06-30,639,4,PatchTST,XGBoost,66.21095275878906,75.62464904785156,-9.4136962890625
WTI Oil,Com_CrudeOil,tscv,22,2025-07-07,640,5,PatchTST,XGBoost,68.04521942138672,74.55098724365234,-6.505767822265625
WTI Oil,Com_CrudeOil,tscv,22,2025-07-14,641,6,PatchTST,XGBoost,66.42243194580078,75.18687438964844,-8.764442443847656
WTI Oil,Com_CrudeOil,tscv,22,2025-07-21,642,7,PatchTST,XGBoost,65.51323699951172,77.96875,-12.455513000488281
WTI Oil,Com_CrudeOil,tscv,22,2025-07-28,643,8,PatchTST,XGBoost,68.28096771240234,78.18571472167969,-9.904747009277344
WTI Oil,Com_CrudeOil,tscv,22,2025-08-04,644,9,PatchTST,XGBoost,64.51432037353516,77.85301208496094,-13.338691711425781
WTI Oil,Com_CrudeOil,tscv,22,2025-08-11,645,10,PatchTST,XGBoost,63.105133056640625,75.86326599121094,-12.758132934570312
WTI Oil,Com_CrudeOil,tscv,22,2025-08-18,646,11,PatchTST,XGBoost,63.027198791503906,79.68569946289062,-16.65850067138672
WTI Oil,Com_CrudeOil,tscv,22,2025-08-25,647,12,PatchTST,XGBoost,64.09881591796875,76.96513366699219,-12.866317749023438
WTI Oil,Com_CrudeOil,tscv,22,2025-06-09,636,1,PatchTST,LightGBM,69.44467163085938,72.7833480834961,-3.3386764526367188
WTI Oil,Com_CrudeOil,tscv,22,2025-06-16,637,2,PatchTST,LightGBM,73.4095687866211,72.82305908203125,0.5865097045898438
WTI Oil,Com_CrudeOil,tscv,22,2025-06-23,638,3,PatchTST,LightGBM,65.62223052978516,75.97702026367188,-10.354789733886719
WTI Oil,Com_CrudeOil,tscv,22,2025-06-30,639,4,PatchTST,LightGBM,66.21095275878906,77.3629150390625,-11.151962280273438
WTI Oil,Com_CrudeOil,tscv,22,2025-07-07,640,5,PatchTST,LightGBM,68.04521942138672,77.38875579833984,-9.343536376953125
WTI Oil,Com_CrudeOil,tscv,22,2025-07-14,641,6,PatchTST,LightGBM,66.42243194580078,78.27271270751953,-11.85028076171875
WTI Oil,Com_CrudeOil,tscv,22,2025-07-21,642,7,PatchTST,LightGBM,65.51323699951172,77.66891479492188,-12.155677795410156
WTI Oil,Com_CrudeOil,tscv,22,2025-07-28,643,8,PatchTST,LightGBM,68.28096771240234,77.91397094726562,-9.633003234863281
WTI Oil,Com_CrudeOil,tscv,22,2025-08-04,644,9,PatchTST,LightGBM,64.51432037353516,77.39053344726562,-12.876213073730469
WTI Oil,Com_CrudeOil,tscv,22,2025-08-11,645,10,PatchTST,LightGBM,63.105133056640625,77.98761749267578,-14.882484436035156
WTI Oil,Com_CrudeOil,tscv,22,2025-08-18,646,11,PatchTST,LightGBM,63.027198791503906,76.84259033203125,-13.815391540527344
WTI Oil,Com_CrudeOil,tscv,22,2025-08-25,647,12,PatchTST,LightGBM,64.09881591796875,76.96426391601562,-12.865447998046875
WTI Oil,Com_CrudeOil,tscv,23,2025-07-07,640,1,PatchTST,-,68.04521942138672,67.04277801513672,1.00244140625
WTI Oil,Com_CrudeOil,tscv,23,2025-07-14,641,2,PatchTST,-,66.42243194580078,66.95203399658203,-0.52960205078125
WTI Oil,Com_CrudeOil,tscv,23,2025-07-21,642,3,PatchTST,-,65.51323699951172,66.7597427368164,-1.2465057373046875
WTI Oil,Com_CrudeOil,tscv,23,2025-07-28,643,4,PatchTST,-,68.28096771240234,66.61332702636719,1.6676406860351562
WTI Oil,Com_CrudeOil,tscv,23,2025-08-04,644,5,PatchTST,-,64.51432037353516,66.92072296142578,-2.406402587890625
WTI Oil,Com_CrudeOil,tscv,23,2025-08-11,645,6,PatchTST,-,63.105133056640625,66.73486328125,-3.629730224609375
WTI Oil,Com_CrudeOil,tscv,23,2025-08-18,646,7,PatchTST,-,63.027198791503906,66.92689514160156,-3.8996963500976562
WTI Oil,Com_CrudeOil,tscv,23,2025-08-25,647,8,PatchTST,-,64.09881591796875,66.58877563476562,-2.489959716796875
WTI Oil,Com_CrudeOil,tscv,23,2025-09-01,648,9,PatchTST,-,63.698848724365234,66.58181762695312,-2.8829689025878906
WTI Oil,Com_CrudeOil,tscv,23,2025-09-08,649,10,PatchTST,-,62.78846740722656,66.40327453613281,-3.61480712890625
WTI Oil,Com_CrudeOil,tscv,23,2025-09-15,650,11,PatchTST,-,63.33338165283203,66.25834655761719,-2.9249649047851562
WTI Oil,Com_CrudeOil,tscv,23,2025-09-22,651,12,PatchTST,-,64.44023132324219,66.20923614501953,-1.7690048217773438
WTI Oil,Com_CrudeOil,tscv,23,2025-07-07,640,1,PatchTST,NLinear,68.04521942138672,67.24786376953125,0.7973556518554688
WTI Oil,Com_CrudeOil,tscv,23,2025-07-14,641,2,PatchTST,NLinear,66.42243194580078,66.13528442382812,0.28714752197265625
WTI Oil,Com_CrudeOil,tscv,23,2025-07-21,642,3,PatchTST,NLinear,65.51323699951172,67.15790557861328,-1.6446685791015625
WTI Oil,Com_CrudeOil,tscv,23,2025-07-28,643,4,PatchTST,NLinear,68.28096771240234,65.27806091308594,3.0029067993164062
WTI Oil,Com_CrudeOil,tscv,23,2025-08-04,644,5,PatchTST,NLinear,64.51432037353516,67.31061553955078,-2.796295166015625
WTI Oil,Com_CrudeOil,tscv,23,2025-08-11,645,6,PatchTST,NLinear,63.105133056640625,67.03447723388672,-3.9293441772460938
WTI Oil,Com_CrudeOil,tscv,23,2025-08-18,646,7,PatchTST,NLinear,63.027198791503906,67.98948669433594,-4.962287902832031
WTI Oil,Com_CrudeOil,tscv,23,2025-08-25,647,8,PatchTST,NLinear,64.09881591796875,64.30023193359375,-0.201416015625
WTI Oil,Com_CrudeOil,tscv,23,2025-09-01,648,9,PatchTST,NLinear,63.698848724365234,66.70611572265625,-3.0072669982910156
WTI Oil,Com_CrudeOil,tscv,23,2025-09-08,649,10,PatchTST,NLinear,62.78846740722656,65.16324615478516,-2.3747787475585938
WTI Oil,Com_CrudeOil,tscv,23,2025-09-15,650,11,PatchTST,NLinear,63.33338165283203,65.94269561767578,-2.60931396484375
WTI Oil,Com_CrudeOil,tscv,23,2025-09-22,651,12,PatchTST,NLinear,64.44023132324219,68.0575180053711,-3.6172866821289062
WTI Oil,Com_CrudeOil,tscv,23,2025-07-07,640,1,PatchTST,XGBoost,68.04521942138672,69.60360717773438,-1.5583877563476562
WTI Oil,Com_CrudeOil,tscv,23,2025-07-14,641,2,PatchTST,XGBoost,66.42243194580078,70.85515594482422,-4.4327239990234375
WTI Oil,Com_CrudeOil,tscv,23,2025-07-21,642,3,PatchTST,XGBoost,65.51323699951172,72.79085540771484,-7.277618408203125
WTI Oil,Com_CrudeOil,tscv,23,2025-07-28,643,4,PatchTST,XGBoost,68.28096771240234,74.19161224365234,-5.91064453125
WTI Oil,Com_CrudeOil,tscv,23,2025-08-04,644,5,PatchTST,XGBoost,64.51432037353516,72.03002166748047,-7.5157012939453125
WTI Oil,Com_CrudeOil,tscv,23,2025-08-11,645,6,PatchTST,XGBoost,63.105133056640625,72.40982055664062,-9.3046875
WTI Oil,Com_CrudeOil,tscv,23,2025-08-18,646,7,PatchTST,XGBoost,63.027198791503906,75.9620590209961,-12.934860229492188
WTI Oil,Com_CrudeOil,tscv,23,2025-08-25,647,8,PatchTST,XGBoost,64.09881591796875,76.08439636230469,-11.985580444335938
WTI Oil,Com_CrudeOil,tscv,23,2025-09-01,648,9,PatchTST,XGBoost,63.698848724365234,75.59064483642578,-11.891796112060547
WTI Oil,Com_CrudeOil,tscv,23,2025-09-08,649,10,PatchTST,XGBoost,62.78846740722656,74.77193450927734,-11.983467102050781
WTI Oil,Com_CrudeOil,tscv,23,2025-09-15,650,11,PatchTST,XGBoost,63.33338165283203,73.26306915283203,-9.9296875
WTI Oil,Com_CrudeOil,tscv,23,2025-09-22,651,12,PatchTST,XGBoost,64.44023132324219,74.50588989257812,-10.065658569335938
WTI Oil,Com_CrudeOil,tscv,23,2025-07-07,640,1,PatchTST,LightGBM,68.04521942138672,73.8003921508789,-5.7551727294921875
WTI Oil,Com_CrudeOil,tscv,23,2025-07-14,641,2,PatchTST,LightGBM,66.42243194580078,74.58647155761719,-8.164039611816406
WTI Oil,Com_CrudeOil,tscv,23,2025-07-21,642,3,PatchTST,LightGBM,65.51323699951172,76.95106506347656,-11.437828063964844
WTI Oil,Com_CrudeOil,tscv,23,2025-07-28,643,4,PatchTST,LightGBM,68.28096771240234,77.18480682373047,-8.903839111328125
WTI Oil,Com_CrudeOil,tscv,23,2025-08-04,644,5,PatchTST,LightGBM,64.51432037353516,77.16050720214844,-12.646186828613281
WTI Oil,Com_CrudeOil,tscv,23,2025-08-11,645,6,PatchTST,LightGBM,63.105133056640625,77.53235626220703,-14.427223205566406
WTI Oil,Com_CrudeOil,tscv,23,2025-08-18,646,7,PatchTST,LightGBM,63.027198791503906,76.55589294433594,-13.528694152832031
WTI Oil,Com_CrudeOil,tscv,23,2025-08-25,647,8,PatchTST,LightGBM,64.09881591796875,76.29551696777344,-12.196701049804688
WTI Oil,Com_CrudeOil,tscv,23,2025-09-01,648,9,PatchTST,LightGBM,63.698848724365234,75.66099548339844,-11.962146759033203
WTI Oil,Com_CrudeOil,tscv,23,2025-09-08,649,10,PatchTST,LightGBM,62.78846740722656,75.32518768310547,-12.536720275878906
WTI Oil,Com_CrudeOil,tscv,23,2025-09-15,650,11,PatchTST,LightGBM,63.33338165283203,72.74189758300781,-9.408515930175781
WTI Oil,Com_CrudeOil,tscv,23,2025-09-22,651,12,PatchTST,LightGBM,64.44023132324219,76.68887329101562,-12.248641967773438
WTI Oil,Com_CrudeOil,tscv,24,2025-08-04,644,1,PatchTST,-,64.51432037353516,68.12982177734375,-3.6155014038085938
WTI Oil,Com_CrudeOil,tscv,24,2025-08-11,645,2,PatchTST,-,63.105133056640625,67.775634765625,-4.670501708984375
WTI Oil,Com_CrudeOil,tscv,24,2025-08-18,646,3,PatchTST,-,63.027198791503906,67.85765075683594,-4.830451965332031
WTI Oil,Com_CrudeOil,tscv,24,2025-08-25,647,4,PatchTST,-,64.09881591796875,67.74073791503906,-3.6419219970703125
WTI Oil,Com_CrudeOil,tscv,24,2025-09-01,648,5,PatchTST,-,63.698848724365234,67.69996643066406,-4.001117706298828
WTI Oil,Com_CrudeOil,tscv,24,2025-09-08,649,6,PatchTST,-,62.78846740722656,67.29212951660156,-4.503662109375
WTI Oil,Com_CrudeOil,tscv,24,2025-09-15,650,7,PatchTST,-,63.33338165283203,67.75601959228516,-4.422637939453125
WTI Oil,Com_CrudeOil,tscv,24,2025-09-22,651,8,PatchTST,-,64.44023132324219,67.44308471679688,-3.0028533935546875
WTI Oil,Com_CrudeOil,tscv,24,2025-09-29,652,9,PatchTST,-,61.66062927246094,67.45909881591797,-5.798469543457031
WTI Oil,Com_CrudeOil,tscv,24,2025-10-06,653,10,PatchTST,-,60.71498489379883,67.47071838378906,-6.755733489990234
WTI Oil,Com_CrudeOil,tscv,24,2025-10-13,654,11,PatchTST,-,57.92998504638672,66.64962768554688,-8.719642639160156
WTI Oil,Com_CrudeOil,tscv,24,2025-10-20,655,12,PatchTST,-,59.868587493896484,67.34675598144531,-7.478168487548828
WTI Oil,Com_CrudeOil,tscv,24,2025-08-04,644,1,PatchTST,NLinear,64.51432037353516,65.49546813964844,-0.9811477661132812
WTI Oil,Com_CrudeOil,tscv,24,2025-08-11,645,2,PatchTST,NLinear,63.105133056640625,68.43236541748047,-5.327232360839844
WTI Oil,Com_CrudeOil,tscv,24,2025-08-18,646,3,PatchTST,NLinear,63.027198791503906,67.92567443847656,-4.898475646972656
WTI Oil,Com_CrudeOil,tscv,24,2025-08-25,647,4,PatchTST,NLinear,64.09881591796875,67.90558624267578,-3.8067703247070312
WTI Oil,Com_CrudeOil,tscv,24,2025-09-01,648,5,PatchTST,NLinear,63.698848724365234,68.3795166015625,-4.680667877197266
WTI Oil,Com_CrudeOil,tscv,24,2025-09-08,649,6,PatchTST,NLinear,62.78846740722656,68.15800476074219,-5.369537353515625
WTI Oil,Com_CrudeOil,tscv,24,2025-09-15,650,7,PatchTST,NLinear,63.33338165283203,67.29200744628906,-3.9586257934570312
WTI Oil,Com_CrudeOil,tscv,24,2025-09-22,651,8,PatchTST,NLinear,64.44023132324219,67.29871368408203,-2.8584823608398438
WTI Oil,Com_CrudeOil,tscv,24,2025-09-29,652,9,PatchTST,NLinear,61.66062927246094,69.50707244873047,-7.846443176269531
WTI Oil,Com_CrudeOil,tscv,24,2025-10-06,653,10,PatchTST,NLinear,60.71498489379883,67.8779525756836,-7.162967681884766
WTI Oil,Com_CrudeOil,tscv,24,2025-10-13,654,11,PatchTST,NLinear,57.92998504638672,69.34700012207031,-11.417015075683594
WTI Oil,Com_CrudeOil,tscv,24,2025-10-20,655,12,PatchTST,NLinear,59.868587493896484,69.20794677734375,-9.339359283447266
WTI Oil,Com_CrudeOil,tscv,24,2025-08-04,644,1,PatchTST,XGBoost,64.51432037353516,74.63802337646484,-10.123703002929688
WTI Oil,Com_CrudeOil,tscv,24,2025-08-11,645,2,PatchTST,XGBoost,63.105133056640625,72.04166412353516,-8.936531066894531
WTI Oil,Com_CrudeOil,tscv,24,2025-08-18,646,3,PatchTST,XGBoost,63.027198791503906,73.3919448852539,-10.36474609375
WTI Oil,Com_CrudeOil,tscv,24,2025-08-25,647,4,PatchTST,XGBoost,64.09881591796875,75.34577941894531,-11.246963500976562
WTI Oil,Com_CrudeOil,tscv,24,2025-09-01,648,5,PatchTST,XGBoost,63.698848724365234,75.16771697998047,-11.468868255615234
WTI Oil,Com_CrudeOil,tscv,24,2025-09-08,649,6,PatchTST,XGBoost,62.78846740722656,74.012939453125,-11.224472045898438
WTI Oil,Com_CrudeOil,tscv,24,2025-09-15,650,7,PatchTST,XGBoost,63.33338165283203,74.97994995117188,-11.646568298339844
WTI Oil,Com_CrudeOil,tscv,24,2025-09-22,651,8,PatchTST,XGBoost,64.44023132324219,75.63129425048828,-11.191062927246094
WTI Oil,Com_CrudeOil,tscv,24,2025-09-29,652,9,PatchTST,XGBoost,61.66062927246094,75.19158935546875,-13.530960083007812
WTI Oil,Com_CrudeOil,tscv,24,2025-10-06,653,10,PatchTST,XGBoost,60.71498489379883,76.920654296875,-16.205669403076172
WTI Oil,Com_CrudeOil,tscv,24,2025-10-13,654,11,PatchTST,XGBoost,57.92998504638672,83.05401611328125,-25.12403106689453
WTI Oil,Com_CrudeOil,tscv,24,2025-10-20,655,12,PatchTST,XGBoost,59.868587493896484,74.64210510253906,-14.773517608642578
WTI Oil,Com_CrudeOil,tscv,24,2025-08-04,644,1,PatchTST,LightGBM,64.51432037353516,71.9862060546875,-7.471885681152344
WTI Oil,Com_CrudeOil,tscv,24,2025-08-11,645,2,PatchTST,LightGBM,63.105133056640625,71.322509765625,-8.217376708984375
WTI Oil,Com_CrudeOil,tscv,24,2025-08-18,646,3,PatchTST,LightGBM,63.027198791503906,74.03106689453125,-11.003868103027344
WTI Oil,Com_CrudeOil,tscv,24,2025-08-25,647,4,PatchTST,LightGBM,64.09881591796875,76.79278564453125,-12.6939697265625
WTI Oil,Com_CrudeOil,tscv,24,2025-09-01,648,5,PatchTST,LightGBM,63.698848724365234,76.54328918457031,-12.844440460205078
WTI Oil,Com_CrudeOil,tscv,24,2025-09-08,649,6,PatchTST,LightGBM,62.78846740722656,72.28208923339844,-9.493621826171875
WTI Oil,Com_CrudeOil,tscv,24,2025-09-15,650,7,PatchTST,LightGBM,63.33338165283203,70.39713287353516,-7.063751220703125
WTI Oil,Com_CrudeOil,tscv,24,2025-09-22,651,8,PatchTST,LightGBM,64.44023132324219,72.78453063964844,-8.34429931640625
WTI Oil,Com_CrudeOil,tscv,24,2025-09-29,652,9,PatchTST,LightGBM,61.66062927246094,71.36480712890625,-9.704177856445312
WTI Oil,Com_CrudeOil,tscv,24,2025-10-06,653,10,PatchTST,LightGBM,60.71498489379883,75.32893371582031,-14.613948822021484
WTI Oil,Com_CrudeOil,tscv,24,2025-10-13,654,11,PatchTST,LightGBM,57.92998504638672,71.03521728515625,-13.105232238769531
WTI Oil,Com_CrudeOil,tscv,24,2025-10-20,655,12,PatchTST,LightGBM,59.868587493896484,73.8715591430664,-14.002971649169922
WTI Oil,Com_CrudeOil,holdout,1,2025-10-27,656,1,PatchTST,-,60.77857208251953,68.45086669921875,-7.672294616699219
WTI Oil,Com_CrudeOil,holdout,1,2025-11-03,657,2,PatchTST,-,60.05507278442383,68.35598754882812,-8.300914764404297
WTI Oil,Com_CrudeOil,holdout,1,2025-11-10,658,3,PatchTST,-,59.70945739746094,68.41259765625,-8.703140258789062
WTI Oil,Com_CrudeOil,holdout,1,2025-11-17,659,4,PatchTST,-,58.993499755859375,68.40174102783203,-9.408241271972656
WTI Oil,Com_CrudeOil,holdout,1,2025-11-24,660,5,PatchTST,-,58.810028076171875,68.21804809570312,-9.40802001953125
WTI Oil,Com_CrudeOil,holdout,1,2025-12-01,661,6,PatchTST,-,59.567256927490234,68.06359100341797,-8.496334075927734
WTI Oil,Com_CrudeOil,holdout,1,2025-12-08,662,7,PatchTST,-,57.97571563720703,68.01138305664062,-10.035667419433594
WTI Oil,Com_CrudeOil,holdout,1,2025-12-15,663,8,PatchTST,-,56.28154373168945,68.0175552368164,-11.736011505126953
WTI Oil,Com_CrudeOil,holdout,1,2025-12-22,664,9,PatchTST,-,57.7086296081543,67.86418151855469,-10.15555191040039
WTI Oil,Com_CrudeOil,holdout,1,2025-12-29,665,10,PatchTST,-,57.53675842285156,67.65008544921875,-10.113327026367188
WTI Oil,Com_CrudeOil,holdout,1,2026-01-05,666,11,PatchTST,-,58.08931350708008,67.59495544433594,-9.50564193725586
WTI Oil,Com_CrudeOil,holdout,1,2026-01-12,667,12,PatchTST,-,59.76057052612305,67.6083755493164,-7.847805023193359
WTI Oil,Com_CrudeOil,holdout,1,2025-10-27,656,1,PatchTST,NLinear,60.77857208251953,71.39690399169922,-10.618331909179688
WTI Oil,Com_CrudeOil,holdout,1,2025-11-03,657,2,PatchTST,NLinear,60.05507278442383,68.0382308959961,-7.983158111572266
WTI Oil,Com_CrudeOil,holdout,1,2025-11-10,658,3,PatchTST,NLinear,59.70945739746094,69.78134155273438,-10.071884155273438
WTI Oil,Com_CrudeOil,holdout,1,2025-11-17,659,4,PatchTST,NLinear,58.993499755859375,67.88167572021484,-8.888175964355469
WTI Oil,Com_CrudeOil,holdout,1,2025-11-24,660,5,PatchTST,NLinear,58.810028076171875,67.66067504882812,-8.85064697265625
WTI Oil,Com_CrudeOil,holdout,1,2025-12-01,661,6,PatchTST,NLinear,59.567256927490234,68.43950653076172,-8.872249603271484
WTI Oil,Com_CrudeOil,holdout,1,2025-12-08,662,7,PatchTST,NLinear,57.97571563720703,68.57080841064453,-10.5950927734375
WTI Oil,Com_CrudeOil,holdout,1,2025-12-15,663,8,PatchTST,NLinear,56.28154373168945,68.1681900024414,-11.886646270751953
WTI Oil,Com_CrudeOil,holdout,1,2025-12-22,664,9,PatchTST,NLinear,57.7086296081543,67.88148498535156,-10.172855377197266
WTI Oil,Com_CrudeOil,holdout,1,2025-12-29,665,10,PatchTST,NLinear,57.53675842285156,66.06198120117188,-8.525222778320312
WTI Oil,Com_CrudeOil,holdout,1,2026-01-05,666,11,PatchTST,NLinear,58.08931350708008,67.3363265991211,-9.247013092041016
WTI Oil,Com_CrudeOil,holdout,1,2026-01-12,667,12,PatchTST,NLinear,59.76057052612305,67.98772430419922,-8.227153778076172
WTI Oil,Com_CrudeOil,holdout,1,2025-10-27,656,1,PatchTST,XGBoost,60.77857208251953,66.97869873046875,-6.200126647949219
WTI Oil,Com_CrudeOil,holdout,1,2025-11-03,657,2,PatchTST,XGBoost,60.05507278442383,67.9197006225586,-7.864627838134766
WTI Oil,Com_CrudeOil,holdout,1,2025-11-10,658,3,PatchTST,XGBoost,59.70945739746094,63.19620132446289,-3.486743927001953
WTI Oil,Com_CrudeOil,holdout,1,2025-11-17,659,4,PatchTST,XGBoost,58.993499755859375,66.04337310791016,-7.049873352050781
WTI Oil,Com_CrudeOil,holdout,1,2025-11-24,660,5,PatchTST,XGBoost,58.810028076171875,68.73790740966797,-9.927879333496094
WTI Oil,Com_CrudeOil,holdout,1,2025-12-01,661,6,PatchTST,XGBoost,59.567256927490234,68.06182098388672,-8.494564056396484
WTI Oil,Com_CrudeOil,holdout,1,2025-12-08,662,7,PatchTST,XGBoost,57.97571563720703,65.20292663574219,-7.227210998535156
WTI Oil,Com_CrudeOil,holdout,1,2025-12-15,663,8,PatchTST,XGBoost,56.28154373168945,67.53453063964844,-11.252986907958984
WTI Oil,Com_CrudeOil,holdout,1,2025-12-22,664,9,PatchTST,XGBoost,57.7086296081543,67.08158874511719,-9.37295913696289
WTI Oil,Com_CrudeOil,holdout,1,2025-12-29,665,10,PatchTST,XGBoost,57.53675842285156,67.60140228271484,-10.064643859863281
WTI Oil,Com_CrudeOil,holdout,1,2026-01-05,666,11,PatchTST,XGBoost,58.08931350708008,66.49494171142578,-8.405628204345703
WTI Oil,Com_CrudeOil,holdout,1,2026-01-12,667,12,PatchTST,XGBoost,59.76057052612305,67.54765319824219,-7.787082672119141
WTI Oil,Com_CrudeOil,holdout,1,2025-10-27,656,1,PatchTST,LightGBM,60.77857208251953,66.3170166015625,-5.538444519042969
WTI Oil,Com_CrudeOil,holdout,1,2025-11-03,657,2,PatchTST,LightGBM,60.05507278442383,68.05514526367188,-8.000072479248047
WTI Oil,Com_CrudeOil,holdout,1,2025-11-10,658,3,PatchTST,LightGBM,59.70945739746094,64.99940490722656,-5.289947509765625
WTI Oil,Com_CrudeOil,holdout,1,2025-11-17,659,4,PatchTST,LightGBM,58.993499755859375,67.88455963134766,-8.891059875488281
WTI Oil,Com_CrudeOil,holdout,1,2025-11-24,660,5,PatchTST,LightGBM,58.810028076171875,68.05797576904297,-9.247947692871094
WTI Oil,Com_CrudeOil,holdout,1,2025-12-01,661,6,PatchTST,LightGBM,59.567256927490234,67.26998138427734,-7.702724456787109
WTI Oil,Com_CrudeOil,holdout,1,2025-12-08,662,7,PatchTST,LightGBM,57.97571563720703,65.40672302246094,-7.431007385253906
WTI Oil,Com_CrudeOil,holdout,1,2025-12-15,663,8,PatchTST,LightGBM,56.28154373168945,67.10440063476562,-10.822856903076172
WTI Oil,Com_CrudeOil,holdout,1,2025-12-22,664,9,PatchTST,LightGBM,57.7086296081543,67.73197174072266,-10.02334213256836
WTI Oil,Com_CrudeOil,holdout,1,2025-12-29,665,10,PatchTST,LightGBM,57.53675842285156,69.40070343017578,-11.863945007324219
WTI Oil,Com_CrudeOil,holdout,1,2026-01-05,666,11,PatchTST,LightGBM,58.08931350708008,65.30079650878906,-7.211483001708984
WTI Oil,Com_CrudeOil,holdout,1,2026-01-12,667,12,PatchTST,LightGBM,59.76057052612305,65.08338928222656,-5.322818756103516
Brent Oil,Com_BrentCrudeOil,tscv,1,2023-10-30,552,1,PatchTST,-,84.9540023803711,72.89624786376953,12.057754516601562
Brent Oil,Com_BrentCrudeOil,tscv,1,2023-11-06,553,2,PatchTST,-,81.2959976196289,72.69609069824219,8.599906921386719
Brent Oil,Com_BrentCrudeOil,tscv,1,2023-11-13,554,3,PatchTST,-,80.66000366210938,72.6920166015625,7.967987060546875
Brent Oil,Com_BrentCrudeOil,tscv,1,2023-11-20,555,4,PatchTST,-,81.51799774169922,72.50739288330078,9.010604858398438
Brent Oil,Com_BrentCrudeOil,tscv,1,2023-11-27,556,5,PatchTST,-,80.5780029296875,72.55535888671875,8.02264404296875
Brent Oil,Com_BrentCrudeOil,tscv,1,2023-12-04,557,6,PatchTST,-,75.98600006103516,72.56719207763672,3.4188079833984375
Brent Oil,Com_BrentCrudeOil,tscv,1,2023-12-11,558,7,PatchTST,-,75.5780029296875,72.3746109008789,3.2033920288085938
Brent Oil,Com_BrentCrudeOil,tscv,1,2023-12-18,559,8,PatchTST,-,79.0199966430664,72.3182144165039,6.7017822265625
Brent Oil,Com_BrentCrudeOil,tscv,1,2023-12-25,560,9,PatchTST,-,78.6449966430664,72.25049591064453,6.394500732421875
Brent Oil,Com_BrentCrudeOil,tscv,1,2024-01-01,561,10,PatchTST,-,77.62249755859375,72.07927703857422,5.543220520019531
Brent Oil,Com_BrentCrudeOil,tscv,1,2024-01-08,562,11,PatchTST,-,77.24199676513672,71.57144927978516,5.6705474853515625
Brent Oil,Com_BrentCrudeOil,tscv,1,2024-01-15,563,12,PatchTST,-,78.24199676513672,71.69567108154297,6.54632568359375
Brent Oil,Com_BrentCrudeOil,tscv,1,2023-10-30,552,1,PatchTST,NLinear,84.9540023803711,77.01667022705078,7.9373321533203125
Brent Oil,Com_BrentCrudeOil,tscv,1,2023-11-06,553,2,PatchTST,NLinear,81.2959976196289,76.06048583984375,5.235511779785156
Brent Oil,Com_BrentCrudeOil,tscv,1,2023-11-13,554,3,PatchTST,NLinear,80.66000366210938,76.50928497314453,4.150718688964844
Brent Oil,Com_BrentCrudeOil,tscv,1,2023-11-20,555,4,PatchTST,NLinear,81.51799774169922,75.03040313720703,6.4875946044921875
Brent Oil,Com_BrentCrudeOil,tscv,1,2023-11-27,556,5,PatchTST,NLinear,80.5780029296875,74.22940826416016,6.348594665527344
Brent Oil,Com_BrentCrudeOil,tscv,1,2023-12-04,557,6,PatchTST,NLinear,75.98600006103516,78.33218383789062,-2.3461837768554688
Brent Oil,Com_BrentCrudeOil,tscv,1,2023-12-11,558,7,PatchTST,NLinear,75.5780029296875,76.08389282226562,-0.505889892578125
Brent Oil,Com_BrentCrudeOil,tscv,1,2023-12-18,559,8,PatchTST,NLinear,79.0199966430664,75.30921173095703,3.710784912109375
Brent Oil,Com_BrentCrudeOil,tscv,1,2023-12-25,560,9,PatchTST,NLinear,78.6449966430664,74.55338287353516,4.09161376953125
Brent Oil,Com_BrentCrudeOil,tscv,1,2024-01-01,561,10,PatchTST,NLinear,77.62249755859375,73.70777130126953,3.9147262573242188
Brent Oil,Com_BrentCrudeOil,tscv,1,2024-01-08,562,11,PatchTST,NLinear,77.24199676513672,75.65257263183594,1.5894241333007812
Brent Oil,Com_BrentCrudeOil,tscv,1,2024-01-15,563,12,PatchTST,NLinear,78.24199676513672,75.05072784423828,3.1912689208984375
Brent Oil,Com_BrentCrudeOil,tscv,1,2023-10-30,552,1,PatchTST,XGBoost,84.9540023803711,97.16278076171875,-12.208778381347656
Brent Oil,Com_BrentCrudeOil,tscv,1,2023-11-06,553,2,PatchTST,XGBoost,81.2959976196289,98.83157348632812,-17.53557586669922
Brent Oil,Com_BrentCrudeOil,tscv,1,2023-11-13,554,3,PatchTST,XGBoost,80.66000366210938,95.76751708984375,-15.107513427734375
Brent Oil,Com_BrentCrudeOil,tscv,1,2023-11-20,555,4,PatchTST,XGBoost,81.51799774169922,90.89085388183594,-9.372856140136719
Brent Oil,Com_BrentCrudeOil,tscv,1,2023-11-27,556,5,PatchTST,XGBoost,80.5780029296875,91.52245330810547,-10.944450378417969
Brent Oil,Com_BrentCrudeOil,tscv,1,2023-12-04,557,6,PatchTST,XGBoost,75.98600006103516,91.61871337890625,-15.632713317871094
Brent Oil,Com_BrentCrudeOil,tscv,1,2023-12-11,558,7,PatchTST,XGBoost,75.5780029296875,93.02455139160156,-17.446548461914062
Brent Oil,Com_BrentCrudeOil,tscv,1,2023-12-18,559,8,PatchTST,XGBoost,79.0199966430664,91.28691101074219,-12.266914367675781
Brent Oil,Com_BrentCrudeOil,tscv,1,2023-12-25,560,9,PatchTST,XGBoost,78.6449966430664,90.99191284179688,-12.346916198730469
Brent Oil,Com_BrentCrudeOil,tscv,1,2024-01-01,561,10,PatchTST,XGBoost,77.62249755859375,91.0619888305664,-13.439491271972656
Brent Oil,Com_BrentCrudeOil,tscv,1,2024-01-08,562,11,PatchTST,XGBoost,77.24199676513672,90.86918640136719,-13.627189636230469
Brent Oil,Com_BrentCrudeOil,tscv,1,2024-01-15,563,12,PatchTST,XGBoost,78.24199676513672,92.63753509521484,-14.395538330078125
Brent Oil,Com_BrentCrudeOil,tscv,1,2023-10-30,552,1,PatchTST,LightGBM,84.9540023803711,98.86051940917969,-13.906517028808594
Brent Oil,Com_BrentCrudeOil,tscv,1,2023-11-06,553,2,PatchTST,LightGBM,81.2959976196289,97.42674255371094,-16.13074493408203
Brent Oil,Com_BrentCrudeOil,tscv,1,2023-11-13,554,3,PatchTST,LightGBM,80.66000366210938,95.82791137695312,-15.16790771484375
Brent Oil,Com_BrentCrudeOil,tscv,1,2023-11-20,555,4,PatchTST,LightGBM,81.51799774169922,90.41642761230469,-8.898429870605469
Brent Oil,Com_BrentCrudeOil,tscv,1,2023-11-27,556,5,PatchTST,LightGBM,80.5780029296875,88.89476013183594,-8.316757202148438
Brent Oil,Com_BrentCrudeOil,tscv,1,2023-12-04,557,6,PatchTST,LightGBM,75.98600006103516,89.41474914550781,-13.428749084472656
Brent Oil,Com_BrentCrudeOil,tscv,1,2023-12-11,558,7,PatchTST,LightGBM,75.5780029296875,89.8878173828125,-14.309814453125
Brent Oil,Com_BrentCrudeOil,tscv,1,2023-12-18,559,8,PatchTST,LightGBM,79.0199966430664,89.95388793945312,-10.933891296386719
Brent Oil,Com_BrentCrudeOil,tscv,1,2023-12-25,560,9,PatchTST,LightGBM,78.6449966430664,91.3494873046875,-12.704490661621094
Brent Oil,Com_BrentCrudeOil,tscv,1,2024-01-01,561,10,PatchTST,LightGBM,77.62249755859375,90.15138244628906,-12.528884887695312
Brent Oil,Com_BrentCrudeOil,tscv,1,2024-01-08,562,11,PatchTST,LightGBM,77.24199676513672,89.57074737548828,-12.328750610351562
Brent Oil,Com_BrentCrudeOil,tscv,1,2024-01-15,563,12,PatchTST,LightGBM,78.24199676513672,89.60552215576172,-11.363525390625
Brent Oil,Com_BrentCrudeOil,tscv,2,2023-11-27,556,1,PatchTST,-,80.5780029296875,72.71609497070312,7.861907958984375
Brent Oil,Com_BrentCrudeOil,tscv,2,2023-12-04,557,2,PatchTST,-,75.98600006103516,72.50006866455078,3.485931396484375
Brent Oil,Com_BrentCrudeOil,tscv,2,2023-12-11,558,3,PatchTST,-,75.5780029296875,72.62985229492188,2.948150634765625
Brent Oil,Com_BrentCrudeOil,tscv,2,2023-12-18,559,4,PatchTST,-,79.0199966430664,72.44121551513672,6.5787811279296875
Brent Oil,Com_BrentCrudeOil,tscv,2,2023-12-25,560,5,PatchTST,-,78.6449966430664,72.25225830078125,6.392738342285156
Brent Oil,Com_BrentCrudeOil,tscv,2,2024-01-01,561,6,PatchTST,-,77.62249755859375,72.10743713378906,5.5150604248046875
Brent Oil,Com_BrentCrudeOil,tscv,2,2024-01-08,562,7,PatchTST,-,77.24199676513672,72.3279037475586,4.914093017578125
Brent Oil,Com_BrentCrudeOil,tscv,2,2024-01-15,563,8,PatchTST,-,78.24199676513672,72.0221939086914,6.2198028564453125
Brent Oil,Com_BrentCrudeOil,tscv,2,2024-01-22,564,9,PatchTST,-,80.33999633789062,71.85696411132812,8.4830322265625
Brent Oil,Com_BrentCrudeOil,tscv,2,2024-01-29,565,10,PatchTST,-,79.86599731445312,71.71778106689453,8.148216247558594
Brent Oil,Com_BrentCrudeOil,tscv,2,2024-02-05,566,11,PatchTST,-,79.51599884033203,71.5469970703125,7.969001770019531
Brent Oil,Com_BrentCrudeOil,tscv,2,2024-02-12,567,12,PatchTST,-,81.64800262451172,71.4538345336914,10.194168090820312
Brent Oil,Com_BrentCrudeOil,tscv,2,2023-11-27,556,1,PatchTST,NLinear,80.5780029296875,75.6058578491211,4.972145080566406
Brent Oil,Com_BrentCrudeOil,tscv,2,2023-12-04,557,2,PatchTST,NLinear,75.98600006103516,77.47845458984375,-1.4924545288085938
Brent Oil,Com_BrentCrudeOil,tscv,2,2023-12-11,558,3,PatchTST,NLinear,75.5780029296875,77.86454772949219,-2.2865447998046875
Brent Oil,Com_BrentCrudeOil,tscv,2,2023-12-18,559,4,PatchTST,NLinear,79.0199966430664,76.42090606689453,2.599090576171875
Brent Oil,Com_BrentCrudeOil,tscv,2,2023-12-25,560,5,PatchTST,NLinear,78.6449966430664,77.87422180175781,0.7707748413085938
Brent Oil,Com_BrentCrudeOil,tscv,2,2024-01-01,561,6,PatchTST,NLinear,77.62249755859375,75.67515563964844,1.9473419189453125
Brent Oil,Com_BrentCrudeOil,tscv,2,2024-01-08,562,7,PatchTST,NLinear,77.24199676513672,77.24214935302734,-0.000152587890625
Brent Oil,Com_BrentCrudeOil,tscv,2,2024-01-15,563,8,PatchTST,NLinear,78.24199676513672,74.77593231201172,3.466064453125
Brent Oil,Com_BrentCrudeOil,tscv,2,2024-01-22,564,9,PatchTST,NLinear,80.33999633789062,75.72883605957031,4.6111602783203125
Brent Oil,Com_BrentCrudeOil,tscv,2,2024-01-29,565,10,PatchTST,NLinear,79.86599731445312,78.71298217773438,1.15301513671875
Brent Oil,Com_BrentCrudeOil,tscv,2,2024-02-05,566,11,PatchTST,NLinear,79.51599884033203,74.85526275634766,4.660736083984375
Brent Oil,Com_BrentCrudeOil,tscv,2,2024-02-12,567,12,PatchTST,NLinear,81.64800262451172,74.36589813232422,7.2821044921875
Brent Oil,Com_BrentCrudeOil,tscv,2,2023-11-27,556,1,PatchTST,XGBoost,80.5780029296875,90.40248107910156,-9.824478149414062
Brent Oil,Com_BrentCrudeOil,tscv,2,2023-12-04,557,2,PatchTST,XGBoost,75.98600006103516,92.41943359375,-16.433433532714844
Brent Oil,Com_BrentCrudeOil,tscv,2,2023-12-11,558,3,PatchTST,XGBoost,75.5780029296875,96.60093688964844,-21.022933959960938
Brent Oil,Com_BrentCrudeOil,tscv,2,2023-12-18,559,4,PatchTST,XGBoost,79.0199966430664,90.82787322998047,-11.807876586914062
Brent Oil,Com_BrentCrudeOil,tscv,2,2023-12-25,560,5,PatchTST,XGBoost,78.6449966430664,91.9573974609375,-13.312400817871094
Brent Oil,Com_BrentCrudeOil,tscv,2,2024-01-01,561,6,PatchTST,XGBoost,77.62249755859375,92.23700714111328,-14.614509582519531
Brent Oil,Com_BrentCrudeOil,tscv,2,2024-01-08,562,7,PatchTST,XGBoost,77.24199676513672,92.22592163085938,-14.983924865722656
Brent Oil,Com_BrentCrudeOil,tscv,2,2024-01-15,563,8,PatchTST,XGBoost,78.24199676513672,89.79034423828125,-11.548347473144531
Brent Oil,Com_BrentCrudeOil,tscv,2,2024-01-22,564,9,PatchTST,XGBoost,80.33999633789062,90.4648208618164,-10.124824523925781
Brent Oil,Com_BrentCrudeOil,tscv,2,2024-01-29,565,10,PatchTST,XGBoost,79.86599731445312,89.35133361816406,-9.485336303710938
Brent Oil,Com_BrentCrudeOil,tscv,2,2024-02-05,566,11,PatchTST,XGBoost,79.51599884033203,89.3454360961914,-9.829437255859375
Brent Oil,Com_BrentCrudeOil,tscv,2,2024-02-12,567,12,PatchTST,XGBoost,81.64800262451172,89.42367553710938,-7.775672912597656
Brent Oil,Com_BrentCrudeOil,tscv,2,2023-11-27,556,1,PatchTST,LightGBM,80.5780029296875,88.71678924560547,-8.138786315917969
Brent Oil,Com_BrentCrudeOil,tscv,2,2023-12-04,557,2,PatchTST,LightGBM,75.98600006103516,89.65841674804688,-13.672416687011719
Brent Oil,Com_BrentCrudeOil,tscv,2,2023-12-11,558,3,PatchTST,LightGBM,75.5780029296875,91.45516204833984,-15.877159118652344
Brent Oil,Com_BrentCrudeOil,tscv,2,2023-12-18,559,4,PatchTST,LightGBM,79.0199966430664,89.03538513183594,-10.015388488769531
Brent Oil,Com_BrentCrudeOil,tscv,2,2023-12-25,560,5,PatchTST,LightGBM,78.6449966430664,89.75843048095703,-11.113433837890625
Brent Oil,Com_BrentCrudeOil,tscv,2,2024-01-01,561,6,PatchTST,LightGBM,77.62249755859375,88.46308135986328,-10.840583801269531
Brent Oil,Com_BrentCrudeOil,tscv,2,2024-01-08,562,7,PatchTST,LightGBM,77.24199676513672,90.052001953125,-12.810005187988281
Brent Oil,Com_BrentCrudeOil,tscv,2,2024-01-15,563,8,PatchTST,LightGBM,78.24199676513672,89.83734130859375,-11.595344543457031
Brent Oil,Com_BrentCrudeOil,tscv,2,2024-01-22,564,9,PatchTST,LightGBM,80.33999633789062,90.9619140625,-10.621917724609375
Brent Oil,Com_BrentCrudeOil,tscv,2,2024-01-29,565,10,PatchTST,LightGBM,79.86599731445312,88.73176574707031,-8.865768432617188
Brent Oil,Com_BrentCrudeOil,tscv,2,2024-02-05,566,11,PatchTST,LightGBM,79.51599884033203,88.89421081542969,-9.378211975097656
Brent Oil,Com_BrentCrudeOil,tscv,2,2024-02-12,567,12,PatchTST,LightGBM,81.64800262451172,89.03956604003906,-7.391563415527344
Brent Oil,Com_BrentCrudeOil,tscv,3,2023-12-25,560,1,PatchTST,-,78.6449966430664,70.44856262207031,8.196434020996094
Brent Oil,Com_BrentCrudeOil,tscv,3,2024-01-01,561,2,PatchTST,-,77.62249755859375,70.41258239746094,7.2099151611328125
Brent Oil,Com_BrentCrudeOil,tscv,3,2024-01-08,562,3,PatchTST,-,77.24199676513672,70.33317565917969,6.908821105957031
Brent Oil,Com_BrentCrudeOil,tscv,3,2024-01-15,563,4,PatchTST,-,78.24199676513672,70.24739074707031,7.994606018066406
Brent Oil,Com_BrentCrudeOil,tscv,3,2024-01-22,564,5,PatchTST,-,80.33999633789062,70.31670379638672,10.023292541503906
Brent Oil,Com_BrentCrudeOil,tscv,3,2024-01-29,565,6,PatchTST,-,79.86599731445312,70.0193099975586,9.846687316894531
Brent Oil,Com_BrentCrudeOil,tscv,3,2024-02-05,566,7,PatchTST,-,79.51599884033203,69.88450622558594,9.631492614746094
Brent Oil,Com_BrentCrudeOil,tscv,3,2024-02-12,567,8,PatchTST,-,81.64800262451172,69.6998291015625,11.948173522949219
Brent Oil,Com_BrentCrudeOil,tscv,3,2024-02-19,568,9,PatchTST,-,81.3219985961914,69.47579193115234,11.846206665039062
Brent Oil,Com_BrentCrudeOil,tscv,3,2024-02-26,569,10,PatchTST,-,81.69200134277344,69.48136138916016,12.210639953613281
Brent Oil,Com_BrentCrudeOil,tscv,3,2024-03-04,570,11,PatchTST,-,81.8759994506836,69.42066192626953,12.455337524414062
Brent Oil,Com_BrentCrudeOil,tscv,3,2024-03-11,571,12,PatchTST,-,83.22200012207031,69.28584289550781,13.9361572265625
Brent Oil,Com_BrentCrudeOil,tscv,3,2023-12-25,560,1,PatchTST,NLinear,78.6449966430664,74.61502075195312,4.029975891113281
Brent Oil,Com_BrentCrudeOil,tscv,3,2024-01-01,561,2,PatchTST,NLinear,77.62249755859375,74.08183288574219,3.5406646728515625
Brent Oil,Com_BrentCrudeOil,tscv,3,2024-01-08,562,3,PatchTST,NLinear,77.24199676513672,76.34972381591797,0.89227294921875
Brent Oil,Com_BrentCrudeOil,tscv,3,2024-01-15,563,4,PatchTST,NLinear,78.24199676513672,73.71591186523438,4.526084899902344
Brent Oil,Com_BrentCrudeOil,tscv,3,2024-01-22,564,5,PatchTST,NLinear,80.33999633789062,74.32547760009766,6.014518737792969
Brent Oil,Com_BrentCrudeOil,tscv,3,2024-01-29,565,6,PatchTST,NLinear,79.86599731445312,73.248779296875,6.617218017578125
Brent Oil,Com_BrentCrudeOil,tscv,3,2024-02-05,566,7,PatchTST,NLinear,79.51599884033203,73.76358032226562,5.752418518066406
Brent Oil,Com_BrentCrudeOil,tscv,3,2024-02-12,567,8,PatchTST,NLinear,81.64800262451172,74.19805145263672,7.449951171875
Brent Oil,Com_BrentCrudeOil,tscv,3,2024-02-19,568,9,PatchTST,NLinear,81.3219985961914,74.00361633300781,7.318382263183594
Brent Oil,Com_BrentCrudeOil,tscv,3,2024-02-26,569,10,PatchTST,NLinear,81.69200134277344,72.60480499267578,9.087196350097656
Brent Oil,Com_BrentCrudeOil,tscv,3,2024-03-04,570,11,PatchTST,NLinear,81.8759994506836,73.29169464111328,8.584304809570312
Brent Oil,Com_BrentCrudeOil,tscv,3,2024-03-11,571,12,PatchTST,NLinear,83.22200012207031,72.50465393066406,10.71734619140625
Brent Oil,Com_BrentCrudeOil,tscv,3,2023-12-25,560,1,PatchTST,XGBoost,78.6449966430664,85.4979019165039,-6.8529052734375
Brent Oil,Com_BrentCrudeOil,tscv,3,2024-01-01,561,2,PatchTST,XGBoost,77.62249755859375,87.81071472167969,-10.188217163085938
Brent Oil,Com_BrentCrudeOil,tscv,3,2024-01-08,562,3,PatchTST,XGBoost,77.24199676513672,86.99384307861328,-9.751846313476562
Brent Oil,Com_BrentCrudeOil,tscv,3,2024-01-15,563,4,PatchTST,XGBoost,78.24199676513672,87.1975326538086,-8.955535888671875
Brent Oil,Com_BrentCrudeOil,tscv,3,2024-01-22,564,5,PatchTST,XGBoost,80.33999633789062,87.53361511230469,-7.1936187744140625
Brent Oil,Com_BrentCrudeOil,tscv,3,2024-01-29,565,6,PatchTST,XGBoost,79.86599731445312,86.82257843017578,-6.956581115722656
Brent Oil,Com_BrentCrudeOil,tscv,3,2024-02-05,566,7,PatchTST,XGBoost,79.51599884033203,86.30062103271484,-6.7846221923828125
Brent Oil,Com_BrentCrudeOil,tscv,3,2024-02-12,567,8,PatchTST,XGBoost,81.64800262451172,86.7877197265625,-5.139717102050781
Brent Oil,Com_BrentCrudeOil,tscv,3,2024-02-19,568,9,PatchTST,XGBoost,81.3219985961914,87.1239013671875,-5.801902770996094
Brent Oil,Com_BrentCrudeOil,tscv,3,2024-02-26,569,10,PatchTST,XGBoost,81.69200134277344,85.94232940673828,-4.250328063964844
Brent Oil,Com_BrentCrudeOil,tscv,3,2024-03-04,570,11,PatchTST,XGBoost,81.8759994506836,86.26903533935547,-4.393035888671875
Brent Oil,Com_BrentCrudeOil,tscv,3,2024-03-11,571,12,PatchTST,XGBoost,83.22200012207031,86.64456176757812,-3.4225616455078125
Brent Oil,Com_BrentCrudeOil,tscv,3,2023-12-25,560,1,PatchTST,LightGBM,78.6449966430664,83.71446990966797,-5.0694732666015625
Brent Oil,Com_BrentCrudeOil,tscv,3,2024-01-01,561,2,PatchTST,LightGBM,77.62249755859375,85.32096862792969,-7.6984710693359375
Brent Oil,Com_BrentCrudeOil,tscv,3,2024-01-08,562,3,PatchTST,LightGBM,77.24199676513672,87.94000244140625,-10.698005676269531
Brent Oil,Com_BrentCrudeOil,tscv,3,2024-01-15,563,4,PatchTST,LightGBM,78.24199676513672,86.99884796142578,-8.756851196289062
Brent Oil,Com_BrentCrudeOil,tscv,3,2024-01-22,564,5,PatchTST,LightGBM,80.33999633789062,88.63237762451172,-8.292381286621094
Brent Oil,Com_BrentCrudeOil,tscv,3,2024-01-29,565,6,PatchTST,LightGBM,79.86599731445312,85.79411315917969,-5.9281158447265625
Brent Oil,Com_BrentCrudeOil,tscv,3,2024-02-05,566,7,PatchTST,LightGBM,79.51599884033203,86.25249481201172,-6.7364959716796875
Brent Oil,Com_BrentCrudeOil,tscv,3,2024-02-12,567,8,PatchTST,LightGBM,81.64800262451172,86.17601013183594,-4.528007507324219
Brent Oil,Com_BrentCrudeOil,tscv,3,2024-02-19,568,9,PatchTST,LightGBM,81.3219985961914,85.51189422607422,-4.1898956298828125
Brent Oil,Com_BrentCrudeOil,tscv,3,2024-02-26,569,10,PatchTST,LightGBM,81.69200134277344,85.57981872558594,-3.8878173828125
Brent Oil,Com_BrentCrudeOil,tscv,3,2024-03-04,570,11,PatchTST,LightGBM,81.8759994506836,85.99114227294922,-4.115142822265625
Brent Oil,Com_BrentCrudeOil,tscv,3,2024-03-11,571,12,PatchTST,LightGBM,83.22200012207031,86.61544799804688,-3.3934478759765625
Brent Oil,Com_BrentCrudeOil,tscv,4,2024-01-22,564,1,PatchTST,-,80.33999633789062,70.56722259521484,9.772773742675781
Brent Oil,Com_BrentCrudeOil,tscv,4,2024-01-29,565,2,PatchTST,-,79.86599731445312,70.43052673339844,9.435470581054688
Brent Oil,Com_BrentCrudeOil,tscv,4,2024-02-05,566,3,PatchTST,-,79.51599884033203,70.21668243408203,9.29931640625
Brent Oil,Com_BrentCrudeOil,tscv,4,2024-02-12,567,4,PatchTST,-,81.64800262451172,70.09082794189453,11.557174682617188
Brent Oil,Com_BrentCrudeOil,tscv,4,2024-02-19,568,5,PatchTST,-,81.3219985961914,69.855712890625,11.466285705566406
Brent Oil,Com_BrentCrudeOil,tscv,4,2024-02-26,569,6,PatchTST,-,81.69200134277344,69.84598541259766,11.846015930175781
Brent Oil,Com_BrentCrudeOil,tscv,4,2024-03-04,570,7,PatchTST,-,81.8759994506836,69.84559631347656,12.030403137207031
Brent Oil,Com_BrentCrudeOil,tscv,4,2024-03-11,571,8,PatchTST,-,83.22200012207031,69.66519165039062,13.556808471679688
Brent Oil,Com_BrentCrudeOil,tscv,4,2024-03-18,572,9,PatchTST,-,85.6520004272461,69.51526641845703,16.136734008789062
Brent Oil,Com_BrentCrudeOil,tscv,4,2024-03-25,573,10,PatchTST,-,86.2183837890625,69.40194702148438,16.816436767578125
Brent Oil,Com_BrentCrudeOil,tscv,4,2024-04-01,574,11,PatchTST,-,89.50199890136719,69.16412353515625,20.337875366210938
Brent Oil,Com_BrentCrudeOil,tscv,4,2024-04-08,575,12,PatchTST,-,90.17333221435547,69.37462615966797,20.7987060546875
Brent Oil,Com_BrentCrudeOil,tscv,4,2024-01-22,564,1,PatchTST,NLinear,80.33999633789062,76.32366943359375,4.016326904296875
Brent Oil,Com_BrentCrudeOil,tscv,4,2024-01-29,565,2,PatchTST,NLinear,79.86599731445312,76.59400939941406,3.2719879150390625
Brent Oil,Com_BrentCrudeOil,tscv,4,2024-02-05,566,3,PatchTST,NLinear,79.51599884033203,73.94580841064453,5.5701904296875
Brent Oil,Com_BrentCrudeOil,tscv,4,2024-02-12,567,4,PatchTST,NLinear,81.64800262451172,77.49584197998047,4.15216064453125
Brent Oil,Com_BrentCrudeOil,tscv,4,2024-02-19,568,5,PatchTST,NLinear,81.3219985961914,75.57238006591797,5.7496185302734375
Brent Oil,Com_BrentCrudeOil,tscv,4,2024-02-26,569,6,PatchTST,NLinear,81.69200134277344,78.14076232910156,3.551239013671875
Brent Oil,Com_BrentCrudeOil,tscv,4,2024-03-04,570,7,PatchTST,NLinear,81.8759994506836,75.53470611572266,6.3412933349609375
Brent Oil,Com_BrentCrudeOil,tscv,4,2024-03-11,571,8,PatchTST,NLinear,83.22200012207031,74.1290283203125,9.092971801757812
Brent Oil,Com_BrentCrudeOil,tscv,4,2024-03-18,572,9,PatchTST,NLinear,85.6520004272461,76.585205078125,9.066795349121094
Brent Oil,Com_BrentCrudeOil,tscv,4,2024-03-25,573,10,PatchTST,NLinear,86.2183837890625,74.90673065185547,11.311653137207031
Brent Oil,Com_BrentCrudeOil,tscv,4,2024-04-01,574,11,PatchTST,NLinear,89.50199890136719,74.36702728271484,15.134971618652344
Brent Oil,Com_BrentCrudeOil,tscv,4,2024-04-08,575,12,PatchTST,NLinear,90.17333221435547,75.66612243652344,14.507209777832031
Brent Oil,Com_BrentCrudeOil,tscv,4,2024-01-22,564,1,PatchTST,XGBoost,80.33999633789062,84.90399932861328,-4.564002990722656
Brent Oil,Com_BrentCrudeOil,tscv,4,2024-01-29,565,2,PatchTST,XGBoost,79.86599731445312,84.7068099975586,-4.840812683105469
Brent Oil,Com_BrentCrudeOil,tscv,4,2024-02-05,566,3,PatchTST,XGBoost,79.51599884033203,84.30535888671875,-4.789360046386719
Brent Oil,Com_BrentCrudeOil,tscv,4,2024-02-12,567,4,PatchTST,XGBoost,81.64800262451172,84.63568115234375,-2.9876785278320312
Brent Oil,Com_BrentCrudeOil,tscv,4,2024-02-19,568,5,PatchTST,XGBoost,81.3219985961914,86.83383178710938,-5.511833190917969
Brent Oil,Com_BrentCrudeOil,tscv,4,2024-02-26,569,6,PatchTST,XGBoost,81.69200134277344,85.8909912109375,-4.1989898681640625
Brent Oil,Com_BrentCrudeOil,tscv,4,2024-03-04,570,7,PatchTST,XGBoost,81.8759994506836,85.9925308227539,-4.1165313720703125
Brent Oil,Com_BrentCrudeOil,tscv,4,2024-03-11,571,8,PatchTST,XGBoost,83.22200012207031,86.43058776855469,-3.208587646484375
Brent Oil,Com_BrentCrudeOil,tscv,4,2024-03-18,572,9,PatchTST,XGBoost,85.6520004272461,87.05859375,-1.4065933227539062
Brent Oil,Com_BrentCrudeOil,tscv,4,2024-03-25,573,10,PatchTST,XGBoost,86.2183837890625,86.24005126953125,-0.02166748046875
Brent Oil,Com_BrentCrudeOil,tscv,4,2024-04-01,574,11,PatchTST,XGBoost,89.50199890136719,87.54728698730469,1.9547119140625
Brent Oil,Com_BrentCrudeOil,tscv,4,2024-04-08,575,12,PatchTST,XGBoost,90.17333221435547,86.946533203125,3.2267990112304688
Brent Oil,Com_BrentCrudeOil,tscv,4,2024-01-22,564,1,PatchTST,LightGBM,80.33999633789062,88.60702514648438,-8.26702880859375
Brent Oil,Com_BrentCrudeOil,tscv,4,2024-01-29,565,2,PatchTST,LightGBM,79.86599731445312,85.46623229980469,-5.6002349853515625
Brent Oil,Com_BrentCrudeOil,tscv,4,2024-02-05,566,3,PatchTST,LightGBM,79.51599884033203,82.99307250976562,-3.4770736694335938
Brent Oil,Com_BrentCrudeOil,tscv,4,2024-02-12,567,4,PatchTST,LightGBM,81.64800262451172,86.08815002441406,-4.440147399902344
Brent Oil,Com_BrentCrudeOil,tscv,4,2024-02-19,568,5,PatchTST,LightGBM,81.3219985961914,86.91537475585938,-5.593376159667969
Brent Oil,Com_BrentCrudeOil,tscv,4,2024-02-26,569,6,PatchTST,LightGBM,81.69200134277344,85.9507827758789,-4.258781433105469
Brent Oil,Com_BrentCrudeOil,tscv,4,2024-03-04,570,7,PatchTST,LightGBM,81.8759994506836,85.89308166503906,-4.017082214355469
Brent Oil,Com_BrentCrudeOil,tscv,4,2024-03-11,571,8,PatchTST,LightGBM,83.22200012207031,86.41419219970703,-3.1921920776367188
Brent Oil,Com_BrentCrudeOil,tscv,4,2024-03-18,572,9,PatchTST,LightGBM,85.6520004272461,86.88502502441406,-1.2330245971679688
Brent Oil,Com_BrentCrudeOil,tscv,4,2024-03-25,573,10,PatchTST,LightGBM,86.2183837890625,86.12625122070312,0.092132568359375
Brent Oil,Com_BrentCrudeOil,tscv,4,2024-04-01,574,11,PatchTST,LightGBM,89.50199890136719,86.99832153320312,2.5036773681640625
Brent Oil,Com_BrentCrudeOil,tscv,4,2024-04-08,575,12,PatchTST,LightGBM,90.17333221435547,86.86445617675781,3.3088760375976562
Brent Oil,Com_BrentCrudeOil,tscv,5,2024-02-19,568,1,PatchTST,-,81.3219985961914,71.79419708251953,9.527801513671875
Brent Oil,Com_BrentCrudeOil,tscv,5,2024-02-26,569,2,PatchTST,-,81.69200134277344,71.61396026611328,10.078041076660156
Brent Oil,Com_BrentCrudeOil,tscv,5,2024-03-04,570,3,PatchTST,-,81.8759994506836,71.4211196899414,10.454879760742188
Brent Oil,Com_BrentCrudeOil,tscv,5,2024-03-11,571,4,PatchTST,-,83.22200012207031,71.44799041748047,11.774009704589844
Brent Oil,Com_BrentCrudeOil,tscv,5,2024-03-18,572,5,PatchTST,-,85.6520004272461,71.34442901611328,14.307571411132812
Brent Oil,Com_BrentCrudeOil,tscv,5,2024-03-25,573,6,PatchTST,-,86.2183837890625,71.24134063720703,14.977043151855469
Brent Oil,Com_BrentCrudeOil,tscv,5,2024-04-01,574,7,PatchTST,-,89.50199890136719,71.21176147460938,18.290237426757812
Brent Oil,Com_BrentCrudeOil,tscv,5,2024-04-08,575,8,PatchTST,-,90.17333221435547,71.12373352050781,19.049598693847656
Brent Oil,Com_BrentCrudeOil,tscv,5,2024-04-15,576,9,PatchTST,-,88.12903594970703,71.00850677490234,17.120529174804688
Brent Oil,Com_BrentCrudeOil,tscv,5,2024-04-22,577,10,PatchTST,-,87.90630340576172,70.98834991455078,16.917953491210938
Brent Oil,Com_BrentCrudeOil,tscv,5,2024-04-29,578,11,PatchTST,-,84.72000122070312,71.20941162109375,13.510589599609375
Brent Oil,Com_BrentCrudeOil,tscv,5,2024-05-06,579,12,PatchTST,-,83.3479995727539,71.0608139038086,12.287185668945312
Brent Oil,Com_BrentCrudeOil,tscv,5,2024-02-19,568,1,PatchTST,NLinear,81.3219985961914,77.91609191894531,3.4059066772460938
Brent Oil,Com_BrentCrudeOil,tscv,5,2024-02-26,569,2,PatchTST,NLinear,81.69200134277344,75.71836853027344,5.9736328125
Brent Oil,Com_BrentCrudeOil,tscv,5,2024-03-04,570,3,PatchTST,NLinear,81.8759994506836,74.58482360839844,7.291175842285156
Brent Oil,Com_BrentCrudeOil,tscv,5,2024-03-11,571,4,PatchTST,NLinear,83.22200012207031,75.47842407226562,7.7435760498046875
Brent Oil,Com_BrentCrudeOil,tscv,5,2024-03-18,572,5,PatchTST,NLinear,85.6520004272461,76.18313598632812,9.468864440917969
Brent Oil,Com_BrentCrudeOil,tscv,5,2024-03-25,573,6,PatchTST,NLinear,86.2183837890625,75.25516510009766,10.963218688964844
Brent Oil,Com_BrentCrudeOil,tscv,5,2024-04-01,574,7,PatchTST,NLinear,89.50199890136719,75.598388671875,13.903610229492188
Brent Oil,Com_BrentCrudeOil,tscv,5,2024-04-08,575,8,PatchTST,NLinear,90.17333221435547,76.63359069824219,13.539741516113281
Brent Oil,Com_BrentCrudeOil,tscv,5,2024-04-15,576,9,PatchTST,NLinear,88.12903594970703,76.06561279296875,12.063423156738281
Brent Oil,Com_BrentCrudeOil,tscv,5,2024-04-22,577,10,PatchTST,NLinear,87.90630340576172,75.3118667602539,12.594436645507812
Brent Oil,Com_BrentCrudeOil,tscv,5,2024-04-29,578,11,PatchTST,NLinear,84.72000122070312,75.7566909790039,8.963310241699219
Brent Oil,Com_BrentCrudeOil,tscv,5,2024-05-06,579,12,PatchTST,NLinear,83.3479995727539,74.38858032226562,8.959419250488281
Brent Oil,Com_BrentCrudeOil,tscv,5,2024-02-19,568,1,PatchTST,XGBoost,81.3219985961914,83.87516784667969,-2.5531692504882812
Brent Oil,Com_BrentCrudeOil,tscv,5,2024-02-26,569,2,PatchTST,XGBoost,81.69200134277344,86.14424133300781,-4.452239990234375
Brent Oil,Com_BrentCrudeOil,tscv,5,2024-03-04,570,3,PatchTST,XGBoost,81.8759994506836,84.61048126220703,-2.7344818115234375
Brent Oil,Com_BrentCrudeOil,tscv,5,2024-03-11,571,4,PatchTST,XGBoost,83.22200012207031,87.62326049804688,-4.4012603759765625
Brent Oil,Com_BrentCrudeOil,tscv,5,2024-03-18,572,5,PatchTST,XGBoost,85.6520004272461,88.28108215332031,-2.6290817260742188
Brent Oil,Com_BrentCrudeOil,tscv,5,2024-03-25,573,6,PatchTST,XGBoost,86.2183837890625,87.54027557373047,-1.3218917846679688
Brent Oil,Com_BrentCrudeOil,tscv,5,2024-04-01,574,7,PatchTST,XGBoost,89.50199890136719,87.7684326171875,1.7335662841796875
Brent Oil,Com_BrentCrudeOil,tscv,5,2024-04-08,575,8,PatchTST,XGBoost,90.17333221435547,87.86630249023438,2.3070297241210938
Brent Oil,Com_BrentCrudeOil,tscv,5,2024-04-15,576,9,PatchTST,XGBoost,88.12903594970703,87.95606994628906,0.17296600341796875
Brent Oil,Com_BrentCrudeOil,tscv,5,2024-04-22,577,10,PatchTST,XGBoost,87.90630340576172,87.92630767822266,-0.0200042724609375
Brent Oil,Com_BrentCrudeOil,tscv,5,2024-04-29,578,11,PatchTST,XGBoost,84.72000122070312,88.38162231445312,-3.66162109375
Brent Oil,Com_BrentCrudeOil,tscv,5,2024-05-06,579,12,PatchTST,XGBoost,83.3479995727539,88.81002807617188,-5.462028503417969
Brent Oil,Com_BrentCrudeOil,tscv,5,2024-02-19,568,1,PatchTST,LightGBM,81.3219985961914,84.71861267089844,-3.3966140747070312
Brent Oil,Com_BrentCrudeOil,tscv,5,2024-02-26,569,2,PatchTST,LightGBM,81.69200134277344,85.83492279052734,-4.142921447753906
Brent Oil,Com_BrentCrudeOil,tscv,5,2024-03-04,570,3,PatchTST,LightGBM,81.8759994506836,88.09400939941406,-6.218009948730469
Brent Oil,Com_BrentCrudeOil,tscv,5,2024-03-11,571,4,PatchTST,LightGBM,83.22200012207031,88.40996551513672,-5.187965393066406
Brent Oil,Com_BrentCrudeOil,tscv,5,2024-03-18,572,5,PatchTST,LightGBM,85.6520004272461,88.30828094482422,-2.656280517578125
Brent Oil,Com_BrentCrudeOil,tscv,5,2024-03-25,573,6,PatchTST,LightGBM,86.2183837890625,87.42158508300781,-1.2032012939453125
Brent Oil,Com_BrentCrudeOil,tscv,5,2024-04-01,574,7,PatchTST,LightGBM,89.50199890136719,87.65535736083984,1.8466415405273438
Brent Oil,Com_BrentCrudeOil,tscv,5,2024-04-08,575,8,PatchTST,LightGBM,90.17333221435547,88.00479888916016,2.1685333251953125
Brent Oil,Com_BrentCrudeOil,tscv,5,2024-04-15,576,9,PatchTST,LightGBM,88.12903594970703,87.9254379272461,0.2035980224609375
Brent Oil,Com_BrentCrudeOil,tscv,5,2024-04-22,577,10,PatchTST,LightGBM,87.90630340576172,88.66427612304688,-0.7579727172851562
Brent Oil,Com_BrentCrudeOil,tscv,5,2024-04-29,578,11,PatchTST,LightGBM,84.72000122070312,88.32449340820312,-3.6044921875
Brent Oil,Com_BrentCrudeOil,tscv,5,2024-05-06,579,12,PatchTST,LightGBM,83.3479995727539,88.72261047363281,-5.374610900878906
Brent Oil,Com_BrentCrudeOil,tscv,6,2024-03-18,572,1,PatchTST,-,85.6520004272461,72.1008529663086,13.5511474609375
Brent Oil,Com_BrentCrudeOil,tscv,6,2024-03-25,573,2,PatchTST,-,86.2183837890625,71.99728393554688,14.221099853515625
Brent Oil,Com_BrentCrudeOil,tscv,6,2024-04-01,574,3,PatchTST,-,89.50199890136719,71.93535614013672,17.56664276123047
Brent Oil,Com_BrentCrudeOil,tscv,6,2024-04-08,575,4,PatchTST,-,90.17333221435547,71.9793472290039,18.193984985351562
Brent Oil,Com_BrentCrudeOil,tscv,6,2024-04-15,576,5,PatchTST,-,88.12903594970703,71.75990295410156,16.36913299560547
Brent Oil,Com_BrentCrudeOil,tscv,6,2024-04-22,577,6,PatchTST,-,87.90630340576172,71.85137939453125,16.05492401123047
Brent Oil,Com_BrentCrudeOil,tscv,6,2024-04-29,578,7,PatchTST,-,84.72000122070312,71.77037811279297,12.949623107910156
Brent Oil,Com_BrentCrudeOil,tscv,6,2024-05-06,579,8,PatchTST,-,83.3479995727539,71.6863784790039,11.66162109375
Brent Oil,Com_BrentCrudeOil,tscv,6,2024-05-13,580,9,PatchTST,-,83.14800262451172,71.6802978515625,11.467704772949219
Brent Oil,Com_BrentCrudeOil,tscv,6,2024-05-20,581,10,PatchTST,-,82.39399719238281,71.7221908569336,10.671806335449219
Brent Oil,Com_BrentCrudeOil,tscv,6,2024-05-27,582,11,PatchTST,-,82.64234161376953,71.63290405273438,11.009437561035156
Brent Oil,Com_BrentCrudeOil,tscv,6,2024-06-03,583,12,PatchTST,-,78.75599670410156,71.60673522949219,7.149261474609375
Brent Oil,Com_BrentCrudeOil,tscv,6,2024-03-18,572,1,PatchTST,NLinear,85.6520004272461,89.60345458984375,-3.9514541625976562
Brent Oil,Com_BrentCrudeOil,tscv,6,2024-03-25,573,2,PatchTST,NLinear,86.2183837890625,85.0029525756836,1.2154312133789062
Brent Oil,Com_BrentCrudeOil,tscv,6,2024-04-01,574,3,PatchTST,NLinear,89.50199890136719,82.99993896484375,6.5020599365234375
Brent Oil,Com_BrentCrudeOil,tscv,6,2024-04-08,575,4,PatchTST,NLinear,90.17333221435547,83.93436431884766,6.2389678955078125
Brent Oil,Com_BrentCrudeOil,tscv,6,2024-04-15,576,5,PatchTST,NLinear,88.12903594970703,82.94668579101562,5.182350158691406
Brent Oil,Com_BrentCrudeOil,tscv,6,2024-04-22,577,6,PatchTST,NLinear,87.90630340576172,82.35391998291016,5.5523834228515625
Brent Oil,Com_BrentCrudeOil,tscv,6,2024-04-29,578,7,PatchTST,NLinear,84.72000122070312,81.99774932861328,2.7222518920898438
Brent Oil,Com_BrentCrudeOil,tscv,6,2024-05-06,579,8,PatchTST,NLinear,83.3479995727539,82.7662353515625,0.5817642211914062
Brent Oil,Com_BrentCrudeOil,tscv,6,2024-05-13,580,9,PatchTST,NLinear,83.14800262451172,83.26708984375,-0.11908721923828125
Brent Oil,Com_BrentCrudeOil,tscv,6,2024-05-20,581,10,PatchTST,NLinear,82.39399719238281,81.32237243652344,1.071624755859375
Brent Oil,Com_BrentCrudeOil,tscv,6,2024-05-27,582,11,PatchTST,NLinear,82.64234161376953,81.12337493896484,1.5189666748046875
Brent Oil,Com_BrentCrudeOil,tscv,6,2024-06-03,583,12,PatchTST,NLinear,78.75599670410156,83.61502075195312,-4.8590240478515625
Brent Oil,Com_BrentCrudeOil,tscv,6,2024-03-18,572,1,PatchTST,XGBoost,85.6520004272461,87.87006378173828,-2.2180633544921875
Brent Oil,Com_BrentCrudeOil,tscv,6,2024-03-25,573,2,PatchTST,XGBoost,86.2183837890625,87.53829193115234,-1.3199081420898438
Brent Oil,Com_BrentCrudeOil,tscv,6,2024-04-01,574,3,PatchTST,XGBoost,89.50199890136719,89.47062683105469,0.0313720703125
Brent Oil,Com_BrentCrudeOil,tscv,6,2024-04-08,575,4,PatchTST,XGBoost,90.17333221435547,88.10487365722656,2.0684585571289062
Brent Oil,Com_BrentCrudeOil,tscv,6,2024-04-15,576,5,PatchTST,XGBoost,88.12903594970703,87.86795806884766,0.261077880859375
Brent Oil,Com_BrentCrudeOil,tscv,6,2024-04-22,577,6,PatchTST,XGBoost,87.90630340576172,87.26311492919922,0.6431884765625
Brent Oil,Com_BrentCrudeOil,tscv,6,2024-04-29,578,7,PatchTST,XGBoost,84.72000122070312,88.0654296875,-3.345428466796875
Brent Oil,Com_BrentCrudeOil,tscv,6,2024-05-06,579,8,PatchTST,XGBoost,83.3479995727539,88.54459381103516,-5.19659423828125
Brent Oil,Com_BrentCrudeOil,tscv,6,2024-05-13,580,9,PatchTST,XGBoost,83.14800262451172,88.3139419555664,-5.1659393310546875
Brent Oil,Com_BrentCrudeOil,tscv,6,2024-05-20,581,10,PatchTST,XGBoost,82.39399719238281,87.9377670288086,-5.543769836425781
Brent Oil,Com_BrentCrudeOil,tscv,6,2024-05-27,582,11,PatchTST,XGBoost,82.64234161376953,88.4157943725586,-5.7734527587890625
Brent Oil,Com_BrentCrudeOil,tscv,6,2024-06-03,583,12,PatchTST,XGBoost,78.75599670410156,88.87600708007812,-10.120010375976562
Brent Oil,Com_BrentCrudeOil,tscv,6,2024-03-18,572,1,PatchTST,LightGBM,85.6520004272461,88.37982177734375,-2.7278213500976562
Brent Oil,Com_BrentCrudeOil,tscv,6,2024-03-25,573,2,PatchTST,LightGBM,86.2183837890625,86.27665710449219,-0.0582733154296875
Brent Oil,Com_BrentCrudeOil,tscv,6,2024-04-01,574,3,PatchTST,LightGBM,89.50199890136719,87.67542266845703,1.8265762329101562
Brent Oil,Com_BrentCrudeOil,tscv,6,2024-04-08,575,4,PatchTST,LightGBM,90.17333221435547,88.12023162841797,2.0531005859375
Brent Oil,Com_BrentCrudeOil,tscv,6,2024-04-15,576,5,PatchTST,LightGBM,88.12903594970703,87.87327575683594,0.25576019287109375
Brent Oil,Com_BrentCrudeOil,tscv,6,2024-04-22,577,6,PatchTST,LightGBM,87.90630340576172,87.21810913085938,0.6881942749023438
Brent Oil,Com_BrentCrudeOil,tscv,6,2024-04-29,578,7,PatchTST,LightGBM,84.72000122070312,88.06855773925781,-3.3485565185546875
Brent Oil,Com_BrentCrudeOil,tscv,6,2024-05-06,579,8,PatchTST,LightGBM,83.3479995727539,88.52108764648438,-5.173088073730469
Brent Oil,Com_BrentCrudeOil,tscv,6,2024-05-13,580,9,PatchTST,LightGBM,83.14800262451172,88.30638885498047,-5.15838623046875
Brent Oil,Com_BrentCrudeOil,tscv,6,2024-05-20,581,10,PatchTST,LightGBM,82.39399719238281,87.86665344238281,-5.47265625
Brent Oil,Com_BrentCrudeOil,tscv,6,2024-05-27,582,11,PatchTST,LightGBM,82.64234161376953,88.51952362060547,-5.8771820068359375
Brent Oil,Com_BrentCrudeOil,tscv,6,2024-06-03,583,12,PatchTST,LightGBM,78.75599670410156,88.91027069091797,-10.154273986816406
Brent Oil,Com_BrentCrudeOil,tscv,7,2024-04-15,576,1,PatchTST,-,88.12903594970703,70.37361145019531,17.75542449951172
Brent Oil,Com_BrentCrudeOil,tscv,7,2024-04-22,577,2,PatchTST,-,87.90630340576172,70.31425476074219,17.59204864501953
Brent Oil,Com_BrentCrudeOil,tscv,7,2024-04-29,578,3,PatchTST,-,84.72000122070312,69.95830535888672,14.761695861816406
Brent Oil,Com_BrentCrudeOil,tscv,7,2024-05-06,579,4,PatchTST,-,83.3479995727539,70.242431640625,13.105567932128906
Brent Oil,Com_BrentCrudeOil,tscv,7,2024-05-13,580,5,PatchTST,-,83.14800262451172,70.0538558959961,13.094146728515625
Brent Oil,Com_BrentCrudeOil,tscv,7,2024-05-20,581,6,PatchTST,-,82.39399719238281,70.09475708007812,12.299240112304688
Brent Oil,Com_BrentCrudeOil,tscv,7,2024-05-27,582,7,PatchTST,-,82.64234161376953,70.01443481445312,12.627906799316406
Brent Oil,Com_BrentCrudeOil,tscv,7,2024-06-03,583,8,PatchTST,-,78.75599670410156,69.9845962524414,8.771400451660156
Brent Oil,Com_BrentCrudeOil,tscv,7,2024-06-10,584,9,PatchTST,-,82.30400085449219,70.06568908691406,12.238311767578125
Brent Oil,Com_BrentCrudeOil,tscv,7,2024-06-17,585,10,PatchTST,-,85.13249969482422,70.06038665771484,15.072113037109375
Brent Oil,Com_BrentCrudeOil,tscv,7,2024-06-24,586,11,PatchTST,-,84.99199676513672,70.02626037597656,14.965736389160156
Brent Oil,Com_BrentCrudeOil,tscv,7,2024-07-01,587,12,PatchTST,-,86.68726348876953,69.98216247558594,16.705101013183594
Brent Oil,Com_BrentCrudeOil,tscv,7,2024-04-15,576,1,PatchTST,NLinear,88.12903594970703,81.3260269165039,6.803009033203125
Brent Oil,Com_BrentCrudeOil,tscv,7,2024-04-22,577,2,PatchTST,NLinear,87.90630340576172,80.88597106933594,7.020332336425781
Brent Oil,Com_BrentCrudeOil,tscv,7,2024-04-29,578,3,PatchTST,NLinear,84.72000122070312,80.55010986328125,4.169891357421875
Brent Oil,Com_BrentCrudeOil,tscv,7,2024-05-06,579,4,PatchTST,NLinear,83.3479995727539,80.44404602050781,2.9039535522460938
Brent Oil,Com_BrentCrudeOil,tscv,7,2024-05-13,580,5,PatchTST,NLinear,83.14800262451172,80.03421783447266,3.1137847900390625
Brent Oil,Com_BrentCrudeOil,tscv,7,2024-05-20,581,6,PatchTST,NLinear,82.39399719238281,77.74626159667969,4.647735595703125
Brent Oil,Com_BrentCrudeOil,tscv,7,2024-05-27,582,7,PatchTST,NLinear,82.64234161376953,77.75859069824219,4.883750915527344
Brent Oil,Com_BrentCrudeOil,tscv,7,2024-06-03,583,8,PatchTST,NLinear,78.75599670410156,76.94831085205078,1.8076858520507812
Brent Oil,Com_BrentCrudeOil,tscv,7,2024-06-10,584,9,PatchTST,NLinear,82.30400085449219,75.3807144165039,6.923286437988281
Brent Oil,Com_BrentCrudeOil,tscv,7,2024-06-17,585,10,PatchTST,NLinear,85.13249969482422,73.93250274658203,11.199996948242188
Brent Oil,Com_BrentCrudeOil,tscv,7,2024-06-24,586,11,PatchTST,NLinear,84.99199676513672,75.62936401367188,9.362632751464844
Brent Oil,Com_BrentCrudeOil,tscv,7,2024-07-01,587,12,PatchTST,NLinear,86.68726348876953,76.95039367675781,9.736869812011719
Brent Oil,Com_BrentCrudeOil,tscv,7,2024-04-15,576,1,PatchTST,XGBoost,88.12903594970703,83.59737396240234,4.5316619873046875
Brent Oil,Com_BrentCrudeOil,tscv,7,2024-04-22,577,2,PatchTST,XGBoost,87.90630340576172,82.54072570800781,5.365577697753906
Brent Oil,Com_BrentCrudeOil,tscv,7,2024-04-29,578,3,PatchTST,XGBoost,84.72000122070312,84.45796203613281,0.2620391845703125
Brent Oil,Com_BrentCrudeOil,tscv,7,2024-05-06,579,4,PatchTST,XGBoost,83.3479995727539,83.95931243896484,-0.6113128662109375
Brent Oil,Com_BrentCrudeOil,tscv,7,2024-05-13,580,5,PatchTST,XGBoost,83.14800262451172,84.24856567382812,-1.1005630493164062
Brent Oil,Com_BrentCrudeOil,tscv,7,2024-05-20,581,6,PatchTST,XGBoost,82.39399719238281,80.97355651855469,1.420440673828125
Brent Oil,Com_BrentCrudeOil,tscv,7,2024-05-27,582,7,PatchTST,XGBoost,82.64234161376953,84.44705963134766,-1.804718017578125
Brent Oil,Com_BrentCrudeOil,tscv,7,2024-06-03,583,8,PatchTST,XGBoost,78.75599670410156,85.26593780517578,-6.509941101074219
Brent Oil,Com_BrentCrudeOil,tscv,7,2024-06-10,584,9,PatchTST,XGBoost,82.30400085449219,84.98262023925781,-2.678619384765625
Brent Oil,Com_BrentCrudeOil,tscv,7,2024-06-17,585,10,PatchTST,XGBoost,85.13249969482422,84.61226654052734,0.520233154296875
Brent Oil,Com_BrentCrudeOil,tscv,7,2024-06-24,586,11,PatchTST,XGBoost,84.99199676513672,84.77174377441406,0.22025299072265625
Brent Oil,Com_BrentCrudeOil,tscv,7,2024-07-01,587,12,PatchTST,XGBoost,86.68726348876953,84.86066436767578,1.82659912109375
Brent Oil,Com_BrentCrudeOil,tscv,7,2024-04-15,576,1,PatchTST,LightGBM,88.12903594970703,86.0440902709961,2.0849456787109375
Brent Oil,Com_BrentCrudeOil,tscv,7,2024-04-22,577,2,PatchTST,LightGBM,87.90630340576172,85.7333755493164,2.1729278564453125
Brent Oil,Com_BrentCrudeOil,tscv,7,2024-04-29,578,3,PatchTST,LightGBM,84.72000122070312,84.2944107055664,0.42559051513671875
Brent Oil,Com_BrentCrudeOil,tscv,7,2024-05-06,579,4,PatchTST,LightGBM,83.3479995727539,82.63045501708984,0.7175445556640625
Brent Oil,Com_BrentCrudeOil,tscv,7,2024-05-13,580,5,PatchTST,LightGBM,83.14800262451172,84.20365905761719,-1.0556564331054688
Brent Oil,Com_BrentCrudeOil,tscv,7,2024-05-20,581,6,PatchTST,LightGBM,82.39399719238281,82.71021270751953,-0.31621551513671875
Brent Oil,Com_BrentCrudeOil,tscv,7,2024-05-27,582,7,PatchTST,LightGBM,82.64234161376953,84.75019836425781,-2.1078567504882812
Brent Oil,Com_BrentCrudeOil,tscv,7,2024-06-03,583,8,PatchTST,LightGBM,78.75599670410156,86.60138702392578,-7.845390319824219
Brent Oil,Com_BrentCrudeOil,tscv,7,2024-06-10,584,9,PatchTST,LightGBM,82.30400085449219,85.84422302246094,-3.54022216796875
Brent Oil,Com_BrentCrudeOil,tscv,7,2024-06-17,585,10,PatchTST,LightGBM,85.13249969482422,81.90116882324219,3.2313308715820312
Brent Oil,Com_BrentCrudeOil,tscv,7,2024-06-24,586,11,PatchTST,LightGBM,84.99199676513672,84.19918823242188,0.7928085327148438
Brent Oil,Com_BrentCrudeOil,tscv,7,2024-07-01,587,12,PatchTST,LightGBM,86.68726348876953,85.30240631103516,1.384857177734375
Brent Oil,Com_BrentCrudeOil,tscv,8,2024-05-13,580,1,PatchTST,-,83.14800262451172,70.04735565185547,13.10064697265625
Brent Oil,Com_BrentCrudeOil,tscv,8,2024-05-20,581,2,PatchTST,-,82.39399719238281,70.21752166748047,12.176475524902344
Brent Oil,Com_BrentCrudeOil,tscv,8,2024-05-27,582,3,PatchTST,-,82.64234161376953,70.15702819824219,12.485313415527344
Brent Oil,Com_BrentCrudeOil,tscv,8,2024-06-03,583,4,PatchTST,-,78.75599670410156,70.19422149658203,8.561775207519531
Brent Oil,Com_BrentCrudeOil,tscv,8,2024-06-10,584,5,PatchTST,-,82.30400085449219,70.40445709228516,11.899543762207031
Brent Oil,Com_BrentCrudeOil,tscv,8,2024-06-17,585,6,PatchTST,-,85.13249969482422,70.12483215332031,15.007667541503906
Brent Oil,Com_BrentCrudeOil,tscv,8,2024-06-24,586,7,PatchTST,-,84.99199676513672,70.0570068359375,14.934989929199219
Brent Oil,Com_BrentCrudeOil,tscv,8,2024-07-01,587,8,PatchTST,-,86.68726348876953,70.1268310546875,16.56043243408203
Brent Oil,Com_BrentCrudeOil,tscv,8,2024-07-08,588,9,PatchTST,-,85.18399810791016,70.02473449707031,15.159263610839844
Brent Oil,Com_BrentCrudeOil,tscv,8,2024-07-15,589,10,PatchTST,-,84.27999877929688,70.28239440917969,13.997604370117188
Brent Oil,Com_BrentCrudeOil,tscv,8,2024-07-22,590,11,PatchTST,-,81.7239990234375,70.22693634033203,11.497062683105469
Brent Oil,Com_BrentCrudeOil,tscv,8,2024-07-29,591,12,PatchTST,-,78.4143295288086,70.20018768310547,8.214141845703125
Brent Oil,Com_BrentCrudeOil,tscv,8,2024-05-13,580,1,PatchTST,NLinear,83.14800262451172,78.82111358642578,4.3268890380859375
Brent Oil,Com_BrentCrudeOil,tscv,8,2024-05-20,581,2,PatchTST,NLinear,82.39399719238281,76.51530456542969,5.878692626953125
Brent Oil,Com_BrentCrudeOil,tscv,8,2024-05-27,582,3,PatchTST,NLinear,82.64234161376953,77.45157623291016,5.190765380859375
Brent Oil,Com_BrentCrudeOil,tscv,8,2024-06-03,583,4,PatchTST,NLinear,78.75599670410156,77.50462341308594,1.251373291015625
Brent Oil,Com_BrentCrudeOil,tscv,8,2024-06-10,584,5,PatchTST,NLinear,82.30400085449219,76.7162857055664,5.587715148925781
Brent Oil,Com_BrentCrudeOil,tscv,8,2024-06-17,585,6,PatchTST,NLinear,85.13249969482422,72.94058990478516,12.191909790039062
Brent Oil,Com_BrentCrudeOil,tscv,8,2024-06-24,586,7,PatchTST,NLinear,84.99199676513672,74.47023010253906,10.521766662597656
Brent Oil,Com_BrentCrudeOil,tscv,8,2024-07-01,587,8,PatchTST,NLinear,86.68726348876953,76.04335021972656,10.643913269042969
Brent Oil,Com_BrentCrudeOil,tscv,8,2024-07-08,588,9,PatchTST,NLinear,85.18399810791016,75.08570861816406,10.098289489746094
Brent Oil,Com_BrentCrudeOil,tscv,8,2024-07-15,589,10,PatchTST,NLinear,84.27999877929688,73.18887329101562,11.09112548828125
Brent Oil,Com_BrentCrudeOil,tscv,8,2024-07-22,590,11,PatchTST,NLinear,81.7239990234375,72.1434555053711,9.580543518066406
Brent Oil,Com_BrentCrudeOil,tscv,8,2024-07-29,591,12,PatchTST,NLinear,78.4143295288086,73.2218246459961,5.1925048828125
Brent Oil,Com_BrentCrudeOil,tscv,8,2024-05-13,580,1,PatchTST,XGBoost,83.14800262451172,81.01762390136719,2.1303787231445312
Brent Oil,Com_BrentCrudeOil,tscv,8,2024-05-20,581,2,PatchTST,XGBoost,82.39399719238281,80.71354675292969,1.680450439453125
Brent Oil,Com_BrentCrudeOil,tscv,8,2024-05-27,582,3,PatchTST,XGBoost,82.64234161376953,79.007568359375,3.6347732543945312
Brent Oil,Com_BrentCrudeOil,tscv,8,2024-06-03,583,4,PatchTST,XGBoost,78.75599670410156,82.29936218261719,-3.543365478515625
Brent Oil,Com_BrentCrudeOil,tscv,8,2024-06-10,584,5,PatchTST,XGBoost,82.30400085449219,83.83100128173828,-1.5270004272460938
Brent Oil,Com_BrentCrudeOil,tscv,8,2024-06-17,585,6,PatchTST,XGBoost,85.13249969482422,77.55474090576172,7.5777587890625
Brent Oil,Com_BrentCrudeOil,tscv,8,2024-06-24,586,7,PatchTST,XGBoost,84.99199676513672,77.38304138183594,7.608955383300781
Brent Oil,Com_BrentCrudeOil,tscv,8,2024-07-01,587,8,PatchTST,XGBoost,86.68726348876953,85.15929412841797,1.5279693603515625
Brent Oil,Com_BrentCrudeOil,tscv,8,2024-07-08,588,9,PatchTST,XGBoost,85.18399810791016,83.85150909423828,1.332489013671875
Brent Oil,Com_BrentCrudeOil,tscv,8,2024-07-15,589,10,PatchTST,XGBoost,84.27999877929688,83.5711898803711,0.7088088989257812
Brent Oil,Com_BrentCrudeOil,tscv,8,2024-07-22,590,11,PatchTST,XGBoost,81.7239990234375,79.41232299804688,2.311676025390625
Brent Oil,Com_BrentCrudeOil,tscv,8,2024-07-29,591,12,PatchTST,XGBoost,78.4143295288086,78.27275085449219,0.14157867431640625
Brent Oil,Com_BrentCrudeOil,tscv,8,2024-05-13,580,1,PatchTST,LightGBM,83.14800262451172,82.93009185791016,0.2179107666015625
Brent Oil,Com_BrentCrudeOil,tscv,8,2024-05-20,581,2,PatchTST,LightGBM,82.39399719238281,81.58546447753906,0.80853271484375
Brent Oil,Com_BrentCrudeOil,tscv,8,2024-05-27,582,3,PatchTST,LightGBM,82.64234161376953,82.73463439941406,-0.09229278564453125
Brent Oil,Com_BrentCrudeOil,tscv,8,2024-06-03,583,4,PatchTST,LightGBM,78.75599670410156,84.1857681274414,-5.429771423339844
Brent Oil,Com_BrentCrudeOil,tscv,8,2024-06-10,584,5,PatchTST,LightGBM,82.30400085449219,84.74537658691406,-2.441375732421875
Brent Oil,Com_BrentCrudeOil,tscv,8,2024-06-17,585,6,PatchTST,LightGBM,85.13249969482422,81.8480453491211,3.284454345703125
Brent Oil,Com_BrentCrudeOil,tscv,8,2024-06-24,586,7,PatchTST,LightGBM,84.99199676513672,79.9847640991211,5.007232666015625
Brent Oil,Com_BrentCrudeOil,tscv,8,2024-07-01,587,8,PatchTST,LightGBM,86.68726348876953,83.03522491455078,3.65203857421875
Brent Oil,Com_BrentCrudeOil,tscv,8,2024-07-08,588,9,PatchTST,LightGBM,85.18399810791016,83.11071014404297,2.0732879638671875
Brent Oil,Com_BrentCrudeOil,tscv,8,2024-07-15,589,10,PatchTST,LightGBM,84.27999877929688,81.98362731933594,2.2963714599609375
Brent Oil,Com_BrentCrudeOil,tscv,8,2024-07-22,590,11,PatchTST,LightGBM,81.7239990234375,80.31139373779297,1.4126052856445312
Brent Oil,Com_BrentCrudeOil,tscv,8,2024-07-29,591,12,PatchTST,LightGBM,78.4143295288086,78.21147155761719,0.20285797119140625
Brent Oil,Com_BrentCrudeOil,tscv,9,2024-06-10,584,1,PatchTST,-,82.30400085449219,70.16825866699219,12.1357421875
Brent Oil,Com_BrentCrudeOil,tscv,9,2024-06-17,585,2,PatchTST,-,85.13249969482422,70.1498794555664,14.982620239257812
Brent Oil,Com_BrentCrudeOil,tscv,9,2024-06-24,586,3,PatchTST,-,84.99199676513672,70.18630981445312,14.805686950683594
Brent Oil,Com_BrentCrudeOil,tscv,9,2024-07-01,587,4,PatchTST,-,86.68726348876953,69.94475555419922,16.742507934570312
Brent Oil,Com_BrentCrudeOil,tscv,9,2024-07-08,588,5,PatchTST,-,85.18399810791016,70.12911987304688,15.054878234863281
Brent Oil,Com_BrentCrudeOil,tscv,9,2024-07-15,589,6,PatchTST,-,84.27999877929688,69.97351837158203,14.306480407714844
Brent Oil,Com_BrentCrudeOil,tscv,9,2024-07-22,590,7,PatchTST,-,81.7239990234375,70.1819076538086,11.542091369628906
Brent Oil,Com_BrentCrudeOil,tscv,9,2024-07-29,591,8,PatchTST,-,78.4143295288086,70.09307861328125,8.321250915527344
Brent Oil,Com_BrentCrudeOil,tscv,9,2024-08-05,592,9,PatchTST,-,78.48297119140625,70.22728729248047,8.255683898925781
Brent Oil,Com_BrentCrudeOil,tscv,9,2024-08-12,593,10,PatchTST,-,80.38911437988281,70.0803451538086,10.308769226074219
Brent Oil,Com_BrentCrudeOil,tscv,9,2024-08-19,594,11,PatchTST,-,77.96463012695312,70.0169677734375,7.947662353515625
Brent Oil,Com_BrentCrudeOil,tscv,9,2024-08-26,595,12,PatchTST,-,78.09672546386719,69.99203491210938,8.104690551757812
Brent Oil,Com_BrentCrudeOil,tscv,9,2024-06-10,584,1,PatchTST,NLinear,82.30400085449219,75.32227325439453,6.981727600097656
Brent Oil,Com_BrentCrudeOil,tscv,9,2024-06-17,585,2,PatchTST,NLinear,85.13249969482422,74.53974914550781,10.592750549316406
Brent Oil,Com_BrentCrudeOil,tscv,9,2024-06-24,586,3,PatchTST,NLinear,84.99199676513672,74.36901092529297,10.62298583984375
Brent Oil,Com_BrentCrudeOil,tscv,9,2024-07-01,587,4,PatchTST,NLinear,86.68726348876953,74.21778869628906,12.469474792480469
Brent Oil,Com_BrentCrudeOil,tscv,9,2024-07-08,588,5,PatchTST,NLinear,85.18399810791016,75.78184509277344,9.402153015136719
Brent Oil,Com_BrentCrudeOil,tscv,9,2024-07-15,589,6,PatchTST,NLinear,84.27999877929688,73.96814727783203,10.311851501464844
Brent Oil,Com_BrentCrudeOil,tscv,9,2024-07-22,590,7,PatchTST,NLinear,81.7239990234375,74.4989242553711,7.225074768066406
Brent Oil,Com_BrentCrudeOil,tscv,9,2024-07-29,591,8,PatchTST,NLinear,78.4143295288086,76.09007263183594,2.3242568969726562
Brent Oil,Com_BrentCrudeOil,tscv,9,2024-08-05,592,9,PatchTST,NLinear,78.48297119140625,76.8860092163086,1.5969619750976562
Brent Oil,Com_BrentCrudeOil,tscv,9,2024-08-12,593,10,PatchTST,NLinear,80.38911437988281,75.90901947021484,4.480094909667969
Brent Oil,Com_BrentCrudeOil,tscv,9,2024-08-19,594,11,PatchTST,NLinear,77.96463012695312,74.30123138427734,3.6633987426757812
Brent Oil,Com_BrentCrudeOil,tscv,9,2024-08-26,595,12,PatchTST,NLinear,78.09672546386719,75.70277404785156,2.393951416015625
Brent Oil,Com_BrentCrudeOil,tscv,9,2024-06-10,584,1,PatchTST,XGBoost,82.30400085449219,79.01828002929688,3.2857208251953125
Brent Oil,Com_BrentCrudeOil,tscv,9,2024-06-17,585,2,PatchTST,XGBoost,85.13249969482422,76.72689056396484,8.405609130859375
Brent Oil,Com_BrentCrudeOil,tscv,9,2024-06-24,586,3,PatchTST,XGBoost,84.99199676513672,75.96263122558594,9.029365539550781
Brent Oil,Com_BrentCrudeOil,tscv,9,2024-07-01,587,4,PatchTST,XGBoost,86.68726348876953,79.99220275878906,6.695060729980469
Brent Oil,Com_BrentCrudeOil,tscv,9,2024-07-08,588,5,PatchTST,XGBoost,85.18399810791016,82.66413879394531,2.5198593139648438
Brent Oil,Com_BrentCrudeOil,tscv,9,2024-07-15,589,6,PatchTST,XGBoost,84.27999877929688,80.84111785888672,3.4388809204101562
Brent Oil,Com_BrentCrudeOil,tscv,9,2024-07-22,590,7,PatchTST,XGBoost,81.7239990234375,75.55684661865234,6.167152404785156
Brent Oil,Com_BrentCrudeOil,tscv,9,2024-07-29,591,8,PatchTST,XGBoost,78.4143295288086,81.33023834228516,-2.9159088134765625
Brent Oil,Com_BrentCrudeOil,tscv,9,2024-08-05,592,9,PatchTST,XGBoost,78.48297119140625,81.67942810058594,-3.1964569091796875
Brent Oil,Com_BrentCrudeOil,tscv,9,2024-08-12,593,10,PatchTST,XGBoost,80.38911437988281,81.9994125366211,-1.6102981567382812
Brent Oil,Com_BrentCrudeOil,tscv,9,2024-08-19,594,11,PatchTST,XGBoost,77.96463012695312,79.09880065917969,-1.1341705322265625
Brent Oil,Com_BrentCrudeOil,tscv,9,2024-08-26,595,12,PatchTST,XGBoost,78.09672546386719,77.19816589355469,0.8985595703125
Brent Oil,Com_BrentCrudeOil,tscv,9,2024-06-10,584,1,PatchTST,LightGBM,82.30400085449219,79.5845718383789,2.7194290161132812
Brent Oil,Com_BrentCrudeOil,tscv,9,2024-06-17,585,2,PatchTST,LightGBM,85.13249969482422,78.68022918701172,6.4522705078125
Brent Oil,Com_BrentCrudeOil,tscv,9,2024-06-24,586,3,PatchTST,LightGBM,84.99199676513672,80.89261627197266,4.0993804931640625
Brent Oil,Com_BrentCrudeOil,tscv,9,2024-07-01,587,4,PatchTST,LightGBM,86.68726348876953,82.2213134765625,4.465950012207031
Brent Oil,Com_BrentCrudeOil,tscv,9,2024-07-08,588,5,PatchTST,LightGBM,85.18399810791016,82.95343017578125,2.2305679321289062
Brent Oil,Com_BrentCrudeOil,tscv,9,2024-07-15,589,6,PatchTST,LightGBM,84.27999877929688,80.17507934570312,4.10491943359375
Brent Oil,Com_BrentCrudeOil,tscv,9,2024-07-22,590,7,PatchTST,LightGBM,81.7239990234375,79.2153091430664,2.5086898803710938
Brent Oil,Com_BrentCrudeOil,tscv,9,2024-07-29,591,8,PatchTST,LightGBM,78.4143295288086,80.76051330566406,-2.3461837768554688
Brent Oil,Com_BrentCrudeOil,tscv,9,2024-08-05,592,9,PatchTST,LightGBM,78.48297119140625,84.31021118164062,-5.827239990234375
Brent Oil,Com_BrentCrudeOil,tscv,9,2024-08-12,593,10,PatchTST,LightGBM,80.38911437988281,82.40420532226562,-2.0150909423828125
Brent Oil,Com_BrentCrudeOil,tscv,9,2024-08-19,594,11,PatchTST,LightGBM,77.96463012695312,80.44939422607422,-2.4847640991210938
Brent Oil,Com_BrentCrudeOil,tscv,9,2024-08-26,595,12,PatchTST,LightGBM,78.09672546386719,82.93407440185547,-4.837348937988281
Brent Oil,Com_BrentCrudeOil,tscv,10,2024-07-08,588,1,PatchTST,-,85.18399810791016,73.28782653808594,11.896171569824219
Brent Oil,Com_BrentCrudeOil,tscv,10,2024-07-15,589,2,PatchTST,-,84.27999877929688,73.3545150756836,10.925483703613281
Brent Oil,Com_BrentCrudeOil,tscv,10,2024-07-22,590,3,PatchTST,-,81.7239990234375,73.38227081298828,8.341728210449219
Brent Oil,Com_BrentCrudeOil,tscv,10,2024-07-29,591,4,PatchTST,-,78.4143295288086,73.4719467163086,4.9423828125
Brent Oil,Com_BrentCrudeOil,tscv,10,2024-08-05,592,5,PatchTST,-,78.48297119140625,73.32051849365234,5.162452697753906
Brent Oil,Com_BrentCrudeOil,tscv,10,2024-08-12,593,6,PatchTST,-,80.38911437988281,73.42589569091797,6.963218688964844
Brent Oil,Com_BrentCrudeOil,tscv,10,2024-08-19,594,7,PatchTST,-,77.96463012695312,73.27413940429688,4.69049072265625
Brent Oil,Com_BrentCrudeOil,tscv,10,2024-08-26,595,8,PatchTST,-,78.09672546386719,73.48480224609375,4.6119232177734375
Brent Oil,Com_BrentCrudeOil,tscv,10,2024-09-02,596,9,PatchTST,-,72.91812896728516,73.4915771484375,-0.5734481811523438
Brent Oil,Com_BrentCrudeOil,tscv,10,2024-09-09,597,10,PatchTST,-,71.21612548828125,73.28363037109375,-2.0675048828125
Brent Oil,Com_BrentCrudeOil,tscv,10,2024-09-16,598,11,PatchTST,-,74.13544464111328,73.26570892333984,0.8697357177734375
Brent Oil,Com_BrentCrudeOil,tscv,10,2024-09-23,599,12,PatchTST,-,72.62645721435547,73.5504150390625,-0.9239578247070312
Brent Oil,Com_BrentCrudeOil,tscv,10,2024-07-08,588,1,PatchTST,NLinear,85.18399810791016,82.13996124267578,3.044036865234375
Brent Oil,Com_BrentCrudeOil,tscv,10,2024-07-15,589,2,PatchTST,NLinear,84.27999877929688,80.41112518310547,3.8688735961914062
Brent Oil,Com_BrentCrudeOil,tscv,10,2024-07-22,590,3,PatchTST,NLinear,81.7239990234375,80.09800720214844,1.6259918212890625
Brent Oil,Com_BrentCrudeOil,tscv,10,2024-07-29,591,4,PatchTST,NLinear,78.4143295288086,81.94729614257812,-3.5329666137695312
Brent Oil,Com_BrentCrudeOil,tscv,10,2024-08-05,592,5,PatchTST,NLinear,78.48297119140625,82.03783416748047,-3.5548629760742188
Brent Oil,Com_BrentCrudeOil,tscv,10,2024-08-12,593,6,PatchTST,NLinear,80.38911437988281,81.56849670410156,-1.17938232421875
Brent Oil,Com_BrentCrudeOil,tscv,10,2024-08-19,594,7,PatchTST,NLinear,77.96463012695312,81.94939422607422,-3.9847640991210938
Brent Oil,Com_BrentCrudeOil,tscv,10,2024-08-26,595,8,PatchTST,NLinear,78.09672546386719,83.83016967773438,-5.7334442138671875
Brent Oil,Com_BrentCrudeOil,tscv,10,2024-09-02,596,9,PatchTST,NLinear,72.91812896728516,82.39739990234375,-9.479270935058594
Brent Oil,Com_BrentCrudeOil,tscv,10,2024-09-09,597,10,PatchTST,NLinear,71.21612548828125,81.82195281982422,-10.605827331542969
Brent Oil,Com_BrentCrudeOil,tscv,10,2024-09-16,598,11,PatchTST,NLinear,74.13544464111328,83.843994140625,-9.708549499511719
Brent Oil,Com_BrentCrudeOil,tscv,10,2024-09-23,599,12,PatchTST,NLinear,72.62645721435547,85.39234161376953,-12.765884399414062
Brent Oil,Com_BrentCrudeOil,tscv,10,2024-07-08,588,1,PatchTST,XGBoost,85.18399810791016,87.0054702758789,-1.82147216796875
Brent Oil,Com_BrentCrudeOil,tscv,10,2024-07-15,589,2,PatchTST,XGBoost,84.27999877929688,82.97584533691406,1.3041534423828125
Brent Oil,Com_BrentCrudeOil,tscv,10,2024-07-22,590,3,PatchTST,XGBoost,81.7239990234375,83.52922058105469,-1.8052215576171875
Brent Oil,Com_BrentCrudeOil,tscv,10,2024-07-29,591,4,PatchTST,XGBoost,78.4143295288086,83.8528823852539,-5.4385528564453125
Brent Oil,Com_BrentCrudeOil,tscv,10,2024-08-05,592,5,PatchTST,XGBoost,78.48297119140625,84.13008117675781,-5.6471099853515625
Brent Oil,Com_BrentCrudeOil,tscv,10,2024-08-12,593,6,PatchTST,XGBoost,80.38911437988281,85.61885070800781,-5.229736328125
Brent Oil,Com_BrentCrudeOil,tscv,10,2024-08-19,594,7,PatchTST,XGBoost,77.96463012695312,82.55487060546875,-4.590240478515625
Brent Oil,Com_BrentCrudeOil,tscv,10,2024-08-26,595,8,PatchTST,XGBoost,78.09672546386719,87.90927124023438,-9.812545776367188
Brent Oil,Com_BrentCrudeOil,tscv,10,2024-09-02,596,9,PatchTST,XGBoost,72.91812896728516,88.3429946899414,-15.42486572265625
Brent Oil,Com_BrentCrudeOil,tscv,10,2024-09-09,597,10,PatchTST,XGBoost,71.21612548828125,86.90019989013672,-15.684074401855469
Brent Oil,Com_BrentCrudeOil,tscv,10,2024-09-16,598,11,PatchTST,XGBoost,74.13544464111328,85.32953643798828,-11.194091796875
Brent Oil,Com_BrentCrudeOil,tscv,10,2024-09-23,599,12,PatchTST,XGBoost,72.62645721435547,84.90036010742188,-12.273902893066406
Brent Oil,Com_BrentCrudeOil,tscv,10,2024-07-08,588,1,PatchTST,LightGBM,85.18399810791016,86.54405975341797,-1.3600616455078125
Brent Oil,Com_BrentCrudeOil,tscv,10,2024-07-15,589,2,PatchTST,LightGBM,84.27999877929688,84.80806732177734,-0.5280685424804688
Brent Oil,Com_BrentCrudeOil,tscv,10,2024-07-22,590,3,PatchTST,LightGBM,81.7239990234375,82.23417663574219,-0.5101776123046875
Brent Oil,Com_BrentCrudeOil,tscv,10,2024-07-29,591,4,PatchTST,LightGBM,78.4143295288086,85.15143585205078,-6.7371063232421875
Brent Oil,Com_BrentCrudeOil,tscv,10,2024-08-05,592,5,PatchTST,LightGBM,78.48297119140625,85.57011413574219,-7.0871429443359375
Brent Oil,Com_BrentCrudeOil,tscv,10,2024-08-12,593,6,PatchTST,LightGBM,80.38911437988281,85.48783111572266,-5.098716735839844
Brent Oil,Com_BrentCrudeOil,tscv,10,2024-08-19,594,7,PatchTST,LightGBM,77.96463012695312,84.00492858886719,-6.0402984619140625
Brent Oil,Com_BrentCrudeOil,tscv,10,2024-08-26,595,8,PatchTST,LightGBM,78.09672546386719,86.83592224121094,-8.73919677734375
Brent Oil,Com_BrentCrudeOil,tscv,10,2024-09-02,596,9,PatchTST,LightGBM,72.91812896728516,85.79205322265625,-12.873924255371094
Brent Oil,Com_BrentCrudeOil,tscv,10,2024-09-09,597,10,PatchTST,LightGBM,71.21612548828125,83.50658416748047,-12.290458679199219
Brent Oil,Com_BrentCrudeOil,tscv,10,2024-09-16,598,11,PatchTST,LightGBM,74.13544464111328,81.34638977050781,-7.210945129394531
Brent Oil,Com_BrentCrudeOil,tscv,10,2024-09-23,599,12,PatchTST,LightGBM,72.62645721435547,84.56949615478516,-11.943038940429688
Brent Oil,Com_BrentCrudeOil,tscv,11,2024-08-05,592,1,PatchTST,-,78.48297119140625,72.20535278320312,6.277618408203125
Brent Oil,Com_BrentCrudeOil,tscv,11,2024-08-12,593,2,PatchTST,-,80.38911437988281,71.96623992919922,8.422874450683594
Brent Oil,Com_BrentCrudeOil,tscv,11,2024-08-19,594,3,PatchTST,-,77.96463012695312,71.87662506103516,6.088005065917969
Brent Oil,Com_BrentCrudeOil,tscv,11,2024-08-26,595,4,PatchTST,-,78.09672546386719,71.8752212524414,6.221504211425781
Brent Oil,Com_BrentCrudeOil,tscv,11,2024-09-02,596,5,PatchTST,-,72.91812896728516,72.07864379882812,0.8394851684570312
Brent Oil,Com_BrentCrudeOil,tscv,11,2024-09-09,597,6,PatchTST,-,71.21612548828125,71.87044525146484,-0.6543197631835938
Brent Oil,Com_BrentCrudeOil,tscv,11,2024-09-16,598,7,PatchTST,-,74.13544464111328,72.11358642578125,2.0218582153320312
Brent Oil,Com_BrentCrudeOil,tscv,11,2024-09-23,599,8,PatchTST,-,72.62645721435547,72.03684997558594,0.5896072387695312
Brent Oil,Com_BrentCrudeOil,tscv,11,2024-09-30,600,9,PatchTST,-,75.79288482666016,71.91751861572266,3.8753662109375
Brent Oil,Com_BrentCrudeOil,tscv,11,2024-10-07,601,10,PatchTST,-,78.61448669433594,71.90017700195312,6.7143096923828125
Brent Oil,Com_BrentCrudeOil,tscv,11,2024-10-14,602,11,PatchTST,-,74.26461791992188,71.98018646240234,2.2844314575195312
Brent Oil,Com_BrentCrudeOil,tscv,11,2024-10-21,603,12,PatchTST,-,74.91790008544922,72.0037612915039,2.9141387939453125
Brent Oil,Com_BrentCrudeOil,tscv,11,2024-08-05,592,1,PatchTST,NLinear,78.48297119140625,79.81627655029297,-1.3333053588867188
Brent Oil,Com_BrentCrudeOil,tscv,11,2024-08-12,593,2,PatchTST,NLinear,80.38911437988281,79.44090270996094,0.948211669921875
Brent Oil,Com_BrentCrudeOil,tscv,11,2024-08-19,594,3,PatchTST,NLinear,77.96463012695312,79.72166442871094,-1.7570343017578125
Brent Oil,Com_BrentCrudeOil,tscv,11,2024-08-26,595,4,PatchTST,NLinear,78.09672546386719,79.81128692626953,-1.7145614624023438
Brent Oil,Com_BrentCrudeOil,tscv,11,2024-09-02,596,5,PatchTST,NLinear,72.91812896728516,80.86397552490234,-7.9458465576171875
Brent Oil,Com_BrentCrudeOil,tscv,11,2024-09-09,597,6,PatchTST,NLinear,71.21612548828125,82.11300659179688,-10.896881103515625
Brent Oil,Com_BrentCrudeOil,tscv,11,2024-09-16,598,7,PatchTST,NLinear,74.13544464111328,80.28314208984375,-6.147697448730469
Brent Oil,Com_BrentCrudeOil,tscv,11,2024-09-23,599,8,PatchTST,NLinear,72.62645721435547,82.08048248291016,-9.454025268554688
Brent Oil,Com_BrentCrudeOil,tscv,11,2024-09-30,600,9,PatchTST,NLinear,75.79288482666016,83.45984649658203,-7.666961669921875
Brent Oil,Com_BrentCrudeOil,tscv,11,2024-10-07,601,10,PatchTST,NLinear,78.61448669433594,82.89887237548828,-4.284385681152344
Brent Oil,Com_BrentCrudeOil,tscv,11,2024-10-14,602,11,PatchTST,NLinear,74.26461791992188,84.97566223144531,-10.711044311523438
Brent Oil,Com_BrentCrudeOil,tscv,11,2024-10-21,603,12,PatchTST,NLinear,74.91790008544922,84.6238784790039,-9.705978393554688
Brent Oil,Com_BrentCrudeOil,tscv,11,2024-08-05,592,1,PatchTST,XGBoost,78.48297119140625,81.08086395263672,-2.5978927612304688
Brent Oil,Com_BrentCrudeOil,tscv,11,2024-08-12,593,2,PatchTST,XGBoost,80.38911437988281,79.01473236083984,1.3743820190429688
Brent Oil,Com_BrentCrudeOil,tscv,11,2024-08-19,594,3,PatchTST,XGBoost,77.96463012695312,81.42850494384766,-3.4638748168945312
Brent Oil,Com_BrentCrudeOil,tscv,11,2024-08-26,595,4,PatchTST,XGBoost,78.09672546386719,81.33035278320312,-3.2336273193359375
Brent Oil,Com_BrentCrudeOil,tscv,11,2024-09-02,596,5,PatchTST,XGBoost,72.91812896728516,83.72883605957031,-10.810707092285156
Brent Oil,Com_BrentCrudeOil,tscv,11,2024-09-09,597,6,PatchTST,XGBoost,71.21612548828125,82.13856506347656,-10.922439575195312
Brent Oil,Com_BrentCrudeOil,tscv,11,2024-09-16,598,7,PatchTST,XGBoost,74.13544464111328,83.57405853271484,-9.438613891601562
Brent Oil,Com_BrentCrudeOil,tscv,11,2024-09-23,599,8,PatchTST,XGBoost,72.62645721435547,84.80003356933594,-12.173576354980469
Brent Oil,Com_BrentCrudeOil,tscv,11,2024-09-30,600,9,PatchTST,XGBoost,75.79288482666016,85.34711456298828,-9.554229736328125
Brent Oil,Com_BrentCrudeOil,tscv,11,2024-10-07,601,10,PatchTST,XGBoost,78.61448669433594,84.7668685913086,-6.152381896972656
Brent Oil,Com_BrentCrudeOil,tscv,11,2024-10-14,602,11,PatchTST,XGBoost,74.26461791992188,84.61011505126953,-10.345497131347656
Brent Oil,Com_BrentCrudeOil,tscv,11,2024-10-21,603,12,PatchTST,XGBoost,74.91790008544922,86.4925537109375,-11.574653625488281
Brent Oil,Com_BrentCrudeOil,tscv,11,2024-08-05,592,1,PatchTST,LightGBM,78.48297119140625,84.06686401367188,-5.583892822265625
Brent Oil,Com_BrentCrudeOil,tscv,11,2024-08-12,593,2,PatchTST,LightGBM,80.38911437988281,82.6698989868164,-2.2807846069335938
Brent Oil,Com_BrentCrudeOil,tscv,11,2024-08-19,594,3,PatchTST,LightGBM,77.96463012695312,81.20919036865234,-3.2445602416992188
Brent Oil,Com_BrentCrudeOil,tscv,11,2024-08-26,595,4,PatchTST,LightGBM,78.09672546386719,83.64037322998047,-5.543647766113281
Brent Oil,Com_BrentCrudeOil,tscv,11,2024-09-02,596,5,PatchTST,LightGBM,72.91812896728516,83.00196838378906,-10.083839416503906
Brent Oil,Com_BrentCrudeOil,tscv,11,2024-09-09,597,6,PatchTST,LightGBM,71.21612548828125,82.89334106445312,-11.677215576171875
Brent Oil,Com_BrentCrudeOil,tscv,11,2024-09-16,598,7,PatchTST,LightGBM,74.13544464111328,80.86016082763672,-6.7247161865234375
Brent Oil,Com_BrentCrudeOil,tscv,11,2024-09-23,599,8,PatchTST,LightGBM,72.62645721435547,81.898681640625,-9.272224426269531
Brent Oil,Com_BrentCrudeOil,tscv,11,2024-09-30,600,9,PatchTST,LightGBM,75.79288482666016,84.38611602783203,-8.593231201171875
Brent Oil,Com_BrentCrudeOil,tscv,11,2024-10-07,601,10,PatchTST,LightGBM,78.61448669433594,83.7789306640625,-5.1644439697265625
Brent Oil,Com_BrentCrudeOil,tscv,11,2024-10-14,602,11,PatchTST,LightGBM,74.26461791992188,82.46552276611328,-8.200904846191406
Brent Oil,Com_BrentCrudeOil,tscv,11,2024-10-21,603,12,PatchTST,LightGBM,74.91790008544922,83.15721893310547,-8.23931884765625
Brent Oil,Com_BrentCrudeOil,tscv,12,2024-09-02,596,1,PatchTST,-,72.91812896728516,72.68504333496094,0.23308563232421875
Brent Oil,Com_BrentCrudeOil,tscv,12,2024-09-09,597,2,PatchTST,-,71.21612548828125,72.82081604003906,-1.6046905517578125
Brent Oil,Com_BrentCrudeOil,tscv,12,2024-09-16,598,3,PatchTST,-,74.13544464111328,72.7547607421875,1.3806838989257812
Brent Oil,Com_BrentCrudeOil,tscv,12,2024-09-23,599,4,PatchTST,-,72.62645721435547,72.99398803710938,-0.36753082275390625
Brent Oil,Com_BrentCrudeOil,tscv,12,2024-09-30,600,5,PatchTST,-,75.79288482666016,73.05094146728516,2.741943359375
Brent Oil,Com_BrentCrudeOil,tscv,12,2024-10-07,601,6,PatchTST,-,78.61448669433594,72.98446655273438,5.6300201416015625
Brent Oil,Com_BrentCrudeOil,tscv,12,2024-10-14,602,7,PatchTST,-,74.26461791992188,72.83280944824219,1.4318084716796875
Brent Oil,Com_BrentCrudeOil,tscv,12,2024-10-21,603,8,PatchTST,-,74.91790008544922,72.97075653076172,1.9471435546875
Brent Oil,Com_BrentCrudeOil,tscv,12,2024-10-28,604,9,PatchTST,-,72.1500015258789,72.75446319580078,-0.604461669921875
Brent Oil,Com_BrentCrudeOil,tscv,12,2024-11-04,605,10,PatchTST,-,74.633544921875,72.796875,1.836669921875
Brent Oil,Com_BrentCrudeOil,tscv,12,2024-11-11,606,11,PatchTST,-,71.7145004272461,72.60677337646484,-0.89227294921875
Brent Oil,Com_BrentCrudeOil,tscv,12,2024-11-18,607,12,PatchTST,-,73.94104766845703,72.61285400390625,1.3281936645507812
Brent Oil,Com_BrentCrudeOil,tscv,12,2024-09-02,596,1,PatchTST,NLinear,72.91812896728516,78.9167251586914,-5.99859619140625
Brent Oil,Com_BrentCrudeOil,tscv,12,2024-09-09,597,2,PatchTST,NLinear,71.21612548828125,78.81163024902344,-7.5955047607421875
Brent Oil,Com_BrentCrudeOil,tscv,12,2024-09-16,598,3,PatchTST,NLinear,74.13544464111328,78.99047088623047,-4.8550262451171875
Brent Oil,Com_BrentCrudeOil,tscv,12,2024-09-23,599,4,PatchTST,NLinear,72.62645721435547,80.87874603271484,-8.252288818359375
Brent Oil,Com_BrentCrudeOil,tscv,12,2024-09-30,600,5,PatchTST,NLinear,75.79288482666016,80.90869903564453,-5.115814208984375
Brent Oil,Com_BrentCrudeOil,tscv,12,2024-10-07,601,6,PatchTST,NLinear,78.61448669433594,80.7736587524414,-2.1591720581054688
Brent Oil,Com_BrentCrudeOil,tscv,12,2024-10-14,602,7,PatchTST,NLinear,74.26461791992188,82.95982360839844,-8.695205688476562
Brent Oil,Com_BrentCrudeOil,tscv,12,2024-10-21,603,8,PatchTST,NLinear,74.91790008544922,83.50460052490234,-8.586700439453125
Brent Oil,Com_BrentCrudeOil,tscv,12,2024-10-28,604,9,PatchTST,NLinear,72.1500015258789,81.14169311523438,-8.991691589355469
Brent Oil,Com_BrentCrudeOil,tscv,12,2024-11-04,605,10,PatchTST,NLinear,74.633544921875,82.76321411132812,-8.129669189453125
Brent Oil,Com_BrentCrudeOil,tscv,12,2024-11-11,606,11,PatchTST,NLinear,71.7145004272461,80.58067321777344,-8.866172790527344
Brent Oil,Com_BrentCrudeOil,tscv,12,2024-11-18,607,12,PatchTST,NLinear,73.94104766845703,81.30257415771484,-7.3615264892578125
Brent Oil,Com_BrentCrudeOil,tscv,12,2024-09-02,596,1,PatchTST,XGBoost,72.91812896728516,83.95250701904297,-11.034378051757812
Brent Oil,Com_BrentCrudeOil,tscv,12,2024-09-09,597,2,PatchTST,XGBoost,71.21612548828125,83.95706176757812,-12.740936279296875
Brent Oil,Com_BrentCrudeOil,tscv,12,2024-09-16,598,3,PatchTST,XGBoost,74.13544464111328,82.02738952636719,-7.891944885253906
Brent Oil,Com_BrentCrudeOil,tscv,12,2024-09-23,599,4,PatchTST,XGBoost,72.62645721435547,84.41558074951172,-11.78912353515625
Brent Oil,Com_BrentCrudeOil,tscv,12,2024-09-30,600,5,PatchTST,XGBoost,75.79288482666016,85.24823760986328,-9.455352783203125
Brent Oil,Com_BrentCrudeOil,tscv,12,2024-10-07,601,6,PatchTST,XGBoost,78.61448669433594,86.2769546508789,-7.662467956542969
Brent Oil,Com_BrentCrudeOil,tscv,12,2024-10-14,602,7,PatchTST,XGBoost,74.26461791992188,85.98536682128906,-11.720748901367188
Brent Oil,Com_BrentCrudeOil,tscv,12,2024-10-21,603,8,PatchTST,XGBoost,74.91790008544922,86.76753234863281,-11.849632263183594
Brent Oil,Com_BrentCrudeOil,tscv,12,2024-10-28,604,9,PatchTST,XGBoost,72.1500015258789,84.8262939453125,-12.676292419433594
Brent Oil,Com_BrentCrudeOil,tscv,12,2024-11-04,605,10,PatchTST,XGBoost,74.633544921875,86.58975982666016,-11.956214904785156
Brent Oil,Com_BrentCrudeOil,tscv,12,2024-11-11,606,11,PatchTST,XGBoost,71.7145004272461,84.67205047607422,-12.957550048828125
Brent Oil,Com_BrentCrudeOil,tscv,12,2024-11-18,607,12,PatchTST,XGBoost,73.94104766845703,90.570556640625,-16.62950897216797
Brent Oil,Com_BrentCrudeOil,tscv,12,2024-09-02,596,1,PatchTST,LightGBM,72.91812896728516,83.39140319824219,-10.473274230957031
Brent Oil,Com_BrentCrudeOil,tscv,12,2024-09-09,597,2,PatchTST,LightGBM,71.21612548828125,84.0701904296875,-12.85406494140625
Brent Oil,Com_BrentCrudeOil,tscv,12,2024-09-16,598,3,PatchTST,LightGBM,74.13544464111328,81.63075256347656,-7.495307922363281
Brent Oil,Com_BrentCrudeOil,tscv,12,2024-09-23,599,4,PatchTST,LightGBM,72.62645721435547,84.69085693359375,-12.064399719238281
Brent Oil,Com_BrentCrudeOil,tscv,12,2024-09-30,600,5,PatchTST,LightGBM,75.79288482666016,84.90396881103516,-9.111083984375
Brent Oil,Com_BrentCrudeOil,tscv,12,2024-10-07,601,6,PatchTST,LightGBM,78.61448669433594,85.48969268798828,-6.875205993652344
Brent Oil,Com_BrentCrudeOil,tscv,12,2024-10-14,602,7,PatchTST,LightGBM,74.26461791992188,85.59473419189453,-11.330116271972656
Brent Oil,Com_BrentCrudeOil,tscv,12,2024-10-21,603,8,PatchTST,LightGBM,74.91790008544922,87.47306823730469,-12.555168151855469
Brent Oil,Com_BrentCrudeOil,tscv,12,2024-10-28,604,9,PatchTST,LightGBM,72.1500015258789,85.72074890136719,-13.570747375488281
Brent Oil,Com_BrentCrudeOil,tscv,12,2024-11-04,605,10,PatchTST,LightGBM,74.633544921875,86.7576675415039,-12.124122619628906
Brent Oil,Com_BrentCrudeOil,tscv,12,2024-11-11,606,11,PatchTST,LightGBM,71.7145004272461,82.00431060791016,-10.289810180664062
Brent Oil,Com_BrentCrudeOil,tscv,12,2024-11-18,607,12,PatchTST,LightGBM,73.94104766845703,85.87403106689453,-11.9329833984375
Brent Oil,Com_BrentCrudeOil,tscv,13,2024-09-30,600,1,PatchTST,-,75.79288482666016,72.64794158935547,3.1449432373046875
Brent Oil,Com_BrentCrudeOil,tscv,13,2024-10-07,601,2,PatchTST,-,78.61448669433594,72.68157196044922,5.932914733886719
Brent Oil,Com_BrentCrudeOil,tscv,13,2024-10-14,602,3,PatchTST,-,74.26461791992188,72.81448364257812,1.45013427734375
Brent Oil,Com_BrentCrudeOil,tscv,13,2024-10-21,603,4,PatchTST,-,74.91790008544922,72.70845794677734,2.209442138671875
Brent Oil,Com_BrentCrudeOil,tscv,13,2024-10-28,604,5,PatchTST,-,72.1500015258789,72.63957977294922,-0.4895782470703125
Brent Oil,Com_BrentCrudeOil,tscv,13,2024-11-04,605,6,PatchTST,-,74.633544921875,72.54210662841797,2.0914382934570312
Brent Oil,Com_BrentCrudeOil,tscv,13,2024-11-11,606,7,PatchTST,-,71.7145004272461,72.7035140991211,-0.989013671875
Brent Oil,Com_BrentCrudeOil,tscv,13,2024-11-18,607,8,PatchTST,-,73.94104766845703,72.73552703857422,1.2055206298828125
Brent Oil,Com_BrentCrudeOil,tscv,13,2024-11-25,608,9,PatchTST,-,72.4459457397461,72.47689056396484,-0.03094482421875
Brent Oil,Com_BrentCrudeOil,tscv,13,2024-12-02,609,10,PatchTST,-,71.92588806152344,72.6638412475586,-0.7379531860351562
Brent Oil,Com_BrentCrudeOil,tscv,13,2024-12-09,610,11,PatchTST,-,73.48958587646484,72.61376190185547,0.875823974609375
Brent Oil,Com_BrentCrudeOil,tscv,13,2024-12-16,611,12,PatchTST,-,73.21955871582031,72.54766845703125,0.6718902587890625
Brent Oil,Com_BrentCrudeOil,tscv,13,2024-09-30,600,1,PatchTST,NLinear,75.79288482666016,80.54345703125,-4.750572204589844
Brent Oil,Com_BrentCrudeOil,tscv,13,2024-10-07,601,2,PatchTST,NLinear,78.61448669433594,79.98334503173828,-1.3688583374023438
Brent Oil,Com_BrentCrudeOil,tscv,13,2024-10-14,602,3,PatchTST,NLinear,74.26461791992188,81.56787109375,-7.303253173828125
Brent Oil,Com_BrentCrudeOil,tscv,13,2024-10-21,603,4,PatchTST,NLinear,74.91790008544922,82.08866882324219,-7.170768737792969
Brent Oil,Com_BrentCrudeOil,tscv,13,2024-10-28,604,5,PatchTST,NLinear,72.1500015258789,80.99239349365234,-8.842391967773438
Brent Oil,Com_BrentCrudeOil,tscv,13,2024-11-04,605,6,PatchTST,NLinear,74.633544921875,81.32563018798828,-6.692085266113281
Brent Oil,Com_BrentCrudeOil,tscv,13,2024-11-11,606,7,PatchTST,NLinear,71.7145004272461,82.76551818847656,-11.051017761230469
Brent Oil,Com_BrentCrudeOil,tscv,13,2024-11-18,607,8,PatchTST,NLinear,73.94104766845703,81.08861541748047,-7.1475677490234375
Brent Oil,Com_BrentCrudeOil,tscv,13,2024-11-25,608,9,PatchTST,NLinear,72.4459457397461,81.58960723876953,-9.143661499023438
Brent Oil,Com_BrentCrudeOil,tscv,13,2024-12-02,609,10,PatchTST,NLinear,71.92588806152344,82.08880615234375,-10.162918090820312
Brent Oil,Com_BrentCrudeOil,tscv,13,2024-12-09,610,11,PatchTST,NLinear,73.48958587646484,83.11149597167969,-9.621910095214844
Brent Oil,Com_BrentCrudeOil,tscv,13,2024-12-16,611,12,PatchTST,NLinear,73.21955871582031,80.70242309570312,-7.4828643798828125
Brent Oil,Com_BrentCrudeOil,tscv,13,2024-09-30,600,1,PatchTST,XGBoost,75.79288482666016,83.5025405883789,-7.70965576171875
Brent Oil,Com_BrentCrudeOil,tscv,13,2024-10-07,601,2,PatchTST,XGBoost,78.61448669433594,84.39733123779297,-5.782844543457031
Brent Oil,Com_BrentCrudeOil,tscv,13,2024-10-14,602,3,PatchTST,XGBoost,74.26461791992188,84.89472198486328,-10.630104064941406
Brent Oil,Com_BrentCrudeOil,tscv,13,2024-10-21,603,4,PatchTST,XGBoost,74.91790008544922,86.11017608642578,-11.192276000976562
Brent Oil,Com_BrentCrudeOil,tscv,13,2024-10-28,604,5,PatchTST,XGBoost,72.1500015258789,85.81472778320312,-13.664726257324219
Brent Oil,Com_BrentCrudeOil,tscv,13,2024-11-04,605,6,PatchTST,XGBoost,74.633544921875,85.60899353027344,-10.975448608398438
Brent Oil,Com_BrentCrudeOil,tscv,13,2024-11-11,606,7,PatchTST,XGBoost,71.7145004272461,85.94355010986328,-14.229049682617188
Brent Oil,Com_BrentCrudeOil,tscv,13,2024-11-18,607,8,PatchTST,XGBoost,73.94104766845703,85.45915985107422,-11.518112182617188
Brent Oil,Com_BrentCrudeOil,tscv,13,2024-11-25,608,9,PatchTST,XGBoost,72.4459457397461,84.95281219482422,-12.506866455078125
Brent Oil,Com_BrentCrudeOil,tscv,13,2024-12-02,609,10,PatchTST,XGBoost,71.92588806152344,87.62942504882812,-15.703536987304688
Brent Oil,Com_BrentCrudeOil,tscv,13,2024-12-09,610,11,PatchTST,XGBoost,73.48958587646484,87.07112121582031,-13.581535339355469
Brent Oil,Com_BrentCrudeOil,tscv,13,2024-12-16,611,12,PatchTST,XGBoost,73.21955871582031,86.71694946289062,-13.497390747070312
Brent Oil,Com_BrentCrudeOil,tscv,13,2024-09-30,600,1,PatchTST,LightGBM,75.79288482666016,83.33152770996094,-7.538642883300781
Brent Oil,Com_BrentCrudeOil,tscv,13,2024-10-07,601,2,PatchTST,LightGBM,78.61448669433594,83.91590118408203,-5.301414489746094
Brent Oil,Com_BrentCrudeOil,tscv,13,2024-10-14,602,3,PatchTST,LightGBM,74.26461791992188,85.00992584228516,-10.745307922363281
Brent Oil,Com_BrentCrudeOil,tscv,13,2024-10-21,603,4,PatchTST,LightGBM,74.91790008544922,86.00881958007812,-11.090919494628906
Brent Oil,Com_BrentCrudeOil,tscv,13,2024-10-28,604,5,PatchTST,LightGBM,72.1500015258789,85.60457611083984,-13.454574584960938
Brent Oil,Com_BrentCrudeOil,tscv,13,2024-11-04,605,6,PatchTST,LightGBM,74.633544921875,85.6123275756836,-10.978782653808594
Brent Oil,Com_BrentCrudeOil,tscv,13,2024-11-11,606,7,PatchTST,LightGBM,71.7145004272461,81.9698486328125,-10.255348205566406
Brent Oil,Com_BrentCrudeOil,tscv,13,2024-11-18,607,8,PatchTST,LightGBM,73.94104766845703,84.91862487792969,-10.977577209472656
Brent Oil,Com_BrentCrudeOil,tscv,13,2024-11-25,608,9,PatchTST,LightGBM,72.4459457397461,85.960693359375,-13.514747619628906
Brent Oil,Com_BrentCrudeOil,tscv,13,2024-12-02,609,10,PatchTST,LightGBM,71.92588806152344,86.52007293701172,-14.594184875488281
Brent Oil,Com_BrentCrudeOil,tscv,13,2024-12-09,610,11,PatchTST,LightGBM,73.48958587646484,85.420654296875,-11.931068420410156
Brent Oil,Com_BrentCrudeOil,tscv,13,2024-12-16,611,12,PatchTST,LightGBM,73.21955871582031,86.57604217529297,-13.356483459472656
Brent Oil,Com_BrentCrudeOil,tscv,14,2024-10-28,604,1,PatchTST,-,72.1500015258789,73.36295318603516,-1.21295166015625
Brent Oil,Com_BrentCrudeOil,tscv,14,2024-11-04,605,2,PatchTST,-,74.633544921875,73.06341552734375,1.57012939453125
Brent Oil,Com_BrentCrudeOil,tscv,14,2024-11-11,606,3,PatchTST,-,71.7145004272461,73.46748352050781,-1.7529830932617188
Brent Oil,Com_BrentCrudeOil,tscv,14,2024-11-18,607,4,PatchTST,-,73.94104766845703,73.0419692993164,0.899078369140625
Brent Oil,Com_BrentCrudeOil,tscv,14,2024-11-25,608,5,PatchTST,-,72.4459457397461,73.17166137695312,-0.7257156372070312
Brent Oil,Com_BrentCrudeOil,tscv,14,2024-12-02,609,6,PatchTST,-,71.92588806152344,73.4297866821289,-1.5038986206054688
Brent Oil,Com_BrentCrudeOil,tscv,14,2024-12-09,610,7,PatchTST,-,73.48958587646484,73.07417297363281,0.41541290283203125
Brent Oil,Com_BrentCrudeOil,tscv,14,2024-12-16,611,8,PatchTST,-,73.21955871582031,73.33455657958984,-0.11499786376953125
Brent Oil,Com_BrentCrudeOil,tscv,14,2024-12-23,612,9,PatchTST,-,73.44568634033203,73.19208526611328,0.25360107421875
Brent Oil,Com_BrentCrudeOil,tscv,14,2024-12-30,613,10,PatchTST,-,75.3517837524414,72.86502075195312,2.4867630004882812
Brent Oil,Com_BrentCrudeOil,tscv,14,2025-01-06,614,11,PatchTST,-,77.89148712158203,73.1526107788086,4.7388763427734375
Brent Oil,Com_BrentCrudeOil,tscv,14,2025-01-13,615,12,PatchTST,-,80.95013427734375,73.00074768066406,7.9493865966796875
Brent Oil,Com_BrentCrudeOil,tscv,14,2024-10-28,604,1,PatchTST,NLinear,72.1500015258789,79.34578704833984,-7.1957855224609375
Brent Oil,Com_BrentCrudeOil,tscv,14,2024-11-04,605,2,PatchTST,NLinear,74.633544921875,83.19834899902344,-8.564804077148438
Brent Oil,Com_BrentCrudeOil,tscv,14,2024-11-11,606,3,PatchTST,NLinear,71.7145004272461,83.87803649902344,-12.163536071777344
Brent Oil,Com_BrentCrudeOil,tscv,14,2024-11-18,607,4,PatchTST,NLinear,73.94104766845703,82.35187530517578,-8.41082763671875
Brent Oil,Com_BrentCrudeOil,tscv,14,2024-11-25,608,5,PatchTST,NLinear,72.4459457397461,83.26577758789062,-10.819831848144531
Brent Oil,Com_BrentCrudeOil,tscv,14,2024-12-02,609,6,PatchTST,NLinear,71.92588806152344,83.15034484863281,-11.224456787109375
Brent Oil,Com_BrentCrudeOil,tscv,14,2024-12-09,610,7,PatchTST,NLinear,73.48958587646484,85.49139404296875,-12.001808166503906
Brent Oil,Com_BrentCrudeOil,tscv,14,2024-12-16,611,8,PatchTST,NLinear,73.21955871582031,83.23877716064453,-10.019218444824219
Brent Oil,Com_BrentCrudeOil,tscv,14,2024-12-23,612,9,PatchTST,NLinear,73.44568634033203,84.18220520019531,-10.736518859863281
Brent Oil,Com_BrentCrudeOil,tscv,14,2024-12-30,613,10,PatchTST,NLinear,75.3517837524414,82.78497314453125,-7.433189392089844
Brent Oil,Com_BrentCrudeOil,tscv,14,2025-01-06,614,11,PatchTST,NLinear,77.89148712158203,82.31449890136719,-4.423011779785156
Brent Oil,Com_BrentCrudeOil,tscv,14,2025-01-13,615,12,PatchTST,NLinear,80.95013427734375,81.54502868652344,-0.5948944091796875
Brent Oil,Com_BrentCrudeOil,tscv,14,2024-10-28,604,1,PatchTST,XGBoost,72.1500015258789,85.89940643310547,-13.749404907226562
Brent Oil,Com_BrentCrudeOil,tscv,14,2024-11-04,605,2,PatchTST,XGBoost,74.633544921875,85.69385528564453,-11.060310363769531
Brent Oil,Com_BrentCrudeOil,tscv,14,2024-11-11,606,3,PatchTST,XGBoost,71.7145004272461,85.63324737548828,-13.918746948242188
Brent Oil,Com_BrentCrudeOil,tscv,14,2024-11-18,607,4,PatchTST,XGBoost,73.94104766845703,88.1799545288086,-14.238906860351562
Brent Oil,Com_BrentCrudeOil,tscv,14,2024-11-25,608,5,PatchTST,XGBoost,72.4459457397461,88.83082580566406,-16.38488006591797
Brent Oil,Com_BrentCrudeOil,tscv,14,2024-12-02,609,6,PatchTST,XGBoost,71.92588806152344,87.14634704589844,-15.220458984375
Brent Oil,Com_BrentCrudeOil,tscv,14,2024-12-09,610,7,PatchTST,XGBoost,73.48958587646484,85.96871948242188,-12.479133605957031
Brent Oil,Com_BrentCrudeOil,tscv,14,2024-12-16,611,8,PatchTST,XGBoost,73.21955871582031,85.74048614501953,-12.520927429199219
Brent Oil,Com_BrentCrudeOil,tscv,14,2024-12-23,612,9,PatchTST,XGBoost,73.44568634033203,87.81462860107422,-14.368942260742188
Brent Oil,Com_BrentCrudeOil,tscv,14,2024-12-30,613,10,PatchTST,XGBoost,75.3517837524414,88.69892120361328,-13.347137451171875
Brent Oil,Com_BrentCrudeOil,tscv,14,2025-01-06,614,11,PatchTST,XGBoost,77.89148712158203,91.75821685791016,-13.866729736328125
Brent Oil,Com_BrentCrudeOil,tscv,14,2025-01-13,615,12,PatchTST,XGBoost,80.95013427734375,91.27921295166016,-10.329078674316406
Brent Oil,Com_BrentCrudeOil,tscv,14,2024-10-28,604,1,PatchTST,LightGBM,72.1500015258789,86.18736267089844,-14.037361145019531
Brent Oil,Com_BrentCrudeOil,tscv,14,2024-11-04,605,2,PatchTST,LightGBM,74.633544921875,85.36294555664062,-10.729400634765625
Brent Oil,Com_BrentCrudeOil,tscv,14,2024-11-11,606,3,PatchTST,LightGBM,71.7145004272461,85.637451171875,-13.922950744628906
Brent Oil,Com_BrentCrudeOil,tscv,14,2024-11-18,607,4,PatchTST,LightGBM,73.94104766845703,88.03021240234375,-14.089164733886719
Brent Oil,Com_BrentCrudeOil,tscv,14,2024-11-25,608,5,PatchTST,LightGBM,72.4459457397461,89.130126953125,-16.684181213378906
Brent Oil,Com_BrentCrudeOil,tscv,14,2024-12-02,609,6,PatchTST,LightGBM,71.92588806152344,88.35501861572266,-16.42913055419922
Brent Oil,Com_BrentCrudeOil,tscv,14,2024-12-09,610,7,PatchTST,LightGBM,73.48958587646484,88.6966552734375,-15.207069396972656
Brent Oil,Com_BrentCrudeOil,tscv,14,2024-12-16,611,8,PatchTST,LightGBM,73.21955871582031,88.92643737792969,-15.706878662109375
Brent Oil,Com_BrentCrudeOil,tscv,14,2024-12-23,612,9,PatchTST,LightGBM,73.44568634033203,90.16827392578125,-16.72258758544922
Brent Oil,Com_BrentCrudeOil,tscv,14,2024-12-30,613,10,PatchTST,LightGBM,75.3517837524414,90.26334381103516,-14.91156005859375
Brent Oil,Com_BrentCrudeOil,tscv,14,2025-01-06,614,11,PatchTST,LightGBM,77.89148712158203,89.19772338867188,-11.306236267089844
Brent Oil,Com_BrentCrudeOil,tscv,14,2025-01-13,615,12,PatchTST,LightGBM,80.95013427734375,88.29850769042969,-7.3483734130859375
Brent Oil,Com_BrentCrudeOil,tscv,15,2024-11-25,608,1,PatchTST,-,72.4459457397461,70.9258041381836,1.5201416015625
Brent Oil,Com_BrentCrudeOil,tscv,15,2024-12-02,609,2,PatchTST,-,71.92588806152344,70.92962646484375,0.9962615966796875
Brent Oil,Com_BrentCrudeOil,tscv,15,2024-12-09,610,3,PatchTST,-,73.48958587646484,70.89688110351562,2.5927047729492188
Brent Oil,Com_BrentCrudeOil,tscv,15,2024-12-16,611,4,PatchTST,-,73.21955871582031,70.69422149658203,2.5253372192382812
Brent Oil,Com_BrentCrudeOil,tscv,15,2024-12-23,612,5,PatchTST,-,73.44568634033203,70.69953155517578,2.74615478515625
Brent Oil,Com_BrentCrudeOil,tscv,15,2024-12-30,613,6,PatchTST,-,75.3517837524414,70.71710968017578,4.634674072265625
Brent Oil,Com_BrentCrudeOil,tscv,15,2025-01-06,614,7,PatchTST,-,77.89148712158203,70.7565689086914,7.134918212890625
Brent Oil,Com_BrentCrudeOil,tscv,15,2025-01-13,615,8,PatchTST,-,80.95013427734375,70.79240417480469,10.157730102539062
Brent Oil,Com_BrentCrudeOil,tscv,15,2025-01-20,616,9,PatchTST,-,78.79235076904297,70.5776138305664,8.214736938476562
Brent Oil,Com_BrentCrudeOil,tscv,15,2025-01-27,617,10,PatchTST,-,76.10587310791016,70.43913269042969,5.666740417480469
Brent Oil,Com_BrentCrudeOil,tscv,15,2025-02-03,618,11,PatchTST,-,75.14842987060547,70.5144271850586,4.634002685546875
Brent Oil,Com_BrentCrudeOil,tscv,15,2025-02-10,619,12,PatchTST,-,75.43816375732422,70.28838348388672,5.1497802734375
Brent Oil,Com_BrentCrudeOil,tscv,15,2024-11-25,608,1,PatchTST,NLinear,72.4459457397461,74.88909149169922,-2.443145751953125
Brent Oil,Com_BrentCrudeOil,tscv,15,2024-12-02,609,2,PatchTST,NLinear,71.92588806152344,76.22708129882812,-4.3011932373046875
Brent Oil,Com_BrentCrudeOil,tscv,15,2024-12-09,610,3,PatchTST,NLinear,73.48958587646484,77.54230499267578,-4.0527191162109375
Brent Oil,Com_BrentCrudeOil,tscv,15,2024-12-16,611,4,PatchTST,NLinear,73.21955871582031,74.93731689453125,-1.7177581787109375
Brent Oil,Com_BrentCrudeOil,tscv,15,2024-12-23,612,5,PatchTST,NLinear,73.44568634033203,74.42115020751953,-0.9754638671875
Brent Oil,Com_BrentCrudeOil,tscv,15,2024-12-30,613,6,PatchTST,NLinear,75.3517837524414,79.69668579101562,-4.344902038574219
Brent Oil,Com_BrentCrudeOil,tscv,15,2025-01-06,614,7,PatchTST,NLinear,77.89148712158203,78.92464447021484,-1.0331573486328125
Brent Oil,Com_BrentCrudeOil,tscv,15,2025-01-13,615,8,PatchTST,NLinear,80.95013427734375,75.81483459472656,5.1352996826171875
Brent Oil,Com_BrentCrudeOil,tscv,15,2025-01-20,616,9,PatchTST,NLinear,78.79235076904297,75.1273422241211,3.665008544921875
Brent Oil,Com_BrentCrudeOil,tscv,15,2025-01-27,617,10,PatchTST,NLinear,76.10587310791016,75.36390686035156,0.7419662475585938
Brent Oil,Com_BrentCrudeOil,tscv,15,2025-02-03,618,11,PatchTST,NLinear,75.14842987060547,76.74916076660156,-1.6007308959960938
Brent Oil,Com_BrentCrudeOil,tscv,15,2025-02-10,619,12,PatchTST,NLinear,75.43816375732422,75.10431671142578,0.3338470458984375
Brent Oil,Com_BrentCrudeOil,tscv,15,2024-11-25,608,1,PatchTST,XGBoost,72.4459457397461,85.06230163574219,-12.616355895996094
Brent Oil,Com_BrentCrudeOil,tscv,15,2024-12-02,609,2,PatchTST,XGBoost,71.92588806152344,82.6839370727539,-10.758049011230469
Brent Oil,Com_BrentCrudeOil,tscv,15,2024-12-09,610,3,PatchTST,XGBoost,73.48958587646484,81.849609375,-8.360023498535156
Brent Oil,Com_BrentCrudeOil,tscv,15,2024-12-16,611,4,PatchTST,XGBoost,73.21955871582031,85.91732788085938,-12.697769165039062
Brent Oil,Com_BrentCrudeOil,tscv,15,2024-12-23,612,5,PatchTST,XGBoost,73.44568634033203,87.26057434082031,-13.814888000488281
Brent Oil,Com_BrentCrudeOil,tscv,15,2024-12-30,613,6,PatchTST,XGBoost,75.3517837524414,86.65617370605469,-11.304389953613281
Brent Oil,Com_BrentCrudeOil,tscv,15,2025-01-06,614,7,PatchTST,XGBoost,77.89148712158203,86.58283233642578,-8.69134521484375
Brent Oil,Com_BrentCrudeOil,tscv,15,2025-01-13,615,8,PatchTST,XGBoost,80.95013427734375,84.40435791015625,-3.4542236328125
Brent Oil,Com_BrentCrudeOil,tscv,15,2025-01-20,616,9,PatchTST,XGBoost,78.79235076904297,85.08949279785156,-6.297142028808594
Brent Oil,Com_BrentCrudeOil,tscv,15,2025-01-27,617,10,PatchTST,XGBoost,76.10587310791016,83.88783264160156,-7.781959533691406
Brent Oil,Com_BrentCrudeOil,tscv,15,2025-02-03,618,11,PatchTST,XGBoost,75.14842987060547,86.21327209472656,-11.064842224121094
Brent Oil,Com_BrentCrudeOil,tscv,15,2025-02-10,619,12,PatchTST,XGBoost,75.43816375732422,83.17354583740234,-7.735382080078125
Brent Oil,Com_BrentCrudeOil,tscv,15,2024-11-25,608,1,PatchTST,LightGBM,72.4459457397461,83.11720275878906,-10.671257019042969
Brent Oil,Com_BrentCrudeOil,tscv,15,2024-12-02,609,2,PatchTST,LightGBM,71.92588806152344,83.88465881347656,-11.958770751953125
Brent Oil,Com_BrentCrudeOil,tscv,15,2024-12-09,610,3,PatchTST,LightGBM,73.48958587646484,83.43588256835938,-9.946296691894531
Brent Oil,Com_BrentCrudeOil,tscv,15,2024-12-16,611,4,PatchTST,LightGBM,73.21955871582031,84.75800323486328,-11.538444519042969
Brent Oil,Com_BrentCrudeOil,tscv,15,2024-12-23,612,5,PatchTST,LightGBM,73.44568634033203,85.4725341796875,-12.026847839355469
Brent Oil,Com_BrentCrudeOil,tscv,15,2024-12-30,613,6,PatchTST,LightGBM,75.3517837524414,85.68000793457031,-10.328224182128906
Brent Oil,Com_BrentCrudeOil,tscv,15,2025-01-06,614,7,PatchTST,LightGBM,77.89148712158203,85.17329406738281,-7.281806945800781
Brent Oil,Com_BrentCrudeOil,tscv,15,2025-01-13,615,8,PatchTST,LightGBM,80.95013427734375,84.58059692382812,-3.630462646484375
Brent Oil,Com_BrentCrudeOil,tscv,15,2025-01-20,616,9,PatchTST,LightGBM,78.79235076904297,84.43404388427734,-5.641693115234375
Brent Oil,Com_BrentCrudeOil,tscv,15,2025-01-27,617,10,PatchTST,LightGBM,76.10587310791016,83.80821990966797,-7.7023468017578125
Brent Oil,Com_BrentCrudeOil,tscv,15,2025-02-03,618,11,PatchTST,LightGBM,75.14842987060547,84.14595794677734,-8.997528076171875
Brent Oil,Com_BrentCrudeOil,tscv,15,2025-02-10,619,12,PatchTST,LightGBM,75.43816375732422,83.45379638671875,-8.015632629394531
Brent Oil,Com_BrentCrudeOil,tscv,16,2024-12-23,612,1,PatchTST,-,73.44568634033203,74.66783905029297,-1.2221527099609375
Brent Oil,Com_BrentCrudeOil,tscv,16,2024-12-30,613,2,PatchTST,-,75.3517837524414,74.4500503540039,0.9017333984375
Brent Oil,Com_BrentCrudeOil,tscv,16,2025-01-06,614,3,PatchTST,-,77.89148712158203,74.4431381225586,3.4483489990234375
Brent Oil,Com_BrentCrudeOil,tscv,16,2025-01-13,615,4,PatchTST,-,80.95013427734375,74.41737365722656,6.5327606201171875
Brent Oil,Com_BrentCrudeOil,tscv,16,2025-01-20,616,5,PatchTST,-,78.79235076904297,74.22179412841797,4.570556640625
Brent Oil,Com_BrentCrudeOil,tscv,16,2025-01-27,617,6,PatchTST,-,76.10587310791016,74.39703369140625,1.7088394165039062
Brent Oil,Com_BrentCrudeOil,tscv,16,2025-02-03,618,7,PatchTST,-,75.14842987060547,74.2746353149414,0.8737945556640625
Brent Oil,Com_BrentCrudeOil,tscv,16,2025-02-10,619,8,PatchTST,-,75.43816375732422,73.9830551147461,1.455108642578125
Brent Oil,Com_BrentCrudeOil,tscv,16,2025-02-17,620,9,PatchTST,-,75.4046630859375,74.24272918701172,1.1619338989257812
Brent Oil,Com_BrentCrudeOil,tscv,16,2025-02-24,621,10,PatchTST,-,73.14600372314453,74.16327667236328,-1.01727294921875
Brent Oil,Com_BrentCrudeOil,tscv,16,2025-03-03,622,11,PatchTST,-,70.35600280761719,74.11158752441406,-3.755584716796875
Brent Oil,Com_BrentCrudeOil,tscv,16,2025-03-10,623,12,PatchTST,-,70.26238250732422,73.77618408203125,-3.5138015747070312
Brent Oil,Com_BrentCrudeOil,tscv,16,2024-12-23,612,1,PatchTST,NLinear,73.44568634033203,78.98658752441406,-5.540901184082031
Brent Oil,Com_BrentCrudeOil,tscv,16,2024-12-30,613,2,PatchTST,NLinear,75.3517837524414,78.44627380371094,-3.0944900512695312
Brent Oil,Com_BrentCrudeOil,tscv,16,2025-01-06,614,3,PatchTST,NLinear,77.89148712158203,76.65675354003906,1.2347335815429688
Brent Oil,Com_BrentCrudeOil,tscv,16,2025-01-13,615,4,PatchTST,NLinear,80.95013427734375,75.49609375,5.45404052734375
Brent Oil,Com_BrentCrudeOil,tscv,16,2025-01-20,616,5,PatchTST,NLinear,78.79235076904297,77.917724609375,0.8746261596679688
Brent Oil,Com_BrentCrudeOil,tscv,16,2025-01-27,617,6,PatchTST,NLinear,76.10587310791016,79.29743194580078,-3.191558837890625
Brent Oil,Com_BrentCrudeOil,tscv,16,2025-02-03,618,7,PatchTST,NLinear,75.14842987060547,79.17088317871094,-4.022453308105469
Brent Oil,Com_BrentCrudeOil,tscv,16,2025-02-10,619,8,PatchTST,NLinear,75.43816375732422,78.70146179199219,-3.2632980346679688
Brent Oil,Com_BrentCrudeOil,tscv,16,2025-02-17,620,9,PatchTST,NLinear,75.4046630859375,75.83776092529297,-0.43309783935546875
Brent Oil,Com_BrentCrudeOil,tscv,16,2025-02-24,621,10,PatchTST,NLinear,73.14600372314453,76.92289733886719,-3.7768936157226562
Brent Oil,Com_BrentCrudeOil,tscv,16,2025-03-03,622,11,PatchTST,NLinear,70.35600280761719,77.79727172851562,-7.4412689208984375
Brent Oil,Com_BrentCrudeOil,tscv,16,2025-03-10,623,12,PatchTST,NLinear,70.26238250732422,79.52387237548828,-9.261489868164062
Brent Oil,Com_BrentCrudeOil,tscv,16,2024-12-23,612,1,PatchTST,XGBoost,73.44568634033203,89.24398803710938,-15.798301696777344
Brent Oil,Com_BrentCrudeOil,tscv,16,2024-12-30,613,2,PatchTST,XGBoost,75.3517837524414,89.0009765625,-13.649192810058594
Brent Oil,Com_BrentCrudeOil,tscv,16,2025-01-06,614,3,PatchTST,XGBoost,77.89148712158203,90.72154998779297,-12.830062866210938
Brent Oil,Com_BrentCrudeOil,tscv,16,2025-01-13,615,4,PatchTST,XGBoost,80.95013427734375,91.98300170898438,-11.032867431640625
Brent Oil,Com_BrentCrudeOil,tscv,16,2025-01-20,616,5,PatchTST,XGBoost,78.79235076904297,88.93339538574219,-10.141044616699219
Brent Oil,Com_BrentCrudeOil,tscv,16,2025-01-27,617,6,PatchTST,XGBoost,76.10587310791016,89.50283813476562,-13.396965026855469
Brent Oil,Com_BrentCrudeOil,tscv,16,2025-02-03,618,7,PatchTST,XGBoost,75.14842987060547,90.26893615722656,-15.120506286621094
Brent Oil,Com_BrentCrudeOil,tscv,16,2025-02-10,619,8,PatchTST,XGBoost,75.43816375732422,87.42992401123047,-11.99176025390625
Brent Oil,Com_BrentCrudeOil,tscv,16,2025-02-17,620,9,PatchTST,XGBoost,75.4046630859375,87.06736755371094,-11.662704467773438
Brent Oil,Com_BrentCrudeOil,tscv,16,2025-02-24,621,10,PatchTST,XGBoost,73.14600372314453,86.92723846435547,-13.781234741210938
Brent Oil,Com_BrentCrudeOil,tscv,16,2025-03-03,622,11,PatchTST,XGBoost,70.35600280761719,86.40340423583984,-16.047401428222656
Brent Oil,Com_BrentCrudeOil,tscv,16,2025-03-10,623,12,PatchTST,XGBoost,70.26238250732422,86.18421936035156,-15.921836853027344
Brent Oil,Com_BrentCrudeOil,tscv,16,2024-12-23,612,1,PatchTST,LightGBM,73.44568634033203,89.65727996826172,-16.211593627929688
Brent Oil,Com_BrentCrudeOil,tscv,16,2024-12-30,613,2,PatchTST,LightGBM,75.3517837524414,88.97559356689453,-13.623809814453125
Brent Oil,Com_BrentCrudeOil,tscv,16,2025-01-06,614,3,PatchTST,LightGBM,77.89148712158203,90.33306121826172,-12.441574096679688
Brent Oil,Com_BrentCrudeOil,tscv,16,2025-01-13,615,4,PatchTST,LightGBM,80.95013427734375,89.2726821899414,-8.322547912597656
Brent Oil,Com_BrentCrudeOil,tscv,16,2025-01-20,616,5,PatchTST,LightGBM,78.79235076904297,89.51666259765625,-10.724311828613281
Brent Oil,Com_BrentCrudeOil,tscv,16,2025-01-27,617,6,PatchTST,LightGBM,76.10587310791016,88.99913787841797,-12.893264770507812
Brent Oil,Com_BrentCrudeOil,tscv,16,2025-02-03,618,7,PatchTST,LightGBM,75.14842987060547,87.56082916259766,-12.412399291992188
Brent Oil,Com_BrentCrudeOil,tscv,16,2025-02-10,619,8,PatchTST,LightGBM,75.43816375732422,87.19837951660156,-11.760215759277344
Brent Oil,Com_BrentCrudeOil,tscv,16,2025-02-17,620,9,PatchTST,LightGBM,75.4046630859375,88.08382415771484,-12.679161071777344
Brent Oil,Com_BrentCrudeOil,tscv,16,2025-02-24,621,10,PatchTST,LightGBM,73.14600372314453,86.71095275878906,-13.564949035644531
Brent Oil,Com_BrentCrudeOil,tscv,16,2025-03-03,622,11,PatchTST,LightGBM,70.35600280761719,86.45606994628906,-16.100067138671875
Brent Oil,Com_BrentCrudeOil,tscv,16,2025-03-10,623,12,PatchTST,LightGBM,70.26238250732422,86.14337921142578,-15.880996704101562
Brent Oil,Com_BrentCrudeOil,tscv,17,2025-01-20,616,1,PatchTST,-,78.79235076904297,71.28585052490234,7.506500244140625
Brent Oil,Com_BrentCrudeOil,tscv,17,2025-01-27,617,2,PatchTST,-,76.10587310791016,70.79304504394531,5.312828063964844
Brent Oil,Com_BrentCrudeOil,tscv,17,2025-02-03,618,3,PatchTST,-,75.14842987060547,71.17156219482422,3.97686767578125
Brent Oil,Com_BrentCrudeOil,tscv,17,2025-02-10,619,4,PatchTST,-,75.43816375732422,71.1483154296875,4.289848327636719
Brent Oil,Com_BrentCrudeOil,tscv,17,2025-02-17,620,5,PatchTST,-,75.4046630859375,71.27040100097656,4.1342620849609375
Brent Oil,Com_BrentCrudeOil,tscv,17,2025-02-24,621,6,PatchTST,-,73.14600372314453,71.32271575927734,1.8232879638671875
Brent Oil,Com_BrentCrudeOil,tscv,17,2025-03-03,622,7,PatchTST,-,70.35600280761719,71.21478271484375,-0.8587799072265625
Brent Oil,Com_BrentCrudeOil,tscv,17,2025-03-10,623,8,PatchTST,-,70.26238250732422,71.1229019165039,-0.8605194091796875
Brent Oil,Com_BrentCrudeOil,tscv,17,2025-03-17,624,9,PatchTST,-,71.52252960205078,71.2872543334961,0.2352752685546875
Brent Oil,Com_BrentCrudeOil,tscv,17,2025-03-24,625,10,PatchTST,-,73.04026794433594,70.90672302246094,2.133544921875
Brent Oil,Com_BrentCrudeOil,tscv,17,2025-03-31,626,11,PatchTST,-,69.90252685546875,71.2024154663086,-1.2998886108398438
Brent Oil,Com_BrentCrudeOil,tscv,17,2025-04-07,627,12,PatchTST,-,64.27491760253906,71.19935607910156,-6.9244384765625
Brent Oil,Com_BrentCrudeOil,tscv,17,2025-01-20,616,1,PatchTST,NLinear,78.79235076904297,73.24607849121094,5.546272277832031
Brent Oil,Com_BrentCrudeOil,tscv,17,2025-01-27,617,2,PatchTST,NLinear,76.10587310791016,74.35078430175781,1.7550888061523438
Brent Oil,Com_BrentCrudeOil,tscv,17,2025-02-03,618,3,PatchTST,NLinear,75.14842987060547,73.3906478881836,1.757781982421875
Brent Oil,Com_BrentCrudeOil,tscv,17,2025-02-10,619,4,PatchTST,NLinear,75.43816375732422,72.10441589355469,3.3337478637695312
Brent Oil,Com_BrentCrudeOil,tscv,17,2025-02-17,620,5,PatchTST,NLinear,75.4046630859375,74.37603759765625,1.02862548828125
Brent Oil,Com_BrentCrudeOil,tscv,17,2025-02-24,621,6,PatchTST,NLinear,73.14600372314453,73.90001678466797,-0.7540130615234375
Brent Oil,Com_BrentCrudeOil,tscv,17,2025-03-03,622,7,PatchTST,NLinear,70.35600280761719,75.310791015625,-4.9547882080078125
Brent Oil,Com_BrentCrudeOil,tscv,17,2025-03-10,623,8,PatchTST,NLinear,70.26238250732422,72.74974822998047,-2.48736572265625
Brent Oil,Com_BrentCrudeOil,tscv,17,2025-03-17,624,9,PatchTST,NLinear,71.52252960205078,73.50859832763672,-1.9860687255859375
Brent Oil,Com_BrentCrudeOil,tscv,17,2025-03-24,625,10,PatchTST,NLinear,73.04026794433594,75.1287612915039,-2.0884933471679688
Brent Oil,Com_BrentCrudeOil,tscv,17,2025-03-31,626,11,PatchTST,NLinear,69.90252685546875,72.0551986694336,-2.1526718139648438
Brent Oil,Com_BrentCrudeOil,tscv,17,2025-04-07,627,12,PatchTST,NLinear,64.27491760253906,70.59376525878906,-6.31884765625
Brent Oil,Com_BrentCrudeOil,tscv,17,2025-01-20,616,1,PatchTST,XGBoost,78.79235076904297,89.30061340332031,-10.508262634277344
Brent Oil,Com_BrentCrudeOil,tscv,17,2025-01-27,617,2,PatchTST,XGBoost,76.10587310791016,86.87110900878906,-10.765235900878906
Brent Oil,Com_BrentCrudeOil,tscv,17,2025-02-03,618,3,PatchTST,XGBoost,75.14842987060547,84.95958709716797,-9.8111572265625
Brent Oil,Com_BrentCrudeOil,tscv,17,2025-02-10,619,4,PatchTST,XGBoost,75.43816375732422,84.48483276367188,-9.046669006347656
Brent Oil,Com_BrentCrudeOil,tscv,17,2025-02-17,620,5,PatchTST,XGBoost,75.4046630859375,83.92190551757812,-8.517242431640625
Brent Oil,Com_BrentCrudeOil,tscv,17,2025-02-24,621,6,PatchTST,XGBoost,73.14600372314453,83.64424133300781,-10.498237609863281
Brent Oil,Com_BrentCrudeOil,tscv,17,2025-03-03,622,7,PatchTST,XGBoost,70.35600280761719,85.7146987915039,-15.358695983886719
Brent Oil,Com_BrentCrudeOil,tscv,17,2025-03-10,623,8,PatchTST,XGBoost,70.26238250732422,83.14118957519531,-12.878807067871094
Brent Oil,Com_BrentCrudeOil,tscv,17,2025-03-17,624,9,PatchTST,XGBoost,71.52252960205078,82.95565032958984,-11.433120727539062
Brent Oil,Com_BrentCrudeOil,tscv,17,2025-03-24,625,10,PatchTST,XGBoost,73.04026794433594,81.98020935058594,-8.93994140625
Brent Oil,Com_BrentCrudeOil,tscv,17,2025-03-31,626,11,PatchTST,XGBoost,69.90252685546875,82.0263671875,-12.12384033203125
Brent Oil,Com_BrentCrudeOil,tscv,17,2025-04-07,627,12,PatchTST,XGBoost,64.27491760253906,82.25341796875,-17.978500366210938
Brent Oil,Com_BrentCrudeOil,tscv,17,2025-01-20,616,1,PatchTST,LightGBM,78.79235076904297,81.4495620727539,-2.6572113037109375
Brent Oil,Com_BrentCrudeOil,tscv,17,2025-01-27,617,2,PatchTST,LightGBM,76.10587310791016,82.59636688232422,-6.4904937744140625
Brent Oil,Com_BrentCrudeOil,tscv,17,2025-02-03,618,3,PatchTST,LightGBM,75.14842987060547,84.27728271484375,-9.128852844238281
Brent Oil,Com_BrentCrudeOil,tscv,17,2025-02-10,619,4,PatchTST,LightGBM,75.43816375732422,84.05902099609375,-8.620857238769531
Brent Oil,Com_BrentCrudeOil,tscv,17,2025-02-17,620,5,PatchTST,LightGBM,75.4046630859375,83.73699188232422,-8.332328796386719
Brent Oil,Com_BrentCrudeOil,tscv,17,2025-02-24,621,6,PatchTST,LightGBM,73.14600372314453,84.95511627197266,-11.809112548828125
Brent Oil,Com_BrentCrudeOil,tscv,17,2025-03-03,622,7,PatchTST,LightGBM,70.35600280761719,83.95702362060547,-13.601020812988281
Brent Oil,Com_BrentCrudeOil,tscv,17,2025-03-10,623,8,PatchTST,LightGBM,70.26238250732422,82.53213500976562,-12.269752502441406
Brent Oil,Com_BrentCrudeOil,tscv,17,2025-03-17,624,9,PatchTST,LightGBM,71.52252960205078,80.08295440673828,-8.5604248046875
Brent Oil,Com_BrentCrudeOil,tscv,17,2025-03-24,625,10,PatchTST,LightGBM,73.04026794433594,82.09427642822266,-9.054008483886719
Brent Oil,Com_BrentCrudeOil,tscv,17,2025-03-31,626,11,PatchTST,LightGBM,69.90252685546875,82.10236358642578,-12.199836730957031
Brent Oil,Com_BrentCrudeOil,tscv,17,2025-04-07,627,12,PatchTST,LightGBM,64.27491760253906,82.27412414550781,-17.99920654296875
Brent Oil,Com_BrentCrudeOil,tscv,18,2025-02-17,620,1,PatchTST,-,75.4046630859375,78.41567993164062,-3.011016845703125
Brent Oil,Com_BrentCrudeOil,tscv,18,2025-02-24,621,2,PatchTST,-,73.14600372314453,78.40164184570312,-5.255638122558594
Brent Oil,Com_BrentCrudeOil,tscv,18,2025-03-03,622,3,PatchTST,-,70.35600280761719,78.17933654785156,-7.823333740234375
Brent Oil,Com_BrentCrudeOil,tscv,18,2025-03-10,623,4,PatchTST,-,70.26238250732422,77.64573669433594,-7.383354187011719
Brent Oil,Com_BrentCrudeOil,tscv,18,2025-03-17,624,5,PatchTST,-,71.52252960205078,78.60353088378906,-7.081001281738281
Brent Oil,Com_BrentCrudeOil,tscv,18,2025-03-24,625,6,PatchTST,-,73.04026794433594,78.34363555908203,-5.303367614746094
Brent Oil,Com_BrentCrudeOil,tscv,18,2025-03-31,626,7,PatchTST,-,69.90252685546875,77.85276794433594,-7.9502410888671875
Brent Oil,Com_BrentCrudeOil,tscv,18,2025-04-07,627,8,PatchTST,-,64.27491760253906,77.93984985351562,-13.664932250976562
Brent Oil,Com_BrentCrudeOil,tscv,18,2025-04-14,628,9,PatchTST,-,66.60935974121094,78.01445770263672,-11.405097961425781
Brent Oil,Com_BrentCrudeOil,tscv,18,2025-04-21,629,10,PatchTST,-,66.57654571533203,78.01126861572266,-11.434722900390625
Brent Oil,Com_BrentCrudeOil,tscv,18,2025-04-28,630,11,PatchTST,-,61.81767272949219,77.42657470703125,-15.608901977539062
Brent Oil,Com_BrentCrudeOil,tscv,18,2025-05-05,631,12,PatchTST,-,62.62345886230469,76.9962387084961,-14.372779846191406
Brent Oil,Com_BrentCrudeOil,tscv,18,2025-02-17,620,1,PatchTST,NLinear,75.4046630859375,82.34707641601562,-6.942413330078125
Brent Oil,Com_BrentCrudeOil,tscv,18,2025-02-24,621,2,PatchTST,NLinear,73.14600372314453,79.74889373779297,-6.6028900146484375
Brent Oil,Com_BrentCrudeOil,tscv,18,2025-03-03,622,3,PatchTST,NLinear,70.35600280761719,81.63720703125,-11.281204223632812
Brent Oil,Com_BrentCrudeOil,tscv,18,2025-03-10,623,4,PatchTST,NLinear,70.26238250732422,81.72987365722656,-11.467491149902344
Brent Oil,Com_BrentCrudeOil,tscv,18,2025-03-17,624,5,PatchTST,NLinear,71.52252960205078,79.5172348022461,-7.9947052001953125
Brent Oil,Com_BrentCrudeOil,tscv,18,2025-03-24,625,6,PatchTST,NLinear,73.04026794433594,80.98175811767578,-7.941490173339844
Brent Oil,Com_BrentCrudeOil,tscv,18,2025-03-31,626,7,PatchTST,NLinear,69.90252685546875,79.89488220214844,-9.992355346679688
Brent Oil,Com_BrentCrudeOil,tscv,18,2025-04-07,627,8,PatchTST,NLinear,64.27491760253906,81.38815307617188,-17.113235473632812
Brent Oil,Com_BrentCrudeOil,tscv,18,2025-04-14,628,9,PatchTST,NLinear,66.60935974121094,81.96788024902344,-15.3585205078125
Brent Oil,Com_BrentCrudeOil,tscv,18,2025-04-21,629,10,PatchTST,NLinear,66.57654571533203,81.82734680175781,-15.250801086425781
Brent Oil,Com_BrentCrudeOil,tscv,18,2025-04-28,630,11,PatchTST,NLinear,61.81767272949219,80.62346649169922,-18.80579376220703
Brent Oil,Com_BrentCrudeOil,tscv,18,2025-05-05,631,12,PatchTST,NLinear,62.62345886230469,78.92831420898438,-16.304855346679688
Brent Oil,Com_BrentCrudeOil,tscv,18,2025-02-17,620,1,PatchTST,XGBoost,75.4046630859375,90.70683288574219,-15.302169799804688
Brent Oil,Com_BrentCrudeOil,tscv,18,2025-02-24,621,2,PatchTST,XGBoost,73.14600372314453,89.99540710449219,-16.849403381347656
Brent Oil,Com_BrentCrudeOil,tscv,18,2025-03-03,622,3,PatchTST,XGBoost,70.35600280761719,89.80380249023438,-19.447799682617188
Brent Oil,Com_BrentCrudeOil,tscv,18,2025-03-10,623,4,PatchTST,XGBoost,70.26238250732422,89.66716003417969,-19.40477752685547
Brent Oil,Com_BrentCrudeOil,tscv,18,2025-03-17,624,5,PatchTST,XGBoost,71.52252960205078,89.66651916503906,-18.14398956298828
Brent Oil,Com_BrentCrudeOil,tscv,18,2025-03-24,625,6,PatchTST,XGBoost,73.04026794433594,88.9247055053711,-15.884437561035156
Brent Oil,Com_BrentCrudeOil,tscv,18,2025-03-31,626,7,PatchTST,XGBoost,69.90252685546875,88.13716125488281,-18.234634399414062
Brent Oil,Com_BrentCrudeOil,tscv,18,2025-04-07,627,8,PatchTST,XGBoost,64.27491760253906,87.92498016357422,-23.650062561035156
Brent Oil,Com_BrentCrudeOil,tscv,18,2025-04-14,628,9,PatchTST,XGBoost,66.60935974121094,88.66285705566406,-22.053497314453125
Brent Oil,Com_BrentCrudeOil,tscv,18,2025-04-21,629,10,PatchTST,XGBoost,66.57654571533203,88.63993072509766,-22.063385009765625
Brent Oil,Com_BrentCrudeOil,tscv,18,2025-04-28,630,11,PatchTST,XGBoost,61.81767272949219,87.35834503173828,-25.540672302246094
Brent Oil,Com_BrentCrudeOil,tscv,18,2025-05-05,631,12,PatchTST,XGBoost,62.62345886230469,87.05316162109375,-24.429702758789062
Brent Oil,Com_BrentCrudeOil,tscv,18,2025-02-17,620,1,PatchTST,LightGBM,75.4046630859375,88.68356323242188,-13.278900146484375
Brent Oil,Com_BrentCrudeOil,tscv,18,2025-02-24,621,2,PatchTST,LightGBM,73.14600372314453,91.00636291503906,-17.86035919189453
Brent Oil,Com_BrentCrudeOil,tscv,18,2025-03-03,622,3,PatchTST,LightGBM,70.35600280761719,91.80226135253906,-21.446258544921875
Brent Oil,Com_BrentCrudeOil,tscv,18,2025-03-10,623,4,PatchTST,LightGBM,70.26238250732422,90.54136657714844,-20.27898406982422
Brent Oil,Com_BrentCrudeOil,tscv,18,2025-03-17,624,5,PatchTST,LightGBM,71.52252960205078,89.86259460449219,-18.340065002441406
Brent Oil,Com_BrentCrudeOil,tscv,18,2025-03-24,625,6,PatchTST,LightGBM,73.04026794433594,88.8565673828125,-15.816299438476562
Brent Oil,Com_BrentCrudeOil,tscv,18,2025-03-31,626,7,PatchTST,LightGBM,69.90252685546875,87.8964614868164,-17.993934631347656
Brent Oil,Com_BrentCrudeOil,tscv,18,2025-04-07,627,8,PatchTST,LightGBM,64.27491760253906,88.47634887695312,-24.201431274414062
Brent Oil,Com_BrentCrudeOil,tscv,18,2025-04-14,628,9,PatchTST,LightGBM,66.60935974121094,88.55429077148438,-21.944931030273438
Brent Oil,Com_BrentCrudeOil,tscv,18,2025-04-21,629,10,PatchTST,LightGBM,66.57654571533203,88.57418823242188,-21.997642517089844
Brent Oil,Com_BrentCrudeOil,tscv,18,2025-04-28,630,11,PatchTST,LightGBM,61.81767272949219,87.419189453125,-25.601516723632812
Brent Oil,Com_BrentCrudeOil,tscv,18,2025-05-05,631,12,PatchTST,LightGBM,62.62345886230469,87.27689361572266,-24.65343475341797
Brent Oil,Com_BrentCrudeOil,tscv,19,2025-03-17,624,1,PatchTST,-,71.52252960205078,72.1440658569336,-0.6215362548828125
Brent Oil,Com_BrentCrudeOil,tscv,19,2025-03-24,625,2,PatchTST,-,73.04026794433594,72.10984802246094,0.930419921875
Brent Oil,Com_BrentCrudeOil,tscv,19,2025-03-31,626,3,PatchTST,-,69.90252685546875,72.08584594726562,-2.183319091796875
Brent Oil,Com_BrentCrudeOil,tscv,19,2025-04-07,627,4,PatchTST,-,64.27491760253906,71.9837646484375,-7.7088470458984375
Brent Oil,Com_BrentCrudeOil,tscv,19,2025-04-14,628,5,PatchTST,-,66.60935974121094,72.01824951171875,-5.4088897705078125
Brent Oil,Com_BrentCrudeOil,tscv,19,2025-04-21,629,6,PatchTST,-,66.57654571533203,72.05240631103516,-5.475860595703125
Brent Oil,Com_BrentCrudeOil,tscv,19,2025-04-28,630,7,PatchTST,-,61.81767272949219,71.88883209228516,-10.071159362792969
Brent Oil,Com_BrentCrudeOil,tscv,19,2025-05-05,631,8,PatchTST,-,62.62345886230469,71.91273498535156,-9.289276123046875
Brent Oil,Com_BrentCrudeOil,tscv,19,2025-05-12,632,9,PatchTST,-,65.50987243652344,71.62220001220703,-6.112327575683594
Brent Oil,Com_BrentCrudeOil,tscv,19,2025-05-19,633,10,PatchTST,-,65.00296020507812,71.64702606201172,-6.644065856933594
Brent Oil,Com_BrentCrudeOil,tscv,19,2025-05-26,634,11,PatchTST,-,63.65324401855469,71.45259857177734,-7.799354553222656
Brent Oil,Com_BrentCrudeOil,tscv,19,2025-06-02,635,12,PatchTST,-,65.69291687011719,71.51104736328125,-5.8181304931640625
Brent Oil,Com_BrentCrudeOil,tscv,19,2025-03-17,624,1,PatchTST,NLinear,71.52252960205078,74.62762451171875,-3.1050949096679688
Brent Oil,Com_BrentCrudeOil,tscv,19,2025-03-24,625,2,PatchTST,NLinear,73.04026794433594,76.46885681152344,-3.4285888671875
Brent Oil,Com_BrentCrudeOil,tscv,19,2025-03-31,626,3,PatchTST,NLinear,69.90252685546875,76.0465316772461,-6.144004821777344
Brent Oil,Com_BrentCrudeOil,tscv,19,2025-04-07,627,4,PatchTST,NLinear,64.27491760253906,74.62049102783203,-10.345573425292969
Brent Oil,Com_BrentCrudeOil,tscv,19,2025-04-14,628,5,PatchTST,NLinear,66.60935974121094,74.49149322509766,-7.882133483886719
Brent Oil,Com_BrentCrudeOil,tscv,19,2025-04-21,629,6,PatchTST,NLinear,66.57654571533203,72.6413345336914,-6.064788818359375
Brent Oil,Com_BrentCrudeOil,tscv,19,2025-04-28,630,7,PatchTST,NLinear,61.81767272949219,73.83108520507812,-12.013412475585938
Brent Oil,Com_BrentCrudeOil,tscv,19,2025-05-05,631,8,PatchTST,NLinear,62.62345886230469,75.47596740722656,-12.852508544921875
Brent Oil,Com_BrentCrudeOil,tscv,19,2025-05-12,632,9,PatchTST,NLinear,65.50987243652344,72.47444915771484,-6.964576721191406
Brent Oil,Com_BrentCrudeOil,tscv,19,2025-05-19,633,10,PatchTST,NLinear,65.00296020507812,74.18151092529297,-9.178550720214844
Brent Oil,Com_BrentCrudeOil,tscv,19,2025-05-26,634,11,PatchTST,NLinear,63.65324401855469,74.12113952636719,-10.4678955078125
Brent Oil,Com_BrentCrudeOil,tscv,19,2025-06-02,635,12,PatchTST,NLinear,65.69291687011719,73.47006225585938,-7.7771453857421875
Brent Oil,Com_BrentCrudeOil,tscv,19,2025-03-17,624,1,PatchTST,XGBoost,71.52252960205078,82.86024475097656,-11.337715148925781
Brent Oil,Com_BrentCrudeOil,tscv,19,2025-03-24,625,2,PatchTST,XGBoost,73.04026794433594,82.36912536621094,-9.328857421875
Brent Oil,Com_BrentCrudeOil,tscv,19,2025-03-31,626,3,PatchTST,XGBoost,69.90252685546875,82.10554504394531,-12.203018188476562
Brent Oil,Com_BrentCrudeOil,tscv,19,2025-04-07,627,4,PatchTST,XGBoost,64.27491760253906,82.15442657470703,-17.87950897216797
Brent Oil,Com_BrentCrudeOil,tscv,19,2025-04-14,628,5,PatchTST,XGBoost,66.60935974121094,82.24459075927734,-15.635231018066406
Brent Oil,Com_BrentCrudeOil,tscv,19,2025-04-21,629,6,PatchTST,XGBoost,66.57654571533203,82.18167114257812,-15.605125427246094
Brent Oil,Com_BrentCrudeOil,tscv,19,2025-04-28,630,7,PatchTST,XGBoost,61.81767272949219,81.5946044921875,-19.776931762695312
Brent Oil,Com_BrentCrudeOil,tscv,19,2025-05-05,631,8,PatchTST,XGBoost,62.62345886230469,81.7025146484375,-19.079055786132812
Brent Oil,Com_BrentCrudeOil,tscv,19,2025-05-12,632,9,PatchTST,XGBoost,65.50987243652344,81.45549011230469,-15.94561767578125
Brent Oil,Com_BrentCrudeOil,tscv,19,2025-05-19,633,10,PatchTST,XGBoost,65.00296020507812,81.68928527832031,-16.686325073242188
Brent Oil,Com_BrentCrudeOil,tscv,19,2025-05-26,634,11,PatchTST,XGBoost,63.65324401855469,81.13693237304688,-17.483688354492188
Brent Oil,Com_BrentCrudeOil,tscv,19,2025-06-02,635,12,PatchTST,XGBoost,65.69291687011719,79.70361328125,-14.010696411132812
Brent Oil,Com_BrentCrudeOil,tscv,19,2025-03-17,624,1,PatchTST,LightGBM,71.52252960205078,81.7054672241211,-10.182937622070312
Brent Oil,Com_BrentCrudeOil,tscv,19,2025-03-24,625,2,PatchTST,LightGBM,73.04026794433594,82.27839660644531,-9.238128662109375
Brent Oil,Com_BrentCrudeOil,tscv,19,2025-03-31,626,3,PatchTST,LightGBM,69.90252685546875,81.99415588378906,-12.091629028320312
Brent Oil,Com_BrentCrudeOil,tscv,19,2025-04-07,627,4,PatchTST,LightGBM,64.27491760253906,82.1141128540039,-17.839195251464844
Brent Oil,Com_BrentCrudeOil,tscv,19,2025-04-14,628,5,PatchTST,LightGBM,66.60935974121094,82.15115356445312,-15.541793823242188
Brent Oil,Com_BrentCrudeOil,tscv,19,2025-04-21,629,6,PatchTST,LightGBM,66.57654571533203,82.22456359863281,-15.648017883300781
Brent Oil,Com_BrentCrudeOil,tscv,19,2025-04-28,630,7,PatchTST,LightGBM,61.81767272949219,81.483154296875,-19.665481567382812
Brent Oil,Com_BrentCrudeOil,tscv,19,2025-05-05,631,8,PatchTST,LightGBM,62.62345886230469,81.84186553955078,-19.218406677246094
Brent Oil,Com_BrentCrudeOil,tscv,19,2025-05-12,632,9,PatchTST,LightGBM,65.50987243652344,81.50738525390625,-15.997512817382812
Brent Oil,Com_BrentCrudeOil,tscv,19,2025-05-19,633,10,PatchTST,LightGBM,65.00296020507812,82.16859436035156,-17.165634155273438
Brent Oil,Com_BrentCrudeOil,tscv,19,2025-05-26,634,11,PatchTST,LightGBM,63.65324401855469,81.14749908447266,-17.49425506591797
Brent Oil,Com_BrentCrudeOil,tscv,19,2025-06-02,635,12,PatchTST,LightGBM,65.69291687011719,81.30428314208984,-15.611366271972656
Brent Oil,Com_BrentCrudeOil,tscv,20,2025-04-14,628,1,PatchTST,-,66.60935974121094,72.55260467529297,-5.943244934082031
Brent Oil,Com_BrentCrudeOil,tscv,20,2025-04-21,629,2,PatchTST,-,66.57654571533203,72.5765151977539,-5.999969482421875
Brent Oil,Com_BrentCrudeOil,tscv,20,2025-04-28,630,3,PatchTST,-,61.81767272949219,72.6441421508789,-10.826469421386719
Brent Oil,Com_BrentCrudeOil,tscv,20,2025-05-05,631,4,PatchTST,-,62.62345886230469,72.52859497070312,-9.905136108398438
Brent Oil,Com_BrentCrudeOil,tscv,20,2025-05-12,632,5,PatchTST,-,65.50987243652344,72.47974395751953,-6.969871520996094
Brent Oil,Com_BrentCrudeOil,tscv,20,2025-05-19,633,6,PatchTST,-,65.00296020507812,72.32429504394531,-7.3213348388671875
Brent Oil,Com_BrentCrudeOil,tscv,20,2025-05-26,634,7,PatchTST,-,63.65324401855469,72.44693756103516,-8.793693542480469
Brent Oil,Com_BrentCrudeOil,tscv,20,2025-06-02,635,8,PatchTST,-,65.69291687011719,72.10724639892578,-6.414329528808594
Brent Oil,Com_BrentCrudeOil,tscv,20,2025-06-09,636,9,PatchTST,-,70.90538787841797,72.17804718017578,-1.2726593017578125
Brent Oil,Com_BrentCrudeOil,tscv,20,2025-06-16,637,10,PatchTST,-,76.53987121582031,72.12271881103516,4.417152404785156
Brent Oil,Com_BrentCrudeOil,tscv,20,2025-06-23,638,11,PatchTST,-,67.5205307006836,71.88816833496094,-4.367637634277344
Brent Oil,Com_BrentCrudeOil,tscv,20,2025-06-30,639,12,PatchTST,-,67.9451675415039,71.87255096435547,-3.9273834228515625
Brent Oil,Com_BrentCrudeOil,tscv,20,2025-04-14,628,1,PatchTST,NLinear,66.60935974121094,77.31376647949219,-10.70440673828125
Brent Oil,Com_BrentCrudeOil,tscv,20,2025-04-21,629,2,PatchTST,NLinear,66.57654571533203,75.07929229736328,-8.50274658203125
Brent Oil,Com_BrentCrudeOil,tscv,20,2025-04-28,630,3,PatchTST,NLinear,61.81767272949219,77.79633331298828,-15.978660583496094
Brent Oil,Com_BrentCrudeOil,tscv,20,2025-05-05,631,4,PatchTST,NLinear,62.62345886230469,76.86923217773438,-14.245773315429688
Brent Oil,Com_BrentCrudeOil,tscv,20,2025-05-12,632,5,PatchTST,NLinear,65.50987243652344,78.74848175048828,-13.238609313964844
Brent Oil,Com_BrentCrudeOil,tscv,20,2025-05-19,633,6,PatchTST,NLinear,65.00296020507812,75.6263427734375,-10.623382568359375
Brent Oil,Com_BrentCrudeOil,tscv,20,2025-05-26,634,7,PatchTST,NLinear,63.65324401855469,73.990966796875,-10.337722778320312
Brent Oil,Com_BrentCrudeOil,tscv,20,2025-06-02,635,8,PatchTST,NLinear,65.69291687011719,73.67223358154297,-7.979316711425781
Brent Oil,Com_BrentCrudeOil,tscv,20,2025-06-09,636,9,PatchTST,NLinear,70.90538787841797,74.7052993774414,-3.7999114990234375
Brent Oil,Com_BrentCrudeOil,tscv,20,2025-06-16,637,10,PatchTST,NLinear,76.53987121582031,76.15531158447266,0.38455963134765625
Brent Oil,Com_BrentCrudeOil,tscv,20,2025-06-23,638,11,PatchTST,NLinear,67.5205307006836,73.55956268310547,-6.039031982421875
Brent Oil,Com_BrentCrudeOil,tscv,20,2025-06-30,639,12,PatchTST,NLinear,67.9451675415039,75.90411376953125,-7.958946228027344
Brent Oil,Com_BrentCrudeOil,tscv,20,2025-04-14,628,1,PatchTST,XGBoost,66.60935974121094,82.38956451416016,-15.780204772949219
Brent Oil,Com_BrentCrudeOil,tscv,20,2025-04-21,629,2,PatchTST,XGBoost,66.57654571533203,82.45279693603516,-15.876251220703125
Brent Oil,Com_BrentCrudeOil,tscv,20,2025-04-28,630,3,PatchTST,XGBoost,61.81767272949219,81.80244445800781,-19.984771728515625
Brent Oil,Com_BrentCrudeOil,tscv,20,2025-05-05,631,4,PatchTST,XGBoost,62.62345886230469,81.9163818359375,-19.292922973632812
Brent Oil,Com_BrentCrudeOil,tscv,20,2025-05-12,632,5,PatchTST,XGBoost,65.50987243652344,81.47964477539062,-15.969772338867188
Brent Oil,Com_BrentCrudeOil,tscv,20,2025-05-19,633,6,PatchTST,XGBoost,65.00296020507812,82.05787658691406,-17.054916381835938
Brent Oil,Com_BrentCrudeOil,tscv,20,2025-05-26,634,7,PatchTST,XGBoost,63.65324401855469,81.62835693359375,-17.975112915039062
Brent Oil,Com_BrentCrudeOil,tscv,20,2025-06-02,635,8,PatchTST,XGBoost,65.69291687011719,81.37986755371094,-15.68695068359375
Brent Oil,Com_BrentCrudeOil,tscv,20,2025-06-09,636,9,PatchTST,XGBoost,70.90538787841797,81.3102035522461,-10.404815673828125
Brent Oil,Com_BrentCrudeOil,tscv,20,2025-06-16,637,10,PatchTST,XGBoost,76.53987121582031,81.0778579711914,-4.537986755371094
Brent Oil,Com_BrentCrudeOil,tscv,20,2025-06-23,638,11,PatchTST,XGBoost,67.5205307006836,80.94325256347656,-13.422721862792969
Brent Oil,Com_BrentCrudeOil,tscv,20,2025-06-30,639,12,PatchTST,XGBoost,67.9451675415039,80.17662048339844,-12.231452941894531
Brent Oil,Com_BrentCrudeOil,tscv,20,2025-04-14,628,1,PatchTST,LightGBM,66.60935974121094,82.47064971923828,-15.861289978027344
Brent Oil,Com_BrentCrudeOil,tscv,20,2025-04-21,629,2,PatchTST,LightGBM,66.57654571533203,82.54206085205078,-15.96551513671875
Brent Oil,Com_BrentCrudeOil,tscv,20,2025-04-28,630,3,PatchTST,LightGBM,61.81767272949219,82.08988189697266,-20.27220916748047
Brent Oil,Com_BrentCrudeOil,tscv,20,2025-05-05,631,4,PatchTST,LightGBM,62.62345886230469,82.04322052001953,-19.419761657714844
Brent Oil,Com_BrentCrudeOil,tscv,20,2025-05-12,632,5,PatchTST,LightGBM,65.50987243652344,81.96570587158203,-16.455833435058594
Brent Oil,Com_BrentCrudeOil,tscv,20,2025-05-19,633,6,PatchTST,LightGBM,65.00296020507812,82.32244110107422,-17.319480895996094
Brent Oil,Com_BrentCrudeOil,tscv,20,2025-05-26,634,7,PatchTST,LightGBM,63.65324401855469,81.69477081298828,-18.041526794433594
Brent Oil,Com_BrentCrudeOil,tscv,20,2025-06-02,635,8,PatchTST,LightGBM,65.69291687011719,81.40434265136719,-15.71142578125
Brent Oil,Com_BrentCrudeOil,tscv,20,2025-06-09,636,9,PatchTST,LightGBM,70.90538787841797,81.385498046875,-10.480110168457031
Brent Oil,Com_BrentCrudeOil,tscv,20,2025-06-16,637,10,PatchTST,LightGBM,76.53987121582031,81.8184814453125,-5.2786102294921875
Brent Oil,Com_BrentCrudeOil,tscv,20,2025-06-23,638,11,PatchTST,LightGBM,67.5205307006836,81.02442932128906,-13.503898620605469
Brent Oil,Com_BrentCrudeOil,tscv,20,2025-06-30,639,12,PatchTST,LightGBM,67.9451675415039,80.93733978271484,-12.992172241210938
Brent Oil,Com_BrentCrudeOil,tscv,21,2025-05-12,632,1,PatchTST,-,65.50987243652344,71.16083526611328,-5.650962829589844
Brent Oil,Com_BrentCrudeOil,tscv,21,2025-05-19,633,2,PatchTST,-,65.00296020507812,71.0434799194336,-6.040519714355469
Brent Oil,Com_BrentCrudeOil,tscv,21,2025-05-26,634,3,PatchTST,-,63.65324401855469,71.10670471191406,-7.453460693359375
Brent Oil,Com_BrentCrudeOil,tscv,21,2025-06-02,635,4,PatchTST,-,65.69291687011719,71.00157928466797,-5.308662414550781
Brent Oil,Com_BrentCrudeOil,tscv,21,2025-06-09,636,5,PatchTST,-,70.90538787841797,70.892333984375,0.01305389404296875
Brent Oil,Com_BrentCrudeOil,tscv,21,2025-06-16,637,6,PatchTST,-,76.53987121582031,71.00176239013672,5.538108825683594
Brent Oil,Com_BrentCrudeOil,tscv,21,2025-06-23,638,7,PatchTST,-,67.5205307006836,71.0411605834961,-3.5206298828125
Brent Oil,Com_BrentCrudeOil,tscv,21,2025-06-30,639,8,PatchTST,-,67.9451675415039,70.58345031738281,-2.6382827758789062
Brent Oil,Com_BrentCrudeOil,tscv,21,2025-07-07,640,9,PatchTST,-,69.90603637695312,70.6847152709961,-0.7786788940429688
Brent Oil,Com_BrentCrudeOil,tscv,21,2025-07-14,641,10,PatchTST,-,69.10814666748047,70.59194946289062,-1.4838027954101562
Brent Oil,Com_BrentCrudeOil,tscv,21,2025-07-21,642,11,PatchTST,-,68.77239990234375,70.44822692871094,-1.6758270263671875
Brent Oil,Com_BrentCrudeOil,tscv,21,2025-07-28,643,12,PatchTST,-,70.7232666015625,70.46269226074219,0.2605743408203125
Brent Oil,Com_BrentCrudeOil,tscv,21,2025-05-12,632,1,PatchTST,NLinear,65.50987243652344,72.55259704589844,-7.042724609375
Brent Oil,Com_BrentCrudeOil,tscv,21,2025-05-19,633,2,PatchTST,NLinear,65.00296020507812,73.41334533691406,-8.410385131835938
Brent Oil,Com_BrentCrudeOil,tscv,21,2025-05-26,634,3,PatchTST,NLinear,63.65324401855469,73.1607666015625,-9.507522583007812
Brent Oil,Com_BrentCrudeOil,tscv,21,2025-06-02,635,4,PatchTST,NLinear,65.69291687011719,73.18904876708984,-7.496131896972656
Brent Oil,Com_BrentCrudeOil,tscv,21,2025-06-09,636,5,PatchTST,NLinear,70.90538787841797,73.02843475341797,-2.123046875
Brent Oil,Com_BrentCrudeOil,tscv,21,2025-06-16,637,6,PatchTST,NLinear,76.53987121582031,74.0613021850586,2.4785690307617188
Brent Oil,Com_BrentCrudeOil,tscv,21,2025-06-23,638,7,PatchTST,NLinear,67.5205307006836,75.67448425292969,-8.153953552246094
Brent Oil,Com_BrentCrudeOil,tscv,21,2025-06-30,639,8,PatchTST,NLinear,67.9451675415039,72.9407958984375,-4.995628356933594
Brent Oil,Com_BrentCrudeOil,tscv,21,2025-07-07,640,9,PatchTST,NLinear,69.90603637695312,69.798828125,0.107208251953125
Brent Oil,Com_BrentCrudeOil,tscv,21,2025-07-14,641,10,PatchTST,NLinear,69.10814666748047,73.5225601196289,-4.4144134521484375
Brent Oil,Com_BrentCrudeOil,tscv,21,2025-07-21,642,11,PatchTST,NLinear,68.77239990234375,74.99617004394531,-6.2237701416015625
Brent Oil,Com_BrentCrudeOil,tscv,21,2025-07-28,643,12,PatchTST,NLinear,70.7232666015625,73.70233154296875,-2.97906494140625
Brent Oil,Com_BrentCrudeOil,tscv,21,2025-05-12,632,1,PatchTST,XGBoost,65.50987243652344,73.62301635742188,-8.113143920898438
Brent Oil,Com_BrentCrudeOil,tscv,21,2025-05-19,633,2,PatchTST,XGBoost,65.00296020507812,74.75701904296875,-9.754058837890625
Brent Oil,Com_BrentCrudeOil,tscv,21,2025-05-26,634,3,PatchTST,XGBoost,63.65324401855469,76.56529998779297,-12.912055969238281
Brent Oil,Com_BrentCrudeOil,tscv,21,2025-06-02,635,4,PatchTST,XGBoost,65.69291687011719,78.54106140136719,-12.84814453125
Brent Oil,Com_BrentCrudeOil,tscv,21,2025-06-09,636,5,PatchTST,XGBoost,70.90538787841797,77.20777893066406,-6.302391052246094
Brent Oil,Com_BrentCrudeOil,tscv,21,2025-06-16,637,6,PatchTST,XGBoost,76.53987121582031,75.79537200927734,0.7444992065429688
Brent Oil,Com_BrentCrudeOil,tscv,21,2025-06-23,638,7,PatchTST,XGBoost,67.5205307006836,79.90230560302734,-12.38177490234375
Brent Oil,Com_BrentCrudeOil,tscv,21,2025-06-30,639,8,PatchTST,XGBoost,67.9451675415039,76.92159271240234,-8.976425170898438
Brent Oil,Com_BrentCrudeOil,tscv,21,2025-07-07,640,9,PatchTST,XGBoost,69.90603637695312,78.71895599365234,-8.812919616699219
Brent Oil,Com_BrentCrudeOil,tscv,21,2025-07-14,641,10,PatchTST,XGBoost,69.10814666748047,79.21339416503906,-10.105247497558594
Brent Oil,Com_BrentCrudeOil,tscv,21,2025-07-21,642,11,PatchTST,XGBoost,68.77239990234375,82.07099914550781,-13.298599243164062
Brent Oil,Com_BrentCrudeOil,tscv,21,2025-07-28,643,12,PatchTST,XGBoost,70.7232666015625,82.08348083496094,-11.360214233398438
Brent Oil,Com_BrentCrudeOil,tscv,21,2025-05-12,632,1,PatchTST,LightGBM,65.50987243652344,76.24917602539062,-10.739303588867188
Brent Oil,Com_BrentCrudeOil,tscv,21,2025-05-19,633,2,PatchTST,LightGBM,65.00296020507812,77.06779479980469,-12.064834594726562
Brent Oil,Com_BrentCrudeOil,tscv,21,2025-05-26,634,3,PatchTST,LightGBM,63.65324401855469,77.8169174194336,-14.163673400878906
Brent Oil,Com_BrentCrudeOil,tscv,21,2025-06-02,635,4,PatchTST,LightGBM,65.69291687011719,79.44831085205078,-13.755393981933594
Brent Oil,Com_BrentCrudeOil,tscv,21,2025-06-09,636,5,PatchTST,LightGBM,70.90538787841797,79.73099517822266,-8.825607299804688
Brent Oil,Com_BrentCrudeOil,tscv,21,2025-06-16,637,6,PatchTST,LightGBM,76.53987121582031,80.22377014160156,-3.68389892578125
Brent Oil,Com_BrentCrudeOil,tscv,21,2025-06-23,638,7,PatchTST,LightGBM,67.5205307006836,79.46150970458984,-11.94097900390625
Brent Oil,Com_BrentCrudeOil,tscv,21,2025-06-30,639,8,PatchTST,LightGBM,67.9451675415039,77.79983520507812,-9.854667663574219
Brent Oil,Com_BrentCrudeOil,tscv,21,2025-07-07,640,9,PatchTST,LightGBM,69.90603637695312,79.12906646728516,-9.223030090332031
Brent Oil,Com_BrentCrudeOil,tscv,21,2025-07-14,641,10,PatchTST,LightGBM,69.10814666748047,79.75714874267578,-10.649002075195312
Brent Oil,Com_BrentCrudeOil,tscv,21,2025-07-21,642,11,PatchTST,LightGBM,68.77239990234375,79.29806518554688,-10.525665283203125
Brent Oil,Com_BrentCrudeOil,tscv,21,2025-07-28,643,12,PatchTST,LightGBM,70.7232666015625,79.35426330566406,-8.630996704101562
Brent Oil,Com_BrentCrudeOil,tscv,22,2025-06-09,636,1,PatchTST,-,70.90538787841797,71.76840209960938,-0.8630142211914062
Brent Oil,Com_BrentCrudeOil,tscv,22,2025-06-16,637,2,PatchTST,-,76.53987121582031,71.63489532470703,4.904975891113281
Brent Oil,Com_BrentCrudeOil,tscv,22,2025-06-23,638,3,PatchTST,-,67.5205307006836,71.6190414428711,-4.0985107421875
Brent Oil,Com_BrentCrudeOil,tscv,22,2025-06-30,639,4,PatchTST,-,67.9451675415039,71.65986633300781,-3.7146987915039062
Brent Oil,Com_BrentCrudeOil,tscv,22,2025-07-07,640,5,PatchTST,-,69.90603637695312,71.54265594482422,-1.6366195678710938
Brent Oil,Com_BrentCrudeOil,tscv,22,2025-07-14,641,6,PatchTST,-,69.10814666748047,71.66049194335938,-2.5523452758789062
Brent Oil,Com_BrentCrudeOil,tscv,22,2025-07-21,642,7,PatchTST,-,68.77239990234375,71.7259521484375,-2.95355224609375
Brent Oil,Com_BrentCrudeOil,tscv,22,2025-07-28,643,8,PatchTST,-,70.7232666015625,71.75450134277344,-1.0312347412109375
Brent Oil,Com_BrentCrudeOil,tscv,22,2025-08-04,644,9,PatchTST,-,67.10191345214844,71.59667205810547,-4.494758605957031
Brent Oil,Com_BrentCrudeOil,tscv,22,2025-08-11,645,10,PatchTST,-,66.15612030029297,71.44046020507812,-5.284339904785156
Brent Oil,Com_BrentCrudeOil,tscv,22,2025-08-18,646,11,PatchTST,-,67.08045196533203,71.45775604248047,-4.3773040771484375
Brent Oil,Com_BrentCrudeOil,tscv,22,2025-08-25,647,12,PatchTST,-,67.60226440429688,71.37008666992188,-3.767822265625
Brent Oil,Com_BrentCrudeOil,tscv,22,2025-06-09,636,1,PatchTST,NLinear,70.90538787841797,72.68541717529297,-1.780029296875
Brent Oil,Com_BrentCrudeOil,tscv,22,2025-06-16,637,2,PatchTST,NLinear,76.53987121582031,72.6496353149414,3.8902359008789062
Brent Oil,Com_BrentCrudeOil,tscv,22,2025-06-23,638,3,PatchTST,NLinear,67.5205307006836,69.30467987060547,-1.784149169921875
Brent Oil,Com_BrentCrudeOil,tscv,22,2025-06-30,639,4,PatchTST,NLinear,67.9451675415039,70.87650299072266,-2.93133544921875
Brent Oil,Com_BrentCrudeOil,tscv,22,2025-07-07,640,5,PatchTST,NLinear,69.90603637695312,71.6784896850586,-1.7724533081054688
Brent Oil,Com_BrentCrudeOil,tscv,22,2025-07-14,641,6,PatchTST,NLinear,69.10814666748047,70.94603729248047,-1.837890625
Brent Oil,Com_BrentCrudeOil,tscv,22,2025-07-21,642,7,PatchTST,NLinear,68.77239990234375,71.3389892578125,-2.56658935546875
Brent Oil,Com_BrentCrudeOil,tscv,22,2025-07-28,643,8,PatchTST,NLinear,70.7232666015625,71.10335540771484,-0.38008880615234375
Brent Oil,Com_BrentCrudeOil,tscv,22,2025-08-04,644,9,PatchTST,NLinear,67.10191345214844,70.7374496459961,-3.6355361938476562
Brent Oil,Com_BrentCrudeOil,tscv,22,2025-08-11,645,10,PatchTST,NLinear,66.15612030029297,70.58682250976562,-4.430702209472656
Brent Oil,Com_BrentCrudeOil,tscv,22,2025-08-18,646,11,PatchTST,NLinear,67.08045196533203,69.97627258300781,-2.8958206176757812
Brent Oil,Com_BrentCrudeOil,tscv,22,2025-08-25,647,12,PatchTST,NLinear,67.60226440429688,67.48287200927734,0.11939239501953125
Brent Oil,Com_BrentCrudeOil,tscv,22,2025-06-09,636,1,PatchTST,XGBoost,70.90538787841797,73.48141479492188,-2.5760269165039062
Brent Oil,Com_BrentCrudeOil,tscv,22,2025-06-16,637,2,PatchTST,XGBoost,76.53987121582031,75.11588287353516,1.4239883422851562
Brent Oil,Com_BrentCrudeOil,tscv,22,2025-06-23,638,3,PatchTST,XGBoost,67.5205307006836,73.65673828125,-6.136207580566406
Brent Oil,Com_BrentCrudeOil,tscv,22,2025-06-30,639,4,PatchTST,XGBoost,67.9451675415039,76.26095581054688,-8.315788269042969
Brent Oil,Com_BrentCrudeOil,tscv,22,2025-07-07,640,5,PatchTST,XGBoost,69.90603637695312,75.90764617919922,-6.001609802246094
Brent Oil,Com_BrentCrudeOil,tscv,22,2025-07-14,641,6,PatchTST,XGBoost,69.10814666748047,77.00025939941406,-7.892112731933594
Brent Oil,Com_BrentCrudeOil,tscv,22,2025-07-21,642,7,PatchTST,XGBoost,68.77239990234375,76.99662780761719,-8.224227905273438
Brent Oil,Com_BrentCrudeOil,tscv,22,2025-07-28,643,8,PatchTST,XGBoost,70.7232666015625,80.8622055053711,-10.138938903808594
Brent Oil,Com_BrentCrudeOil,tscv,22,2025-08-04,644,9,PatchTST,XGBoost,67.10191345214844,81.82145690917969,-14.71954345703125
Brent Oil,Com_BrentCrudeOil,tscv,22,2025-08-11,645,10,PatchTST,XGBoost,66.15612030029297,78.7286148071289,-12.572494506835938
Brent Oil,Com_BrentCrudeOil,tscv,22,2025-08-18,646,11,PatchTST,XGBoost,67.08045196533203,81.9912109375,-14.910758972167969
Brent Oil,Com_BrentCrudeOil,tscv,22,2025-08-25,647,12,PatchTST,XGBoost,67.60226440429688,79.64984893798828,-12.047584533691406
Brent Oil,Com_BrentCrudeOil,tscv,22,2025-06-09,636,1,PatchTST,LightGBM,70.90538787841797,77.23833465576172,-6.33294677734375
Brent Oil,Com_BrentCrudeOil,tscv,22,2025-06-16,637,2,PatchTST,LightGBM,76.53987121582031,75.97903442382812,0.5608367919921875
Brent Oil,Com_BrentCrudeOil,tscv,22,2025-06-23,638,3,PatchTST,LightGBM,67.5205307006836,74.99391174316406,-7.473381042480469
Brent Oil,Com_BrentCrudeOil,tscv,22,2025-06-30,639,4,PatchTST,LightGBM,67.9451675415039,78.6636962890625,-10.718528747558594
Brent Oil,Com_BrentCrudeOil,tscv,22,2025-07-07,640,5,PatchTST,LightGBM,69.90603637695312,78.52757263183594,-8.621536254882812
Brent Oil,Com_BrentCrudeOil,tscv,22,2025-07-14,641,6,PatchTST,LightGBM,69.10814666748047,75.55626678466797,-6.4481201171875
Brent Oil,Com_BrentCrudeOil,tscv,22,2025-07-21,642,7,PatchTST,LightGBM,68.77239990234375,80.47247314453125,-11.7000732421875
Brent Oil,Com_BrentCrudeOil,tscv,22,2025-07-28,643,8,PatchTST,LightGBM,70.7232666015625,80.5876235961914,-9.864356994628906
Brent Oil,Com_BrentCrudeOil,tscv,22,2025-08-04,644,9,PatchTST,LightGBM,67.10191345214844,79.94166564941406,-12.839752197265625
Brent Oil,Com_BrentCrudeOil,tscv,22,2025-08-11,645,10,PatchTST,LightGBM,66.15612030029297,80.24114990234375,-14.085029602050781
Brent Oil,Com_BrentCrudeOil,tscv,22,2025-08-18,646,11,PatchTST,LightGBM,67.08045196533203,79.84403991699219,-12.763587951660156
Brent Oil,Com_BrentCrudeOil,tscv,22,2025-08-25,647,12,PatchTST,LightGBM,67.60226440429688,79.658447265625,-12.056182861328125
Brent Oil,Com_BrentCrudeOil,tscv,23,2025-07-07,640,1,PatchTST,-,69.90603637695312,73.94343566894531,-4.0373992919921875
Brent Oil,Com_BrentCrudeOil,tscv,23,2025-07-14,641,2,PatchTST,-,69.10814666748047,73.9444808959961,-4.836334228515625
Brent Oil,Com_BrentCrudeOil,tscv,23,2025-07-21,642,3,PatchTST,-,68.77239990234375,73.95098876953125,-5.1785888671875
Brent Oil,Com_BrentCrudeOil,tscv,23,2025-07-28,643,4,PatchTST,-,70.7232666015625,73.83094787597656,-3.1076812744140625
Brent Oil,Com_BrentCrudeOil,tscv,23,2025-08-04,644,5,PatchTST,-,67.10191345214844,73.69154357910156,-6.589630126953125
Brent Oil,Com_BrentCrudeOil,tscv,23,2025-08-11,645,6,PatchTST,-,66.15612030029297,73.61125183105469,-7.455131530761719
Brent Oil,Com_BrentCrudeOil,tscv,23,2025-08-18,646,7,PatchTST,-,67.08045196533203,73.35746002197266,-6.277008056640625
Brent Oil,Com_BrentCrudeOil,tscv,23,2025-08-25,647,8,PatchTST,-,67.60226440429688,73.55048370361328,-5.948219299316406
Brent Oil,Com_BrentCrudeOil,tscv,23,2025-09-01,648,9,PatchTST,-,67.27151489257812,73.37763977050781,-6.1061248779296875
Brent Oil,Com_BrentCrudeOil,tscv,23,2025-09-08,649,10,PatchTST,-,66.77435302734375,73.28094482421875,-6.506591796875
Brent Oil,Com_BrentCrudeOil,tscv,23,2025-09-15,650,11,PatchTST,-,67.5166015625,73.20599365234375,-5.68939208984375
Brent Oil,Com_BrentCrudeOil,tscv,23,2025-09-22,651,12,PatchTST,-,68.50713348388672,73.06033325195312,-4.553199768066406
Brent Oil,Com_BrentCrudeOil,tscv,23,2025-07-07,640,1,PatchTST,NLinear,69.90603637695312,75.45833587646484,-5.552299499511719
Brent Oil,Com_BrentCrudeOil,tscv,23,2025-07-14,641,2,PatchTST,NLinear,69.10814666748047,74.03486633300781,-4.926719665527344
Brent Oil,Com_BrentCrudeOil,tscv,23,2025-07-21,642,3,PatchTST,NLinear,68.77239990234375,72.86085510253906,-4.0884552001953125
Brent Oil,Com_BrentCrudeOil,tscv,23,2025-07-28,643,4,PatchTST,NLinear,70.7232666015625,71.7989273071289,-1.0756607055664062
Brent Oil,Com_BrentCrudeOil,tscv,23,2025-08-04,644,5,PatchTST,NLinear,67.10191345214844,73.92768096923828,-6.825767517089844
Brent Oil,Com_BrentCrudeOil,tscv,23,2025-08-11,645,6,PatchTST,NLinear,66.15612030029297,73.99850463867188,-7.842384338378906
Brent Oil,Com_BrentCrudeOil,tscv,23,2025-08-18,646,7,PatchTST,NLinear,67.08045196533203,74.6842269897461,-7.6037750244140625
Brent Oil,Com_BrentCrudeOil,tscv,23,2025-08-25,647,8,PatchTST,NLinear,67.60226440429688,73.3397445678711,-5.737480163574219
Brent Oil,Com_BrentCrudeOil,tscv,23,2025-09-01,648,9,PatchTST,NLinear,67.27151489257812,73.97395324707031,-6.7024383544921875
Brent Oil,Com_BrentCrudeOil,tscv,23,2025-09-08,649,10,PatchTST,NLinear,66.77435302734375,74.49620056152344,-7.7218475341796875
Brent Oil,Com_BrentCrudeOil,tscv,23,2025-09-15,650,11,PatchTST,NLinear,67.5166015625,73.86914825439453,-6.352546691894531
Brent Oil,Com_BrentCrudeOil,tscv,23,2025-09-22,651,12,PatchTST,NLinear,68.50713348388672,72.79338836669922,-4.2862548828125
Brent Oil,Com_BrentCrudeOil,tscv,23,2025-07-07,640,1,PatchTST,XGBoost,69.90603637695312,76.94116973876953,-7.035133361816406
Brent Oil,Com_BrentCrudeOil,tscv,23,2025-07-14,641,2,PatchTST,XGBoost,69.10814666748047,76.59882354736328,-7.4906768798828125
Brent Oil,Com_BrentCrudeOil,tscv,23,2025-07-21,642,3,PatchTST,XGBoost,68.77239990234375,75.05992889404297,-6.287528991699219
Brent Oil,Com_BrentCrudeOil,tscv,23,2025-07-28,643,4,PatchTST,XGBoost,70.7232666015625,80.77894592285156,-10.055679321289062
Brent Oil,Com_BrentCrudeOil,tscv,23,2025-08-04,644,5,PatchTST,XGBoost,67.10191345214844,81.0120849609375,-13.910171508789062
Brent Oil,Com_BrentCrudeOil,tscv,23,2025-08-11,645,6,PatchTST,XGBoost,66.15612030029297,76.39248657226562,-10.236366271972656
Brent Oil,Com_BrentCrudeOil,tscv,23,2025-08-18,646,7,PatchTST,XGBoost,67.08045196533203,81.86405181884766,-14.783599853515625
Brent Oil,Com_BrentCrudeOil,tscv,23,2025-08-25,647,8,PatchTST,XGBoost,67.60226440429688,80.67416381835938,-13.0718994140625
Brent Oil,Com_BrentCrudeOil,tscv,23,2025-09-01,648,9,PatchTST,XGBoost,67.27151489257812,83.35676574707031,-16.085250854492188
Brent Oil,Com_BrentCrudeOil,tscv,23,2025-09-08,649,10,PatchTST,XGBoost,66.77435302734375,84.00608825683594,-17.231735229492188
Brent Oil,Com_BrentCrudeOil,tscv,23,2025-09-15,650,11,PatchTST,XGBoost,67.5166015625,82.95662689208984,-15.440025329589844
Brent Oil,Com_BrentCrudeOil,tscv,23,2025-09-22,651,12,PatchTST,XGBoost,68.50713348388672,83.79296112060547,-15.28582763671875
Brent Oil,Com_BrentCrudeOil,tscv,23,2025-07-07,640,1,PatchTST,LightGBM,69.90603637695312,75.97251892089844,-6.0664825439453125
Brent Oil,Com_BrentCrudeOil,tscv,23,2025-07-14,641,2,PatchTST,LightGBM,69.10814666748047,75.00325775146484,-5.895111083984375
Brent Oil,Com_BrentCrudeOil,tscv,23,2025-07-21,642,3,PatchTST,LightGBM,68.77239990234375,75.0872573852539,-6.314857482910156
Brent Oil,Com_BrentCrudeOil,tscv,23,2025-07-28,643,4,PatchTST,LightGBM,70.7232666015625,74.22241973876953,-3.4991531372070312
Brent Oil,Com_BrentCrudeOil,tscv,23,2025-08-04,644,5,PatchTST,LightGBM,67.10191345214844,76.71212768554688,-9.610214233398438
Brent Oil,Com_BrentCrudeOil,tscv,23,2025-08-11,645,6,PatchTST,LightGBM,66.15612030029297,74.44779205322266,-8.291671752929688
Brent Oil,Com_BrentCrudeOil,tscv,23,2025-08-18,646,7,PatchTST,LightGBM,67.08045196533203,78.62442779541016,-11.543975830078125
Brent Oil,Com_BrentCrudeOil,tscv,23,2025-08-25,647,8,PatchTST,LightGBM,67.60226440429688,80.39894104003906,-12.796676635742188
Brent Oil,Com_BrentCrudeOil,tscv,23,2025-09-01,648,9,PatchTST,LightGBM,67.27151489257812,79.65852355957031,-12.387008666992188
Brent Oil,Com_BrentCrudeOil,tscv,23,2025-09-08,649,10,PatchTST,LightGBM,66.77435302734375,79.29171752929688,-12.517364501953125
Brent Oil,Com_BrentCrudeOil,tscv,23,2025-09-15,650,11,PatchTST,LightGBM,67.5166015625,73.89310455322266,-6.376502990722656
Brent Oil,Com_BrentCrudeOil,tscv,23,2025-09-22,651,12,PatchTST,LightGBM,68.50713348388672,76.05516052246094,-7.548027038574219
Brent Oil,Com_BrentCrudeOil,tscv,24,2025-08-04,644,1,PatchTST,-,67.10191345214844,73.26728057861328,-6.165367126464844
Brent Oil,Com_BrentCrudeOil,tscv,24,2025-08-11,645,2,PatchTST,-,66.15612030029297,73.52078247070312,-7.364662170410156
Brent Oil,Com_BrentCrudeOil,tscv,24,2025-08-18,646,3,PatchTST,-,67.08045196533203,73.68904876708984,-6.6085968017578125
Brent Oil,Com_BrentCrudeOil,tscv,24,2025-08-25,647,4,PatchTST,-,67.60226440429688,73.28433990478516,-5.682075500488281
Brent Oil,Com_BrentCrudeOil,tscv,24,2025-09-01,648,5,PatchTST,-,67.27151489257812,73.34683227539062,-6.0753173828125
Brent Oil,Com_BrentCrudeOil,tscv,24,2025-09-08,649,6,PatchTST,-,66.77435302734375,73.30863189697266,-6.534278869628906
Brent Oil,Com_BrentCrudeOil,tscv,24,2025-09-15,650,7,PatchTST,-,67.5166015625,73.04104614257812,-5.524444580078125
Brent Oil,Com_BrentCrudeOil,tscv,24,2025-09-22,651,8,PatchTST,-,68.50713348388672,73.0965576171875,-4.589424133300781
Brent Oil,Com_BrentCrudeOil,tscv,24,2025-09-29,652,9,PatchTST,-,65.30098724365234,72.87220001220703,-7.5712127685546875
Brent Oil,Com_BrentCrudeOil,tscv,24,2025-10-06,653,10,PatchTST,-,64.48927307128906,72.98402404785156,-8.4947509765625
Brent Oil,Com_BrentCrudeOil,tscv,24,2025-10-13,654,11,PatchTST,-,61.7679557800293,72.82638549804688,-11.058429718017578
Brent Oil,Com_BrentCrudeOil,tscv,24,2025-10-20,655,12,PatchTST,-,63.904998779296875,72.78143310546875,-8.876434326171875
Brent Oil,Com_BrentCrudeOil,tscv,24,2025-08-04,644,1,PatchTST,NLinear,67.10191345214844,73.17857360839844,-6.07666015625
Brent Oil,Com_BrentCrudeOil,tscv,24,2025-08-11,645,2,PatchTST,NLinear,66.15612030029297,74.44835662841797,-8.292236328125
Brent Oil,Com_BrentCrudeOil,tscv,24,2025-08-18,646,3,PatchTST,NLinear,67.08045196533203,75.14270782470703,-8.062255859375
Brent Oil,Com_BrentCrudeOil,tscv,24,2025-08-25,647,4,PatchTST,NLinear,67.60226440429688,73.07254028320312,-5.47027587890625
Brent Oil,Com_BrentCrudeOil,tscv,24,2025-09-01,648,5,PatchTST,NLinear,67.27151489257812,72.07805633544922,-4.806541442871094
Brent Oil,Com_BrentCrudeOil,tscv,24,2025-09-08,649,6,PatchTST,NLinear,66.77435302734375,73.99787139892578,-7.223518371582031
Brent Oil,Com_BrentCrudeOil,tscv,24,2025-09-15,650,7,PatchTST,NLinear,67.5166015625,74.60104370117188,-7.084442138671875
Brent Oil,Com_BrentCrudeOil,tscv,24,2025-09-22,651,8,PatchTST,NLinear,68.50713348388672,73.89634704589844,-5.389213562011719
Brent Oil,Com_BrentCrudeOil,tscv,24,2025-09-29,652,9,PatchTST,NLinear,65.30098724365234,72.68162536621094,-7.380638122558594
Brent Oil,Com_BrentCrudeOil,tscv,24,2025-10-06,653,10,PatchTST,NLinear,64.48927307128906,72.99122619628906,-8.501953125
Brent Oil,Com_BrentCrudeOil,tscv,24,2025-10-13,654,11,PatchTST,NLinear,61.7679557800293,74.4841537475586,-12.716197967529297
Brent Oil,Com_BrentCrudeOil,tscv,24,2025-10-20,655,12,PatchTST,NLinear,63.904998779296875,72.25151824951172,-8.346519470214844
Brent Oil,Com_BrentCrudeOil,tscv,24,2025-08-04,644,1,PatchTST,XGBoost,67.10191345214844,77.83334350585938,-10.731430053710938
Brent Oil,Com_BrentCrudeOil,tscv,24,2025-08-11,645,2,PatchTST,XGBoost,66.15612030029297,77.48020935058594,-11.324089050292969
Brent Oil,Com_BrentCrudeOil,tscv,24,2025-08-18,646,3,PatchTST,XGBoost,67.08045196533203,78.26044464111328,-11.17999267578125
Brent Oil,Com_BrentCrudeOil,tscv,24,2025-08-25,647,4,PatchTST,XGBoost,67.60226440429688,80.34185028076172,-12.739585876464844
Brent Oil,Com_BrentCrudeOil,tscv,24,2025-09-01,648,5,PatchTST,XGBoost,67.27151489257812,79.43416595458984,-12.162651062011719
Brent Oil,Com_BrentCrudeOil,tscv,24,2025-09-08,649,6,PatchTST,XGBoost,66.77435302734375,76.95171356201172,-10.177360534667969
Brent Oil,Com_BrentCrudeOil,tscv,24,2025-09-15,650,7,PatchTST,XGBoost,67.5166015625,76.48687744140625,-8.97027587890625
Brent Oil,Com_BrentCrudeOil,tscv,24,2025-09-22,651,8,PatchTST,XGBoost,68.50713348388672,81.22269439697266,-12.715560913085938
Brent Oil,Com_BrentCrudeOil,tscv,24,2025-09-29,652,9,PatchTST,XGBoost,65.30098724365234,80.90455627441406,-15.603569030761719
Brent Oil,Com_BrentCrudeOil,tscv,24,2025-10-06,653,10,PatchTST,XGBoost,64.48927307128906,82.28426361083984,-17.79499053955078
Brent Oil,Com_BrentCrudeOil,tscv,24,2025-10-13,654,11,PatchTST,XGBoost,61.7679557800293,84.0414810180664,-22.27352523803711
Brent Oil,Com_BrentCrudeOil,tscv,24,2025-10-20,655,12,PatchTST,XGBoost,63.904998779296875,78.13442993164062,-14.22943115234375
Brent Oil,Com_BrentCrudeOil,tscv,24,2025-08-04,644,1,PatchTST,LightGBM,67.10191345214844,74.5771713256836,-7.475257873535156
Brent Oil,Com_BrentCrudeOil,tscv,24,2025-08-11,645,2,PatchTST,LightGBM,66.15612030029297,74.27902221679688,-8.122901916503906
Brent Oil,Com_BrentCrudeOil,tscv,24,2025-08-18,646,3,PatchTST,LightGBM,67.08045196533203,75.4930419921875,-8.412590026855469
Brent Oil,Com_BrentCrudeOil,tscv,24,2025-08-25,647,4,PatchTST,LightGBM,67.60226440429688,76.26153564453125,-8.659271240234375
Brent Oil,Com_BrentCrudeOil,tscv,24,2025-09-01,648,5,PatchTST,LightGBM,67.27151489257812,79.66465759277344,-12.393142700195312
Brent Oil,Com_BrentCrudeOil,tscv,24,2025-09-08,649,6,PatchTST,LightGBM,66.77435302734375,73.15668487548828,-6.382331848144531
Brent Oil,Com_BrentCrudeOil,tscv,24,2025-09-15,650,7,PatchTST,LightGBM,67.5166015625,74.59232330322266,-7.075721740722656
Brent Oil,Com_BrentCrudeOil,tscv,24,2025-09-22,651,8,PatchTST,LightGBM,68.50713348388672,77.0078125,-8.500679016113281
Brent Oil,Com_BrentCrudeOil,tscv,24,2025-09-29,652,9,PatchTST,LightGBM,65.30098724365234,77.32915496826172,-12.028167724609375
Brent Oil,Com_BrentCrudeOil,tscv,24,2025-10-06,653,10,PatchTST,LightGBM,64.48927307128906,77.97977447509766,-13.490501403808594
Brent Oil,Com_BrentCrudeOil,tscv,24,2025-10-13,654,11,PatchTST,LightGBM,61.7679557800293,75.54654693603516,-13.77859115600586
Brent Oil,Com_BrentCrudeOil,tscv,24,2025-10-20,655,12,PatchTST,LightGBM,63.904998779296875,76.99361419677734,-13.088615417480469
Brent Oil,Com_BrentCrudeOil,holdout,1,2025-10-27,656,1,PatchTST,-,64.5328598022461,75.56888580322266,-11.036026000976562
Brent Oil,Com_BrentCrudeOil,holdout,1,2025-11-03,657,2,PatchTST,-,63.94032669067383,75.28933715820312,-11.349010467529297
Brent Oil,Com_BrentCrudeOil,holdout,1,2025-11-10,658,3,PatchTST,-,63.92447280883789,75.64823913574219,-11.723766326904297
Brent Oil,Com_BrentCrudeOil,holdout,1,2025-11-17,659,4,PatchTST,-,63.38262939453125,75.44261932373047,-12.059989929199219
Brent Oil,Com_BrentCrudeOil,holdout,1,2025-11-24,660,5,PatchTST,-,62.65865707397461,75.35897064208984,-12.700313568115234
Brent Oil,Com_BrentCrudeOil,holdout,1,2025-12-01,661,6,PatchTST,-,63.27702713012695,75.36048889160156,-12.08346176147461
Brent Oil,Com_BrentCrudeOil,holdout,1,2025-12-08,662,7,PatchTST,-,61.66008758544922,74.9215087890625,-13.261421203613281
Brent Oil,Com_BrentCrudeOil,holdout,1,2025-12-15,663,8,PatchTST,-,60.13292694091797,75.20926666259766,-15.076339721679688
Brent Oil,Com_BrentCrudeOil,holdout,1,2025-12-22,664,9,PatchTST,-,61.52321243286133,75.14615631103516,-13.622943878173828
Brent Oil,Com_BrentCrudeOil,holdout,1,2025-12-29,665,10,PatchTST,-,60.96549987792969,74.81817626953125,-13.852676391601562
Brent Oil,Com_BrentCrudeOil,holdout,1,2026-01-05,666,11,PatchTST,-,62.07210159301758,74.92865753173828,-12.856555938720703
Brent Oil,Com_BrentCrudeOil,holdout,1,2026-01-12,667,12,PatchTST,-,64.25517272949219,74.82967376708984,-10.574501037597656
Brent Oil,Com_BrentCrudeOil,holdout,1,2025-10-27,656,1,PatchTST,NLinear,64.5328598022461,75.86787414550781,-11.335014343261719
Brent Oil,Com_BrentCrudeOil,holdout,1,2025-11-03,657,2,PatchTST,NLinear,63.94032669067383,77.43299102783203,-13.492664337158203
Brent Oil,Com_BrentCrudeOil,holdout,1,2025-11-10,658,3,PatchTST,NLinear,63.92447280883789,75.40738677978516,-11.482913970947266
Brent Oil,Com_BrentCrudeOil,holdout,1,2025-11-17,659,4,PatchTST,NLinear,63.38262939453125,74.82042694091797,-11.437797546386719
Brent Oil,Com_BrentCrudeOil,holdout,1,2025-11-24,660,5,PatchTST,NLinear,62.65865707397461,76.57202911376953,-13.913372039794922
Brent Oil,Com_BrentCrudeOil,holdout,1,2025-12-01,661,6,PatchTST,NLinear,63.27702713012695,76.2040023803711,-12.92697525024414
Brent Oil,Com_BrentCrudeOil,holdout,1,2025-12-08,662,7,PatchTST,NLinear,61.66008758544922,76.14200592041016,-14.481918334960938
Brent Oil,Com_BrentCrudeOil,holdout,1,2025-12-15,663,8,PatchTST,NLinear,60.13292694091797,74.62796020507812,-14.495033264160156
Brent Oil,Com_BrentCrudeOil,holdout,1,2025-12-22,664,9,PatchTST,NLinear,61.52321243286133,76.85415649414062,-15.330944061279297
Brent Oil,Com_BrentCrudeOil,holdout,1,2025-12-29,665,10,PatchTST,NLinear,60.96549987792969,74.79027557373047,-13.824775695800781
Brent Oil,Com_BrentCrudeOil,holdout,1,2026-01-05,666,11,PatchTST,NLinear,62.07210159301758,75.53836822509766,-13.466266632080078
Brent Oil,Com_BrentCrudeOil,holdout,1,2026-01-12,667,12,PatchTST,NLinear,64.25517272949219,75.60325622558594,-11.34808349609375
Brent Oil,Com_BrentCrudeOil,holdout,1,2025-10-27,656,1,PatchTST,XGBoost,64.5328598022461,74.3956527709961,-9.86279296875
Brent Oil,Com_BrentCrudeOil,holdout,1,2025-11-03,657,2,PatchTST,XGBoost,63.94032669067383,71.75199127197266,-7.811664581298828
Brent Oil,Com_BrentCrudeOil,holdout,1,2025-11-10,658,3,PatchTST,XGBoost,63.92447280883789,69.90616607666016,-5.981693267822266
Brent Oil,Com_BrentCrudeOil,holdout,1,2025-11-17,659,4,PatchTST,XGBoost,63.38262939453125,71.90731811523438,-8.524688720703125
Brent Oil,Com_BrentCrudeOil,holdout,1,2025-11-24,660,5,PatchTST,XGBoost,62.65865707397461,75.48651885986328,-12.827861785888672
Brent Oil,Com_BrentCrudeOil,holdout,1,2025-12-01,661,6,PatchTST,XGBoost,63.27702713012695,75.8411636352539,-12.564136505126953
Brent Oil,Com_BrentCrudeOil,holdout,1,2025-12-08,662,7,PatchTST,XGBoost,61.66008758544922,72.36195373535156,-10.701866149902344
Brent Oil,Com_BrentCrudeOil,holdout,1,2025-12-15,663,8,PatchTST,XGBoost,60.13292694091797,74.54753112792969,-14.414604187011719
Brent Oil,Com_BrentCrudeOil,holdout,1,2025-12-22,664,9,PatchTST,XGBoost,61.52321243286133,73.15106201171875,-11.627849578857422
Brent Oil,Com_BrentCrudeOil,holdout,1,2025-12-29,665,10,PatchTST,XGBoost,60.96549987792969,73.88408660888672,-12.918586730957031
Brent Oil,Com_BrentCrudeOil,holdout,1,2026-01-05,666,11,PatchTST,XGBoost,62.07210159301758,71.51522064208984,-9.443119049072266
Brent Oil,Com_BrentCrudeOil,holdout,1,2026-01-12,667,12,PatchTST,XGBoost,64.25517272949219,73.07622528076172,-8.821052551269531
Brent Oil,Com_BrentCrudeOil,holdout,1,2025-10-27,656,1,PatchTST,LightGBM,64.5328598022461,70.22924041748047,-5.696380615234375
Brent Oil,Com_BrentCrudeOil,holdout,1,2025-11-03,657,2,PatchTST,LightGBM,63.94032669067383,73.1534194946289,-9.213092803955078
Brent Oil,Com_BrentCrudeOil,holdout,1,2025-11-10,658,3,PatchTST,LightGBM,63.92447280883789,70.1029281616211,-6.178455352783203
Brent Oil,Com_BrentCrudeOil,holdout,1,2025-11-17,659,4,PatchTST,LightGBM,63.38262939453125,71.52400207519531,-8.141372680664062
Brent Oil,Com_BrentCrudeOil,holdout,1,2025-11-24,660,5,PatchTST,LightGBM,62.65865707397461,72.80118560791016,-10.142528533935547
Brent Oil,Com_BrentCrudeOil,holdout,1,2025-12-01,661,6,PatchTST,LightGBM,63.27702713012695,72.92780303955078,-9.650775909423828
Brent Oil,Com_BrentCrudeOil,holdout,1,2025-12-08,662,7,PatchTST,LightGBM,61.66008758544922,71.59795379638672,-9.9378662109375
Brent Oil,Com_BrentCrudeOil,holdout,1,2025-12-15,663,8,PatchTST,LightGBM,60.13292694091797,73.30874633789062,-13.175819396972656
Brent Oil,Com_BrentCrudeOil,holdout,1,2025-12-22,664,9,PatchTST,LightGBM,61.52321243286133,72.02729034423828,-10.504077911376953
Brent Oil,Com_BrentCrudeOil,holdout,1,2025-12-29,665,10,PatchTST,LightGBM,60.96549987792969,73.64949798583984,-12.683998107910156
Brent Oil,Com_BrentCrudeOil,holdout,1,2026-01-05,666,11,PatchTST,LightGBM,62.07210159301758,70.46205139160156,-8.389949798583984
Brent Oil,Com_BrentCrudeOil,holdout,1,2026-01-12,667,12,PatchTST,LightGBM,64.25517272949219,71.80718994140625,-7.5520172119140625
