Target,TargetColumn,EvalSplit,WindowId,Date,HorizonStep,Baseline,ResidualModel,Actual,Prediction,Error
WTI Oil,Com_CrudeOil,tscv,1,2023-10-30,1,PatchTST,-,80.93399810791016,67.15299987792969,13.780998229980469
WTI Oil,Com_CrudeOil,tscv,1,2023-11-06,2,PatchTST,-,77.04000091552734,67.07249450683594,9.967506408691406
WTI Oil,Com_CrudeOil,tscv,1,2023-11-13,3,PatchTST,-,76.41400146484375,67.00309753417969,9.410903930664062
WTI Oil,Com_CrudeOil,tscv,1,2023-11-20,4,PatchTST,-,77.20999908447266,66.88654327392578,10.323455810546875
WTI Oil,Com_CrudeOil,tscv,1,2023-11-27,5,PatchTST,-,75.99400329589844,66.97245025634766,9.021553039550781
WTI Oil,Com_CrudeOil,tscv,1,2023-12-04,6,PatchTST,-,71.30599975585938,66.85923767089844,4.4467620849609375
WTI Oil,Com_CrudeOil,tscv,1,2023-12-11,7,PatchTST,-,70.76399993896484,66.6337890625,4.130210876464844
WTI Oil,Com_CrudeOil,tscv,1,2023-12-18,8,PatchTST,-,73.68599700927734,66.49805450439453,7.1879425048828125
WTI Oil,Com_CrudeOil,tscv,1,2023-12-25,9,PatchTST,-,73.2750015258789,66.28013610839844,6.994865417480469
WTI Oil,Com_CrudeOil,tscv,1,2024-01-01,10,PatchTST,-,72.2699966430664,66.26356506347656,6.006431579589844
WTI Oil,Com_CrudeOil,tscv,1,2024-01-08,11,PatchTST,-,71.9800033569336,66.14519500732422,5.834808349609375
WTI Oil,Com_CrudeOil,tscv,1,2024-01-15,12,PatchTST,-,72.99749755859375,65.83952331542969,7.1579742431640625
WTI Oil,Com_CrudeOil,tscv,1,2023-10-30,1,PatchTST,NLinear,80.93399810791016,82.18175506591797,-1.2477569580078125
WTI Oil,Com_CrudeOil,tscv,1,2023-11-06,2,PatchTST,NLinear,77.04000091552734,83.3226318359375,-6.282630920410156
WTI Oil,Com_CrudeOil,tscv,1,2023-11-13,3,PatchTST,NLinear,76.41400146484375,81.93753051757812,-5.523529052734375
WTI Oil,Com_CrudeOil,tscv,1,2023-11-20,4,PatchTST,NLinear,77.20999908447266,85.12895202636719,-7.918952941894531
WTI Oil,Com_CrudeOil,tscv,1,2023-11-27,5,PatchTST,NLinear,75.99400329589844,81.99172973632812,-5.9977264404296875
WTI Oil,Com_CrudeOil,tscv,1,2023-12-04,6,PatchTST,NLinear,71.30599975585938,80.76032257080078,-9.454322814941406
WTI Oil,Com_CrudeOil,tscv,1,2023-12-11,7,PatchTST,NLinear,70.76399993896484,83.88277435302734,-13.1187744140625
WTI Oil,Com_CrudeOil,tscv,1,2023-12-18,8,PatchTST,NLinear,73.68599700927734,83.86605834960938,-10.180061340332031
WTI Oil,Com_CrudeOil,tscv,1,2023-12-25,9,PatchTST,NLinear,73.2750015258789,83.5295639038086,-10.254562377929688
WTI Oil,Com_CrudeOil,tscv,1,2024-01-01,10,PatchTST,NLinear,72.2699966430664,82.90939331054688,-10.639396667480469
WTI Oil,Com_CrudeOil,tscv,1,2024-01-08,11,PatchTST,NLinear,71.9800033569336,82.62409210205078,-10.644088745117188
WTI Oil,Com_CrudeOil,tscv,1,2024-01-15,12,PatchTST,NLinear,72.99749755859375,86.02101135253906,-13.023513793945312
WTI Oil,Com_CrudeOil,tscv,1,2023-10-30,1,PatchTST,XGBoost,80.93399810791016,74.18162536621094,6.752372741699219
WTI Oil,Com_CrudeOil,tscv,1,2023-11-06,2,PatchTST,XGBoost,77.04000091552734,68.80340576171875,8.236595153808594
WTI Oil,Com_CrudeOil,tscv,1,2023-11-13,3,PatchTST,XGBoost,76.41400146484375,67.1180419921875,9.29595947265625
WTI Oil,Com_CrudeOil,tscv,1,2023-11-20,4,PatchTST,XGBoost,77.20999908447266,67.06952667236328,10.140472412109375
WTI Oil,Com_CrudeOil,tscv,1,2023-11-27,5,PatchTST,XGBoost,75.99400329589844,65.72805786132812,10.265945434570312
WTI Oil,Com_CrudeOil,tscv,1,2023-12-04,6,PatchTST,XGBoost,71.30599975585938,65.49775695800781,5.8082427978515625
WTI Oil,Com_CrudeOil,tscv,1,2023-12-11,7,PatchTST,XGBoost,70.76399993896484,64.833251953125,5.930747985839844
WTI Oil,Com_CrudeOil,tscv,1,2023-12-18,8,PatchTST,XGBoost,73.68599700927734,64.73218536376953,8.953811645507812
WTI Oil,Com_CrudeOil,tscv,1,2023-12-25,9,PatchTST,XGBoost,73.2750015258789,64.6877670288086,8.587234497070312
WTI Oil,Com_CrudeOil,tscv,1,2024-01-01,10,PatchTST,XGBoost,72.2699966430664,62.836151123046875,9.433845520019531
WTI Oil,Com_CrudeOil,tscv,1,2024-01-08,11,PatchTST,XGBoost,71.9800033569336,63.017974853515625,8.962028503417969
WTI Oil,Com_CrudeOil,tscv,1,2024-01-15,12,PatchTST,XGBoost,72.99749755859375,63.75984573364258,9.237651824951172
WTI Oil,Com_CrudeOil,tscv,1,2023-10-30,1,PatchTST,LightGBM,80.93399810791016,76.81661987304688,4.117378234863281
WTI Oil,Com_CrudeOil,tscv,1,2023-11-06,2,PatchTST,LightGBM,77.04000091552734,73.15030670166016,3.8896942138671875
WTI Oil,Com_CrudeOil,tscv,1,2023-11-13,3,PatchTST,LightGBM,76.41400146484375,71.36467742919922,5.049324035644531
WTI Oil,Com_CrudeOil,tscv,1,2023-11-20,4,PatchTST,LightGBM,77.20999908447266,69.99870300292969,7.211296081542969
WTI Oil,Com_CrudeOil,tscv,1,2023-11-27,5,PatchTST,LightGBM,75.99400329589844,69.82264709472656,6.171356201171875
WTI Oil,Com_CrudeOil,tscv,1,2023-12-04,6,PatchTST,LightGBM,71.30599975585938,68.1786880493164,3.1273117065429688
WTI Oil,Com_CrudeOil,tscv,1,2023-12-11,7,PatchTST,LightGBM,70.76399993896484,68.82103729248047,1.942962646484375
WTI Oil,Com_CrudeOil,tscv,1,2023-12-18,8,PatchTST,LightGBM,73.68599700927734,69.66082763671875,4.025169372558594
WTI Oil,Com_CrudeOil,tscv,1,2023-12-25,9,PatchTST,LightGBM,73.2750015258789,68.82413482666016,4.45086669921875
WTI Oil,Com_CrudeOil,tscv,1,2024-01-01,10,PatchTST,LightGBM,72.2699966430664,69.7980728149414,2.471923828125
WTI Oil,Com_CrudeOil,tscv,1,2024-01-08,11,PatchTST,LightGBM,71.9800033569336,68.846435546875,3.1335678100585938
WTI Oil,Com_CrudeOil,tscv,1,2024-01-15,12,PatchTST,LightGBM,72.99749755859375,65.64797973632812,7.349517822265625
WTI Oil,Com_CrudeOil,tscv,2,2023-11-27,1,PatchTST,-,75.99400329589844,63.98728942871094,12.0067138671875
WTI Oil,Com_CrudeOil,tscv,2,2023-12-04,2,PatchTST,-,71.30599975585938,63.7911376953125,7.514862060546875
WTI Oil,Com_CrudeOil,tscv,2,2023-12-11,3,PatchTST,-,70.76399993896484,63.96726608276367,6.796733856201172
WTI Oil,Com_CrudeOil,tscv,2,2023-12-18,4,PatchTST,-,73.68599700927734,63.66166687011719,10.024330139160156
WTI Oil,Com_CrudeOil,tscv,2,2023-12-25,5,PatchTST,-,73.2750015258789,63.617061614990234,9.657939910888672
WTI Oil,Com_CrudeOil,tscv,2,2024-01-01,6,PatchTST,-,72.2699966430664,63.49812698364258,8.771869659423828
WTI Oil,Com_CrudeOil,tscv,2,2024-01-08,7,PatchTST,-,71.9800033569336,63.57836151123047,8.401641845703125
WTI Oil,Com_CrudeOil,tscv,2,2024-01-15,8,PatchTST,-,72.99749755859375,63.17434310913086,9.82315444946289
WTI Oil,Com_CrudeOil,tscv,2,2024-01-22,9,PatchTST,-,75.79000091552734,63.13785171508789,12.652149200439453
WTI Oil,Com_CrudeOil,tscv,2,2024-01-29,10,PatchTST,-,75.2239990234375,63.03097915649414,12.19301986694336
WTI Oil,Com_CrudeOil,tscv,2,2024-02-05,11,PatchTST,-,74.552001953125,62.88398361206055,11.668018341064453
WTI Oil,Com_CrudeOil,tscv,2,2024-02-12,12,PatchTST,-,77.04000091552734,62.843910217285156,14.196090698242188
WTI Oil,Com_CrudeOil,tscv,2,2023-11-27,1,PatchTST,NLinear,75.99400329589844,77.58346557617188,-1.5894622802734375
WTI Oil,Com_CrudeOil,tscv,2,2023-12-04,2,PatchTST,NLinear,71.30599975585938,74.90396118164062,-3.59796142578125
WTI Oil,Com_CrudeOil,tscv,2,2023-12-11,3,PatchTST,NLinear,70.76399993896484,76.46106719970703,-5.6970672607421875
WTI Oil,Com_CrudeOil,tscv,2,2023-12-18,4,PatchTST,NLinear,73.68599700927734,76.74671936035156,-3.0607223510742188
WTI Oil,Com_CrudeOil,tscv,2,2023-12-25,5,PatchTST,NLinear,73.2750015258789,78.28141021728516,-5.00640869140625
WTI Oil,Com_CrudeOil,tscv,2,2024-01-01,6,PatchTST,NLinear,72.2699966430664,79.98387145996094,-7.713874816894531
WTI Oil,Com_CrudeOil,tscv,2,2024-01-08,7,PatchTST,NLinear,71.9800033569336,77.73738098144531,-5.757377624511719
WTI Oil,Com_CrudeOil,tscv,2,2024-01-15,8,PatchTST,NLinear,72.99749755859375,77.9377212524414,-4.940223693847656
WTI Oil,Com_CrudeOil,tscv,2,2024-01-22,9,PatchTST,NLinear,75.79000091552734,77.83832550048828,-2.0483245849609375
WTI Oil,Com_CrudeOil,tscv,2,2024-01-29,10,PatchTST,NLinear,75.2239990234375,77.39630126953125,-2.17230224609375
WTI Oil,Com_CrudeOil,tscv,2,2024-02-05,11,PatchTST,NLinear,74.552001953125,78.7140884399414,-4.162086486816406
WTI Oil,Com_CrudeOil,tscv,2,2024-02-12,12,PatchTST,NLinear,77.04000091552734,79.02706146240234,-1.987060546875
WTI Oil,Com_CrudeOil,tscv,2,2023-11-27,1,PatchTST,XGBoost,75.99400329589844,73.16828918457031,2.825714111328125
WTI Oil,Com_CrudeOil,tscv,2,2023-12-04,2,PatchTST,XGBoost,71.30599975585938,70.345947265625,0.960052490234375
WTI Oil,Com_CrudeOil,tscv,2,2023-12-11,3,PatchTST,XGBoost,70.76399993896484,72.74827575683594,-1.9842758178710938
WTI Oil,Com_CrudeOil,tscv,2,2023-12-18,4,PatchTST,XGBoost,73.68599700927734,70.90231323242188,2.7836837768554688
WTI Oil,Com_CrudeOil,tscv,2,2023-12-25,5,PatchTST,XGBoost,73.2750015258789,71.39112854003906,1.8838729858398438
WTI Oil,Com_CrudeOil,tscv,2,2024-01-01,6,PatchTST,XGBoost,72.2699966430664,71.13487243652344,1.1351242065429688
WTI Oil,Com_CrudeOil,tscv,2,2024-01-08,7,PatchTST,XGBoost,71.9800033569336,73.37678527832031,-1.3967819213867188
WTI Oil,Com_CrudeOil,tscv,2,2024-01-15,8,PatchTST,XGBoost,72.99749755859375,74.56153869628906,-1.5640411376953125
WTI Oil,Com_CrudeOil,tscv,2,2024-01-22,9,PatchTST,XGBoost,75.79000091552734,76.21263122558594,-0.42263031005859375
WTI Oil,Com_CrudeOil,tscv,2,2024-01-29,10,PatchTST,XGBoost,75.2239990234375,75.9427490234375,-0.71875
WTI Oil,Com_CrudeOil,tscv,2,2024-02-05,11,PatchTST,XGBoost,74.552001953125,79.33848571777344,-4.7864837646484375
WTI Oil,Com_CrudeOil,tscv,2,2024-02-12,12,PatchTST,XGBoost,77.04000091552734,81.6810531616211,-4.64105224609375
WTI Oil,Com_CrudeOil,tscv,2,2023-11-27,1,PatchTST,LightGBM,75.99400329589844,72.95270538330078,3.0412979125976562
WTI Oil,Com_CrudeOil,tscv,2,2023-12-04,2,PatchTST,LightGBM,71.30599975585938,72.1696548461914,-0.8636550903320312
WTI Oil,Com_CrudeOil,tscv,2,2023-12-11,3,PatchTST,LightGBM,70.76399993896484,72.04756164550781,-1.2835617065429688
WTI Oil,Com_CrudeOil,tscv,2,2023-12-18,4,PatchTST,LightGBM,73.68599700927734,72.35220336914062,1.3337936401367188
WTI Oil,Com_CrudeOil,tscv,2,2023-12-25,5,PatchTST,LightGBM,73.2750015258789,71.56684112548828,1.708160400390625
WTI Oil,Com_CrudeOil,tscv,2,2024-01-01,6,PatchTST,LightGBM,72.2699966430664,70.32131958007812,1.9486770629882812
WTI Oil,Com_CrudeOil,tscv,2,2024-01-08,7,PatchTST,LightGBM,71.9800033569336,72.34728240966797,-0.367279052734375
WTI Oil,Com_CrudeOil,tscv,2,2024-01-15,8,PatchTST,LightGBM,72.99749755859375,73.80448150634766,-0.8069839477539062
WTI Oil,Com_CrudeOil,tscv,2,2024-01-22,9,PatchTST,LightGBM,75.79000091552734,74.43507385253906,1.3549270629882812
WTI Oil,Com_CrudeOil,tscv,2,2024-01-29,10,PatchTST,LightGBM,75.2239990234375,75.19792175292969,0.0260772705078125
WTI Oil,Com_CrudeOil,tscv,2,2024-02-05,11,PatchTST,LightGBM,74.552001953125,77.05298614501953,-2.5009841918945312
WTI Oil,Com_CrudeOil,tscv,2,2024-02-12,12,PatchTST,LightGBM,77.04000091552734,79.76871490478516,-2.7287139892578125
WTI Oil,Com_CrudeOil,tscv,3,2023-12-25,1,PatchTST,-,73.2750015258789,61.9465446472168,11.32845687866211
WTI Oil,Com_CrudeOil,tscv,3,2024-01-01,2,PatchTST,-,72.2699966430664,61.751190185546875,10.518806457519531
WTI Oil,Com_CrudeOil,tscv,3,2024-01-08,3,PatchTST,-,71.9800033569336,61.58263397216797,10.397369384765625
WTI Oil,Com_CrudeOil,tscv,3,2024-01-15,4,PatchTST,-,72.99749755859375,61.6440544128418,11.353443145751953
WTI Oil,Com_CrudeOil,tscv,3,2024-01-22,5,PatchTST,-,75.79000091552734,61.447635650634766,14.342365264892578
WTI Oil,Com_CrudeOil,tscv,3,2024-01-29,6,PatchTST,-,75.2239990234375,61.41333770751953,13.810661315917969
WTI Oil,Com_CrudeOil,tscv,3,2024-02-05,7,PatchTST,-,74.552001953125,61.23811721801758,13.313884735107422
WTI Oil,Com_CrudeOil,tscv,3,2024-02-12,8,PatchTST,-,77.04000091552734,60.99873352050781,16.04126739501953
WTI Oil,Com_CrudeOil,tscv,3,2024-02-19,9,PatchTST,-,76.98500061035156,61.0467414855957,15.93825912475586
WTI Oil,Com_CrudeOil,tscv,3,2024-02-26,10,PatchTST,-,77.93800354003906,60.89193344116211,17.046070098876953
WTI Oil,Com_CrudeOil,tscv,3,2024-03-04,11,PatchTST,-,77.96199798583984,60.788150787353516,17.173847198486328
WTI Oil,Com_CrudeOil,tscv,3,2024-03-11,12,PatchTST,-,79.08000183105469,60.73255157470703,18.347450256347656
WTI Oil,Com_CrudeOil,tscv,3,2023-12-25,1,PatchTST,NLinear,73.2750015258789,73.0778579711914,0.1971435546875
WTI Oil,Com_CrudeOil,tscv,3,2024-01-01,2,PatchTST,NLinear,72.2699966430664,72.999755859375,-0.7297592163085938
WTI Oil,Com_CrudeOil,tscv,3,2024-01-08,3,PatchTST,NLinear,71.9800033569336,73.435302734375,-1.4552993774414062
WTI Oil,Com_CrudeOil,tscv,3,2024-01-15,4,PatchTST,NLinear,72.99749755859375,75.0273666381836,-2.0298690795898438
WTI Oil,Com_CrudeOil,tscv,3,2024-01-22,5,PatchTST,NLinear,75.79000091552734,72.16514587402344,3.6248550415039062
WTI Oil,Com_CrudeOil,tscv,3,2024-01-29,6,PatchTST,NLinear,75.2239990234375,72.59548950195312,2.628509521484375
WTI Oil,Com_CrudeOil,tscv,3,2024-02-05,7,PatchTST,NLinear,74.552001953125,72.9742660522461,1.5777359008789062
WTI Oil,Com_CrudeOil,tscv,3,2024-02-12,8,PatchTST,NLinear,77.04000091552734,72.9489974975586,4.09100341796875
WTI Oil,Com_CrudeOil,tscv,3,2024-02-19,9,PatchTST,NLinear,76.98500061035156,72.04244232177734,4.942558288574219
WTI Oil,Com_CrudeOil,tscv,3,2024-02-26,10,PatchTST,NLinear,77.93800354003906,70.72076416015625,7.2172393798828125
WTI Oil,Com_CrudeOil,tscv,3,2024-03-04,11,PatchTST,NLinear,77.96199798583984,72.95335388183594,5.008644104003906
WTI Oil,Com_CrudeOil,tscv,3,2024-03-11,12,PatchTST,NLinear,79.08000183105469,71.47711944580078,7.602882385253906
WTI Oil,Com_CrudeOil,tscv,3,2023-12-25,1,PatchTST,XGBoost,73.2750015258789,66.76502227783203,6.509979248046875
WTI Oil,Com_CrudeOil,tscv,3,2024-01-01,2,PatchTST,XGBoost,72.2699966430664,66.39823150634766,5.87176513671875
WTI Oil,Com_CrudeOil,tscv,3,2024-01-08,3,PatchTST,XGBoost,71.9800033569336,65.55998992919922,6.420013427734375
WTI Oil,Com_CrudeOil,tscv,3,2024-01-15,4,PatchTST,XGBoost,72.99749755859375,62.03560256958008,10.961894989013672
WTI Oil,Com_CrudeOil,tscv,3,2024-01-22,5,PatchTST,XGBoost,75.79000091552734,60.44878387451172,15.341217041015625
WTI Oil,Com_CrudeOil,tscv,3,2024-01-29,6,PatchTST,XGBoost,75.2239990234375,58.71656036376953,16.50743865966797
WTI Oil,Com_CrudeOil,tscv,3,2024-02-05,7,PatchTST,XGBoost,74.552001953125,59.380123138427734,15.171878814697266
WTI Oil,Com_CrudeOil,tscv,3,2024-02-12,8,PatchTST,XGBoost,77.04000091552734,61.12678146362305,15.913219451904297
WTI Oil,Com_CrudeOil,tscv,3,2024-02-19,9,PatchTST,XGBoost,76.98500061035156,62.96854019165039,14.016460418701172
WTI Oil,Com_CrudeOil,tscv,3,2024-02-26,10,PatchTST,XGBoost,77.93800354003906,65.96945190429688,11.968551635742188
WTI Oil,Com_CrudeOil,tscv,3,2024-03-04,11,PatchTST,XGBoost,77.96199798583984,67.20640563964844,10.755592346191406
WTI Oil,Com_CrudeOil,tscv,3,2024-03-11,12,PatchTST,XGBoost,79.08000183105469,66.38206481933594,12.69793701171875
WTI Oil,Com_CrudeOil,tscv,3,2023-12-25,1,PatchTST,LightGBM,73.2750015258789,69.1631088256836,4.1118927001953125
WTI Oil,Com_CrudeOil,tscv,3,2024-01-01,2,PatchTST,LightGBM,72.2699966430664,66.89314270019531,5.376853942871094
WTI Oil,Com_CrudeOil,tscv,3,2024-01-08,3,PatchTST,LightGBM,71.9800033569336,63.77293395996094,8.207069396972656
WTI Oil,Com_CrudeOil,tscv,3,2024-01-15,4,PatchTST,LightGBM,72.99749755859375,59.37485122680664,13.62264633178711
WTI Oil,Com_CrudeOil,tscv,3,2024-01-22,5,PatchTST,LightGBM,75.79000091552734,58.7953987121582,16.99460220336914
WTI Oil,Com_CrudeOil,tscv,3,2024-01-29,6,PatchTST,LightGBM,75.2239990234375,57.07112121582031,18.152877807617188
WTI Oil,Com_CrudeOil,tscv,3,2024-02-05,7,PatchTST,LightGBM,74.552001953125,53.76299285888672,20.78900909423828
WTI Oil,Com_CrudeOil,tscv,3,2024-02-12,8,PatchTST,LightGBM,77.04000091552734,54.21714782714844,22.822853088378906
WTI Oil,Com_CrudeOil,tscv,3,2024-02-19,9,PatchTST,LightGBM,76.98500061035156,59.31211471557617,17.67288589477539
WTI Oil,Com_CrudeOil,tscv,3,2024-02-26,10,PatchTST,LightGBM,77.93800354003906,63.24944305419922,14.688560485839844
WTI Oil,Com_CrudeOil,tscv,3,2024-03-04,11,PatchTST,LightGBM,77.96199798583984,62.21048355102539,15.751514434814453
WTI Oil,Com_CrudeOil,tscv,3,2024-03-11,12,PatchTST,LightGBM,79.08000183105469,60.604339599609375,18.475662231445312
WTI Oil,Com_CrudeOil,tscv,4,2024-01-22,1,PatchTST,-,75.79000091552734,62.909725189208984,12.88027572631836
WTI Oil,Com_CrudeOil,tscv,4,2024-01-29,2,PatchTST,-,75.2239990234375,62.71573257446289,12.50826644897461
WTI Oil,Com_CrudeOil,tscv,4,2024-02-05,3,PatchTST,-,74.552001953125,62.76557159423828,11.786430358886719
WTI Oil,Com_CrudeOil,tscv,4,2024-02-12,4,PatchTST,-,77.04000091552734,62.46223831176758,14.577762603759766
WTI Oil,Com_CrudeOil,tscv,4,2024-02-19,5,PatchTST,-,76.98500061035156,62.41685104370117,14.56814956665039
WTI Oil,Com_CrudeOil,tscv,4,2024-02-26,6,PatchTST,-,77.93800354003906,62.33782196044922,15.600181579589844
WTI Oil,Com_CrudeOil,tscv,4,2024-03-04,7,PatchTST,-,77.96199798583984,62.12517547607422,15.836822509765625
WTI Oil,Com_CrudeOil,tscv,4,2024-03-11,8,PatchTST,-,79.08000183105469,62.09440612792969,16.985595703125
WTI Oil,Com_CrudeOil,tscv,4,2024-03-18,9,PatchTST,-,81.5719985961914,61.97332000732422,19.598678588867188
WTI Oil,Com_CrudeOil,tscv,4,2024-03-25,10,PatchTST,-,82.2426986694336,61.744972229003906,20.497726440429688
WTI Oil,Com_CrudeOil,tscv,4,2024-04-01,11,PatchTST,-,85.55799865722656,61.721744537353516,23.836254119873047
WTI Oil,Com_CrudeOil,tscv,4,2024-04-08,12,PatchTST,-,85.70999908447266,61.84342575073242,23.866573333740234
WTI Oil,Com_CrudeOil,tscv,4,2024-01-22,1,PatchTST,NLinear,75.79000091552734,71.91885375976562,3.8711471557617188
WTI Oil,Com_CrudeOil,tscv,4,2024-01-29,2,PatchTST,NLinear,75.2239990234375,76.26081085205078,-1.0368118286132812
WTI Oil,Com_CrudeOil,tscv,4,2024-02-05,3,PatchTST,NLinear,74.552001953125,73.88565826416016,0.6663436889648438
WTI Oil,Com_CrudeOil,tscv,4,2024-02-12,4,PatchTST,NLinear,77.04000091552734,73.488037109375,3.5519638061523438
WTI Oil,Com_CrudeOil,tscv,4,2024-02-19,5,PatchTST,NLinear,76.98500061035156,74.23892211914062,2.7460784912109375
WTI Oil,Com_CrudeOil,tscv,4,2024-02-26,6,PatchTST,NLinear,77.93800354003906,73.15443420410156,4.7835693359375
WTI Oil,Com_CrudeOil,tscv,4,2024-03-04,7,PatchTST,NLinear,77.96199798583984,72.74935913085938,5.212638854980469
WTI Oil,Com_CrudeOil,tscv,4,2024-03-11,8,PatchTST,NLinear,79.08000183105469,74.12136840820312,4.9586334228515625
WTI Oil,Com_CrudeOil,tscv,4,2024-03-18,9,PatchTST,NLinear,81.5719985961914,73.99650573730469,7.575492858886719
WTI Oil,Com_CrudeOil,tscv,4,2024-03-25,10,PatchTST,NLinear,82.2426986694336,70.413818359375,11.828880310058594
WTI Oil,Com_CrudeOil,tscv,4,2024-04-01,11,PatchTST,NLinear,85.55799865722656,71.91807556152344,13.639923095703125
WTI Oil,Com_CrudeOil,tscv,4,2024-04-08,12,PatchTST,NLinear,85.70999908447266,71.26693725585938,14.443061828613281
WTI Oil,Com_CrudeOil,tscv,4,2024-01-22,1,PatchTST,XGBoost,75.79000091552734,71.65090942382812,4.139091491699219
WTI Oil,Com_CrudeOil,tscv,4,2024-01-29,2,PatchTST,XGBoost,75.2239990234375,70.05211639404297,5.171882629394531
WTI Oil,Com_CrudeOil,tscv,4,2024-02-05,3,PatchTST,XGBoost,74.552001953125,67.14424896240234,7.407752990722656
WTI Oil,Com_CrudeOil,tscv,4,2024-02-12,4,PatchTST,XGBoost,77.04000091552734,63.56638717651367,13.473613739013672
WTI Oil,Com_CrudeOil,tscv,4,2024-02-19,5,PatchTST,XGBoost,76.98500061035156,57.896888732910156,19.088111877441406
WTI Oil,Com_CrudeOil,tscv,4,2024-02-26,6,PatchTST,XGBoost,77.93800354003906,56.06376647949219,21.874237060546875
WTI Oil,Com_CrudeOil,tscv,4,2024-03-04,7,PatchTST,XGBoost,77.96199798583984,55.456199645996094,22.50579833984375
WTI Oil,Com_CrudeOil,tscv,4,2024-03-11,8,PatchTST,XGBoost,79.08000183105469,55.21613311767578,23.863868713378906
WTI Oil,Com_CrudeOil,tscv,4,2024-03-18,9,PatchTST,XGBoost,81.5719985961914,58.2227783203125,23.349220275878906
WTI Oil,Com_CrudeOil,tscv,4,2024-03-25,10,PatchTST,XGBoost,82.2426986694336,55.513816833496094,26.7288818359375
WTI Oil,Com_CrudeOil,tscv,4,2024-04-01,11,PatchTST,XGBoost,85.55799865722656,57.896942138671875,27.661056518554688
WTI Oil,Com_CrudeOil,tscv,4,2024-04-08,12,PatchTST,XGBoost,85.70999908447266,55.100364685058594,30.609634399414062
WTI Oil,Com_CrudeOil,tscv,4,2024-01-22,1,PatchTST,LightGBM,75.79000091552734,72.109375,3.6806259155273438
WTI Oil,Com_CrudeOil,tscv,4,2024-01-29,2,PatchTST,LightGBM,75.2239990234375,69.88168334960938,5.342315673828125
WTI Oil,Com_CrudeOil,tscv,4,2024-02-05,3,PatchTST,LightGBM,74.552001953125,64.80756378173828,9.744438171386719
WTI Oil,Com_CrudeOil,tscv,4,2024-02-12,4,PatchTST,LightGBM,77.04000091552734,63.792236328125,13.247764587402344
WTI Oil,Com_CrudeOil,tscv,4,2024-02-19,5,PatchTST,LightGBM,76.98500061035156,59.69618225097656,17.288818359375
WTI Oil,Com_CrudeOil,tscv,4,2024-02-26,6,PatchTST,LightGBM,77.93800354003906,65.53742980957031,12.40057373046875
WTI Oil,Com_CrudeOil,tscv,4,2024-03-04,7,PatchTST,LightGBM,77.96199798583984,64.67955017089844,13.282447814941406
WTI Oil,Com_CrudeOil,tscv,4,2024-03-11,8,PatchTST,LightGBM,79.08000183105469,68.22335815429688,10.856643676757812
WTI Oil,Com_CrudeOil,tscv,4,2024-03-18,9,PatchTST,LightGBM,81.5719985961914,66.62516784667969,14.946830749511719
WTI Oil,Com_CrudeOil,tscv,4,2024-03-25,10,PatchTST,LightGBM,82.2426986694336,61.70686340332031,20.53583526611328
WTI Oil,Com_CrudeOil,tscv,4,2024-04-01,11,PatchTST,LightGBM,85.55799865722656,65.51903533935547,20.038963317871094
WTI Oil,Com_CrudeOil,tscv,4,2024-04-08,12,PatchTST,LightGBM,85.70999908447266,63.99700164794922,21.712997436523438
WTI Oil,Com_CrudeOil,tscv,5,2024-02-19,1,PatchTST,-,76.98500061035156,61.290870666503906,15.694129943847656
WTI Oil,Com_CrudeOil,tscv,5,2024-02-26,2,PatchTST,-,77.93800354003906,61.20835876464844,16.729644775390625
WTI Oil,Com_CrudeOil,tscv,5,2024-03-04,3,PatchTST,-,77.96199798583984,61.072776794433594,16.88922119140625
WTI Oil,Com_CrudeOil,tscv,5,2024-03-11,4,PatchTST,-,79.08000183105469,61.17520523071289,17.904796600341797
WTI Oil,Com_CrudeOil,tscv,5,2024-03-18,5,PatchTST,-,81.5719985961914,61.06837463378906,20.503623962402344
WTI Oil,Com_CrudeOil,tscv,5,2024-03-25,6,PatchTST,-,82.2426986694336,61.07290267944336,21.169795989990234
WTI Oil,Com_CrudeOil,tscv,5,2024-04-01,7,PatchTST,-,85.55799865722656,60.92396545410156,24.634033203125
WTI Oil,Com_CrudeOil,tscv,5,2024-04-08,8,PatchTST,-,85.70999908447266,60.955711364746094,24.754287719726562
WTI Oil,Com_CrudeOil,tscv,5,2024-04-15,9,PatchTST,-,83.74513244628906,60.90566635131836,22.839466094970703
WTI Oil,Com_CrudeOil,tscv,5,2024-04-22,10,PatchTST,-,83.15287780761719,60.811302185058594,22.341575622558594
WTI Oil,Com_CrudeOil,tscv,5,2024-04-29,11,PatchTST,-,80.14189910888672,60.96246337890625,19.17943572998047
WTI Oil,Com_CrudeOil,tscv,5,2024-05-06,12,PatchTST,-,78.67400360107422,60.737239837646484,17.936763763427734
WTI Oil,Com_CrudeOil,tscv,5,2024-02-19,1,PatchTST,NLinear,76.98500061035156,76.25463104248047,0.7303695678710938
WTI Oil,Com_CrudeOil,tscv,5,2024-02-26,2,PatchTST,NLinear,77.93800354003906,77.25604248046875,0.6819610595703125
WTI Oil,Com_CrudeOil,tscv,5,2024-03-04,3,PatchTST,NLinear,77.96199798583984,76.50700378417969,1.4549942016601562
WTI Oil,Com_CrudeOil,tscv,5,2024-03-11,4,PatchTST,NLinear,79.08000183105469,76.69367218017578,2.3863296508789062
WTI Oil,Com_CrudeOil,tscv,5,2024-03-18,5,PatchTST,NLinear,81.5719985961914,77.79231262207031,3.7796859741210938
WTI Oil,Com_CrudeOil,tscv,5,2024-03-25,6,PatchTST,NLinear,82.2426986694336,74.79965209960938,7.443046569824219
WTI Oil,Com_CrudeOil,tscv,5,2024-04-01,7,PatchTST,NLinear,85.55799865722656,74.36625671386719,11.191741943359375
WTI Oil,Com_CrudeOil,tscv,5,2024-04-08,8,PatchTST,NLinear,85.70999908447266,73.67303466796875,12.036964416503906
WTI Oil,Com_CrudeOil,tscv,5,2024-04-15,9,PatchTST,NLinear,83.74513244628906,71.86577606201172,11.879356384277344
WTI Oil,Com_CrudeOil,tscv,5,2024-04-22,10,PatchTST,NLinear,83.15287780761719,72.24057006835938,10.912307739257812
WTI Oil,Com_CrudeOil,tscv,5,2024-04-29,11,PatchTST,NLinear,80.14189910888672,76.67514038085938,3.4667587280273438
WTI Oil,Com_CrudeOil,tscv,5,2024-05-06,12,PatchTST,NLinear,78.67400360107422,73.29224395751953,5.3817596435546875
WTI Oil,Com_CrudeOil,tscv,5,2024-02-19,1,PatchTST,XGBoost,76.98500061035156,70.38186645507812,6.6031341552734375
WTI Oil,Com_CrudeOil,tscv,5,2024-02-26,2,PatchTST,XGBoost,77.93800354003906,67.80665588378906,10.13134765625
WTI Oil,Com_CrudeOil,tscv,5,2024-03-04,3,PatchTST,XGBoost,77.96199798583984,66.56465148925781,11.397346496582031
WTI Oil,Com_CrudeOil,tscv,5,2024-03-11,4,PatchTST,XGBoost,79.08000183105469,66.9986801147461,12.081321716308594
WTI Oil,Com_CrudeOil,tscv,5,2024-03-18,5,PatchTST,XGBoost,81.5719985961914,67.2647705078125,14.307228088378906
WTI Oil,Com_CrudeOil,tscv,5,2024-03-25,6,PatchTST,XGBoost,82.2426986694336,65.81600189208984,16.42669677734375
WTI Oil,Com_CrudeOil,tscv,5,2024-04-01,7,PatchTST,XGBoost,85.55799865722656,64.00191497802734,21.55608367919922
WTI Oil,Com_CrudeOil,tscv,5,2024-04-08,8,PatchTST,XGBoost,85.70999908447266,62.56979751586914,23.140201568603516
WTI Oil,Com_CrudeOil,tscv,5,2024-04-15,9,PatchTST,XGBoost,83.74513244628906,62.33415222167969,21.410980224609375
WTI Oil,Com_CrudeOil,tscv,5,2024-04-22,10,PatchTST,XGBoost,83.15287780761719,64.05621337890625,19.096664428710938
WTI Oil,Com_CrudeOil,tscv,5,2024-04-29,11,PatchTST,XGBoost,80.14189910888672,66.65827941894531,13.483619689941406
WTI Oil,Com_CrudeOil,tscv,5,2024-05-06,12,PatchTST,XGBoost,78.67400360107422,63.26719665527344,15.406806945800781
WTI Oil,Com_CrudeOil,tscv,5,2024-02-19,1,PatchTST,LightGBM,76.98500061035156,73.14131164550781,3.84368896484375
WTI Oil,Com_CrudeOil,tscv,5,2024-02-26,2,PatchTST,LightGBM,77.93800354003906,72.29119110107422,5.646812438964844
WTI Oil,Com_CrudeOil,tscv,5,2024-03-04,3,PatchTST,LightGBM,77.96199798583984,72.95306396484375,5.008934020996094
WTI Oil,Com_CrudeOil,tscv,5,2024-03-11,4,PatchTST,LightGBM,79.08000183105469,72.7110595703125,6.3689422607421875
WTI Oil,Com_CrudeOil,tscv,5,2024-03-18,5,PatchTST,LightGBM,81.5719985961914,73.41447448730469,8.157524108886719
WTI Oil,Com_CrudeOil,tscv,5,2024-03-25,6,PatchTST,LightGBM,82.2426986694336,69.45359802246094,12.789100646972656
WTI Oil,Com_CrudeOil,tscv,5,2024-04-01,7,PatchTST,LightGBM,85.55799865722656,68.45353698730469,17.104461669921875
WTI Oil,Com_CrudeOil,tscv,5,2024-04-08,8,PatchTST,LightGBM,85.70999908447266,66.23860931396484,19.471389770507812
WTI Oil,Com_CrudeOil,tscv,5,2024-04-15,9,PatchTST,LightGBM,83.74513244628906,64.53172302246094,19.213409423828125
WTI Oil,Com_CrudeOil,tscv,5,2024-04-22,10,PatchTST,LightGBM,83.15287780761719,63.974205017089844,19.178672790527344
WTI Oil,Com_CrudeOil,tscv,5,2024-04-29,11,PatchTST,LightGBM,80.14189910888672,62.70524978637695,17.436649322509766
WTI Oil,Com_CrudeOil,tscv,5,2024-05-06,12,PatchTST,LightGBM,78.67400360107422,63.87173843383789,14.802265167236328
WTI Oil,Com_CrudeOil,tscv,6,2024-03-18,1,PatchTST,-,81.5719985961914,66.02828216552734,15.543716430664062
WTI Oil,Com_CrudeOil,tscv,6,2024-03-25,2,PatchTST,-,82.2426986694336,65.85321044921875,16.389488220214844
WTI Oil,Com_CrudeOil,tscv,6,2024-04-01,3,PatchTST,-,85.55799865722656,65.8011245727539,19.756874084472656
WTI Oil,Com_CrudeOil,tscv,6,2024-04-08,4,PatchTST,-,85.70999908447266,65.92353820800781,19.786460876464844
WTI Oil,Com_CrudeOil,tscv,6,2024-04-15,5,PatchTST,-,83.74513244628906,65.5898208618164,18.155311584472656
WTI Oil,Com_CrudeOil,tscv,6,2024-04-22,6,PatchTST,-,83.15287780761719,65.67286682128906,17.480010986328125
WTI Oil,Com_CrudeOil,tscv,6,2024-04-29,7,PatchTST,-,80.14189910888672,65.71456909179688,14.427330017089844
WTI Oil,Com_CrudeOil,tscv,6,2024-05-06,8,PatchTST,-,78.67400360107422,65.76663970947266,12.907363891601562
WTI Oil,Com_CrudeOil,tscv,6,2024-05-13,9,PatchTST,-,78.81800079345703,65.43781280517578,13.38018798828125
WTI Oil,Com_CrudeOil,tscv,6,2024-05-20,10,PatchTST,-,78.02400207519531,65.54328155517578,12.480720520019531
WTI Oil,Com_CrudeOil,tscv,6,2024-05-27,11,PatchTST,-,78.5094985961914,65.56069946289062,12.948799133300781
WTI Oil,Com_CrudeOil,tscv,6,2024-06-03,12,PatchTST,-,74.52400207519531,65.53216552734375,8.991836547851562
WTI Oil,Com_CrudeOil,tscv,6,2024-03-18,1,PatchTST,NLinear,81.5719985961914,80.6990966796875,0.8729019165039062
WTI Oil,Com_CrudeOil,tscv,6,2024-03-25,2,PatchTST,NLinear,82.2426986694336,78.49066925048828,3.7520294189453125
WTI Oil,Com_CrudeOil,tscv,6,2024-04-01,3,PatchTST,NLinear,85.55799865722656,79.48494720458984,6.073051452636719
WTI Oil,Com_CrudeOil,tscv,6,2024-04-08,4,PatchTST,NLinear,85.70999908447266,79.743896484375,5.966102600097656
WTI Oil,Com_CrudeOil,tscv,6,2024-04-15,5,PatchTST,NLinear,83.74513244628906,81.66800689697266,2.0771255493164062
WTI Oil,Com_CrudeOil,tscv,6,2024-04-22,6,PatchTST,NLinear,83.15287780761719,79.49638366699219,3.656494140625
WTI Oil,Com_CrudeOil,tscv,6,2024-04-29,7,PatchTST,NLinear,80.14189910888672,75.12923431396484,5.012664794921875
WTI Oil,Com_CrudeOil,tscv,6,2024-05-06,8,PatchTST,NLinear,78.67400360107422,80.80931091308594,-2.1353073120117188
WTI Oil,Com_CrudeOil,tscv,6,2024-05-13,9,PatchTST,NLinear,78.81800079345703,78.0357437133789,0.782257080078125
WTI Oil,Com_CrudeOil,tscv,6,2024-05-20,10,PatchTST,NLinear,78.02400207519531,81.03787994384766,-3.0138778686523438
WTI Oil,Com_CrudeOil,tscv,6,2024-05-27,11,PatchTST,NLinear,78.5094985961914,80.6777114868164,-2.168212890625
WTI Oil,Com_CrudeOil,tscv,6,2024-06-03,12,PatchTST,NLinear,74.52400207519531,77.14015197753906,-2.61614990234375
WTI Oil,Com_CrudeOil,tscv,6,2024-03-18,1,PatchTST,XGBoost,81.5719985961914,84.81716918945312,-3.2451705932617188
WTI Oil,Com_CrudeOil,tscv,6,2024-03-25,2,PatchTST,XGBoost,82.2426986694336,80.90475463867188,1.3379440307617188
WTI Oil,Com_CrudeOil,tscv,6,2024-04-01,3,PatchTST,XGBoost,85.55799865722656,77.7138671875,7.8441314697265625
WTI Oil,Com_CrudeOil,tscv,6,2024-04-08,4,PatchTST,XGBoost,85.70999908447266,77.01836395263672,8.691635131835938
WTI Oil,Com_CrudeOil,tscv,6,2024-04-15,5,PatchTST,XGBoost,83.74513244628906,74.85031127929688,8.894821166992188
WTI Oil,Com_CrudeOil,tscv,6,2024-04-22,6,PatchTST,XGBoost,83.15287780761719,74.09843444824219,9.054443359375
WTI Oil,Com_CrudeOil,tscv,6,2024-04-29,7,PatchTST,XGBoost,80.14189910888672,74.97513580322266,5.1667633056640625
WTI Oil,Com_CrudeOil,tscv,6,2024-05-06,8,PatchTST,XGBoost,78.67400360107422,71.89363861083984,6.780364990234375
WTI Oil,Com_CrudeOil,tscv,6,2024-05-13,9,PatchTST,XGBoost,78.81800079345703,71.96086883544922,6.8571319580078125
WTI Oil,Com_CrudeOil,tscv,6,2024-05-20,10,PatchTST,XGBoost,78.02400207519531,76.19342803955078,1.8305740356445312
WTI Oil,Com_CrudeOil,tscv,6,2024-05-27,11,PatchTST,XGBoost,78.5094985961914,75.65730285644531,2.8521957397460938
WTI Oil,Com_CrudeOil,tscv,6,2024-06-03,12,PatchTST,XGBoost,74.52400207519531,74.72935485839844,-0.205352783203125
WTI Oil,Com_CrudeOil,tscv,6,2024-03-18,1,PatchTST,LightGBM,81.5719985961914,86.90047454833984,-5.3284759521484375
WTI Oil,Com_CrudeOil,tscv,6,2024-03-25,2,PatchTST,LightGBM,82.2426986694336,84.7817611694336,-2.5390625
WTI Oil,Com_CrudeOil,tscv,6,2024-04-01,3,PatchTST,LightGBM,85.55799865722656,84.68605041503906,0.8719482421875
WTI Oil,Com_CrudeOil,tscv,6,2024-04-08,4,PatchTST,LightGBM,85.70999908447266,81.39837646484375,4.311622619628906
WTI Oil,Com_CrudeOil,tscv,6,2024-04-15,5,PatchTST,LightGBM,83.74513244628906,81.02035522460938,2.7247772216796875
WTI Oil,Com_CrudeOil,tscv,6,2024-04-22,6,PatchTST,LightGBM,83.15287780761719,78.95488739013672,4.197990417480469
WTI Oil,Com_CrudeOil,tscv,6,2024-04-29,7,PatchTST,LightGBM,80.14189910888672,78.0071029663086,2.134796142578125
WTI Oil,Com_CrudeOil,tscv,6,2024-05-06,8,PatchTST,LightGBM,78.67400360107422,78.41020202636719,0.26380157470703125
WTI Oil,Com_CrudeOil,tscv,6,2024-05-13,9,PatchTST,LightGBM,78.81800079345703,81.7471923828125,-2.9291915893554688
WTI Oil,Com_CrudeOil,tscv,6,2024-05-20,10,PatchTST,LightGBM,78.02400207519531,80.11563873291016,-2.0916366577148438
WTI Oil,Com_CrudeOil,tscv,6,2024-05-27,11,PatchTST,LightGBM,78.5094985961914,82.31112670898438,-3.8016281127929688
WTI Oil,Com_CrudeOil,tscv,6,2024-06-03,12,PatchTST,LightGBM,74.52400207519531,82.05583953857422,-7.531837463378906
WTI Oil,Com_CrudeOil,tscv,7,2024-04-15,1,PatchTST,-,83.74513244628906,61.9183235168457,21.82680892944336
WTI Oil,Com_CrudeOil,tscv,7,2024-04-22,2,PatchTST,-,83.15287780761719,61.90778732299805,21.24509048461914
WTI Oil,Com_CrudeOil,tscv,7,2024-04-29,3,PatchTST,-,80.14189910888672,61.82166290283203,18.320236206054688
WTI Oil,Com_CrudeOil,tscv,7,2024-05-06,4,PatchTST,-,78.67400360107422,61.642093658447266,17.031909942626953
WTI Oil,Com_CrudeOil,tscv,7,2024-05-13,5,PatchTST,-,78.81800079345703,61.8236083984375,16.99439239501953
WTI Oil,Com_CrudeOil,tscv,7,2024-05-20,6,PatchTST,-,78.02400207519531,61.7878532409668,16.236148834228516
WTI Oil,Com_CrudeOil,tscv,7,2024-05-27,7,PatchTST,-,78.5094985961914,61.801944732666016,16.70755386352539
WTI Oil,Com_CrudeOil,tscv,7,2024-06-03,8,PatchTST,-,74.52400207519531,61.92372131347656,12.60028076171875
WTI Oil,Com_CrudeOil,tscv,7,2024-06-10,9,PatchTST,-,78.16200256347656,61.71172332763672,16.450279235839844
WTI Oil,Com_CrudeOil,tscv,7,2024-06-17,10,PatchTST,-,80.61250305175781,61.750999450683594,18.86150360107422
WTI Oil,Com_CrudeOil,tscv,7,2024-06-24,11,PatchTST,-,81.3280029296875,61.673492431640625,19.654510498046875
WTI Oil,Com_CrudeOil,tscv,7,2024-07-01,12,PatchTST,-,83.31356048583984,61.73575973510742,21.577800750732422
WTI Oil,Com_CrudeOil,tscv,7,2024-04-15,1,PatchTST,NLinear,83.74513244628906,85.49461364746094,-1.749481201171875
WTI Oil,Com_CrudeOil,tscv,7,2024-04-22,2,PatchTST,NLinear,83.15287780761719,85.72943878173828,-2.5765609741210938
WTI Oil,Com_CrudeOil,tscv,7,2024-04-29,3,PatchTST,NLinear,80.14189910888672,84.36260986328125,-4.220710754394531
WTI Oil,Com_CrudeOil,tscv,7,2024-05-06,4,PatchTST,NLinear,78.67400360107422,83.6314697265625,-4.957466125488281
WTI Oil,Com_CrudeOil,tscv,7,2024-05-13,5,PatchTST,NLinear,78.81800079345703,80.83445739746094,-2.0164566040039062
WTI Oil,Com_CrudeOil,tscv,7,2024-05-20,6,PatchTST,NLinear,78.02400207519531,79.83297729492188,-1.8089752197265625
WTI Oil,Com_CrudeOil,tscv,7,2024-05-27,7,PatchTST,NLinear,78.5094985961914,83.5841064453125,-5.074607849121094
WTI Oil,Com_CrudeOil,tscv,7,2024-06-03,8,PatchTST,NLinear,74.52400207519531,83.47381591796875,-8.949813842773438
WTI Oil,Com_CrudeOil,tscv,7,2024-06-10,9,PatchTST,NLinear,78.16200256347656,83.30065155029297,-5.138648986816406
WTI Oil,Com_CrudeOil,tscv,7,2024-06-17,10,PatchTST,NLinear,80.61250305175781,86.42097473144531,-5.8084716796875
WTI Oil,Com_CrudeOil,tscv,7,2024-06-24,11,PatchTST,NLinear,81.3280029296875,84.43927001953125,-3.11126708984375
WTI Oil,Com_CrudeOil,tscv,7,2024-07-01,12,PatchTST,NLinear,83.31356048583984,84.427001953125,-1.1134414672851562
WTI Oil,Com_CrudeOil,tscv,7,2024-04-15,1,PatchTST,XGBoost,83.74513244628906,85.36994934082031,-1.62481689453125
WTI Oil,Com_CrudeOil,tscv,7,2024-04-22,2,PatchTST,XGBoost,83.15287780761719,84.84111022949219,-1.688232421875
WTI Oil,Com_CrudeOil,tscv,7,2024-04-29,3,PatchTST,XGBoost,80.14189910888672,84.90916442871094,-4.767265319824219
WTI Oil,Com_CrudeOil,tscv,7,2024-05-06,4,PatchTST,XGBoost,78.67400360107422,84.82295989990234,-6.148956298828125
WTI Oil,Com_CrudeOil,tscv,7,2024-05-13,5,PatchTST,XGBoost,78.81800079345703,79.64787292480469,-0.8298721313476562
WTI Oil,Com_CrudeOil,tscv,7,2024-05-20,6,PatchTST,XGBoost,78.02400207519531,76.29949188232422,1.7245101928710938
WTI Oil,Com_CrudeOil,tscv,7,2024-05-27,7,PatchTST,XGBoost,78.5094985961914,72.97279357910156,5.536705017089844
WTI Oil,Com_CrudeOil,tscv,7,2024-06-03,8,PatchTST,XGBoost,74.52400207519531,74.29255676269531,0.2314453125
WTI Oil,Com_CrudeOil,tscv,7,2024-06-10,9,PatchTST,XGBoost,78.16200256347656,72.33897399902344,5.823028564453125
WTI Oil,Com_CrudeOil,tscv,7,2024-06-17,10,PatchTST,XGBoost,80.61250305175781,75.60540008544922,5.007102966308594
WTI Oil,Com_CrudeOil,tscv,7,2024-06-24,11,PatchTST,XGBoost,81.3280029296875,75.05520629882812,6.272796630859375
WTI Oil,Com_CrudeOil,tscv,7,2024-07-01,12,PatchTST,XGBoost,83.31356048583984,74.3021469116211,9.01141357421875
WTI Oil,Com_CrudeOil,tscv,7,2024-04-15,1,PatchTST,LightGBM,83.74513244628906,84.50758361816406,-0.762451171875
WTI Oil,Com_CrudeOil,tscv,7,2024-04-22,2,PatchTST,LightGBM,83.15287780761719,82.25688934326172,0.8959884643554688
WTI Oil,Com_CrudeOil,tscv,7,2024-04-29,3,PatchTST,LightGBM,80.14189910888672,78.25946044921875,1.8824386596679688
WTI Oil,Com_CrudeOil,tscv,7,2024-05-06,4,PatchTST,LightGBM,78.67400360107422,76.57151794433594,2.1024856567382812
WTI Oil,Com_CrudeOil,tscv,7,2024-05-13,5,PatchTST,LightGBM,78.81800079345703,74.23977661132812,4.578224182128906
WTI Oil,Com_CrudeOil,tscv,7,2024-05-20,6,PatchTST,LightGBM,78.02400207519531,75.28620147705078,2.7378005981445312
WTI Oil,Com_CrudeOil,tscv,7,2024-05-27,7,PatchTST,LightGBM,78.5094985961914,73.4326171875,5.076881408691406
WTI Oil,Com_CrudeOil,tscv,7,2024-06-03,8,PatchTST,LightGBM,74.52400207519531,70.78234100341797,3.7416610717773438
WTI Oil,Com_CrudeOil,tscv,7,2024-06-10,9,PatchTST,LightGBM,78.16200256347656,69.61320495605469,8.548797607421875
WTI Oil,Com_CrudeOil,tscv,7,2024-06-17,10,PatchTST,LightGBM,80.61250305175781,71.49464416503906,9.11785888671875
WTI Oil,Com_CrudeOil,tscv,7,2024-06-24,11,PatchTST,LightGBM,81.3280029296875,75.0750503540039,6.252952575683594
WTI Oil,Com_CrudeOil,tscv,7,2024-07-01,12,PatchTST,LightGBM,83.31356048583984,74.179931640625,9.133628845214844
WTI Oil,Com_CrudeOil,tscv,8,2024-05-13,1,PatchTST,-,78.81800079345703,64.68861389160156,14.129386901855469
WTI Oil,Com_CrudeOil,tscv,8,2024-05-20,2,PatchTST,-,78.02400207519531,64.582763671875,13.441238403320312
WTI Oil,Com_CrudeOil,tscv,8,2024-05-27,3,PatchTST,-,78.5094985961914,64.62889862060547,13.880599975585938
WTI Oil,Com_CrudeOil,tscv,8,2024-06-03,4,PatchTST,-,74.52400207519531,64.52926635742188,9.994735717773438
WTI Oil,Com_CrudeOil,tscv,8,2024-06-10,5,PatchTST,-,78.16200256347656,64.49642181396484,13.665580749511719
WTI Oil,Com_CrudeOil,tscv,8,2024-06-17,6,PatchTST,-,80.61250305175781,64.63260650634766,15.979896545410156
WTI Oil,Com_CrudeOil,tscv,8,2024-06-24,7,PatchTST,-,81.3280029296875,64.8214340209961,16.506568908691406
WTI Oil,Com_CrudeOil,tscv,8,2024-07-01,8,PatchTST,-,83.31356048583984,64.58429718017578,18.729263305664062
WTI Oil,Com_CrudeOil,tscv,8,2024-07-08,9,PatchTST,-,82.13400268554688,64.93252563476562,17.20147705078125
WTI Oil,Com_CrudeOil,tscv,8,2024-07-15,10,PatchTST,-,80.80999755859375,64.79985809326172,16.01013946533203
WTI Oil,Com_CrudeOil,tscv,8,2024-07-22,11,PatchTST,-,77.6780014038086,64.76799774169922,12.910003662109375
WTI Oil,Com_CrudeOil,tscv,8,2024-07-29,12,PatchTST,-,75.65599822998047,64.92218780517578,10.733810424804688
WTI Oil,Com_CrudeOil,tscv,8,2024-05-13,1,PatchTST,NLinear,78.81800079345703,80.12881469726562,-1.3108139038085938
WTI Oil,Com_CrudeOil,tscv,8,2024-05-20,2,PatchTST,NLinear,78.02400207519531,80.01821899414062,-1.9942169189453125
WTI Oil,Com_CrudeOil,tscv,8,2024-05-27,3,PatchTST,NLinear,78.5094985961914,80.41331481933594,-1.9038162231445312
WTI Oil,Com_CrudeOil,tscv,8,2024-06-03,4,PatchTST,NLinear,74.52400207519531,79.03684997558594,-4.512847900390625
WTI Oil,Com_CrudeOil,tscv,8,2024-06-10,5,PatchTST,NLinear,78.16200256347656,76.82769775390625,1.3343048095703125
WTI Oil,Com_CrudeOil,tscv,8,2024-06-17,6,PatchTST,NLinear,80.61250305175781,81.01256561279297,-0.40006256103515625
WTI Oil,Com_CrudeOil,tscv,8,2024-06-24,7,PatchTST,NLinear,81.3280029296875,80.65553283691406,0.6724700927734375
WTI Oil,Com_CrudeOil,tscv,8,2024-07-01,8,PatchTST,NLinear,83.31356048583984,80.17120361328125,3.1423568725585938
WTI Oil,Com_CrudeOil,tscv,8,2024-07-08,9,PatchTST,NLinear,82.13400268554688,82.22129821777344,-0.0872955322265625
WTI Oil,Com_CrudeOil,tscv,8,2024-07-15,10,PatchTST,NLinear,80.80999755859375,81.1259765625,-0.31597900390625
WTI Oil,Com_CrudeOil,tscv,8,2024-07-22,11,PatchTST,NLinear,77.6780014038086,79.43913269042969,-1.7611312866210938
WTI Oil,Com_CrudeOil,tscv,8,2024-07-29,12,PatchTST,NLinear,75.65599822998047,87.33967590332031,-11.683677673339844
WTI Oil,Com_CrudeOil,tscv,8,2024-05-13,1,PatchTST,XGBoost,78.81800079345703,90.29194641113281,-11.473945617675781
WTI Oil,Com_CrudeOil,tscv,8,2024-05-20,2,PatchTST,XGBoost,78.02400207519531,90.231689453125,-12.207687377929688
WTI Oil,Com_CrudeOil,tscv,8,2024-05-27,3,PatchTST,XGBoost,78.5094985961914,87.90841674804688,-9.398918151855469
WTI Oil,Com_CrudeOil,tscv,8,2024-06-03,4,PatchTST,XGBoost,74.52400207519531,88.37483215332031,-13.850830078125
WTI Oil,Com_CrudeOil,tscv,8,2024-06-10,5,PatchTST,XGBoost,78.16200256347656,87.64080810546875,-9.478805541992188
WTI Oil,Com_CrudeOil,tscv,8,2024-06-17,6,PatchTST,XGBoost,80.61250305175781,86.61058807373047,-5.998085021972656
WTI Oil,Com_CrudeOil,tscv,8,2024-06-24,7,PatchTST,XGBoost,81.3280029296875,84.61537170410156,-3.2873687744140625
WTI Oil,Com_CrudeOil,tscv,8,2024-07-01,8,PatchTST,XGBoost,83.31356048583984,81.04243469238281,2.2711257934570312
WTI Oil,Com_CrudeOil,tscv,8,2024-07-08,9,PatchTST,XGBoost,82.13400268554688,86.99199676513672,-4.857994079589844
WTI Oil,Com_CrudeOil,tscv,8,2024-07-15,10,PatchTST,XGBoost,80.80999755859375,81.47674560546875,-0.666748046875
WTI Oil,Com_CrudeOil,tscv,8,2024-07-22,11,PatchTST,XGBoost,77.6780014038086,81.14208984375,-3.4640884399414062
WTI Oil,Com_CrudeOil,tscv,8,2024-07-29,12,PatchTST,XGBoost,75.65599822998047,82.130859375,-6.474861145019531
WTI Oil,Com_CrudeOil,tscv,8,2024-05-13,1,PatchTST,LightGBM,78.81800079345703,86.35892486572266,-7.540924072265625
WTI Oil,Com_CrudeOil,tscv,8,2024-05-20,2,PatchTST,LightGBM,78.02400207519531,86.49462127685547,-8.470619201660156
WTI Oil,Com_CrudeOil,tscv,8,2024-05-27,3,PatchTST,LightGBM,78.5094985961914,85.96112060546875,-7.451622009277344
WTI Oil,Com_CrudeOil,tscv,8,2024-06-03,4,PatchTST,LightGBM,74.52400207519531,85.68797302246094,-11.163970947265625
WTI Oil,Com_CrudeOil,tscv,8,2024-06-10,5,PatchTST,LightGBM,78.16200256347656,84.50597381591797,-6.343971252441406
WTI Oil,Com_CrudeOil,tscv,8,2024-06-17,6,PatchTST,LightGBM,80.61250305175781,84.45060729980469,-3.838104248046875
WTI Oil,Com_CrudeOil,tscv,8,2024-06-24,7,PatchTST,LightGBM,81.3280029296875,85.339111328125,-4.0111083984375
WTI Oil,Com_CrudeOil,tscv,8,2024-07-01,8,PatchTST,LightGBM,83.31356048583984,83.69609832763672,-0.382537841796875
WTI Oil,Com_CrudeOil,tscv,8,2024-07-08,9,PatchTST,LightGBM,82.13400268554688,83.37859344482422,-1.2445907592773438
WTI Oil,Com_CrudeOil,tscv,8,2024-07-15,10,PatchTST,LightGBM,80.80999755859375,82.26787567138672,-1.4578781127929688
WTI Oil,Com_CrudeOil,tscv,8,2024-07-22,11,PatchTST,LightGBM,77.6780014038086,83.78021240234375,-6.102210998535156
WTI Oil,Com_CrudeOil,tscv,8,2024-07-29,12,PatchTST,LightGBM,75.65599822998047,83.72679901123047,-8.07080078125
WTI Oil,Com_CrudeOil,tscv,9,2024-06-10,1,PatchTST,-,78.16200256347656,62.20319366455078,15.958808898925781
WTI Oil,Com_CrudeOil,tscv,9,2024-06-17,2,PatchTST,-,80.61250305175781,62.37664794921875,18.235855102539062
WTI Oil,Com_CrudeOil,tscv,9,2024-06-24,3,PatchTST,-,81.3280029296875,62.162906646728516,19.165096282958984
WTI Oil,Com_CrudeOil,tscv,9,2024-07-01,4,PatchTST,-,83.31356048583984,62.01102828979492,21.302532196044922
WTI Oil,Com_CrudeOil,tscv,9,2024-07-08,5,PatchTST,-,82.13400268554688,62.21855163574219,19.915451049804688
WTI Oil,Com_CrudeOil,tscv,9,2024-07-15,6,PatchTST,-,80.80999755859375,62.107330322265625,18.702667236328125
WTI Oil,Com_CrudeOil,tscv,9,2024-07-22,7,PatchTST,-,77.6780014038086,62.089412689208984,15.58858871459961
WTI Oil,Com_CrudeOil,tscv,9,2024-07-29,8,PatchTST,-,75.65599822998047,62.142417907714844,13.513580322265625
WTI Oil,Com_CrudeOil,tscv,9,2024-08-05,9,PatchTST,-,74.87999725341797,62.02708435058594,12.852912902832031
WTI Oil,Com_CrudeOil,tscv,9,2024-08-12,10,PatchTST,-,77.58399963378906,62.12900924682617,15.45499038696289
WTI Oil,Com_CrudeOil,tscv,9,2024-08-19,11,PatchTST,-,73.31999969482422,62.14906311035156,11.170936584472656
WTI Oil,Com_CrudeOil,tscv,9,2024-08-26,12,PatchTST,-,75.38600158691406,62.06327438354492,13.32272720336914
WTI Oil,Com_CrudeOil,tscv,9,2024-06-10,1,PatchTST,NLinear,78.16200256347656,73.98992156982422,4.172080993652344
WTI Oil,Com_CrudeOil,tscv,9,2024-06-17,2,PatchTST,NLinear,80.61250305175781,75.34672546386719,5.265777587890625
WTI Oil,Com_CrudeOil,tscv,9,2024-06-24,3,PatchTST,NLinear,81.3280029296875,72.79422760009766,8.533775329589844
WTI Oil,Com_CrudeOil,tscv,9,2024-07-01,4,PatchTST,NLinear,83.31356048583984,73.08512878417969,10.228431701660156
WTI Oil,Com_CrudeOil,tscv,9,2024-07-08,5,PatchTST,NLinear,82.13400268554688,76.77182006835938,5.3621826171875
WTI Oil,Com_CrudeOil,tscv,9,2024-07-15,6,PatchTST,NLinear,80.80999755859375,74.03851318359375,6.771484375
WTI Oil,Com_CrudeOil,tscv,9,2024-07-22,7,PatchTST,NLinear,77.6780014038086,70.6859359741211,6.9920654296875
WTI Oil,Com_CrudeOil,tscv,9,2024-07-29,8,PatchTST,NLinear,75.65599822998047,76.0336685180664,-0.3776702880859375
WTI Oil,Com_CrudeOil,tscv,9,2024-08-05,9,PatchTST,NLinear,74.87999725341797,71.99030303955078,2.8896942138671875
WTI Oil,Com_CrudeOil,tscv,9,2024-08-12,10,PatchTST,NLinear,77.58399963378906,74.0862808227539,3.4977188110351562
WTI Oil,Com_CrudeOil,tscv,9,2024-08-19,11,PatchTST,NLinear,73.31999969482422,71.75086212158203,1.5691375732421875
WTI Oil,Com_CrudeOil,tscv,9,2024-08-26,12,PatchTST,NLinear,75.38600158691406,76.44393157958984,-1.0579299926757812
WTI Oil,Com_CrudeOil,tscv,9,2024-06-10,1,PatchTST,XGBoost,78.16200256347656,75.70246124267578,2.4595413208007812
WTI Oil,Com_CrudeOil,tscv,9,2024-06-17,2,PatchTST,XGBoost,80.61250305175781,73.45240783691406,7.16009521484375
WTI Oil,Com_CrudeOil,tscv,9,2024-06-24,3,PatchTST,XGBoost,81.3280029296875,70.64990997314453,10.678092956542969
WTI Oil,Com_CrudeOil,tscv,9,2024-07-01,4,PatchTST,XGBoost,83.31356048583984,68.99407196044922,14.319488525390625
WTI Oil,Com_CrudeOil,tscv,9,2024-07-08,5,PatchTST,XGBoost,82.13400268554688,69.92225646972656,12.211746215820312
WTI Oil,Com_CrudeOil,tscv,9,2024-07-15,6,PatchTST,XGBoost,80.80999755859375,70.10707092285156,10.702926635742188
WTI Oil,Com_CrudeOil,tscv,9,2024-07-22,7,PatchTST,XGBoost,77.6780014038086,68.95320892333984,8.72479248046875
WTI Oil,Com_CrudeOil,tscv,9,2024-07-29,8,PatchTST,XGBoost,75.65599822998047,68.4180908203125,7.237907409667969
WTI Oil,Com_CrudeOil,tscv,9,2024-08-05,9,PatchTST,XGBoost,74.87999725341797,64.68630981445312,10.193687438964844
WTI Oil,Com_CrudeOil,tscv,9,2024-08-12,10,PatchTST,XGBoost,77.58399963378906,65.64610290527344,11.937896728515625
WTI Oil,Com_CrudeOil,tscv,9,2024-08-19,11,PatchTST,XGBoost,73.31999969482422,62.59945297241211,10.72054672241211
WTI Oil,Com_CrudeOil,tscv,9,2024-08-26,12,PatchTST,XGBoost,75.38600158691406,63.93589782714844,11.450103759765625
WTI Oil,Com_CrudeOil,tscv,9,2024-06-10,1,PatchTST,LightGBM,78.16200256347656,76.83546447753906,1.3265380859375
WTI Oil,Com_CrudeOil,tscv,9,2024-06-17,2,PatchTST,LightGBM,80.61250305175781,75.25819396972656,5.35430908203125
WTI Oil,Com_CrudeOil,tscv,9,2024-06-24,3,PatchTST,LightGBM,81.3280029296875,72.32246398925781,9.005538940429688
WTI Oil,Com_CrudeOil,tscv,9,2024-07-01,4,PatchTST,LightGBM,83.31356048583984,71.36332702636719,11.950233459472656
WTI Oil,Com_CrudeOil,tscv,9,2024-07-08,5,PatchTST,LightGBM,82.13400268554688,71.06398010253906,11.070022583007812
WTI Oil,Com_CrudeOil,tscv,9,2024-07-15,6,PatchTST,LightGBM,80.80999755859375,69.08516693115234,11.724830627441406
WTI Oil,Com_CrudeOil,tscv,9,2024-07-22,7,PatchTST,LightGBM,77.6780014038086,67.56417083740234,10.11383056640625
WTI Oil,Com_CrudeOil,tscv,9,2024-07-29,8,PatchTST,LightGBM,75.65599822998047,69.45622253417969,6.199775695800781
WTI Oil,Com_CrudeOil,tscv,9,2024-08-05,9,PatchTST,LightGBM,74.87999725341797,66.65355682373047,8.2264404296875
WTI Oil,Com_CrudeOil,tscv,9,2024-08-12,10,PatchTST,LightGBM,77.58399963378906,67.18305206298828,10.400947570800781
WTI Oil,Com_CrudeOil,tscv,9,2024-08-19,11,PatchTST,LightGBM,73.31999969482422,68.24910736083984,5.070892333984375
WTI Oil,Com_CrudeOil,tscv,9,2024-08-26,12,PatchTST,LightGBM,75.38600158691406,66.01690673828125,9.369094848632812
WTI Oil,Com_CrudeOil,tscv,10,2024-07-08,1,PatchTST,-,82.13400268554688,65.43726348876953,16.696739196777344
WTI Oil,Com_CrudeOil,tscv,10,2024-07-15,2,PatchTST,-,80.80999755859375,65.44249725341797,15.367500305175781
WTI Oil,Com_CrudeOil,tscv,10,2024-07-22,3,PatchTST,-,77.6780014038086,65.55648803710938,12.121513366699219
WTI Oil,Com_CrudeOil,tscv,10,2024-07-29,4,PatchTST,-,75.65599822998047,65.45529174804688,10.200706481933594
WTI Oil,Com_CrudeOil,tscv,10,2024-08-05,5,PatchTST,-,74.87999725341797,65.42332458496094,9.456672668457031
WTI Oil,Com_CrudeOil,tscv,10,2024-08-12,6,PatchTST,-,77.58399963378906,65.48878479003906,12.09521484375
WTI Oil,Com_CrudeOil,tscv,10,2024-08-19,7,PatchTST,-,73.31999969482422,65.54443359375,7.775566101074219
WTI Oil,Com_CrudeOil,tscv,10,2024-08-26,8,PatchTST,-,75.38600158691406,65.23048400878906,10.155517578125
WTI Oil,Com_CrudeOil,tscv,10,2024-09-02,9,PatchTST,-,70.08424377441406,65.54901885986328,4.535224914550781
WTI Oil,Com_CrudeOil,tscv,10,2024-09-09,10,PatchTST,-,67.87799835205078,65.29487609863281,2.5831222534179688
WTI Oil,Com_CrudeOil,tscv,10,2024-09-16,11,PatchTST,-,70.41799926757812,65.53955078125,4.878448486328125
WTI Oil,Com_CrudeOil,tscv,10,2024-09-23,12,PatchTST,-,69.49400329589844,65.67092895507812,3.8230743408203125
WTI Oil,Com_CrudeOil,tscv,10,2024-07-08,1,PatchTST,NLinear,82.13400268554688,84.25780487060547,-2.1238021850585938
WTI Oil,Com_CrudeOil,tscv,10,2024-07-15,2,PatchTST,NLinear,80.80999755859375,84.02151489257812,-3.211517333984375
WTI Oil,Com_CrudeOil,tscv,10,2024-07-22,3,PatchTST,NLinear,77.6780014038086,85.3919677734375,-7.713966369628906
WTI Oil,Com_CrudeOil,tscv,10,2024-07-29,4,PatchTST,NLinear,75.65599822998047,84.21680450439453,-8.560806274414062
WTI Oil,Com_CrudeOil,tscv,10,2024-08-05,5,PatchTST,NLinear,74.87999725341797,84.74920654296875,-9.869209289550781
WTI Oil,Com_CrudeOil,tscv,10,2024-08-12,6,PatchTST,NLinear,77.58399963378906,85.5467300415039,-7.962730407714844
WTI Oil,Com_CrudeOil,tscv,10,2024-08-19,7,PatchTST,NLinear,73.31999969482422,83.53440856933594,-10.214408874511719
WTI Oil,Com_CrudeOil,tscv,10,2024-08-26,8,PatchTST,NLinear,75.38600158691406,82.5771713256836,-7.191169738769531
WTI Oil,Com_CrudeOil,tscv,10,2024-09-02,9,PatchTST,NLinear,70.08424377441406,83.11392211914062,-13.029678344726562
WTI Oil,Com_CrudeOil,tscv,10,2024-09-09,10,PatchTST,NLinear,67.87799835205078,81.92478942871094,-14.046791076660156
WTI Oil,Com_CrudeOil,tscv,10,2024-09-16,11,PatchTST,NLinear,70.41799926757812,81.65424346923828,-11.236244201660156
WTI Oil,Com_CrudeOil,tscv,10,2024-09-23,12,PatchTST,NLinear,69.49400329589844,79.86038208007812,-10.366378784179688
WTI Oil,Com_CrudeOil,tscv,10,2024-07-08,1,PatchTST,XGBoost,82.13400268554688,85.31388854980469,-3.1798858642578125
WTI Oil,Com_CrudeOil,tscv,10,2024-07-15,2,PatchTST,XGBoost,80.80999755859375,84.18336486816406,-3.3733673095703125
WTI Oil,Com_CrudeOil,tscv,10,2024-07-22,3,PatchTST,XGBoost,77.6780014038086,81.74932861328125,-4.071327209472656
WTI Oil,Com_CrudeOil,tscv,10,2024-07-29,4,PatchTST,XGBoost,75.65599822998047,84.23522186279297,-8.5792236328125
WTI Oil,Com_CrudeOil,tscv,10,2024-08-05,5,PatchTST,XGBoost,74.87999725341797,83.68018341064453,-8.800186157226562
WTI Oil,Com_CrudeOil,tscv,10,2024-08-12,6,PatchTST,XGBoost,77.58399963378906,80.74026489257812,-3.1562652587890625
WTI Oil,Com_CrudeOil,tscv,10,2024-08-19,7,PatchTST,XGBoost,73.31999969482422,80.42950439453125,-7.109504699707031
WTI Oil,Com_CrudeOil,tscv,10,2024-08-26,8,PatchTST,XGBoost,75.38600158691406,82.13884735107422,-6.752845764160156
WTI Oil,Com_CrudeOil,tscv,10,2024-09-02,9,PatchTST,XGBoost,70.08424377441406,79.77327728271484,-9.689033508300781
WTI Oil,Com_CrudeOil,tscv,10,2024-09-09,10,PatchTST,XGBoost,67.87799835205078,78.86186218261719,-10.983863830566406
WTI Oil,Com_CrudeOil,tscv,10,2024-09-16,11,PatchTST,XGBoost,70.41799926757812,75.06466674804688,-4.64666748046875
WTI Oil,Com_CrudeOil,tscv,10,2024-09-23,12,PatchTST,XGBoost,69.49400329589844,72.33596801757812,-2.8419647216796875
WTI Oil,Com_CrudeOil,tscv,10,2024-07-08,1,PatchTST,LightGBM,82.13400268554688,84.88729858398438,-2.7532958984375
WTI Oil,Com_CrudeOil,tscv,10,2024-07-15,2,PatchTST,LightGBM,80.80999755859375,84.3931884765625,-3.58319091796875
WTI Oil,Com_CrudeOil,tscv,10,2024-07-22,3,PatchTST,LightGBM,77.6780014038086,84.87091827392578,-7.1929168701171875
WTI Oil,Com_CrudeOil,tscv,10,2024-07-29,4,PatchTST,LightGBM,75.65599822998047,83.41844177246094,-7.762443542480469
WTI Oil,Com_CrudeOil,tscv,10,2024-08-05,5,PatchTST,LightGBM,74.87999725341797,82.55300903320312,-7.673011779785156
WTI Oil,Com_CrudeOil,tscv,10,2024-08-12,6,PatchTST,LightGBM,77.58399963378906,81.6915054321289,-4.107505798339844
WTI Oil,Com_CrudeOil,tscv,10,2024-08-19,7,PatchTST,LightGBM,73.31999969482422,83.05171203613281,-9.731712341308594
WTI Oil,Com_CrudeOil,tscv,10,2024-08-26,8,PatchTST,LightGBM,75.38600158691406,81.4508056640625,-6.0648040771484375
WTI Oil,Com_CrudeOil,tscv,10,2024-09-02,9,PatchTST,LightGBM,70.08424377441406,80.88912963867188,-10.804885864257812
WTI Oil,Com_CrudeOil,tscv,10,2024-09-09,10,PatchTST,LightGBM,67.87799835205078,80.89071655273438,-13.012718200683594
WTI Oil,Com_CrudeOil,tscv,10,2024-09-16,11,PatchTST,LightGBM,70.41799926757812,80.78709411621094,-10.369094848632812
WTI Oil,Com_CrudeOil,tscv,10,2024-09-23,12,PatchTST,LightGBM,69.49400329589844,80.53247833251953,-11.038475036621094
WTI Oil,Com_CrudeOil,tscv,11,2024-08-05,1,PatchTST,-,74.87999725341797,62.55378723144531,12.326210021972656
WTI Oil,Com_CrudeOil,tscv,11,2024-08-12,2,PatchTST,-,77.58399963378906,62.33893966674805,15.245059967041016
WTI Oil,Com_CrudeOil,tscv,11,2024-08-19,3,PatchTST,-,73.31999969482422,62.4709358215332,10.849063873291016
WTI Oil,Com_CrudeOil,tscv,11,2024-08-26,4,PatchTST,-,75.38600158691406,62.387855529785156,12.998146057128906
WTI Oil,Com_CrudeOil,tscv,11,2024-09-02,5,PatchTST,-,70.08424377441406,62.48823547363281,7.59600830078125
WTI Oil,Com_CrudeOil,tscv,11,2024-09-09,6,PatchTST,-,67.87799835205078,62.56589126586914,5.312107086181641
WTI Oil,Com_CrudeOil,tscv,11,2024-09-16,7,PatchTST,-,70.41799926757812,62.51251220703125,7.905487060546875
WTI Oil,Com_CrudeOil,tscv,11,2024-09-23,8,PatchTST,-,69.49400329589844,62.43661880493164,7.057384490966797
WTI Oil,Com_CrudeOil,tscv,11,2024-09-30,9,PatchTST,-,71.23799896240234,62.49827194213867,8.739727020263672
WTI Oil,Com_CrudeOil,tscv,11,2024-10-07,10,PatchTST,-,75.0719985961914,62.53485870361328,12.537139892578125
WTI Oil,Com_CrudeOil,tscv,11,2024-10-14,11,PatchTST,-,70.71600341796875,62.40913772583008,8.306865692138672
WTI Oil,Com_CrudeOil,tscv,11,2024-10-21,12,PatchTST,-,70.90399932861328,62.42890548706055,8.475093841552734
WTI Oil,Com_CrudeOil,tscv,11,2024-08-05,1,PatchTST,NLinear,74.87999725341797,76.05918884277344,-1.1791915893554688
WTI Oil,Com_CrudeOil,tscv,11,2024-08-12,2,PatchTST,NLinear,77.58399963378906,76.15501403808594,1.428985595703125
WTI Oil,Com_CrudeOil,tscv,11,2024-08-19,3,PatchTST,NLinear,73.31999969482422,73.62260437011719,-0.30260467529296875
WTI Oil,Com_CrudeOil,tscv,11,2024-08-26,4,PatchTST,NLinear,75.38600158691406,71.56256103515625,3.8234405517578125
WTI Oil,Com_CrudeOil,tscv,11,2024-09-02,5,PatchTST,NLinear,70.08424377441406,75.69757843017578,-5.613334655761719
WTI Oil,Com_CrudeOil,tscv,11,2024-09-09,6,PatchTST,NLinear,67.87799835205078,71.80858612060547,-3.9305877685546875
WTI Oil,Com_CrudeOil,tscv,11,2024-09-16,7,PatchTST,NLinear,70.41799926757812,72.45504760742188,-2.03704833984375
WTI Oil,Com_CrudeOil,tscv,11,2024-09-23,8,PatchTST,NLinear,69.49400329589844,73.69525146484375,-4.2012481689453125
WTI Oil,Com_CrudeOil,tscv,11,2024-09-30,9,PatchTST,NLinear,71.23799896240234,73.05524444580078,-1.8172454833984375
WTI Oil,Com_CrudeOil,tscv,11,2024-10-07,10,PatchTST,NLinear,75.0719985961914,71.16213989257812,3.9098587036132812
WTI Oil,Com_CrudeOil,tscv,11,2024-10-14,11,PatchTST,NLinear,70.71600341796875,72.3852767944336,-1.6692733764648438
WTI Oil,Com_CrudeOil,tscv,11,2024-10-21,12,PatchTST,NLinear,70.90399932861328,67.61720275878906,3.2867965698242188
WTI Oil,Com_CrudeOil,tscv,11,2024-08-05,1,PatchTST,XGBoost,74.87999725341797,79.11699676513672,-4.23699951171875
WTI Oil,Com_CrudeOil,tscv,11,2024-08-12,2,PatchTST,XGBoost,77.58399963378906,76.08556365966797,1.4984359741210938
WTI Oil,Com_CrudeOil,tscv,11,2024-08-19,3,PatchTST,XGBoost,73.31999969482422,67.68740844726562,5.632591247558594
WTI Oil,Com_CrudeOil,tscv,11,2024-08-26,4,PatchTST,XGBoost,75.38600158691406,70.07914733886719,5.306854248046875
WTI Oil,Com_CrudeOil,tscv,11,2024-09-02,5,PatchTST,XGBoost,70.08424377441406,71.81649780273438,-1.7322540283203125
WTI Oil,Com_CrudeOil,tscv,11,2024-09-09,6,PatchTST,XGBoost,67.87799835205078,72.4017562866211,-4.5237579345703125
WTI Oil,Com_CrudeOil,tscv,11,2024-09-16,7,PatchTST,XGBoost,70.41799926757812,68.95468139648438,1.46331787109375
WTI Oil,Com_CrudeOil,tscv,11,2024-09-23,8,PatchTST,XGBoost,69.49400329589844,67.80833435058594,1.6856689453125
WTI Oil,Com_CrudeOil,tscv,11,2024-09-30,9,PatchTST,XGBoost,71.23799896240234,66.88646697998047,4.351531982421875
WTI Oil,Com_CrudeOil,tscv,11,2024-10-07,10,PatchTST,XGBoost,75.0719985961914,66.3193130493164,8.752685546875
WTI Oil,Com_CrudeOil,tscv,11,2024-10-14,11,PatchTST,XGBoost,70.71600341796875,65.43141174316406,5.2845916748046875
WTI Oil,Com_CrudeOil,tscv,11,2024-10-21,12,PatchTST,XGBoost,70.90399932861328,63.354087829589844,7.5499114990234375
WTI Oil,Com_CrudeOil,tscv,11,2024-08-05,1,PatchTST,LightGBM,74.87999725341797,71.37590026855469,3.5040969848632812
WTI Oil,Com_CrudeOil,tscv,11,2024-08-12,2,PatchTST,LightGBM,77.58399963378906,69.04898071289062,8.535018920898438
WTI Oil,Com_CrudeOil,tscv,11,2024-08-19,3,PatchTST,LightGBM,73.31999969482422,69.02088165283203,4.2991180419921875
WTI Oil,Com_CrudeOil,tscv,11,2024-08-26,4,PatchTST,LightGBM,75.38600158691406,69.47654724121094,5.909454345703125
WTI Oil,Com_CrudeOil,tscv,11,2024-09-02,5,PatchTST,LightGBM,70.08424377441406,67.92503356933594,2.159210205078125
WTI Oil,Com_CrudeOil,tscv,11,2024-09-09,6,PatchTST,LightGBM,67.87799835205078,68.72845458984375,-0.8504562377929688
WTI Oil,Com_CrudeOil,tscv,11,2024-09-16,7,PatchTST,LightGBM,70.41799926757812,69.06332397460938,1.35467529296875
WTI Oil,Com_CrudeOil,tscv,11,2024-09-23,8,PatchTST,LightGBM,69.49400329589844,68.43449401855469,1.05950927734375
WTI Oil,Com_CrudeOil,tscv,11,2024-09-30,9,PatchTST,LightGBM,71.23799896240234,66.79769134521484,4.4403076171875
WTI Oil,Com_CrudeOil,tscv,11,2024-10-07,10,PatchTST,LightGBM,75.0719985961914,65.7187271118164,9.353271484375
WTI Oil,Com_CrudeOil,tscv,11,2024-10-14,11,PatchTST,LightGBM,70.71600341796875,63.272560119628906,7.443443298339844
WTI Oil,Com_CrudeOil,tscv,11,2024-10-21,12,PatchTST,LightGBM,70.90399932861328,63.33213806152344,7.571861267089844
WTI Oil,Com_CrudeOil,tscv,12,2024-09-02,1,PatchTST,-,70.08424377441406,66.34207153320312,3.7421722412109375
WTI Oil,Com_CrudeOil,tscv,12,2024-09-09,2,PatchTST,-,67.87799835205078,66.0846176147461,1.7933807373046875
WTI Oil,Com_CrudeOil,tscv,12,2024-09-16,3,PatchTST,-,70.41799926757812,66.06573486328125,4.352264404296875
WTI Oil,Com_CrudeOil,tscv,12,2024-09-23,4,PatchTST,-,69.49400329589844,66.2130126953125,3.2809906005859375
WTI Oil,Com_CrudeOil,tscv,12,2024-09-30,5,PatchTST,-,71.23799896240234,66.3119888305664,4.9260101318359375
WTI Oil,Com_CrudeOil,tscv,12,2024-10-07,6,PatchTST,-,75.0719985961914,66.1495361328125,8.922462463378906
WTI Oil,Com_CrudeOil,tscv,12,2024-10-14,7,PatchTST,-,70.71600341796875,66.08426666259766,4.631736755371094
WTI Oil,Com_CrudeOil,tscv,12,2024-10-21,8,PatchTST,-,70.90399932861328,66.10774230957031,4.796257019042969
WTI Oil,Com_CrudeOil,tscv,12,2024-10-28,9,PatchTST,-,68.38999938964844,66.06449890136719,2.32550048828125
WTI Oil,Com_CrudeOil,tscv,12,2024-11-04,10,PatchTST,-,71.5780029296875,66.10547637939453,5.472526550292969
WTI Oil,Com_CrudeOil,tscv,12,2024-11-11,11,PatchTST,-,68.04199981689453,66.22598266601562,1.8160171508789062
WTI Oil,Com_CrudeOil,tscv,12,2024-11-18,12,PatchTST,-,69.69999694824219,65.87458801269531,3.825408935546875
WTI Oil,Com_CrudeOil,tscv,12,2024-09-02,1,PatchTST,NLinear,70.08424377441406,72.73552703857422,-2.6512832641601562
WTI Oil,Com_CrudeOil,tscv,12,2024-09-09,2,PatchTST,NLinear,67.87799835205078,72.9570541381836,-5.0790557861328125
WTI Oil,Com_CrudeOil,tscv,12,2024-09-16,3,PatchTST,NLinear,70.41799926757812,75.2831802368164,-4.865180969238281
WTI Oil,Com_CrudeOil,tscv,12,2024-09-23,4,PatchTST,NLinear,69.49400329589844,75.378662109375,-5.8846588134765625
WTI Oil,Com_CrudeOil,tscv,12,2024-09-30,5,PatchTST,NLinear,71.23799896240234,76.67435455322266,-5.4363555908203125
WTI Oil,Com_CrudeOil,tscv,12,2024-10-07,6,PatchTST,NLinear,75.0719985961914,75.48490142822266,-0.41290283203125
WTI Oil,Com_CrudeOil,tscv,12,2024-10-14,7,PatchTST,NLinear,70.71600341796875,73.01559448242188,-2.299591064453125
WTI Oil,Com_CrudeOil,tscv,12,2024-10-21,8,PatchTST,NLinear,70.90399932861328,72.34831237792969,-1.4443130493164062
WTI Oil,Com_CrudeOil,tscv,12,2024-10-28,9,PatchTST,NLinear,68.38999938964844,76.94217681884766,-8.552177429199219
WTI Oil,Com_CrudeOil,tscv,12,2024-11-04,10,PatchTST,NLinear,71.5780029296875,76.90142822265625,-5.32342529296875
WTI Oil,Com_CrudeOil,tscv,12,2024-11-11,11,PatchTST,NLinear,68.04199981689453,77.19943237304688,-9.157432556152344
WTI Oil,Com_CrudeOil,tscv,12,2024-11-18,12,PatchTST,NLinear,69.69999694824219,74.31522369384766,-4.615226745605469
WTI Oil,Com_CrudeOil,tscv,12,2024-09-02,1,PatchTST,XGBoost,70.08424377441406,71.54682922363281,-1.46258544921875
WTI Oil,Com_CrudeOil,tscv,12,2024-09-09,2,PatchTST,XGBoost,67.87799835205078,72.20897674560547,-4.3309783935546875
WTI Oil,Com_CrudeOil,tscv,12,2024-09-16,3,PatchTST,XGBoost,70.41799926757812,76.12970733642578,-5.711708068847656
WTI Oil,Com_CrudeOil,tscv,12,2024-09-23,4,PatchTST,XGBoost,69.49400329589844,76.6332015991211,-7.139198303222656
WTI Oil,Com_CrudeOil,tscv,12,2024-09-30,5,PatchTST,XGBoost,71.23799896240234,75.26463317871094,-4.026634216308594
WTI Oil,Com_CrudeOil,tscv,12,2024-10-07,6,PatchTST,XGBoost,75.0719985961914,76.27442169189453,-1.202423095703125
WTI Oil,Com_CrudeOil,tscv,12,2024-10-14,7,PatchTST,XGBoost,70.71600341796875,77.77426147460938,-7.058258056640625
WTI Oil,Com_CrudeOil,tscv,12,2024-10-21,8,PatchTST,XGBoost,70.90399932861328,79.85314178466797,-8.949142456054688
WTI Oil,Com_CrudeOil,tscv,12,2024-10-28,9,PatchTST,XGBoost,68.38999938964844,78.06535339355469,-9.67535400390625
WTI Oil,Com_CrudeOil,tscv,12,2024-11-04,10,PatchTST,XGBoost,71.5780029296875,77.3656997680664,-5.787696838378906
WTI Oil,Com_CrudeOil,tscv,12,2024-11-11,11,PatchTST,XGBoost,68.04199981689453,79.81690979003906,-11.774909973144531
WTI Oil,Com_CrudeOil,tscv,12,2024-11-18,12,PatchTST,XGBoost,69.69999694824219,78.43853759765625,-8.738540649414062
WTI Oil,Com_CrudeOil,tscv,12,2024-09-02,1,PatchTST,LightGBM,70.08424377441406,76.16865539550781,-6.08441162109375
WTI Oil,Com_CrudeOil,tscv,12,2024-09-09,2,PatchTST,LightGBM,67.87799835205078,74.90162658691406,-7.023628234863281
WTI Oil,Com_CrudeOil,tscv,12,2024-09-16,3,PatchTST,LightGBM,70.41799926757812,75.1482925415039,-4.730293273925781
WTI Oil,Com_CrudeOil,tscv,12,2024-09-23,4,PatchTST,LightGBM,69.49400329589844,75.5936279296875,-6.0996246337890625
WTI Oil,Com_CrudeOil,tscv,12,2024-09-30,5,PatchTST,LightGBM,71.23799896240234,75.2620849609375,-4.024085998535156
WTI Oil,Com_CrudeOil,tscv,12,2024-10-07,6,PatchTST,LightGBM,75.0719985961914,73.68354034423828,1.388458251953125
WTI Oil,Com_CrudeOil,tscv,12,2024-10-14,7,PatchTST,LightGBM,70.71600341796875,74.67021179199219,-3.9542083740234375
WTI Oil,Com_CrudeOil,tscv,12,2024-10-21,8,PatchTST,LightGBM,70.90399932861328,73.81920623779297,-2.9152069091796875
WTI Oil,Com_CrudeOil,tscv,12,2024-10-28,9,PatchTST,LightGBM,68.38999938964844,75.46290588378906,-7.072906494140625
WTI Oil,Com_CrudeOil,tscv,12,2024-11-04,10,PatchTST,LightGBM,71.5780029296875,75.28817749023438,-3.710174560546875
WTI Oil,Com_CrudeOil,tscv,12,2024-11-11,11,PatchTST,LightGBM,68.04199981689453,76.62757873535156,-8.585578918457031
WTI Oil,Com_CrudeOil,tscv,12,2024-11-18,12,PatchTST,LightGBM,69.69999694824219,76.62274932861328,-6.922752380371094
WTI Oil,Com_CrudeOil,tscv,13,2024-09-30,1,PatchTST,-,71.23799896240234,68.9382095336914,2.2997894287109375
WTI Oil,Com_CrudeOil,tscv,13,2024-10-07,2,PatchTST,-,75.0719985961914,68.7982406616211,6.2737579345703125
WTI Oil,Com_CrudeOil,tscv,13,2024-10-14,3,PatchTST,-,70.71600341796875,68.73845672607422,1.9775466918945312
WTI Oil,Com_CrudeOil,tscv,13,2024-10-21,4,PatchTST,-,70.90399932861328,68.68321990966797,2.2207794189453125
WTI Oil,Com_CrudeOil,tscv,13,2024-10-28,5,PatchTST,-,68.38999938964844,68.6809310913086,-0.29093170166015625
WTI Oil,Com_CrudeOil,tscv,13,2024-11-04,6,PatchTST,-,71.5780029296875,68.7214584350586,2.8565444946289062
WTI Oil,Com_CrudeOil,tscv,13,2024-11-11,7,PatchTST,-,68.04199981689453,68.77500915527344,-0.7330093383789062
WTI Oil,Com_CrudeOil,tscv,13,2024-11-18,8,PatchTST,-,69.69999694824219,68.53288269042969,1.1671142578125
WTI Oil,Com_CrudeOil,tscv,13,2024-11-25,9,PatchTST,-,68.7181167602539,68.66244506835938,0.05567169189453125
WTI Oil,Com_CrudeOil,tscv,13,2024-12-02,10,PatchTST,-,68.11045837402344,68.5603256225586,-0.44986724853515625
WTI Oil,Com_CrudeOil,tscv,13,2024-12-09,11,PatchTST,-,70.1072006225586,68.31930541992188,1.7878952026367188
WTI Oil,Com_CrudeOil,tscv,13,2024-12-16,12,PatchTST,-,69.7302017211914,68.24430084228516,1.48590087890625
WTI Oil,Com_CrudeOil,tscv,13,2024-09-30,1,PatchTST,NLinear,71.23799896240234,67.80975341796875,3.4282455444335938
WTI Oil,Com_CrudeOil,tscv,13,2024-10-07,2,PatchTST,NLinear,75.0719985961914,68.15478515625,6.917213439941406
WTI Oil,Com_CrudeOil,tscv,13,2024-10-14,3,PatchTST,NLinear,70.71600341796875,66.79293060302734,3.9230728149414062
WTI Oil,Com_CrudeOil,tscv,13,2024-10-21,4,PatchTST,NLinear,70.90399932861328,69.84119415283203,1.06280517578125
WTI Oil,Com_CrudeOil,tscv,13,2024-10-28,5,PatchTST,NLinear,68.38999938964844,68.03758239746094,0.3524169921875
WTI Oil,Com_CrudeOil,tscv,13,2024-11-04,6,PatchTST,NLinear,71.5780029296875,69.62561798095703,1.9523849487304688
WTI Oil,Com_CrudeOil,tscv,13,2024-11-11,7,PatchTST,NLinear,68.04199981689453,68.06779479980469,-0.02579498291015625
WTI Oil,Com_CrudeOil,tscv,13,2024-11-18,8,PatchTST,NLinear,69.69999694824219,68.17536163330078,1.5246353149414062
WTI Oil,Com_CrudeOil,tscv,13,2024-11-25,9,PatchTST,NLinear,68.7181167602539,68.11458587646484,0.6035308837890625
WTI Oil,Com_CrudeOil,tscv,13,2024-12-02,10,PatchTST,NLinear,68.11045837402344,70.59115600585938,-2.4806976318359375
WTI Oil,Com_CrudeOil,tscv,13,2024-12-09,11,PatchTST,NLinear,70.1072006225586,69.64461517333984,0.46258544921875
WTI Oil,Com_CrudeOil,tscv,13,2024-12-16,12,PatchTST,NLinear,69.7302017211914,70.14115142822266,-0.41094970703125
WTI Oil,Com_CrudeOil,tscv,13,2024-09-30,1,PatchTST,XGBoost,71.23799896240234,66.5810317993164,4.6569671630859375
WTI Oil,Com_CrudeOil,tscv,13,2024-10-07,2,PatchTST,XGBoost,75.0719985961914,65.70403289794922,9.367965698242188
WTI Oil,Com_CrudeOil,tscv,13,2024-10-14,3,PatchTST,XGBoost,70.71600341796875,65.84628295898438,4.869720458984375
WTI Oil,Com_CrudeOil,tscv,13,2024-10-21,4,PatchTST,XGBoost,70.90399932861328,64.76516723632812,6.138832092285156
WTI Oil,Com_CrudeOil,tscv,13,2024-10-28,5,PatchTST,XGBoost,68.38999938964844,64.93897247314453,3.4510269165039062
WTI Oil,Com_CrudeOil,tscv,13,2024-11-04,6,PatchTST,XGBoost,71.5780029296875,63.03334426879883,8.544658660888672
WTI Oil,Com_CrudeOil,tscv,13,2024-11-11,7,PatchTST,XGBoost,68.04199981689453,61.19406509399414,6.847934722900391
WTI Oil,Com_CrudeOil,tscv,13,2024-11-18,8,PatchTST,XGBoost,69.69999694824219,62.03495788574219,7.6650390625
WTI Oil,Com_CrudeOil,tscv,13,2024-11-25,9,PatchTST,XGBoost,68.7181167602539,61.70658874511719,7.011528015136719
WTI Oil,Com_CrudeOil,tscv,13,2024-12-02,10,PatchTST,XGBoost,68.11045837402344,64.11829376220703,3.9921646118164062
WTI Oil,Com_CrudeOil,tscv,13,2024-12-09,11,PatchTST,XGBoost,70.1072006225586,62.3656005859375,7.741600036621094
WTI Oil,Com_CrudeOil,tscv,13,2024-12-16,12,PatchTST,XGBoost,69.7302017211914,60.794456481933594,8.935745239257812
WTI Oil,Com_CrudeOil,tscv,13,2024-09-30,1,PatchTST,LightGBM,71.23799896240234,65.97575378417969,5.262245178222656
WTI Oil,Com_CrudeOil,tscv,13,2024-10-07,2,PatchTST,LightGBM,75.0719985961914,65.0993423461914,9.97265625
WTI Oil,Com_CrudeOil,tscv,13,2024-10-14,3,PatchTST,LightGBM,70.71600341796875,65.69357299804688,5.022430419921875
WTI Oil,Com_CrudeOil,tscv,13,2024-10-21,4,PatchTST,LightGBM,70.90399932861328,65.31439208984375,5.589607238769531
WTI Oil,Com_CrudeOil,tscv,13,2024-10-28,5,PatchTST,LightGBM,68.38999938964844,65.49893951416016,2.8910598754882812
WTI Oil,Com_CrudeOil,tscv,13,2024-11-04,6,PatchTST,LightGBM,71.5780029296875,63.51045608520508,8.067546844482422
WTI Oil,Com_CrudeOil,tscv,13,2024-11-11,7,PatchTST,LightGBM,68.04199981689453,64.32492065429688,3.7170791625976562
WTI Oil,Com_CrudeOil,tscv,13,2024-11-18,8,PatchTST,LightGBM,69.69999694824219,64.3002700805664,5.399726867675781
WTI Oil,Com_CrudeOil,tscv,13,2024-11-25,9,PatchTST,LightGBM,68.7181167602539,64.88642883300781,3.8316879272460938
WTI Oil,Com_CrudeOil,tscv,13,2024-12-02,10,PatchTST,LightGBM,68.11045837402344,65.92469787597656,2.185760498046875
WTI Oil,Com_CrudeOil,tscv,13,2024-12-09,11,PatchTST,LightGBM,70.1072006225586,65.23960876464844,4.867591857910156
WTI Oil,Com_CrudeOil,tscv,13,2024-12-16,12,PatchTST,LightGBM,69.7302017211914,64.91862487792969,4.811576843261719
WTI Oil,Com_CrudeOil,tscv,14,2024-10-28,1,PatchTST,-,68.38999938964844,64.82708740234375,3.5629119873046875
WTI Oil,Com_CrudeOil,tscv,14,2024-11-04,2,PatchTST,-,71.5780029296875,64.92924499511719,6.6487579345703125
WTI Oil,Com_CrudeOil,tscv,14,2024-11-11,3,PatchTST,-,68.04199981689453,64.73373413085938,3.3082656860351562
WTI Oil,Com_CrudeOil,tscv,14,2024-11-18,4,PatchTST,-,69.69999694824219,64.74596405029297,4.954032897949219
WTI Oil,Com_CrudeOil,tscv,14,2024-11-25,5,PatchTST,-,68.7181167602539,64.68597412109375,4.032142639160156
WTI Oil,Com_CrudeOil,tscv,14,2024-12-02,6,PatchTST,-,68.11045837402344,64.7215347290039,3.3889236450195312
WTI Oil,Com_CrudeOil,tscv,14,2024-12-09,7,PatchTST,-,70.1072006225586,64.521484375,5.585716247558594
WTI Oil,Com_CrudeOil,tscv,14,2024-12-16,8,PatchTST,-,69.7302017211914,64.7229995727539,5.0072021484375
WTI Oil,Com_CrudeOil,tscv,14,2024-12-23,9,PatchTST,-,70.14910125732422,64.86418151855469,5.284919738769531
WTI Oil,Com_CrudeOil,tscv,14,2024-12-30,10,PatchTST,-,72.57513427734375,64.65187072753906,7.9232635498046875
WTI Oil,Com_CrudeOil,tscv,14,2025-01-06,11,PatchTST,-,74.95950317382812,64.32093811035156,10.638565063476562
WTI Oil,Com_CrudeOil,tscv,14,2025-01-13,12,PatchTST,-,78.02933502197266,64.42536926269531,13.603965759277344
WTI Oil,Com_CrudeOil,tscv,14,2024-10-28,1,PatchTST,NLinear,68.38999938964844,71.40986633300781,-3.019866943359375
WTI Oil,Com_CrudeOil,tscv,14,2024-11-04,2,PatchTST,NLinear,71.5780029296875,70.14268493652344,1.4353179931640625
WTI Oil,Com_CrudeOil,tscv,14,2024-11-11,3,PatchTST,NLinear,68.04199981689453,73.92769622802734,-5.8856964111328125
WTI Oil,Com_CrudeOil,tscv,14,2024-11-18,4,PatchTST,NLinear,69.69999694824219,71.4140853881836,-1.7140884399414062
WTI Oil,Com_CrudeOil,tscv,14,2024-11-25,5,PatchTST,NLinear,68.7181167602539,72.91018676757812,-4.192070007324219
WTI Oil,Com_CrudeOil,tscv,14,2024-12-02,6,PatchTST,NLinear,68.11045837402344,73.59815216064453,-5.487693786621094
WTI Oil,Com_CrudeOil,tscv,14,2024-12-09,7,PatchTST,NLinear,70.1072006225586,71.31208038330078,-1.2048797607421875
WTI Oil,Com_CrudeOil,tscv,14,2024-12-16,8,PatchTST,NLinear,69.7302017211914,73.73579406738281,-4.005592346191406
WTI Oil,Com_CrudeOil,tscv,14,2024-12-23,9,PatchTST,NLinear,70.14910125732422,72.23607635498047,-2.08697509765625
WTI Oil,Com_CrudeOil,tscv,14,2024-12-30,10,PatchTST,NLinear,72.57513427734375,72.06790924072266,0.5072250366210938
WTI Oil,Com_CrudeOil,tscv,14,2025-01-06,11,PatchTST,NLinear,74.95950317382812,76.72867584228516,-1.7691726684570312
WTI Oil,Com_CrudeOil,tscv,14,2025-01-13,12,PatchTST,NLinear,78.02933502197266,73.90557098388672,4.1237640380859375
WTI Oil,Com_CrudeOil,tscv,14,2024-10-28,1,PatchTST,XGBoost,68.38999938964844,70.25138854980469,-1.86138916015625
WTI Oil,Com_CrudeOil,tscv,14,2024-11-04,2,PatchTST,XGBoost,71.5780029296875,71.43156433105469,0.1464385986328125
WTI Oil,Com_CrudeOil,tscv,14,2024-11-11,3,PatchTST,XGBoost,68.04199981689453,71.35014343261719,-3.3081436157226562
WTI Oil,Com_CrudeOil,tscv,14,2024-11-18,4,PatchTST,XGBoost,69.69999694824219,70.22989654541016,-0.5298995971679688
WTI Oil,Com_CrudeOil,tscv,14,2024-11-25,5,PatchTST,XGBoost,68.7181167602539,68.93424987792969,-0.21613311767578125
WTI Oil,Com_CrudeOil,tscv,14,2024-12-02,6,PatchTST,XGBoost,68.11045837402344,69.15206146240234,-1.0416030883789062
WTI Oil,Com_CrudeOil,tscv,14,2024-12-09,7,PatchTST,XGBoost,70.1072006225586,70.11827087402344,-0.01107025146484375
WTI Oil,Com_CrudeOil,tscv,14,2024-12-16,8,PatchTST,XGBoost,69.7302017211914,68.22686004638672,1.5033416748046875
WTI Oil,Com_CrudeOil,tscv,14,2024-12-23,9,PatchTST,XGBoost,70.14910125732422,69.4829330444336,0.666168212890625
WTI Oil,Com_CrudeOil,tscv,14,2024-12-30,10,PatchTST,XGBoost,72.57513427734375,70.63543701171875,1.939697265625
WTI Oil,Com_CrudeOil,tscv,14,2025-01-06,11,PatchTST,XGBoost,74.95950317382812,68.49976348876953,6.459739685058594
WTI Oil,Com_CrudeOil,tscv,14,2025-01-13,12,PatchTST,XGBoost,78.02933502197266,67.63557434082031,10.393760681152344
WTI Oil,Com_CrudeOil,tscv,14,2024-10-28,1,PatchTST,LightGBM,68.38999938964844,69.88706970214844,-1.4970703125
WTI Oil,Com_CrudeOil,tscv,14,2024-11-04,2,PatchTST,LightGBM,71.5780029296875,69.62445068359375,1.95355224609375
WTI Oil,Com_CrudeOil,tscv,14,2024-11-11,3,PatchTST,LightGBM,68.04199981689453,68.59374237060547,-0.5517425537109375
WTI Oil,Com_CrudeOil,tscv,14,2024-11-18,4,PatchTST,LightGBM,69.69999694824219,68.70732879638672,0.9926681518554688
WTI Oil,Com_CrudeOil,tscv,14,2024-11-25,5,PatchTST,LightGBM,68.7181167602539,68.76830291748047,-0.0501861572265625
WTI Oil,Com_CrudeOil,tscv,14,2024-12-02,6,PatchTST,LightGBM,68.11045837402344,68.03274536132812,0.0777130126953125
WTI Oil,Com_CrudeOil,tscv,14,2024-12-09,7,PatchTST,LightGBM,70.1072006225586,66.75161743164062,3.3555831909179688
WTI Oil,Com_CrudeOil,tscv,14,2024-12-16,8,PatchTST,LightGBM,69.7302017211914,67.37480926513672,2.3553924560546875
WTI Oil,Com_CrudeOil,tscv,14,2024-12-23,9,PatchTST,LightGBM,70.14910125732422,67.92424774169922,2.224853515625
WTI Oil,Com_CrudeOil,tscv,14,2024-12-30,10,PatchTST,LightGBM,72.57513427734375,66.79938507080078,5.775749206542969
WTI Oil,Com_CrudeOil,tscv,14,2025-01-06,11,PatchTST,LightGBM,74.95950317382812,67.47526550292969,7.4842376708984375
WTI Oil,Com_CrudeOil,tscv,14,2025-01-13,12,PatchTST,LightGBM,78.02933502197266,67.4762191772461,10.553115844726562
WTI Oil,Com_CrudeOil,tscv,15,2024-11-25,1,PatchTST,-,68.7181167602539,65.52220916748047,3.1959075927734375
WTI Oil,Com_CrudeOil,tscv,15,2024-12-02,2,PatchTST,-,68.11045837402344,65.4151611328125,2.6952972412109375
WTI Oil,Com_CrudeOil,tscv,15,2024-12-09,3,PatchTST,-,70.1072006225586,65.47494506835938,4.632255554199219
WTI Oil,Com_CrudeOil,tscv,15,2024-12-16,4,PatchTST,-,69.7302017211914,65.39448547363281,4.335716247558594
WTI Oil,Com_CrudeOil,tscv,15,2024-12-23,5,PatchTST,-,70.14910125732422,65.37480163574219,4.774299621582031
WTI Oil,Com_CrudeOil,tscv,15,2024-12-30,6,PatchTST,-,72.57513427734375,65.40312194824219,7.1720123291015625
WTI Oil,Com_CrudeOil,tscv,15,2025-01-06,7,PatchTST,-,74.95950317382812,65.1285171508789,9.830986022949219
WTI Oil,Com_CrudeOil,tscv,15,2025-01-13,8,PatchTST,-,78.02933502197266,65.07698822021484,12.952346801757812
WTI Oil,Com_CrudeOil,tscv,15,2025-01-20,9,PatchTST,-,75.17753601074219,65.0338363647461,10.143699645996094
WTI Oil,Com_CrudeOil,tscv,15,2025-01-27,10,PatchTST,-,73.03900146484375,65.17047882080078,7.868522644042969
WTI Oil,Com_CrudeOil,tscv,15,2025-02-03,11,PatchTST,-,71.66098022460938,64.56405639648438,7.096923828125
WTI Oil,Com_CrudeOil,tscv,15,2025-02-10,12,PatchTST,-,71.62548065185547,64.67701721191406,6.948463439941406
WTI Oil,Com_CrudeOil,tscv,15,2024-11-25,1,PatchTST,NLinear,68.7181167602539,71.4854507446289,-2.767333984375
WTI Oil,Com_CrudeOil,tscv,15,2024-12-02,2,PatchTST,NLinear,68.11045837402344,70.91806030273438,-2.8076019287109375
WTI Oil,Com_CrudeOil,tscv,15,2024-12-09,3,PatchTST,NLinear,70.1072006225586,69.85601806640625,0.25118255615234375
WTI Oil,Com_CrudeOil,tscv,15,2024-12-16,4,PatchTST,NLinear,69.7302017211914,72.8343505859375,-3.1041488647460938
WTI Oil,Com_CrudeOil,tscv,15,2024-12-23,5,PatchTST,NLinear,70.14910125732422,69.08197021484375,1.0671310424804688
WTI Oil,Com_CrudeOil,tscv,15,2024-12-30,6,PatchTST,NLinear,72.57513427734375,70.5303955078125,2.04473876953125
WTI Oil,Com_CrudeOil,tscv,15,2025-01-06,7,PatchTST,NLinear,74.95950317382812,71.3973159790039,3.5621871948242188
WTI Oil,Com_CrudeOil,tscv,15,2025-01-13,8,PatchTST,NLinear,78.02933502197266,71.02859497070312,7.000740051269531
WTI Oil,Com_CrudeOil,tscv,15,2025-01-20,9,PatchTST,NLinear,75.17753601074219,72.40379333496094,2.77374267578125
WTI Oil,Com_CrudeOil,tscv,15,2025-01-27,10,PatchTST,NLinear,73.03900146484375,71.2169189453125,1.82208251953125
WTI Oil,Com_CrudeOil,tscv,15,2025-02-03,11,PatchTST,NLinear,71.66098022460938,73.6764907836914,-2.0155105590820312
WTI Oil,Com_CrudeOil,tscv,15,2025-02-10,12,PatchTST,NLinear,71.62548065185547,71.6663589477539,-0.0408782958984375
WTI Oil,Com_CrudeOil,tscv,15,2024-11-25,1,PatchTST,XGBoost,68.7181167602539,68.23114013671875,0.48697662353515625
WTI Oil,Com_CrudeOil,tscv,15,2024-12-02,2,PatchTST,XGBoost,68.11045837402344,69.32749938964844,-1.217041015625
WTI Oil,Com_CrudeOil,tscv,15,2024-12-09,3,PatchTST,XGBoost,70.1072006225586,68.89892578125,1.2082748413085938
WTI Oil,Com_CrudeOil,tscv,15,2024-12-16,4,PatchTST,XGBoost,69.7302017211914,69.49903869628906,0.23116302490234375
WTI Oil,Com_CrudeOil,tscv,15,2024-12-23,5,PatchTST,XGBoost,70.14910125732422,67.39936065673828,2.7497406005859375
WTI Oil,Com_CrudeOil,tscv,15,2024-12-30,6,PatchTST,XGBoost,72.57513427734375,69.20611572265625,3.3690185546875
WTI Oil,Com_CrudeOil,tscv,15,2025-01-06,7,PatchTST,XGBoost,74.95950317382812,68.4444351196289,6.515068054199219
WTI Oil,Com_CrudeOil,tscv,15,2025-01-13,8,PatchTST,XGBoost,78.02933502197266,70.85313415527344,7.176200866699219
WTI Oil,Com_CrudeOil,tscv,15,2025-01-20,9,PatchTST,XGBoost,75.17753601074219,71.78240203857422,3.3951339721679688
WTI Oil,Com_CrudeOil,tscv,15,2025-01-27,10,PatchTST,XGBoost,73.03900146484375,72.90697479248047,0.13202667236328125
WTI Oil,Com_CrudeOil,tscv,15,2025-02-03,11,PatchTST,XGBoost,71.66098022460938,74.54220581054688,-2.8812255859375
WTI Oil,Com_CrudeOil,tscv,15,2025-02-10,12,PatchTST,XGBoost,71.62548065185547,74.6046142578125,-2.9791336059570312
WTI Oil,Com_CrudeOil,tscv,15,2024-11-25,1,PatchTST,LightGBM,68.7181167602539,69.54608154296875,-0.8279647827148438
WTI Oil,Com_CrudeOil,tscv,15,2024-12-02,2,PatchTST,LightGBM,68.11045837402344,68.18783569335938,-0.0773773193359375
WTI Oil,Com_CrudeOil,tscv,15,2024-12-09,3,PatchTST,LightGBM,70.1072006225586,67.82456970214844,2.2826309204101562
WTI Oil,Com_CrudeOil,tscv,15,2024-12-16,4,PatchTST,LightGBM,69.7302017211914,67.63316345214844,2.0970382690429688
WTI Oil,Com_CrudeOil,tscv,15,2024-12-23,5,PatchTST,LightGBM,70.14910125732422,68.82713317871094,1.3219680786132812
WTI Oil,Com_CrudeOil,tscv,15,2024-12-30,6,PatchTST,LightGBM,72.57513427734375,69.2904281616211,3.2847061157226562
WTI Oil,Com_CrudeOil,tscv,15,2025-01-06,7,PatchTST,LightGBM,74.95950317382812,69.3781967163086,5.581306457519531
WTI Oil,Com_CrudeOil,tscv,15,2025-01-13,8,PatchTST,LightGBM,78.02933502197266,68.93545532226562,9.093879699707031
WTI Oil,Com_CrudeOil,tscv,15,2025-01-20,9,PatchTST,LightGBM,75.17753601074219,69.1378173828125,6.0397186279296875
WTI Oil,Com_CrudeOil,tscv,15,2025-01-27,10,PatchTST,LightGBM,73.03900146484375,71.6130142211914,1.4259872436523438
WTI Oil,Com_CrudeOil,tscv,15,2025-02-03,11,PatchTST,LightGBM,71.66098022460938,71.28601837158203,0.37496185302734375
WTI Oil,Com_CrudeOil,tscv,15,2025-02-10,12,PatchTST,LightGBM,71.62548065185547,72.07319641113281,-0.44771575927734375
WTI Oil,Com_CrudeOil,tscv,16,2024-12-23,1,PatchTST,-,70.14910125732422,66.40241241455078,3.7466888427734375
WTI Oil,Com_CrudeOil,tscv,16,2024-12-30,2,PatchTST,-,72.57513427734375,66.00656127929688,6.568572998046875
WTI Oil,Com_CrudeOil,tscv,16,2025-01-06,3,PatchTST,-,74.95950317382812,66.2448501586914,8.714653015136719
WTI Oil,Com_CrudeOil,tscv,16,2025-01-13,4,PatchTST,-,78.02933502197266,66.24970245361328,11.779632568359375
WTI Oil,Com_CrudeOil,tscv,16,2025-01-20,5,PatchTST,-,75.17753601074219,65.88030242919922,9.297233581542969
WTI Oil,Com_CrudeOil,tscv,16,2025-01-27,6,PatchTST,-,73.03900146484375,66.1727066040039,6.866294860839844
WTI Oil,Com_CrudeOil,tscv,16,2025-02-03,7,PatchTST,-,71.66098022460938,65.5507583618164,6.110221862792969
WTI Oil,Com_CrudeOil,tscv,16,2025-02-10,8,PatchTST,-,71.62548065185547,65.79414367675781,5.831336975097656
WTI Oil,Com_CrudeOil,tscv,16,2025-02-17,9,PatchTST,-,71.43208312988281,66.00424194335938,5.4278411865234375
WTI Oil,Com_CrudeOil,tscv,16,2025-02-24,10,PatchTST,-,69.6719970703125,65.56845092773438,4.103546142578125
WTI Oil,Com_CrudeOil,tscv,16,2025-03-03,11,PatchTST,-,67.26799774169922,65.66407012939453,1.6039276123046875
WTI Oil,Com_CrudeOil,tscv,16,2025-03-10,12,PatchTST,-,66.92066955566406,65.86555480957031,1.05511474609375
WTI Oil,Com_CrudeOil,tscv,16,2024-12-23,1,PatchTST,NLinear,70.14910125732422,70.18856048583984,-0.039459228515625
WTI Oil,Com_CrudeOil,tscv,16,2024-12-30,2,PatchTST,NLinear,72.57513427734375,70.34412384033203,2.2310104370117188
WTI Oil,Com_CrudeOil,tscv,16,2025-01-06,3,PatchTST,NLinear,74.95950317382812,70.32772827148438,4.63177490234375
WTI Oil,Com_CrudeOil,tscv,16,2025-01-13,4,PatchTST,NLinear,78.02933502197266,70.93099975585938,7.098335266113281
WTI Oil,Com_CrudeOil,tscv,16,2025-01-20,5,PatchTST,NLinear,75.17753601074219,70.80786895751953,4.369667053222656
WTI Oil,Com_CrudeOil,tscv,16,2025-01-27,6,PatchTST,NLinear,73.03900146484375,73.8356704711914,-0.7966690063476562
WTI Oil,Com_CrudeOil,tscv,16,2025-02-03,7,PatchTST,NLinear,71.66098022460938,69.92173767089844,1.7392425537109375
WTI Oil,Com_CrudeOil,tscv,16,2025-02-10,8,PatchTST,NLinear,71.62548065185547,70.26217651367188,1.3633041381835938
WTI Oil,Com_CrudeOil,tscv,16,2025-02-17,9,PatchTST,NLinear,71.43208312988281,71.01519012451172,0.41689300537109375
WTI Oil,Com_CrudeOil,tscv,16,2025-02-24,10,PatchTST,NLinear,69.6719970703125,74.03797149658203,-4.365974426269531
WTI Oil,Com_CrudeOil,tscv,16,2025-03-03,11,PatchTST,NLinear,67.26799774169922,73.70501708984375,-6.437019348144531
WTI Oil,Com_CrudeOil,tscv,16,2025-03-10,12,PatchTST,NLinear,66.92066955566406,75.59352111816406,-8.6728515625
WTI Oil,Com_CrudeOil,tscv,16,2024-12-23,1,PatchTST,XGBoost,70.14910125732422,70.41149139404297,-0.26239013671875
WTI Oil,Com_CrudeOil,tscv,16,2024-12-30,2,PatchTST,XGBoost,72.57513427734375,69.75927734375,2.81585693359375
WTI Oil,Com_CrudeOil,tscv,16,2025-01-06,3,PatchTST,XGBoost,74.95950317382812,68.33822631835938,6.62127685546875
WTI Oil,Com_CrudeOil,tscv,16,2025-01-13,4,PatchTST,XGBoost,78.02933502197266,68.52511596679688,9.504219055175781
WTI Oil,Com_CrudeOil,tscv,16,2025-01-20,5,PatchTST,XGBoost,75.17753601074219,68.65022277832031,6.527313232421875
WTI Oil,Com_CrudeOil,tscv,16,2025-01-27,6,PatchTST,XGBoost,73.03900146484375,70.15180969238281,2.8871917724609375
WTI Oil,Com_CrudeOil,tscv,16,2025-02-03,7,PatchTST,XGBoost,71.66098022460938,71.33013916015625,0.330841064453125
WTI Oil,Com_CrudeOil,tscv,16,2025-02-10,8,PatchTST,XGBoost,71.62548065185547,72.15625762939453,-0.5307769775390625
WTI Oil,Com_CrudeOil,tscv,16,2025-02-17,9,PatchTST,XGBoost,71.43208312988281,76.68717193603516,-5.255088806152344
WTI Oil,Com_CrudeOil,tscv,16,2025-02-24,10,PatchTST,XGBoost,69.6719970703125,77.17037963867188,-7.498382568359375
WTI Oil,Com_CrudeOil,tscv,16,2025-03-03,11,PatchTST,XGBoost,67.26799774169922,77.42832946777344,-10.160331726074219
WTI Oil,Com_CrudeOil,tscv,16,2025-03-10,12,PatchTST,XGBoost,66.92066955566406,76.818115234375,-9.897445678710938
WTI Oil,Com_CrudeOil,tscv,16,2024-12-23,1,PatchTST,LightGBM,70.14910125732422,70.78118133544922,-0.632080078125
WTI Oil,Com_CrudeOil,tscv,16,2024-12-30,2,PatchTST,LightGBM,72.57513427734375,70.60002899169922,1.9751052856445312
WTI Oil,Com_CrudeOil,tscv,16,2025-01-06,3,PatchTST,LightGBM,74.95950317382812,68.06599426269531,6.8935089111328125
WTI Oil,Com_CrudeOil,tscv,16,2025-01-13,4,PatchTST,LightGBM,78.02933502197266,68.04653930664062,9.982795715332031
WTI Oil,Com_CrudeOil,tscv,16,2025-01-20,5,PatchTST,LightGBM,75.17753601074219,67.32614135742188,7.8513946533203125
WTI Oil,Com_CrudeOil,tscv,16,2025-01-27,6,PatchTST,LightGBM,73.03900146484375,67.7188720703125,5.32012939453125
WTI Oil,Com_CrudeOil,tscv,16,2025-02-03,7,PatchTST,LightGBM,71.66098022460938,70.65953826904297,1.0014419555664062
WTI Oil,Com_CrudeOil,tscv,16,2025-02-10,8,PatchTST,LightGBM,71.62548065185547,71.26002502441406,0.36545562744140625
WTI Oil,Com_CrudeOil,tscv,16,2025-02-17,9,PatchTST,LightGBM,71.43208312988281,73.53650665283203,-2.1044235229492188
WTI Oil,Com_CrudeOil,tscv,16,2025-02-24,10,PatchTST,LightGBM,69.6719970703125,70.80233001708984,-1.1303329467773438
WTI Oil,Com_CrudeOil,tscv,16,2025-03-03,11,PatchTST,LightGBM,67.26799774169922,74.75935363769531,-7.491355895996094
WTI Oil,Com_CrudeOil,tscv,16,2025-03-10,12,PatchTST,LightGBM,66.92066955566406,74.73823547363281,-7.81756591796875
WTI Oil,Com_CrudeOil,tscv,17,2025-01-20,1,PatchTST,-,75.17753601074219,67.70924377441406,7.468292236328125
WTI Oil,Com_CrudeOil,tscv,17,2025-01-27,2,PatchTST,-,73.03900146484375,67.7337875366211,5.305213928222656
WTI Oil,Com_CrudeOil,tscv,17,2025-02-03,3,PatchTST,-,71.66098022460938,67.63994598388672,4.021034240722656
WTI Oil,Com_CrudeOil,tscv,17,2025-02-10,4,PatchTST,-,71.62548065185547,67.63349914550781,3.9919815063476562
WTI Oil,Com_CrudeOil,tscv,17,2025-02-17,5,PatchTST,-,71.43208312988281,67.39788055419922,4.034202575683594
WTI Oil,Com_CrudeOil,tscv,17,2025-02-24,6,PatchTST,-,69.6719970703125,67.58821105957031,2.0837860107421875
WTI Oil,Com_CrudeOil,tscv,17,2025-03-03,7,PatchTST,-,67.26799774169922,67.35132598876953,-0.0833282470703125
WTI Oil,Com_CrudeOil,tscv,17,2025-03-10,8,PatchTST,-,66.92066955566406,67.25605010986328,-0.33538055419921875
WTI Oil,Com_CrudeOil,tscv,17,2025-03-17,9,PatchTST,-,67.67898559570312,67.18101501464844,0.4979705810546875
WTI Oil,Com_CrudeOil,tscv,17,2025-03-24,10,PatchTST,-,69.34062957763672,67.2266616821289,2.1139678955078125
WTI Oil,Com_CrudeOil,tscv,17,2025-03-31,11,PatchTST,-,66.51853942871094,67.17185974121094,-0.6533203125
WTI Oil,Com_CrudeOil,tscv,17,2025-04-07,12,PatchTST,-,60.9921875,67.07311248779297,-6.080924987792969
WTI Oil,Com_CrudeOil,tscv,17,2025-01-20,1,PatchTST,NLinear,75.17753601074219,79.52950286865234,-4.351966857910156
WTI Oil,Com_CrudeOil,tscv,17,2025-01-27,2,PatchTST,NLinear,73.03900146484375,80.81768798828125,-7.7786865234375
WTI Oil,Com_CrudeOil,tscv,17,2025-02-03,3,PatchTST,NLinear,71.66098022460938,80.57453155517578,-8.913551330566406
WTI Oil,Com_CrudeOil,tscv,17,2025-02-10,4,PatchTST,NLinear,71.62548065185547,77.76276397705078,-6.1372833251953125
WTI Oil,Com_CrudeOil,tscv,17,2025-02-17,5,PatchTST,NLinear,71.43208312988281,77.3052978515625,-5.8732147216796875
WTI Oil,Com_CrudeOil,tscv,17,2025-02-24,6,PatchTST,NLinear,69.6719970703125,78.50143432617188,-8.829437255859375
WTI Oil,Com_CrudeOil,tscv,17,2025-03-03,7,PatchTST,NLinear,67.26799774169922,78.38297271728516,-11.114974975585938
WTI Oil,Com_CrudeOil,tscv,17,2025-03-10,8,PatchTST,NLinear,66.92066955566406,78.42475891113281,-11.50408935546875
WTI Oil,Com_CrudeOil,tscv,17,2025-03-17,9,PatchTST,NLinear,67.67898559570312,77.82813262939453,-10.149147033691406
WTI Oil,Com_CrudeOil,tscv,17,2025-03-24,10,PatchTST,NLinear,69.34062957763672,75.29652404785156,-5.955894470214844
WTI Oil,Com_CrudeOil,tscv,17,2025-03-31,11,PatchTST,NLinear,66.51853942871094,77.78787231445312,-11.269332885742188
WTI Oil,Com_CrudeOil,tscv,17,2025-04-07,12,PatchTST,NLinear,60.9921875,76.99398040771484,-16.001792907714844
WTI Oil,Com_CrudeOil,tscv,17,2025-01-20,1,PatchTST,XGBoost,75.17753601074219,76.51923370361328,-1.3416976928710938
WTI Oil,Com_CrudeOil,tscv,17,2025-01-27,2,PatchTST,XGBoost,73.03900146484375,75.46221160888672,-2.4232101440429688
WTI Oil,Com_CrudeOil,tscv,17,2025-02-03,3,PatchTST,XGBoost,71.66098022460938,74.44649505615234,-2.7855148315429688
WTI Oil,Com_CrudeOil,tscv,17,2025-02-10,4,PatchTST,XGBoost,71.62548065185547,71.58155059814453,0.0439300537109375
WTI Oil,Com_CrudeOil,tscv,17,2025-02-17,5,PatchTST,XGBoost,71.43208312988281,69.24055480957031,2.1915283203125
WTI Oil,Com_CrudeOil,tscv,17,2025-02-24,6,PatchTST,XGBoost,69.6719970703125,68.8106918334961,0.8613052368164062
WTI Oil,Com_CrudeOil,tscv,17,2025-03-03,7,PatchTST,XGBoost,67.26799774169922,67.75879669189453,-0.4907989501953125
WTI Oil,Com_CrudeOil,tscv,17,2025-03-10,8,PatchTST,XGBoost,66.92066955566406,64.9686050415039,1.9520645141601562
WTI Oil,Com_CrudeOil,tscv,17,2025-03-17,9,PatchTST,XGBoost,67.67898559570312,66.54280090332031,1.1361846923828125
WTI Oil,Com_CrudeOil,tscv,17,2025-03-24,10,PatchTST,XGBoost,69.34062957763672,64.22245788574219,5.118171691894531
WTI Oil,Com_CrudeOil,tscv,17,2025-03-31,11,PatchTST,XGBoost,66.51853942871094,61.2796630859375,5.2388763427734375
WTI Oil,Com_CrudeOil,tscv,17,2025-04-07,12,PatchTST,XGBoost,60.9921875,59.360328674316406,1.6318588256835938
WTI Oil,Com_CrudeOil,tscv,17,2025-01-20,1,PatchTST,LightGBM,75.17753601074219,75.32749938964844,-0.14996337890625
WTI Oil,Com_CrudeOil,tscv,17,2025-01-27,2,PatchTST,LightGBM,73.03900146484375,72.3627700805664,0.6762313842773438
WTI Oil,Com_CrudeOil,tscv,17,2025-02-03,3,PatchTST,LightGBM,71.66098022460938,73.28886413574219,-1.6278839111328125
WTI Oil,Com_CrudeOil,tscv,17,2025-02-10,4,PatchTST,LightGBM,71.62548065185547,69.92770385742188,1.6977767944335938
WTI Oil,Com_CrudeOil,tscv,17,2025-02-17,5,PatchTST,LightGBM,71.43208312988281,66.45880889892578,4.973274230957031
WTI Oil,Com_CrudeOil,tscv,17,2025-02-24,6,PatchTST,LightGBM,69.6719970703125,65.48863983154297,4.183357238769531
WTI Oil,Com_CrudeOil,tscv,17,2025-03-03,7,PatchTST,LightGBM,67.26799774169922,66.55479431152344,0.7132034301757812
WTI Oil,Com_CrudeOil,tscv,17,2025-03-10,8,PatchTST,LightGBM,66.92066955566406,65.56631469726562,1.3543548583984375
WTI Oil,Com_CrudeOil,tscv,17,2025-03-17,9,PatchTST,LightGBM,67.67898559570312,66.97949981689453,0.6994857788085938
WTI Oil,Com_CrudeOil,tscv,17,2025-03-24,10,PatchTST,LightGBM,69.34062957763672,67.14729309082031,2.1933364868164062
WTI Oil,Com_CrudeOil,tscv,17,2025-03-31,11,PatchTST,LightGBM,66.51853942871094,63.357017517089844,3.1615219116210938
WTI Oil,Com_CrudeOil,tscv,17,2025-04-07,12,PatchTST,LightGBM,60.9921875,60.7791633605957,0.21302413940429688
WTI Oil,Com_CrudeOil,tscv,18,2025-02-17,1,PatchTST,-,71.43208312988281,67.42144775390625,4.0106353759765625
WTI Oil,Com_CrudeOil,tscv,18,2025-02-24,2,PatchTST,-,69.6719970703125,67.27054595947266,2.4014511108398438
WTI Oil,Com_CrudeOil,tscv,18,2025-03-03,3,PatchTST,-,67.26799774169922,67.27667999267578,-0.0086822509765625
WTI Oil,Com_CrudeOil,tscv,18,2025-03-10,4,PatchTST,-,66.92066955566406,67.31886291503906,-0.398193359375
WTI Oil,Com_CrudeOil,tscv,18,2025-03-17,5,PatchTST,-,67.67898559570312,67.13018798828125,0.548797607421875
WTI Oil,Com_CrudeOil,tscv,18,2025-03-24,6,PatchTST,-,69.34062957763672,66.80840301513672,2.5322265625
WTI Oil,Com_CrudeOil,tscv,18,2025-03-31,7,PatchTST,-,66.51853942871094,66.71629333496094,-0.19775390625
WTI Oil,Com_CrudeOil,tscv,18,2025-04-07,8,PatchTST,-,60.9921875,66.85516357421875,-5.86297607421875
WTI Oil,Com_CrudeOil,tscv,18,2025-04-14,9,PatchTST,-,63.110198974609375,66.83346557617188,-3.7232666015625
WTI Oil,Com_CrudeOil,tscv,18,2025-04-21,10,PatchTST,-,62.90476989746094,66.14166259765625,-3.2368927001953125
WTI Oil,Com_CrudeOil,tscv,18,2025-04-28,11,PatchTST,-,58.91098403930664,66.41459655761719,-7.503612518310547
WTI Oil,Com_CrudeOil,tscv,18,2025-05-05,12,PatchTST,-,59.65278625488281,66.6631851196289,-7.010398864746094
WTI Oil,Com_CrudeOil,tscv,18,2025-02-17,1,PatchTST,NLinear,71.43208312988281,73.05116271972656,-1.61907958984375
WTI Oil,Com_CrudeOil,tscv,18,2025-02-24,2,PatchTST,NLinear,69.6719970703125,69.57484436035156,0.0971527099609375
WTI Oil,Com_CrudeOil,tscv,18,2025-03-03,3,PatchTST,NLinear,67.26799774169922,70.9534683227539,-3.6854705810546875
WTI Oil,Com_CrudeOil,tscv,18,2025-03-10,4,PatchTST,NLinear,66.92066955566406,73.97026824951172,-7.049598693847656
WTI Oil,Com_CrudeOil,tscv,18,2025-03-17,5,PatchTST,NLinear,67.67898559570312,70.29109191894531,-2.6121063232421875
WTI Oil,Com_CrudeOil,tscv,18,2025-03-24,6,PatchTST,NLinear,69.34062957763672,71.18389129638672,-1.84326171875
WTI Oil,Com_CrudeOil,tscv,18,2025-03-31,7,PatchTST,NLinear,66.51853942871094,72.60899353027344,-6.0904541015625
WTI Oil,Com_CrudeOil,tscv,18,2025-04-07,8,PatchTST,NLinear,60.9921875,73.22320556640625,-12.23101806640625
WTI Oil,Com_CrudeOil,tscv,18,2025-04-14,9,PatchTST,NLinear,63.110198974609375,71.56920623779297,-8.459007263183594
WTI Oil,Com_CrudeOil,tscv,18,2025-04-21,10,PatchTST,NLinear,62.90476989746094,72.30690002441406,-9.402130126953125
WTI Oil,Com_CrudeOil,tscv,18,2025-04-28,11,PatchTST,NLinear,58.91098403930664,71.95459747314453,-13.04361343383789
WTI Oil,Com_CrudeOil,tscv,18,2025-05-05,12,PatchTST,NLinear,59.65278625488281,72.5660629272461,-12.913276672363281
WTI Oil,Com_CrudeOil,tscv,18,2025-02-17,1,PatchTST,XGBoost,71.43208312988281,70.86376190185547,0.5683212280273438
WTI Oil,Com_CrudeOil,tscv,18,2025-02-24,2,PatchTST,XGBoost,69.6719970703125,70.47795104980469,-0.8059539794921875
WTI Oil,Com_CrudeOil,tscv,18,2025-03-03,3,PatchTST,XGBoost,67.26799774169922,69.5914306640625,-2.3234329223632812
WTI Oil,Com_CrudeOil,tscv,18,2025-03-10,4,PatchTST,XGBoost,66.92066955566406,70.69490814208984,-3.7742385864257812
WTI Oil,Com_CrudeOil,tscv,18,2025-03-17,5,PatchTST,XGBoost,67.67898559570312,71.45542907714844,-3.7764434814453125
WTI Oil,Com_CrudeOil,tscv,18,2025-03-24,6,PatchTST,XGBoost,69.34062957763672,71.689208984375,-2.3485794067382812
WTI Oil,Com_CrudeOil,tscv,18,2025-03-31,7,PatchTST,XGBoost,66.51853942871094,70.95188903808594,-4.433349609375
WTI Oil,Com_CrudeOil,tscv,18,2025-04-07,8,PatchTST,XGBoost,60.9921875,72.44949340820312,-11.457305908203125
WTI Oil,Com_CrudeOil,tscv,18,2025-04-14,9,PatchTST,XGBoost,63.110198974609375,73.46818542480469,-10.357986450195312
WTI Oil,Com_CrudeOil,tscv,18,2025-04-21,10,PatchTST,XGBoost,62.90476989746094,74.47775268554688,-11.572982788085938
WTI Oil,Com_CrudeOil,tscv,18,2025-04-28,11,PatchTST,XGBoost,58.91098403930664,73.2396011352539,-14.328617095947266
WTI Oil,Com_CrudeOil,tscv,18,2025-05-05,12,PatchTST,XGBoost,59.65278625488281,73.42962646484375,-13.776840209960938
WTI Oil,Com_CrudeOil,tscv,18,2025-02-17,1,PatchTST,LightGBM,71.43208312988281,71.40604400634766,0.02603912353515625
WTI Oil,Com_CrudeOil,tscv,18,2025-02-24,2,PatchTST,LightGBM,69.6719970703125,70.4732666015625,-0.80126953125
WTI Oil,Com_CrudeOil,tscv,18,2025-03-03,3,PatchTST,LightGBM,67.26799774169922,69.68971252441406,-2.4217147827148438
WTI Oil,Com_CrudeOil,tscv,18,2025-03-10,4,PatchTST,LightGBM,66.92066955566406,70.28977966308594,-3.369110107421875
WTI Oil,Com_CrudeOil,tscv,18,2025-03-17,5,PatchTST,LightGBM,67.67898559570312,69.78780364990234,-2.1088180541992188
WTI Oil,Com_CrudeOil,tscv,18,2025-03-24,6,PatchTST,LightGBM,69.34062957763672,69.77015686035156,-0.42952728271484375
WTI Oil,Com_CrudeOil,tscv,18,2025-03-31,7,PatchTST,LightGBM,66.51853942871094,70.9400405883789,-4.421501159667969
WTI Oil,Com_CrudeOil,tscv,18,2025-04-07,8,PatchTST,LightGBM,60.9921875,71.7076187133789,-10.715431213378906
WTI Oil,Com_CrudeOil,tscv,18,2025-04-14,9,PatchTST,LightGBM,63.110198974609375,69.86836242675781,-6.7581634521484375
WTI Oil,Com_CrudeOil,tscv,18,2025-04-21,10,PatchTST,LightGBM,62.90476989746094,68.08509826660156,-5.180328369140625
WTI Oil,Com_CrudeOil,tscv,18,2025-04-28,11,PatchTST,LightGBM,58.91098403930664,68.91222381591797,-10.001239776611328
WTI Oil,Com_CrudeOil,tscv,18,2025-05-05,12,PatchTST,LightGBM,59.65278625488281,69.93408966064453,-10.281303405761719
WTI Oil,Com_CrudeOil,tscv,19,2025-03-17,1,PatchTST,-,67.67898559570312,66.01403045654297,1.6649551391601562
WTI Oil,Com_CrudeOil,tscv,19,2025-03-24,2,PatchTST,-,69.34062957763672,65.96768188476562,3.3729476928710938
WTI Oil,Com_CrudeOil,tscv,19,2025-03-31,3,PatchTST,-,66.51853942871094,66.1377182006836,0.38082122802734375
WTI Oil,Com_CrudeOil,tscv,19,2025-04-07,4,PatchTST,-,60.9921875,66.18551635742188,-5.193328857421875
WTI Oil,Com_CrudeOil,tscv,19,2025-04-14,5,PatchTST,-,63.110198974609375,65.7179183959961,-2.6077194213867188
WTI Oil,Com_CrudeOil,tscv,19,2025-04-21,6,PatchTST,-,62.90476989746094,65.88749694824219,-2.98272705078125
WTI Oil,Com_CrudeOil,tscv,19,2025-04-28,7,PatchTST,-,58.91098403930664,65.77500915527344,-6.864025115966797
WTI Oil,Com_CrudeOil,tscv,19,2025-05-05,8,PatchTST,-,59.65278625488281,65.69652557373047,-6.043739318847656
WTI Oil,Com_CrudeOil,tscv,19,2025-05-12,9,PatchTST,-,62.43055725097656,65.443359375,-3.0128021240234375
WTI Oil,Com_CrudeOil,tscv,19,2025-05-19,10,PatchTST,-,61.70574188232422,65.58522033691406,-3.8794784545898438
WTI Oil,Com_CrudeOil,tscv,19,2025-05-26,11,PatchTST,-,61.3050422668457,65.5754623413086,-4.270420074462891
WTI Oil,Com_CrudeOil,tscv,19,2025-06-02,12,PatchTST,-,63.6950569152832,65.10687255859375,-1.4118156433105469
WTI Oil,Com_CrudeOil,tscv,19,2025-03-17,1,PatchTST,NLinear,67.67898559570312,64.0941162109375,3.584869384765625
WTI Oil,Com_CrudeOil,tscv,19,2025-03-24,2,PatchTST,NLinear,69.34062957763672,64.63035583496094,4.710273742675781
WTI Oil,Com_CrudeOil,tscv,19,2025-03-31,3,PatchTST,NLinear,66.51853942871094,65.48426055908203,1.0342788696289062
WTI Oil,Com_CrudeOil,tscv,19,2025-04-07,4,PatchTST,NLinear,60.9921875,65.4327621459961,-4.440574645996094
WTI Oil,Com_CrudeOil,tscv,19,2025-04-14,5,PatchTST,NLinear,63.110198974609375,67.1573715209961,-4.047172546386719
WTI Oil,Com_CrudeOil,tscv,19,2025-04-21,6,PatchTST,NLinear,62.90476989746094,66.28478240966797,-3.3800125122070312
WTI Oil,Com_CrudeOil,tscv,19,2025-04-28,7,PatchTST,NLinear,58.91098403930664,67.77372741699219,-8.862743377685547
WTI Oil,Com_CrudeOil,tscv,19,2025-05-05,8,PatchTST,NLinear,59.65278625488281,66.44552612304688,-6.7927398681640625
WTI Oil,Com_CrudeOil,tscv,19,2025-05-12,9,PatchTST,NLinear,62.43055725097656,67.64257049560547,-5.212013244628906
WTI Oil,Com_CrudeOil,tscv,19,2025-05-19,10,PatchTST,NLinear,61.70574188232422,69.4630126953125,-7.757270812988281
WTI Oil,Com_CrudeOil,tscv,19,2025-05-26,11,PatchTST,NLinear,61.3050422668457,68.92251586914062,-7.617473602294922
WTI Oil,Com_CrudeOil,tscv,19,2025-06-02,12,PatchTST,NLinear,63.6950569152832,69.45537567138672,-5.760318756103516
WTI Oil,Com_CrudeOil,tscv,19,2025-03-17,1,PatchTST,XGBoost,67.67898559570312,64.11243438720703,3.5665512084960938
WTI Oil,Com_CrudeOil,tscv,19,2025-03-24,2,PatchTST,XGBoost,69.34062957763672,64.15188598632812,5.188743591308594
WTI Oil,Com_CrudeOil,tscv,19,2025-03-31,3,PatchTST,XGBoost,66.51853942871094,63.99085998535156,2.527679443359375
WTI Oil,Com_CrudeOil,tscv,19,2025-04-07,4,PatchTST,XGBoost,60.9921875,66.46389770507812,-5.471710205078125
WTI Oil,Com_CrudeOil,tscv,19,2025-04-14,5,PatchTST,XGBoost,63.110198974609375,68.39481353759766,-5.284614562988281
WTI Oil,Com_CrudeOil,tscv,19,2025-04-21,6,PatchTST,XGBoost,62.90476989746094,69.81993103027344,-6.9151611328125
WTI Oil,Com_CrudeOil,tscv,19,2025-04-28,7,PatchTST,XGBoost,58.91098403930664,71.09375762939453,-12.18277359008789
WTI Oil,Com_CrudeOil,tscv,19,2025-05-05,8,PatchTST,XGBoost,59.65278625488281,72.10254669189453,-12.449760437011719
WTI Oil,Com_CrudeOil,tscv,19,2025-05-12,9,PatchTST,XGBoost,62.43055725097656,70.3092269897461,-7.878669738769531
WTI Oil,Com_CrudeOil,tscv,19,2025-05-19,10,PatchTST,XGBoost,61.70574188232422,70.27532196044922,-8.569580078125
WTI Oil,Com_CrudeOil,tscv,19,2025-05-26,11,PatchTST,XGBoost,61.3050422668457,69.92936706542969,-8.624324798583984
WTI Oil,Com_CrudeOil,tscv,19,2025-06-02,12,PatchTST,XGBoost,63.6950569152832,67.9000473022461,-4.204990386962891
WTI Oil,Com_CrudeOil,tscv,19,2025-03-17,1,PatchTST,LightGBM,67.67898559570312,64.00025939941406,3.6787261962890625
WTI Oil,Com_CrudeOil,tscv,19,2025-03-24,2,PatchTST,LightGBM,69.34062957763672,63.01008224487305,6.330547332763672
WTI Oil,Com_CrudeOil,tscv,19,2025-03-31,3,PatchTST,LightGBM,66.51853942871094,62.650333404541016,3.868206024169922
WTI Oil,Com_CrudeOil,tscv,19,2025-04-07,4,PatchTST,LightGBM,60.9921875,63.94982147216797,-2.9576339721679688
WTI Oil,Com_CrudeOil,tscv,19,2025-04-14,5,PatchTST,LightGBM,63.110198974609375,65.24585723876953,-2.1356582641601562
WTI Oil,Com_CrudeOil,tscv,19,2025-04-21,6,PatchTST,LightGBM,62.90476989746094,67.44474029541016,-4.539970397949219
WTI Oil,Com_CrudeOil,tscv,19,2025-04-28,7,PatchTST,LightGBM,58.91098403930664,68.01085662841797,-9.099872589111328
WTI Oil,Com_CrudeOil,tscv,19,2025-05-05,8,PatchTST,LightGBM,59.65278625488281,69.70140838623047,-10.048622131347656
WTI Oil,Com_CrudeOil,tscv,19,2025-05-12,9,PatchTST,LightGBM,62.43055725097656,68.36568450927734,-5.935127258300781
WTI Oil,Com_CrudeOil,tscv,19,2025-05-19,10,PatchTST,LightGBM,61.70574188232422,70.06201171875,-8.356269836425781
WTI Oil,Com_CrudeOil,tscv,19,2025-05-26,11,PatchTST,LightGBM,61.3050422668457,70.46627807617188,-9.161235809326172
WTI Oil,Com_CrudeOil,tscv,19,2025-06-02,12,PatchTST,LightGBM,63.6950569152832,69.87466430664062,-6.179607391357422
WTI Oil,Com_CrudeOil,tscv,20,2025-04-14,1,PatchTST,-,63.110198974609375,67.71207427978516,-4.601875305175781
WTI Oil,Com_CrudeOil,tscv,20,2025-04-21,2,PatchTST,-,62.90476989746094,67.72608184814453,-4.821311950683594
WTI Oil,Com_CrudeOil,tscv,20,2025-04-28,3,PatchTST,-,58.91098403930664,67.67632293701172,-8.765338897705078
WTI Oil,Com_CrudeOil,tscv,20,2025-05-05,4,PatchTST,-,59.65278625488281,67.58757781982422,-7.934791564941406
WTI Oil,Com_CrudeOil,tscv,20,2025-05-12,5,PatchTST,-,62.43055725097656,67.73155975341797,-5.301002502441406
WTI Oil,Com_CrudeOil,tscv,20,2025-05-19,6,PatchTST,-,61.70574188232422,67.47039031982422,-5.7646484375
WTI Oil,Com_CrudeOil,tscv,20,2025-05-26,7,PatchTST,-,61.3050422668457,67.43905639648438,-6.134014129638672
WTI Oil,Com_CrudeOil,tscv,20,2025-06-02,8,PatchTST,-,63.6950569152832,67.48474884033203,-3.789691925048828
WTI Oil,Com_CrudeOil,tscv,20,2025-06-09,9,PatchTST,-,69.44467163085938,67.37405395507812,2.07061767578125
WTI Oil,Com_CrudeOil,tscv,20,2025-06-16,10,PatchTST,-,73.4095687866211,67.23619079589844,6.173377990722656
WTI Oil,Com_CrudeOil,tscv,20,2025-06-23,11,PatchTST,-,65.62223052978516,67.14649200439453,-1.524261474609375
WTI Oil,Com_CrudeOil,tscv,20,2025-06-30,12,PatchTST,-,66.21095275878906,66.86300659179688,-0.6520538330078125
WTI Oil,Com_CrudeOil,tscv,20,2025-04-14,1,PatchTST,NLinear,63.110198974609375,60.587886810302734,2.5223121643066406
WTI Oil,Com_CrudeOil,tscv,20,2025-04-21,2,PatchTST,NLinear,62.90476989746094,60.20985794067383,2.6949119567871094
WTI Oil,Com_CrudeOil,tscv,20,2025-04-28,3,PatchTST,NLinear,58.91098403930664,63.35115051269531,-4.440166473388672
WTI Oil,Com_CrudeOil,tscv,20,2025-05-05,4,PatchTST,NLinear,59.65278625488281,63.57258605957031,-3.9197998046875
WTI Oil,Com_CrudeOil,tscv,20,2025-05-12,5,PatchTST,NLinear,62.43055725097656,66.69222259521484,-4.261665344238281
WTI Oil,Com_CrudeOil,tscv,20,2025-05-19,6,PatchTST,NLinear,61.70574188232422,67.22447204589844,-5.518730163574219
WTI Oil,Com_CrudeOil,tscv,20,2025-05-26,7,PatchTST,NLinear,61.3050422668457,65.51737213134766,-4.212329864501953
WTI Oil,Com_CrudeOil,tscv,20,2025-06-02,8,PatchTST,NLinear,63.6950569152832,66.98552703857422,-3.2904701232910156
WTI Oil,Com_CrudeOil,tscv,20,2025-06-09,9,PatchTST,NLinear,69.44467163085938,64.58015441894531,4.8645172119140625
WTI Oil,Com_CrudeOil,tscv,20,2025-06-16,10,PatchTST,NLinear,73.4095687866211,64.71343231201172,8.696136474609375
WTI Oil,Com_CrudeOil,tscv,20,2025-06-23,11,PatchTST,NLinear,65.62223052978516,63.53047561645508,2.091754913330078
WTI Oil,Com_CrudeOil,tscv,20,2025-06-30,12,PatchTST,NLinear,66.21095275878906,63.809242248535156,2.4017105102539062
WTI Oil,Com_CrudeOil,tscv,20,2025-04-14,1,PatchTST,XGBoost,63.110198974609375,62.16090393066406,0.9492950439453125
WTI Oil,Com_CrudeOil,tscv,20,2025-04-21,2,PatchTST,XGBoost,62.90476989746094,61.501136779785156,1.4036331176757812
WTI Oil,Com_CrudeOil,tscv,20,2025-04-28,3,PatchTST,XGBoost,58.91098403930664,64.88864135742188,-5.977657318115234
WTI Oil,Com_CrudeOil,tscv,20,2025-05-05,4,PatchTST,XGBoost,59.65278625488281,64.31006622314453,-4.657279968261719
WTI Oil,Com_CrudeOil,tscv,20,2025-05-12,5,PatchTST,XGBoost,62.43055725097656,62.851619720458984,-0.4210624694824219
WTI Oil,Com_CrudeOil,tscv,20,2025-05-19,6,PatchTST,XGBoost,61.70574188232422,64.58940887451172,-2.8836669921875
WTI Oil,Com_CrudeOil,tscv,20,2025-05-26,7,PatchTST,XGBoost,61.3050422668457,63.662899017333984,-2.3578567504882812
WTI Oil,Com_CrudeOil,tscv,20,2025-06-02,8,PatchTST,XGBoost,63.6950569152832,62.68602752685547,1.0090293884277344
WTI Oil,Com_CrudeOil,tscv,20,2025-06-09,9,PatchTST,XGBoost,69.44467163085938,64.16578674316406,5.2788848876953125
WTI Oil,Com_CrudeOil,tscv,20,2025-06-16,10,PatchTST,XGBoost,73.4095687866211,62.38166427612305,11.027904510498047
WTI Oil,Com_CrudeOil,tscv,20,2025-06-23,11,PatchTST,XGBoost,65.62223052978516,63.10331726074219,2.5189132690429688
WTI Oil,Com_CrudeOil,tscv,20,2025-06-30,12,PatchTST,XGBoost,66.21095275878906,59.94340515136719,6.267547607421875
WTI Oil,Com_CrudeOil,tscv,20,2025-04-14,1,PatchTST,LightGBM,63.110198974609375,62.45144271850586,0.6587562561035156
WTI Oil,Com_CrudeOil,tscv,20,2025-04-21,2,PatchTST,LightGBM,62.90476989746094,62.775108337402344,0.12966156005859375
WTI Oil,Com_CrudeOil,tscv,20,2025-04-28,3,PatchTST,LightGBM,58.91098403930664,66.29315948486328,-7.382175445556641
WTI Oil,Com_CrudeOil,tscv,20,2025-05-05,4,PatchTST,LightGBM,59.65278625488281,65.52127838134766,-5.868492126464844
WTI Oil,Com_CrudeOil,tscv,20,2025-05-12,5,PatchTST,LightGBM,62.43055725097656,64.85521697998047,-2.4246597290039062
WTI Oil,Com_CrudeOil,tscv,20,2025-05-19,6,PatchTST,LightGBM,61.70574188232422,64.0821304321289,-2.3763885498046875
WTI Oil,Com_CrudeOil,tscv,20,2025-05-26,7,PatchTST,LightGBM,61.3050422668457,62.566741943359375,-1.2616996765136719
WTI Oil,Com_CrudeOil,tscv,20,2025-06-02,8,PatchTST,LightGBM,63.6950569152832,60.93947219848633,2.755584716796875
WTI Oil,Com_CrudeOil,tscv,20,2025-06-09,9,PatchTST,LightGBM,69.44467163085938,58.490013122558594,10.954658508300781
WTI Oil,Com_CrudeOil,tscv,20,2025-06-16,10,PatchTST,LightGBM,73.4095687866211,60.72114562988281,12.688423156738281
WTI Oil,Com_CrudeOil,tscv,20,2025-06-23,11,PatchTST,LightGBM,65.62223052978516,59.55750274658203,6.064727783203125
WTI Oil,Com_CrudeOil,tscv,20,2025-06-30,12,PatchTST,LightGBM,66.21095275878906,58.07982635498047,8.131126403808594
WTI Oil,Com_CrudeOil,tscv,21,2025-05-12,1,PatchTST,-,62.43055725097656,65.07546997070312,-2.6449127197265625
WTI Oil,Com_CrudeOil,tscv,21,2025-05-19,2,PatchTST,-,61.70574188232422,65.12593841552734,-3.420196533203125
WTI Oil,Com_CrudeOil,tscv,21,2025-05-26,3,PatchTST,-,61.3050422668457,64.81414031982422,-3.5090980529785156
WTI Oil,Com_CrudeOil,tscv,21,2025-06-02,4,PatchTST,-,63.6950569152832,65.1349105834961,-1.4398536682128906
WTI Oil,Com_CrudeOil,tscv,21,2025-06-09,5,PatchTST,-,69.44467163085938,64.86004638671875,4.584625244140625
WTI Oil,Com_CrudeOil,tscv,21,2025-06-16,6,PatchTST,-,73.4095687866211,64.77163696289062,8.637931823730469
WTI Oil,Com_CrudeOil,tscv,21,2025-06-23,7,PatchTST,-,65.62223052978516,64.67329406738281,0.9489364624023438
WTI Oil,Com_CrudeOil,tscv,21,2025-06-30,8,PatchTST,-,66.21095275878906,64.82305145263672,1.3879013061523438
WTI Oil,Com_CrudeOil,tscv,21,2025-07-07,9,PatchTST,-,68.04521942138672,64.53839874267578,3.5068206787109375
WTI Oil,Com_CrudeOil,tscv,21,2025-07-14,10,PatchTST,-,66.42243194580078,64.45769500732422,1.9647369384765625
WTI Oil,Com_CrudeOil,tscv,21,2025-07-21,11,PatchTST,-,65.51323699951172,64.57939910888672,0.933837890625
WTI Oil,Com_CrudeOil,tscv,21,2025-07-28,12,PatchTST,-,68.28096771240234,64.15670776367188,4.124259948730469
WTI Oil,Com_CrudeOil,tscv,21,2025-05-12,1,PatchTST,NLinear,62.43055725097656,59.20856475830078,3.2219924926757812
WTI Oil,Com_CrudeOil,tscv,21,2025-05-19,2,PatchTST,NLinear,61.70574188232422,59.96358108520508,1.7421607971191406
WTI Oil,Com_CrudeOil,tscv,21,2025-05-26,3,PatchTST,NLinear,61.3050422668457,61.12334060668945,0.18170166015625
WTI Oil,Com_CrudeOil,tscv,21,2025-06-02,4,PatchTST,NLinear,63.6950569152832,60.048030853271484,3.6470260620117188
WTI Oil,Com_CrudeOil,tscv,21,2025-06-09,5,PatchTST,NLinear,69.44467163085938,60.44132614135742,9.003345489501953
WTI Oil,Com_CrudeOil,tscv,21,2025-06-16,6,PatchTST,NLinear,73.4095687866211,59.809181213378906,13.600387573242188
WTI Oil,Com_CrudeOil,tscv,21,2025-06-23,7,PatchTST,NLinear,65.62223052978516,59.62813186645508,5.994098663330078
WTI Oil,Com_CrudeOil,tscv,21,2025-06-30,8,PatchTST,NLinear,66.21095275878906,58.857364654541016,7.353588104248047
WTI Oil,Com_CrudeOil,tscv,21,2025-07-07,9,PatchTST,NLinear,68.04521942138672,59.44574737548828,8.599472045898438
WTI Oil,Com_CrudeOil,tscv,21,2025-07-14,10,PatchTST,NLinear,66.42243194580078,59.77558135986328,6.6468505859375
WTI Oil,Com_CrudeOil,tscv,21,2025-07-21,11,PatchTST,NLinear,65.51323699951172,60.980567932128906,4.5326690673828125
WTI Oil,Com_CrudeOil,tscv,21,2025-07-28,12,PatchTST,NLinear,68.28096771240234,57.93782424926758,10.343143463134766
WTI Oil,Com_CrudeOil,tscv,21,2025-05-12,1,PatchTST,XGBoost,62.43055725097656,58.958133697509766,3.472423553466797
WTI Oil,Com_CrudeOil,tscv,21,2025-05-19,2,PatchTST,XGBoost,61.70574188232422,58.90913009643555,2.796611785888672
WTI Oil,Com_CrudeOil,tscv,21,2025-05-26,3,PatchTST,XGBoost,61.3050422668457,59.37751770019531,1.9275245666503906
WTI Oil,Com_CrudeOil,tscv,21,2025-06-02,4,PatchTST,XGBoost,63.6950569152832,60.78311538696289,2.9119415283203125
WTI Oil,Com_CrudeOil,tscv,21,2025-06-09,5,PatchTST,XGBoost,69.44467163085938,61.587276458740234,7.857395172119141
WTI Oil,Com_CrudeOil,tscv,21,2025-06-16,6,PatchTST,XGBoost,73.4095687866211,62.066436767578125,11.343132019042969
WTI Oil,Com_CrudeOil,tscv,21,2025-06-23,7,PatchTST,XGBoost,65.62223052978516,61.758541107177734,3.863689422607422
WTI Oil,Com_CrudeOil,tscv,21,2025-06-30,8,PatchTST,XGBoost,66.21095275878906,61.66551208496094,4.545440673828125
WTI Oil,Com_CrudeOil,tscv,21,2025-07-07,9,PatchTST,XGBoost,68.04521942138672,60.4004020690918,7.644817352294922
WTI Oil,Com_CrudeOil,tscv,21,2025-07-14,10,PatchTST,XGBoost,66.42243194580078,59.31511688232422,7.1073150634765625
WTI Oil,Com_CrudeOil,tscv,21,2025-07-21,11,PatchTST,XGBoost,65.51323699951172,60.04420471191406,5.469032287597656
WTI Oil,Com_CrudeOil,tscv,21,2025-07-28,12,PatchTST,XGBoost,68.28096771240234,60.21780014038086,8.063167572021484
WTI Oil,Com_CrudeOil,tscv,21,2025-05-12,1,PatchTST,LightGBM,62.43055725097656,59.22515106201172,3.2054061889648438
WTI Oil,Com_CrudeOil,tscv,21,2025-05-19,2,PatchTST,LightGBM,61.70574188232422,58.606346130371094,3.099395751953125
WTI Oil,Com_CrudeOil,tscv,21,2025-05-26,3,PatchTST,LightGBM,61.3050422668457,58.88002395629883,2.425018310546875
WTI Oil,Com_CrudeOil,tscv,21,2025-06-02,4,PatchTST,LightGBM,63.6950569152832,60.20360565185547,3.4914512634277344
WTI Oil,Com_CrudeOil,tscv,21,2025-06-09,5,PatchTST,LightGBM,69.44467163085938,61.002655029296875,8.4420166015625
WTI Oil,Com_CrudeOil,tscv,21,2025-06-16,6,PatchTST,LightGBM,73.4095687866211,63.26372146606445,10.14584732055664
WTI Oil,Com_CrudeOil,tscv,21,2025-06-23,7,PatchTST,LightGBM,65.62223052978516,61.446380615234375,4.175849914550781
WTI Oil,Com_CrudeOil,tscv,21,2025-06-30,8,PatchTST,LightGBM,66.21095275878906,64.3294906616211,1.8814620971679688
WTI Oil,Com_CrudeOil,tscv,21,2025-07-07,9,PatchTST,LightGBM,68.04521942138672,65.1492919921875,2.8959274291992188
WTI Oil,Com_CrudeOil,tscv,21,2025-07-14,10,PatchTST,LightGBM,66.42243194580078,64.85765075683594,1.5647811889648438
WTI Oil,Com_CrudeOil,tscv,21,2025-07-21,11,PatchTST,LightGBM,65.51323699951172,64.29650115966797,1.21673583984375
WTI Oil,Com_CrudeOil,tscv,21,2025-07-28,12,PatchTST,LightGBM,68.28096771240234,60.78611755371094,7.494850158691406
WTI Oil,Com_CrudeOil,tscv,22,2025-06-09,1,PatchTST,-,69.44467163085938,66.97515106201172,2.4695205688476562
WTI Oil,Com_CrudeOil,tscv,22,2025-06-16,2,PatchTST,-,73.4095687866211,66.62373352050781,6.785835266113281
WTI Oil,Com_CrudeOil,tscv,22,2025-06-23,3,PatchTST,-,65.62223052978516,67.11756896972656,-1.4953384399414062
WTI Oil,Com_CrudeOil,tscv,22,2025-06-30,4,PatchTST,-,66.21095275878906,66.82693481445312,-0.6159820556640625
WTI Oil,Com_CrudeOil,tscv,22,2025-07-07,5,PatchTST,-,68.04521942138672,66.79593658447266,1.2492828369140625
WTI Oil,Com_CrudeOil,tscv,22,2025-07-14,6,PatchTST,-,66.42243194580078,66.82950592041016,-0.407073974609375
WTI Oil,Com_CrudeOil,tscv,22,2025-07-21,7,PatchTST,-,65.51323699951172,66.88235473632812,-1.3691177368164062
WTI Oil,Com_CrudeOil,tscv,22,2025-07-28,8,PatchTST,-,68.28096771240234,66.47096252441406,1.8100051879882812
WTI Oil,Com_CrudeOil,tscv,22,2025-08-04,9,PatchTST,-,64.51432037353516,66.274658203125,-1.7603378295898438
WTI Oil,Com_CrudeOil,tscv,22,2025-08-11,10,PatchTST,-,63.105133056640625,66.57655334472656,-3.4714202880859375
WTI Oil,Com_CrudeOil,tscv,22,2025-08-18,11,PatchTST,-,63.027198791503906,66.231689453125,-3.2044906616210938
WTI Oil,Com_CrudeOil,tscv,22,2025-08-25,12,PatchTST,-,64.09881591796875,66.32332611083984,-2.2245101928710938
WTI Oil,Com_CrudeOil,tscv,22,2025-06-09,1,PatchTST,NLinear,69.44467163085938,64.40625,5.038421630859375
WTI Oil,Com_CrudeOil,tscv,22,2025-06-16,2,PatchTST,NLinear,73.4095687866211,62.72848129272461,10.681087493896484
WTI Oil,Com_CrudeOil,tscv,22,2025-06-23,3,PatchTST,NLinear,65.62223052978516,64.20268249511719,1.4195480346679688
WTI Oil,Com_CrudeOil,tscv,22,2025-06-30,4,PatchTST,NLinear,66.21095275878906,63.86185073852539,2.349102020263672
WTI Oil,Com_CrudeOil,tscv,22,2025-07-07,5,PatchTST,NLinear,68.04521942138672,62.58686065673828,5.4583587646484375
WTI Oil,Com_CrudeOil,tscv,22,2025-07-14,6,PatchTST,NLinear,66.42243194580078,65.2535400390625,1.1688919067382812
WTI Oil,Com_CrudeOil,tscv,22,2025-07-21,7,PatchTST,NLinear,65.51323699951172,63.678306579589844,1.834930419921875
WTI Oil,Com_CrudeOil,tscv,22,2025-07-28,8,PatchTST,NLinear,68.28096771240234,63.120357513427734,5.160610198974609
WTI Oil,Com_CrudeOil,tscv,22,2025-08-04,9,PatchTST,NLinear,64.51432037353516,61.9478645324707,2.566455841064453
WTI Oil,Com_CrudeOil,tscv,22,2025-08-11,10,PatchTST,NLinear,63.105133056640625,63.002559661865234,0.10257339477539062
WTI Oil,Com_CrudeOil,tscv,22,2025-08-18,11,PatchTST,NLinear,63.027198791503906,63.51466751098633,-0.4874687194824219
WTI Oil,Com_CrudeOil,tscv,22,2025-08-25,12,PatchTST,NLinear,64.09881591796875,62.853309631347656,1.2455062866210938
WTI Oil,Com_CrudeOil,tscv,22,2025-06-09,1,PatchTST,XGBoost,69.44467163085938,62.17320251464844,7.2714691162109375
WTI Oil,Com_CrudeOil,tscv,22,2025-06-16,2,PatchTST,XGBoost,73.4095687866211,61.145381927490234,12.26418685913086
WTI Oil,Com_CrudeOil,tscv,22,2025-06-23,3,PatchTST,XGBoost,65.62223052978516,61.94709777832031,3.6751327514648438
WTI Oil,Com_CrudeOil,tscv,22,2025-06-30,4,PatchTST,XGBoost,66.21095275878906,60.85868835449219,5.352264404296875
WTI Oil,Com_CrudeOil,tscv,22,2025-07-07,5,PatchTST,XGBoost,68.04521942138672,61.704864501953125,6.340354919433594
WTI Oil,Com_CrudeOil,tscv,22,2025-07-14,6,PatchTST,XGBoost,66.42243194580078,61.96153259277344,4.460899353027344
WTI Oil,Com_CrudeOil,tscv,22,2025-07-21,7,PatchTST,XGBoost,65.51323699951172,62.56270980834961,2.9505271911621094
WTI Oil,Com_CrudeOil,tscv,22,2025-07-28,8,PatchTST,XGBoost,68.28096771240234,62.90979766845703,5.3711700439453125
WTI Oil,Com_CrudeOil,tscv,22,2025-08-04,9,PatchTST,XGBoost,64.51432037353516,63.824310302734375,0.6900100708007812
WTI Oil,Com_CrudeOil,tscv,22,2025-08-11,10,PatchTST,XGBoost,63.105133056640625,64.28118133544922,-1.1760482788085938
WTI Oil,Com_CrudeOil,tscv,22,2025-08-18,11,PatchTST,XGBoost,63.027198791503906,63.81433868408203,-0.787139892578125
WTI Oil,Com_CrudeOil,tscv,22,2025-08-25,12,PatchTST,XGBoost,64.09881591796875,63.0780029296875,1.02081298828125
WTI Oil,Com_CrudeOil,tscv,22,2025-06-09,1,PatchTST,LightGBM,69.44467163085938,62.3264045715332,7.118267059326172
WTI Oil,Com_CrudeOil,tscv,22,2025-06-16,2,PatchTST,LightGBM,73.4095687866211,61.952369689941406,11.457199096679688
WTI Oil,Com_CrudeOil,tscv,22,2025-06-23,3,PatchTST,LightGBM,65.62223052978516,62.196563720703125,3.4256668090820312
WTI Oil,Com_CrudeOil,tscv,22,2025-06-30,4,PatchTST,LightGBM,66.21095275878906,62.33881378173828,3.8721389770507812
WTI Oil,Com_CrudeOil,tscv,22,2025-07-07,5,PatchTST,LightGBM,68.04521942138672,63.213409423828125,4.831809997558594
WTI Oil,Com_CrudeOil,tscv,22,2025-07-14,6,PatchTST,LightGBM,66.42243194580078,62.092952728271484,4.329479217529297
WTI Oil,Com_CrudeOil,tscv,22,2025-07-21,7,PatchTST,LightGBM,65.51323699951172,61.219295501708984,4.293941497802734
WTI Oil,Com_CrudeOil,tscv,22,2025-07-28,8,PatchTST,LightGBM,68.28096771240234,61.99640655517578,6.2845611572265625
WTI Oil,Com_CrudeOil,tscv,22,2025-08-04,9,PatchTST,LightGBM,64.51432037353516,61.726112365722656,2.7882080078125
WTI Oil,Com_CrudeOil,tscv,22,2025-08-11,10,PatchTST,LightGBM,63.105133056640625,61.64689636230469,1.4582366943359375
WTI Oil,Com_CrudeOil,tscv,22,2025-08-18,11,PatchTST,LightGBM,63.027198791503906,65.13652801513672,-2.1093292236328125
WTI Oil,Com_CrudeOil,tscv,22,2025-08-25,12,PatchTST,LightGBM,64.09881591796875,66.0304183959961,-1.9316024780273438
WTI Oil,Com_CrudeOil,tscv,23,2025-07-07,1,PatchTST,-,68.04521942138672,67.08174133300781,0.9634780883789062
WTI Oil,Com_CrudeOil,tscv,23,2025-07-14,2,PatchTST,-,66.42243194580078,66.8939437866211,-0.4715118408203125
WTI Oil,Com_CrudeOil,tscv,23,2025-07-21,3,PatchTST,-,65.51323699951172,66.94660949707031,-1.4333724975585938
WTI Oil,Com_CrudeOil,tscv,23,2025-07-28,4,PatchTST,-,68.28096771240234,66.95818328857422,1.322784423828125
WTI Oil,Com_CrudeOil,tscv,23,2025-08-04,5,PatchTST,-,64.51432037353516,66.80809020996094,-2.2937698364257812
WTI Oil,Com_CrudeOil,tscv,23,2025-08-11,6,PatchTST,-,63.105133056640625,66.9853744506836,-3.8802413940429688
WTI Oil,Com_CrudeOil,tscv,23,2025-08-18,7,PatchTST,-,63.027198791503906,66.65615844726562,-3.6289596557617188
WTI Oil,Com_CrudeOil,tscv,23,2025-08-25,8,PatchTST,-,64.09881591796875,66.63612365722656,-2.5373077392578125
WTI Oil,Com_CrudeOil,tscv,23,2025-09-01,9,PatchTST,-,63.698848724365234,66.08712005615234,-2.3882713317871094
WTI Oil,Com_CrudeOil,tscv,23,2025-09-08,10,PatchTST,-,62.78846740722656,66.2443618774414,-3.4558944702148438
WTI Oil,Com_CrudeOil,tscv,23,2025-09-15,11,PatchTST,-,63.33338165283203,66.3623046875,-3.0289230346679688
WTI Oil,Com_CrudeOil,tscv,23,2025-09-22,12,PatchTST,-,64.44023132324219,66.36528778076172,-1.9250564575195312
WTI Oil,Com_CrudeOil,tscv,23,2025-07-07,1,PatchTST,NLinear,68.04521942138672,69.31959533691406,-1.2743759155273438
WTI Oil,Com_CrudeOil,tscv,23,2025-07-14,2,PatchTST,NLinear,66.42243194580078,68.57135009765625,-2.1489181518554688
WTI Oil,Com_CrudeOil,tscv,23,2025-07-21,3,PatchTST,NLinear,65.51323699951172,70.12901306152344,-4.615776062011719
WTI Oil,Com_CrudeOil,tscv,23,2025-07-28,4,PatchTST,NLinear,68.28096771240234,68.57054138183594,-0.28957366943359375
WTI Oil,Com_CrudeOil,tscv,23,2025-08-04,5,PatchTST,NLinear,64.51432037353516,68.97506713867188,-4.460746765136719
WTI Oil,Com_CrudeOil,tscv,23,2025-08-11,6,PatchTST,NLinear,63.105133056640625,67.0793228149414,-3.9741897583007812
WTI Oil,Com_CrudeOil,tscv,23,2025-08-18,7,PatchTST,NLinear,63.027198791503906,66.97792053222656,-3.9507217407226562
WTI Oil,Com_CrudeOil,tscv,23,2025-08-25,8,PatchTST,NLinear,64.09881591796875,66.88603210449219,-2.7872161865234375
WTI Oil,Com_CrudeOil,tscv,23,2025-09-01,9,PatchTST,NLinear,63.698848724365234,67.30380249023438,-3.6049537658691406
WTI Oil,Com_CrudeOil,tscv,23,2025-09-08,10,PatchTST,NLinear,62.78846740722656,64.91522979736328,-2.1267623901367188
WTI Oil,Com_CrudeOil,tscv,23,2025-09-15,11,PatchTST,NLinear,63.33338165283203,63.96578598022461,-0.6324043273925781
WTI Oil,Com_CrudeOil,tscv,23,2025-09-22,12,PatchTST,NLinear,64.44023132324219,67.40859985351562,-2.9683685302734375
WTI Oil,Com_CrudeOil,tscv,23,2025-07-07,1,PatchTST,XGBoost,68.04521942138672,66.89112854003906,1.1540908813476562
WTI Oil,Com_CrudeOil,tscv,23,2025-07-14,2,PatchTST,XGBoost,66.42243194580078,66.95675659179688,-0.5343246459960938
WTI Oil,Com_CrudeOil,tscv,23,2025-07-21,3,PatchTST,XGBoost,65.51323699951172,65.44525909423828,0.0679779052734375
WTI Oil,Com_CrudeOil,tscv,23,2025-07-28,4,PatchTST,XGBoost,68.28096771240234,64.10041809082031,4.180549621582031
WTI Oil,Com_CrudeOil,tscv,23,2025-08-04,5,PatchTST,XGBoost,64.51432037353516,66.55401611328125,-2.0396957397460938
WTI Oil,Com_CrudeOil,tscv,23,2025-08-11,6,PatchTST,XGBoost,63.105133056640625,65.31121063232422,-2.2060775756835938
WTI Oil,Com_CrudeOil,tscv,23,2025-08-18,7,PatchTST,XGBoost,63.027198791503906,65.9123764038086,-2.8851776123046875
WTI Oil,Com_CrudeOil,tscv,23,2025-08-25,8,PatchTST,XGBoost,64.09881591796875,65.28227233886719,-1.1834564208984375
WTI Oil,Com_CrudeOil,tscv,23,2025-09-01,9,PatchTST,XGBoost,63.698848724365234,63.977134704589844,-0.2782859802246094
WTI Oil,Com_CrudeOil,tscv,23,2025-09-08,10,PatchTST,XGBoost,62.78846740722656,64.00624084472656,-1.2177734375
WTI Oil,Com_CrudeOil,tscv,23,2025-09-15,11,PatchTST,XGBoost,63.33338165283203,62.39313888549805,0.9402427673339844
WTI Oil,Com_CrudeOil,tscv,23,2025-09-22,12,PatchTST,XGBoost,64.44023132324219,64.94196319580078,-0.5017318725585938
WTI Oil,Com_CrudeOil,tscv,23,2025-07-07,1,PatchTST,LightGBM,68.04521942138672,66.4768295288086,1.568389892578125
WTI Oil,Com_CrudeOil,tscv,23,2025-07-14,2,PatchTST,LightGBM,66.42243194580078,65.65943145751953,0.76300048828125
WTI Oil,Com_CrudeOil,tscv,23,2025-07-21,3,PatchTST,LightGBM,65.51323699951172,65.94252014160156,-0.42928314208984375
WTI Oil,Com_CrudeOil,tscv,23,2025-07-28,4,PatchTST,LightGBM,68.28096771240234,65.35680389404297,2.924163818359375
WTI Oil,Com_CrudeOil,tscv,23,2025-08-04,5,PatchTST,LightGBM,64.51432037353516,66.14478302001953,-1.630462646484375
WTI Oil,Com_CrudeOil,tscv,23,2025-08-11,6,PatchTST,LightGBM,63.105133056640625,67.06478118896484,-3.9596481323242188
WTI Oil,Com_CrudeOil,tscv,23,2025-08-18,7,PatchTST,LightGBM,63.027198791503906,64.1214828491211,-1.0942840576171875
WTI Oil,Com_CrudeOil,tscv,23,2025-08-25,8,PatchTST,LightGBM,64.09881591796875,63.725799560546875,0.373016357421875
WTI Oil,Com_CrudeOil,tscv,23,2025-09-01,9,PatchTST,LightGBM,63.698848724365234,63.371742248535156,0.3271064758300781
WTI Oil,Com_CrudeOil,tscv,23,2025-09-08,10,PatchTST,LightGBM,62.78846740722656,62.086448669433594,0.7020187377929688
WTI Oil,Com_CrudeOil,tscv,23,2025-09-15,11,PatchTST,LightGBM,63.33338165283203,65.08585357666016,-1.752471923828125
WTI Oil,Com_CrudeOil,tscv,23,2025-09-22,12,PatchTST,LightGBM,64.44023132324219,62.628631591796875,1.8115997314453125
WTI Oil,Com_CrudeOil,tscv,24,2025-08-04,1,PatchTST,-,64.51432037353516,67.75912475585938,-3.2448043823242188
WTI Oil,Com_CrudeOil,tscv,24,2025-08-11,2,PatchTST,-,63.105133056640625,67.88935089111328,-4.784217834472656
WTI Oil,Com_CrudeOil,tscv,24,2025-08-18,3,PatchTST,-,63.027198791503906,67.69294738769531,-4.665748596191406
WTI Oil,Com_CrudeOil,tscv,24,2025-08-25,4,PatchTST,-,64.09881591796875,67.91484069824219,-3.8160247802734375
WTI Oil,Com_CrudeOil,tscv,24,2025-09-01,5,PatchTST,-,63.698848724365234,67.83377075195312,-4.134922027587891
WTI Oil,Com_CrudeOil,tscv,24,2025-09-08,6,PatchTST,-,62.78846740722656,67.58256530761719,-4.794097900390625
WTI Oil,Com_CrudeOil,tscv,24,2025-09-15,7,PatchTST,-,63.33338165283203,67.77874755859375,-4.445365905761719
WTI Oil,Com_CrudeOil,tscv,24,2025-09-22,8,PatchTST,-,64.44023132324219,67.42036437988281,-2.980133056640625
WTI Oil,Com_CrudeOil,tscv,24,2025-09-29,9,PatchTST,-,61.66062927246094,67.58563232421875,-5.9250030517578125
WTI Oil,Com_CrudeOil,tscv,24,2025-10-06,10,PatchTST,-,60.71498489379883,67.5472412109375,-6.832256317138672
WTI Oil,Com_CrudeOil,tscv,24,2025-10-13,11,PatchTST,-,57.92998504638672,67.45923614501953,-9.529251098632812
WTI Oil,Com_CrudeOil,tscv,24,2025-10-20,12,PatchTST,-,59.868587493896484,67.42316436767578,-7.554576873779297
WTI Oil,Com_CrudeOil,tscv,24,2025-08-04,1,PatchTST,NLinear,64.51432037353516,68.27681732177734,-3.7624969482421875
WTI Oil,Com_CrudeOil,tscv,24,2025-08-11,2,PatchTST,NLinear,63.105133056640625,67.9493637084961,-4.844230651855469
WTI Oil,Com_CrudeOil,tscv,24,2025-08-18,3,PatchTST,NLinear,63.027198791503906,68.16722106933594,-5.140022277832031
WTI Oil,Com_CrudeOil,tscv,24,2025-08-25,4,PatchTST,NLinear,64.09881591796875,67.32325744628906,-3.2244415283203125
WTI Oil,Com_CrudeOil,tscv,24,2025-09-01,5,PatchTST,NLinear,63.698848724365234,69.55326080322266,-5.854412078857422
WTI Oil,Com_CrudeOil,tscv,24,2025-09-08,6,PatchTST,NLinear,62.78846740722656,65.94376373291016,-3.1552963256835938
WTI Oil,Com_CrudeOil,tscv,24,2025-09-15,7,PatchTST,NLinear,63.33338165283203,68.28602600097656,-4.952644348144531
WTI Oil,Com_CrudeOil,tscv,24,2025-09-22,8,PatchTST,NLinear,64.44023132324219,66.91641998291016,-2.4761886596679688
WTI Oil,Com_CrudeOil,tscv,24,2025-09-29,9,PatchTST,NLinear,61.66062927246094,67.37891387939453,-5.718284606933594
WTI Oil,Com_CrudeOil,tscv,24,2025-10-06,10,PatchTST,NLinear,60.71498489379883,67.94605255126953,-7.231067657470703
WTI Oil,Com_CrudeOil,tscv,24,2025-10-13,11,PatchTST,NLinear,57.92998504638672,66.05057525634766,-8.120590209960938
WTI Oil,Com_CrudeOil,tscv,24,2025-10-20,12,PatchTST,NLinear,59.868587493896484,67.83614349365234,-7.967555999755859
WTI Oil,Com_CrudeOil,tscv,24,2025-08-04,1,PatchTST,XGBoost,64.51432037353516,67.06087493896484,-2.5465545654296875
WTI Oil,Com_CrudeOil,tscv,24,2025-08-11,2,PatchTST,XGBoost,63.105133056640625,66.92870330810547,-3.8235702514648438
WTI Oil,Com_CrudeOil,tscv,24,2025-08-18,3,PatchTST,XGBoost,63.027198791503906,67.32341766357422,-4.2962188720703125
WTI Oil,Com_CrudeOil,tscv,24,2025-08-25,4,PatchTST,XGBoost,64.09881591796875,68.15313720703125,-4.0543212890625
WTI Oil,Com_CrudeOil,tscv,24,2025-09-01,5,PatchTST,XGBoost,63.698848724365234,69.77653503417969,-6.077686309814453
WTI Oil,Com_CrudeOil,tscv,24,2025-09-08,6,PatchTST,XGBoost,62.78846740722656,69.00040435791016,-6.211936950683594
WTI Oil,Com_CrudeOil,tscv,24,2025-09-15,7,PatchTST,XGBoost,63.33338165283203,68.7802734375,-5.446891784667969
WTI Oil,Com_CrudeOil,tscv,24,2025-09-22,8,PatchTST,XGBoost,64.44023132324219,67.75564575195312,-3.3154144287109375
WTI Oil,Com_CrudeOil,tscv,24,2025-09-29,9,PatchTST,XGBoost,61.66062927246094,67.00418853759766,-5.343559265136719
WTI Oil,Com_CrudeOil,tscv,24,2025-10-06,10,PatchTST,XGBoost,60.71498489379883,69.97195434570312,-9.256969451904297
WTI Oil,Com_CrudeOil,tscv,24,2025-10-13,11,PatchTST,XGBoost,57.92998504638672,69.75041961669922,-11.8204345703125
WTI Oil,Com_CrudeOil,tscv,24,2025-10-20,12,PatchTST,XGBoost,59.868587493896484,71.39543914794922,-11.526851654052734
WTI Oil,Com_CrudeOil,tscv,24,2025-08-04,1,PatchTST,LightGBM,64.51432037353516,66.58982849121094,-2.0755081176757812
WTI Oil,Com_CrudeOil,tscv,24,2025-08-11,2,PatchTST,LightGBM,63.105133056640625,67.05445098876953,-3.9493179321289062
WTI Oil,Com_CrudeOil,tscv,24,2025-08-18,3,PatchTST,LightGBM,63.027198791503906,66.23313903808594,-3.2059402465820312
WTI Oil,Com_CrudeOil,tscv,24,2025-08-25,4,PatchTST,LightGBM,64.09881591796875,67.06388092041016,-2.9650650024414062
WTI Oil,Com_CrudeOil,tscv,24,2025-09-01,5,PatchTST,LightGBM,63.698848724365234,68.43875122070312,-4.739902496337891
WTI Oil,Com_CrudeOil,tscv,24,2025-09-08,6,PatchTST,LightGBM,62.78846740722656,68.97307586669922,-6.184608459472656
WTI Oil,Com_CrudeOil,tscv,24,2025-09-15,7,PatchTST,LightGBM,63.33338165283203,69.00872039794922,-5.6753387451171875
WTI Oil,Com_CrudeOil,tscv,24,2025-09-22,8,PatchTST,LightGBM,64.44023132324219,67.96675872802734,-3.5265274047851562
WTI Oil,Com_CrudeOil,tscv,24,2025-09-29,9,PatchTST,LightGBM,61.66062927246094,66.25333404541016,-4.592704772949219
WTI Oil,Com_CrudeOil,tscv,24,2025-10-06,10,PatchTST,LightGBM,60.71498489379883,66.33253479003906,-5.617549896240234
WTI Oil,Com_CrudeOil,tscv,24,2025-10-13,11,PatchTST,LightGBM,57.92998504638672,66.23817443847656,-8.308189392089844
WTI Oil,Com_CrudeOil,tscv,24,2025-10-20,12,PatchTST,LightGBM,59.868587493896484,66.48871612548828,-6.620128631591797
WTI Oil,Com_CrudeOil,holdout,1,2025-10-27,1,PatchTST,-,60.77857208251953,69.9277114868164,-9.149139404296875
WTI Oil,Com_CrudeOil,holdout,1,2025-11-03,2,PatchTST,-,60.05507278442383,69.87604522705078,-9.820972442626953
WTI Oil,Com_CrudeOil,holdout,1,2025-11-10,3,PatchTST,-,59.70945739746094,69.78668975830078,-10.077232360839844
WTI Oil,Com_CrudeOil,holdout,1,2025-11-17,4,PatchTST,-,58.993499755859375,69.62388610839844,-10.630386352539062
WTI Oil,Com_CrudeOil,holdout,1,2025-11-24,5,PatchTST,-,58.810028076171875,69.6162109375,-10.806182861328125
WTI Oil,Com_CrudeOil,holdout,1,2025-12-01,6,PatchTST,-,59.567256927490234,69.62644958496094,-10.059192657470703
WTI Oil,Com_CrudeOil,holdout,1,2025-12-08,7,PatchTST,-,57.97571563720703,69.4807357788086,-11.505020141601562
WTI Oil,Com_CrudeOil,holdout,1,2025-12-15,8,PatchTST,-,56.28154373168945,69.18318176269531,-12.90163803100586
WTI Oil,Com_CrudeOil,holdout,1,2025-12-22,9,PatchTST,-,57.7086296081543,69.27409362792969,-11.56546401977539
WTI Oil,Com_CrudeOil,holdout,1,2025-12-29,10,PatchTST,-,57.53675842285156,69.08045196533203,-11.543693542480469
WTI Oil,Com_CrudeOil,holdout,1,2026-01-05,11,PatchTST,-,58.08931350708008,69.02230072021484,-10.932987213134766
WTI Oil,Com_CrudeOil,holdout,1,2026-01-12,12,PatchTST,-,59.76057052612305,68.92852783203125,-9.167957305908203
WTI Oil,Com_CrudeOil,holdout,1,2025-10-27,1,PatchTST,NLinear,60.77857208251953,59.68921661376953,1.08935546875
WTI Oil,Com_CrudeOil,holdout,1,2025-11-03,2,PatchTST,NLinear,60.05507278442383,60.138973236083984,-0.08390045166015625
WTI Oil,Com_CrudeOil,holdout,1,2025-11-10,3,PatchTST,NLinear,59.70945739746094,60.27704620361328,-0.5675888061523438
WTI Oil,Com_CrudeOil,holdout,1,2025-11-17,4,PatchTST,NLinear,58.993499755859375,62.957889556884766,-3.9643898010253906
WTI Oil,Com_CrudeOil,holdout,1,2025-11-24,5,PatchTST,NLinear,58.810028076171875,60.6534309387207,-1.8434028625488281
WTI Oil,Com_CrudeOil,holdout,1,2025-12-01,6,PatchTST,NLinear,59.567256927490234,60.198612213134766,-0.6313552856445312
WTI Oil,Com_CrudeOil,holdout,1,2025-12-08,7,PatchTST,NLinear,57.97571563720703,61.7357177734375,-3.7600021362304688
WTI Oil,Com_CrudeOil,holdout,1,2025-12-15,8,PatchTST,NLinear,56.28154373168945,63.03533935546875,-6.753795623779297
WTI Oil,Com_CrudeOil,holdout,1,2025-12-22,9,PatchTST,NLinear,57.7086296081543,60.73860168457031,-3.0299720764160156
WTI Oil,Com_CrudeOil,holdout,1,2025-12-29,10,PatchTST,NLinear,57.53675842285156,60.63639831542969,-3.099639892578125
WTI Oil,Com_CrudeOil,holdout,1,2026-01-05,11,PatchTST,NLinear,58.08931350708008,60.12005615234375,-2.030742645263672
WTI Oil,Com_CrudeOil,holdout,1,2026-01-12,12,PatchTST,NLinear,59.76057052612305,61.777992248535156,-2.0174217224121094
WTI Oil,Com_CrudeOil,holdout,1,2025-10-27,1,PatchTST,XGBoost,60.77857208251953,57.90103530883789,2.8775367736816406
WTI Oil,Com_CrudeOil,holdout,1,2025-11-03,2,PatchTST,XGBoost,60.05507278442383,58.38035583496094,1.6747169494628906
WTI Oil,Com_CrudeOil,holdout,1,2025-11-10,3,PatchTST,XGBoost,59.70945739746094,58.04138946533203,1.6680679321289062
WTI Oil,Com_CrudeOil,holdout,1,2025-11-17,4,PatchTST,XGBoost,58.993499755859375,58.76139831542969,0.2321014404296875
WTI Oil,Com_CrudeOil,holdout,1,2025-11-24,5,PatchTST,XGBoost,58.810028076171875,59.78132247924805,-0.9712944030761719
WTI Oil,Com_CrudeOil,holdout,1,2025-12-01,6,PatchTST,XGBoost,59.567256927490234,60.91771697998047,-1.3504600524902344
WTI Oil,Com_CrudeOil,holdout,1,2025-12-08,7,PatchTST,XGBoost,57.97571563720703,62.60330581665039,-4.627590179443359
WTI Oil,Com_CrudeOil,holdout,1,2025-12-15,8,PatchTST,XGBoost,56.28154373168945,63.709815979003906,-7.428272247314453
WTI Oil,Com_CrudeOil,holdout,1,2025-12-22,9,PatchTST,XGBoost,57.7086296081543,60.810752868652344,-3.102123260498047
WTI Oil,Com_CrudeOil,holdout,1,2025-12-29,10,PatchTST,XGBoost,57.53675842285156,60.77288818359375,-3.2361297607421875
WTI Oil,Com_CrudeOil,holdout,1,2026-01-05,11,PatchTST,XGBoost,58.08931350708008,59.72405242919922,-1.6347389221191406
WTI Oil,Com_CrudeOil,holdout,1,2026-01-12,12,PatchTST,XGBoost,59.76057052612305,58.84771728515625,0.9128532409667969
WTI Oil,Com_CrudeOil,holdout,1,2025-10-27,1,PatchTST,LightGBM,60.77857208251953,58.19997024536133,2.578601837158203
WTI Oil,Com_CrudeOil,holdout,1,2025-11-03,2,PatchTST,LightGBM,60.05507278442383,58.82952117919922,1.2255516052246094
WTI Oil,Com_CrudeOil,holdout,1,2025-11-10,3,PatchTST,LightGBM,59.70945739746094,58.83650207519531,0.872955322265625
WTI Oil,Com_CrudeOil,holdout,1,2025-11-17,4,PatchTST,LightGBM,58.993499755859375,58.832435607910156,0.16106414794921875
WTI Oil,Com_CrudeOil,holdout,1,2025-11-24,5,PatchTST,LightGBM,58.810028076171875,58.42099380493164,0.3890342712402344
WTI Oil,Com_CrudeOil,holdout,1,2025-12-01,6,PatchTST,LightGBM,59.567256927490234,60.874542236328125,-1.3072853088378906
WTI Oil,Com_CrudeOil,holdout,1,2025-12-08,7,PatchTST,LightGBM,57.97571563720703,63.15364456176758,-5.177928924560547
WTI Oil,Com_CrudeOil,holdout,1,2025-12-15,8,PatchTST,LightGBM,56.28154373168945,63.086753845214844,-6.805210113525391
WTI Oil,Com_CrudeOil,holdout,1,2025-12-22,9,PatchTST,LightGBM,57.7086296081543,63.362586975097656,-5.653957366943359
WTI Oil,Com_CrudeOil,holdout,1,2025-12-29,10,PatchTST,LightGBM,57.53675842285156,62.39536666870117,-4.858608245849609
WTI Oil,Com_CrudeOil,holdout,1,2026-01-05,11,PatchTST,LightGBM,58.08931350708008,61.67443084716797,-3.5851173400878906
WTI Oil,Com_CrudeOil,holdout,1,2026-01-12,12,PatchTST,LightGBM,59.76057052612305,61.71239471435547,-1.9518241882324219
Brent Oil,Com_BrentCrudeOil,tscv,1,2023-10-30,1,PatchTST,-,84.9540023803711,75.10933685302734,9.84466552734375
Brent Oil,Com_BrentCrudeOil,tscv,1,2023-11-06,2,PatchTST,-,81.2959976196289,74.85563659667969,6.440361022949219
Brent Oil,Com_BrentCrudeOil,tscv,1,2023-11-13,3,PatchTST,-,80.66000366210938,74.92389678955078,5.736106872558594
Brent Oil,Com_BrentCrudeOil,tscv,1,2023-11-20,4,PatchTST,-,81.51799774169922,74.85160827636719,6.666389465332031
Brent Oil,Com_BrentCrudeOil,tscv,1,2023-11-27,5,PatchTST,-,80.5780029296875,74.78990173339844,5.7881011962890625
Brent Oil,Com_BrentCrudeOil,tscv,1,2023-12-04,6,PatchTST,-,75.98600006103516,74.42898559570312,1.5570144653320312
Brent Oil,Com_BrentCrudeOil,tscv,1,2023-12-11,7,PatchTST,-,75.5780029296875,74.47689819335938,1.101104736328125
Brent Oil,Com_BrentCrudeOil,tscv,1,2023-12-18,8,PatchTST,-,79.0199966430664,74.38839721679688,4.631599426269531
Brent Oil,Com_BrentCrudeOil,tscv,1,2023-12-25,9,PatchTST,-,78.6449966430664,74.27018737792969,4.374809265136719
Brent Oil,Com_BrentCrudeOil,tscv,1,2024-01-01,10,PatchTST,-,77.62249755859375,74.09091186523438,3.531585693359375
Brent Oil,Com_BrentCrudeOil,tscv,1,2024-01-08,11,PatchTST,-,77.24199676513672,73.90316772460938,3.3388290405273438
Brent Oil,Com_BrentCrudeOil,tscv,1,2024-01-15,12,PatchTST,-,78.24199676513672,73.94208526611328,4.2999114990234375
Brent Oil,Com_BrentCrudeOil,tscv,1,2023-10-30,1,PatchTST,NLinear,84.9540023803711,88.24858093261719,-3.2945785522460938
Brent Oil,Com_BrentCrudeOil,tscv,1,2023-11-06,2,PatchTST,NLinear,81.2959976196289,87.77236938476562,-6.476371765136719
Brent Oil,Com_BrentCrudeOil,tscv,1,2023-11-13,3,PatchTST,NLinear,80.66000366210938,90.10734558105469,-9.447341918945312
Brent Oil,Com_BrentCrudeOil,tscv,1,2023-11-20,4,PatchTST,NLinear,81.51799774169922,87.53935241699219,-6.021354675292969
Brent Oil,Com_BrentCrudeOil,tscv,1,2023-11-27,5,PatchTST,NLinear,80.5780029296875,88.46390533447266,-7.885902404785156
Brent Oil,Com_BrentCrudeOil,tscv,1,2023-12-04,6,PatchTST,NLinear,75.98600006103516,90.15383911132812,-14.167839050292969
Brent Oil,Com_BrentCrudeOil,tscv,1,2023-12-11,7,PatchTST,NLinear,75.5780029296875,88.49391174316406,-12.915908813476562
Brent Oil,Com_BrentCrudeOil,tscv,1,2023-12-18,8,PatchTST,NLinear,79.0199966430664,85.37045288085938,-6.350456237792969
Brent Oil,Com_BrentCrudeOil,tscv,1,2023-12-25,9,PatchTST,NLinear,78.6449966430664,90.36497497558594,-11.719978332519531
Brent Oil,Com_BrentCrudeOil,tscv,1,2024-01-01,10,PatchTST,NLinear,77.62249755859375,88.62127685546875,-10.998779296875
Brent Oil,Com_BrentCrudeOil,tscv,1,2024-01-08,11,PatchTST,NLinear,77.24199676513672,90.08460998535156,-12.842613220214844
Brent Oil,Com_BrentCrudeOil,tscv,1,2024-01-15,12,PatchTST,NLinear,78.24199676513672,89.51473236083984,-11.272735595703125
Brent Oil,Com_BrentCrudeOil,tscv,1,2023-10-30,1,PatchTST,XGBoost,84.9540023803711,84.00123596191406,0.9527664184570312
Brent Oil,Com_BrentCrudeOil,tscv,1,2023-11-06,2,PatchTST,XGBoost,81.2959976196289,83.22539520263672,-1.9293975830078125
Brent Oil,Com_BrentCrudeOil,tscv,1,2023-11-13,3,PatchTST,XGBoost,80.66000366210938,81.37069702148438,-0.710693359375
Brent Oil,Com_BrentCrudeOil,tscv,1,2023-11-20,4,PatchTST,XGBoost,81.51799774169922,80.85552215576172,0.6624755859375
Brent Oil,Com_BrentCrudeOil,tscv,1,2023-11-27,5,PatchTST,XGBoost,80.5780029296875,76.67700958251953,3.9009933471679688
Brent Oil,Com_BrentCrudeOil,tscv,1,2023-12-04,6,PatchTST,XGBoost,75.98600006103516,73.99626159667969,1.9897384643554688
Brent Oil,Com_BrentCrudeOil,tscv,1,2023-12-11,7,PatchTST,XGBoost,75.5780029296875,73.79179382324219,1.7862091064453125
Brent Oil,Com_BrentCrudeOil,tscv,1,2023-12-18,8,PatchTST,XGBoost,79.0199966430664,72.14288330078125,6.877113342285156
Brent Oil,Com_BrentCrudeOil,tscv,1,2023-12-25,9,PatchTST,XGBoost,78.6449966430664,70.96717834472656,7.677818298339844
Brent Oil,Com_BrentCrudeOil,tscv,1,2024-01-01,10,PatchTST,XGBoost,77.62249755859375,70.57007598876953,7.052421569824219
Brent Oil,Com_BrentCrudeOil,tscv,1,2024-01-08,11,PatchTST,XGBoost,77.24199676513672,70.04239654541016,7.1996002197265625
Brent Oil,Com_BrentCrudeOil,tscv,1,2024-01-15,12,PatchTST,XGBoost,78.24199676513672,68.71029663085938,9.531700134277344
Brent Oil,Com_BrentCrudeOil,tscv,1,2023-10-30,1,PatchTST,LightGBM,84.9540023803711,86.53995513916016,-1.5859527587890625
Brent Oil,Com_BrentCrudeOil,tscv,1,2023-11-06,2,PatchTST,LightGBM,81.2959976196289,84.04107666015625,-2.7450790405273438
Brent Oil,Com_BrentCrudeOil,tscv,1,2023-11-13,3,PatchTST,LightGBM,80.66000366210938,81.68029022216797,-1.0202865600585938
Brent Oil,Com_BrentCrudeOil,tscv,1,2023-11-20,4,PatchTST,LightGBM,81.51799774169922,78.47956848144531,3.0384292602539062
Brent Oil,Com_BrentCrudeOil,tscv,1,2023-11-27,5,PatchTST,LightGBM,80.5780029296875,76.5255355834961,4.052467346191406
Brent Oil,Com_BrentCrudeOil,tscv,1,2023-12-04,6,PatchTST,LightGBM,75.98600006103516,76.95923614501953,-0.973236083984375
Brent Oil,Com_BrentCrudeOil,tscv,1,2023-12-11,7,PatchTST,LightGBM,75.5780029296875,74.78236389160156,0.7956390380859375
Brent Oil,Com_BrentCrudeOil,tscv,1,2023-12-18,8,PatchTST,LightGBM,79.0199966430664,72.7248306274414,6.295166015625
Brent Oil,Com_BrentCrudeOil,tscv,1,2023-12-25,9,PatchTST,LightGBM,78.6449966430664,70.51844787597656,8.126548767089844
Brent Oil,Com_BrentCrudeOil,tscv,1,2024-01-01,10,PatchTST,LightGBM,77.62249755859375,66.2851791381836,11.337318420410156
Brent Oil,Com_BrentCrudeOil,tscv,1,2024-01-08,11,PatchTST,LightGBM,77.24199676513672,64.97900390625,12.262992858886719
Brent Oil,Com_BrentCrudeOil,tscv,1,2024-01-15,12,PatchTST,LightGBM,78.24199676513672,62.41773986816406,15.824256896972656
Brent Oil,Com_BrentCrudeOil,tscv,2,2023-11-27,1,PatchTST,-,80.5780029296875,72.37947845458984,8.198524475097656
Brent Oil,Com_BrentCrudeOil,tscv,2,2023-12-04,2,PatchTST,-,75.98600006103516,72.34315490722656,3.6428451538085938
Brent Oil,Com_BrentCrudeOil,tscv,2,2023-12-11,3,PatchTST,-,75.5780029296875,72.27986907958984,3.2981338500976562
Brent Oil,Com_BrentCrudeOil,tscv,2,2023-12-18,4,PatchTST,-,79.0199966430664,72.30789947509766,6.71209716796875
Brent Oil,Com_BrentCrudeOil,tscv,2,2023-12-25,5,PatchTST,-,78.6449966430664,72.1648941040039,6.4801025390625
Brent Oil,Com_BrentCrudeOil,tscv,2,2024-01-01,6,PatchTST,-,77.62249755859375,72.03700256347656,5.5854949951171875
Brent Oil,Com_BrentCrudeOil,tscv,2,2024-01-08,7,PatchTST,-,77.24199676513672,72.1213607788086,5.120635986328125
Brent Oil,Com_BrentCrudeOil,tscv,2,2024-01-15,8,PatchTST,-,78.24199676513672,71.52487182617188,6.717124938964844
Brent Oil,Com_BrentCrudeOil,tscv,2,2024-01-22,9,PatchTST,-,80.33999633789062,71.48871612548828,8.851280212402344
Brent Oil,Com_BrentCrudeOil,tscv,2,2024-01-29,10,PatchTST,-,79.86599731445312,71.48941040039062,8.3765869140625
Brent Oil,Com_BrentCrudeOil,tscv,2,2024-02-05,11,PatchTST,-,79.51599884033203,71.34281158447266,8.173187255859375
Brent Oil,Com_BrentCrudeOil,tscv,2,2024-02-12,12,PatchTST,-,81.64800262451172,71.30367279052734,10.344329833984375
Brent Oil,Com_BrentCrudeOil,tscv,2,2023-11-27,1,PatchTST,NLinear,80.5780029296875,82.17269897460938,-1.594696044921875
Brent Oil,Com_BrentCrudeOil,tscv,2,2023-12-04,2,PatchTST,NLinear,75.98600006103516,84.07865905761719,-8.092658996582031
Brent Oil,Com_BrentCrudeOil,tscv,2,2023-12-11,3,PatchTST,NLinear,75.5780029296875,83.02770233154297,-7.449699401855469
Brent Oil,Com_BrentCrudeOil,tscv,2,2023-12-18,4,PatchTST,NLinear,79.0199966430664,85.65357971191406,-6.633583068847656
Brent Oil,Com_BrentCrudeOil,tscv,2,2023-12-25,5,PatchTST,NLinear,78.6449966430664,83.70909118652344,-5.064094543457031
Brent Oil,Com_BrentCrudeOil,tscv,2,2024-01-01,6,PatchTST,NLinear,77.62249755859375,82.74441528320312,-5.121917724609375
Brent Oil,Com_BrentCrudeOil,tscv,2,2024-01-08,7,PatchTST,NLinear,77.24199676513672,84.68803405761719,-7.446037292480469
Brent Oil,Com_BrentCrudeOil,tscv,2,2024-01-15,8,PatchTST,NLinear,78.24199676513672,83.62034606933594,-5.378349304199219
Brent Oil,Com_BrentCrudeOil,tscv,2,2024-01-22,9,PatchTST,NLinear,80.33999633789062,83.32391357421875,-2.983917236328125
Brent Oil,Com_BrentCrudeOil,tscv,2,2024-01-29,10,PatchTST,NLinear,79.86599731445312,84.89216613769531,-5.0261688232421875
Brent Oil,Com_BrentCrudeOil,tscv,2,2024-02-05,11,PatchTST,NLinear,79.51599884033203,84.89607238769531,-5.380073547363281
Brent Oil,Com_BrentCrudeOil,tscv,2,2024-02-12,12,PatchTST,NLinear,81.64800262451172,84.73600006103516,-3.0879974365234375
Brent Oil,Com_BrentCrudeOil,tscv,2,2023-11-27,1,PatchTST,XGBoost,80.5780029296875,79.31536865234375,1.26263427734375
Brent Oil,Com_BrentCrudeOil,tscv,2,2023-12-04,2,PatchTST,XGBoost,75.98600006103516,78.33930969238281,-2.3533096313476562
Brent Oil,Com_BrentCrudeOil,tscv,2,2023-12-11,3,PatchTST,XGBoost,75.5780029296875,76.00763702392578,-0.42963409423828125
Brent Oil,Com_BrentCrudeOil,tscv,2,2023-12-18,4,PatchTST,XGBoost,79.0199966430664,72.71550750732422,6.3044891357421875
Brent Oil,Com_BrentCrudeOil,tscv,2,2023-12-25,5,PatchTST,XGBoost,78.6449966430664,71.51710510253906,7.127891540527344
Brent Oil,Com_BrentCrudeOil,tscv,2,2024-01-01,6,PatchTST,XGBoost,77.62249755859375,70.47038269042969,7.1521148681640625
Brent Oil,Com_BrentCrudeOil,tscv,2,2024-01-08,7,PatchTST,XGBoost,77.24199676513672,70.25077056884766,6.9912261962890625
Brent Oil,Com_BrentCrudeOil,tscv,2,2024-01-15,8,PatchTST,XGBoost,78.24199676513672,67.73497772216797,10.50701904296875
Brent Oil,Com_BrentCrudeOil,tscv,2,2024-01-22,9,PatchTST,XGBoost,80.33999633789062,68.10479736328125,12.235198974609375
Brent Oil,Com_BrentCrudeOil,tscv,2,2024-01-29,10,PatchTST,XGBoost,79.86599731445312,64.41183471679688,15.45416259765625
Brent Oil,Com_BrentCrudeOil,tscv,2,2024-02-05,11,PatchTST,XGBoost,79.51599884033203,62.55817794799805,16.957820892333984
Brent Oil,Com_BrentCrudeOil,tscv,2,2024-02-12,12,PatchTST,XGBoost,81.64800262451172,63.231258392333984,18.416744232177734
Brent Oil,Com_BrentCrudeOil,tscv,2,2023-11-27,1,PatchTST,LightGBM,80.5780029296875,83.68599700927734,-3.1079940795898438
Brent Oil,Com_BrentCrudeOil,tscv,2,2023-12-04,2,PatchTST,LightGBM,75.98600006103516,80.40568542480469,-4.419685363769531
Brent Oil,Com_BrentCrudeOil,tscv,2,2023-12-11,3,PatchTST,LightGBM,75.5780029296875,79.0892105102539,-3.5112075805664062
Brent Oil,Com_BrentCrudeOil,tscv,2,2023-12-18,4,PatchTST,LightGBM,79.0199966430664,75.40161895751953,3.618377685546875
Brent Oil,Com_BrentCrudeOil,tscv,2,2023-12-25,5,PatchTST,LightGBM,78.6449966430664,73.01016235351562,5.634834289550781
Brent Oil,Com_BrentCrudeOil,tscv,2,2024-01-01,6,PatchTST,LightGBM,77.62249755859375,72.82354736328125,4.7989501953125
Brent Oil,Com_BrentCrudeOil,tscv,2,2024-01-08,7,PatchTST,LightGBM,77.24199676513672,68.26522064208984,8.976776123046875
Brent Oil,Com_BrentCrudeOil,tscv,2,2024-01-15,8,PatchTST,LightGBM,78.24199676513672,67.07450866699219,11.167488098144531
Brent Oil,Com_BrentCrudeOil,tscv,2,2024-01-22,9,PatchTST,LightGBM,80.33999633789062,64.39137268066406,15.948623657226562
Brent Oil,Com_BrentCrudeOil,tscv,2,2024-01-29,10,PatchTST,LightGBM,79.86599731445312,63.480308532714844,16.38568878173828
Brent Oil,Com_BrentCrudeOil,tscv,2,2024-02-05,11,PatchTST,LightGBM,79.51599884033203,61.740840911865234,17.775157928466797
Brent Oil,Com_BrentCrudeOil,tscv,2,2024-02-12,12,PatchTST,LightGBM,81.64800262451172,63.302730560302734,18.345272064208984
Brent Oil,Com_BrentCrudeOil,tscv,3,2023-12-25,1,PatchTST,-,78.6449966430664,68.05671691894531,10.588279724121094
Brent Oil,Com_BrentCrudeOil,tscv,3,2024-01-01,2,PatchTST,-,77.62249755859375,67.67945861816406,9.943038940429688
Brent Oil,Com_BrentCrudeOil,tscv,3,2024-01-08,3,PatchTST,-,77.24199676513672,67.74327850341797,9.49871826171875
Brent Oil,Com_BrentCrudeOil,tscv,3,2024-01-15,4,PatchTST,-,78.24199676513672,67.73020935058594,10.511787414550781
Brent Oil,Com_BrentCrudeOil,tscv,3,2024-01-22,5,PatchTST,-,80.33999633789062,67.66616821289062,12.673828125
Brent Oil,Com_BrentCrudeOil,tscv,3,2024-01-29,6,PatchTST,-,79.86599731445312,67.54508209228516,12.320915222167969
Brent Oil,Com_BrentCrudeOil,tscv,3,2024-02-05,7,PatchTST,-,79.51599884033203,67.34979248046875,12.166206359863281
Brent Oil,Com_BrentCrudeOil,tscv,3,2024-02-12,8,PatchTST,-,81.64800262451172,67.22743225097656,14.420570373535156
Brent Oil,Com_BrentCrudeOil,tscv,3,2024-02-19,9,PatchTST,-,81.3219985961914,67.26383972167969,14.058158874511719
Brent Oil,Com_BrentCrudeOil,tscv,3,2024-02-26,10,PatchTST,-,81.69200134277344,66.86419677734375,14.827804565429688
Brent Oil,Com_BrentCrudeOil,tscv,3,2024-03-04,11,PatchTST,-,81.8759994506836,66.77989959716797,15.096099853515625
Brent Oil,Com_BrentCrudeOil,tscv,3,2024-03-11,12,PatchTST,-,83.22200012207031,66.60304260253906,16.61895751953125
Brent Oil,Com_BrentCrudeOil,tscv,3,2023-12-25,1,PatchTST,NLinear,78.6449966430664,76.06761932373047,2.5773773193359375
Brent Oil,Com_BrentCrudeOil,tscv,3,2024-01-01,2,PatchTST,NLinear,77.62249755859375,76.89671325683594,0.7257843017578125
Brent Oil,Com_BrentCrudeOil,tscv,3,2024-01-08,3,PatchTST,NLinear,77.24199676513672,77.50647735595703,-0.2644805908203125
Brent Oil,Com_BrentCrudeOil,tscv,3,2024-01-15,4,PatchTST,NLinear,78.24199676513672,76.61516571044922,1.6268310546875
Brent Oil,Com_BrentCrudeOil,tscv,3,2024-01-22,5,PatchTST,NLinear,80.33999633789062,75.857666015625,4.482330322265625
Brent Oil,Com_BrentCrudeOil,tscv,3,2024-01-29,6,PatchTST,NLinear,79.86599731445312,76.51431274414062,3.3516845703125
Brent Oil,Com_BrentCrudeOil,tscv,3,2024-02-05,7,PatchTST,NLinear,79.51599884033203,75.9901351928711,3.5258636474609375
Brent Oil,Com_BrentCrudeOil,tscv,3,2024-02-12,8,PatchTST,NLinear,81.64800262451172,77.703369140625,3.9446334838867188
Brent Oil,Com_BrentCrudeOil,tscv,3,2024-02-19,9,PatchTST,NLinear,81.3219985961914,77.5020980834961,3.8199005126953125
Brent Oil,Com_BrentCrudeOil,tscv,3,2024-02-26,10,PatchTST,NLinear,81.69200134277344,75.70784759521484,5.984153747558594
Brent Oil,Com_BrentCrudeOil,tscv,3,2024-03-04,11,PatchTST,NLinear,81.8759994506836,75.8343734741211,6.0416259765625
Brent Oil,Com_BrentCrudeOil,tscv,3,2024-03-11,12,PatchTST,NLinear,83.22200012207031,75.106689453125,8.115310668945312
Brent Oil,Com_BrentCrudeOil,tscv,3,2023-12-25,1,PatchTST,XGBoost,78.6449966430664,74.81253051757812,3.8324661254882812
Brent Oil,Com_BrentCrudeOil,tscv,3,2024-01-01,2,PatchTST,XGBoost,77.62249755859375,73.76860809326172,3.8538894653320312
Brent Oil,Com_BrentCrudeOil,tscv,3,2024-01-08,3,PatchTST,XGBoost,77.24199676513672,72.72034454345703,4.5216522216796875
Brent Oil,Com_BrentCrudeOil,tscv,3,2024-01-15,4,PatchTST,XGBoost,78.24199676513672,69.62007904052734,8.621917724609375
Brent Oil,Com_BrentCrudeOil,tscv,3,2024-01-22,5,PatchTST,XGBoost,80.33999633789062,66.7247314453125,13.615264892578125
Brent Oil,Com_BrentCrudeOil,tscv,3,2024-01-29,6,PatchTST,XGBoost,79.86599731445312,65.72415161132812,14.141845703125
Brent Oil,Com_BrentCrudeOil,tscv,3,2024-02-05,7,PatchTST,XGBoost,79.51599884033203,63.12920379638672,16.386795043945312
Brent Oil,Com_BrentCrudeOil,tscv,3,2024-02-12,8,PatchTST,XGBoost,81.64800262451172,62.383907318115234,19.264095306396484
Brent Oil,Com_BrentCrudeOil,tscv,3,2024-02-19,9,PatchTST,XGBoost,81.3219985961914,63.39580154418945,17.926197052001953
Brent Oil,Com_BrentCrudeOil,tscv,3,2024-02-26,10,PatchTST,XGBoost,81.69200134277344,61.4483528137207,20.243648529052734
Brent Oil,Com_BrentCrudeOil,tscv,3,2024-03-04,11,PatchTST,XGBoost,81.8759994506836,60.41657257080078,21.459426879882812
Brent Oil,Com_BrentCrudeOil,tscv,3,2024-03-11,12,PatchTST,XGBoost,83.22200012207031,57.903297424316406,25.318702697753906
Brent Oil,Com_BrentCrudeOil,tscv,3,2023-12-25,1,PatchTST,LightGBM,78.6449966430664,74.06978607177734,4.5752105712890625
Brent Oil,Com_BrentCrudeOil,tscv,3,2024-01-01,2,PatchTST,LightGBM,77.62249755859375,73.09419250488281,4.5283050537109375
Brent Oil,Com_BrentCrudeOil,tscv,3,2024-01-08,3,PatchTST,LightGBM,77.24199676513672,71.63069915771484,5.611297607421875
Brent Oil,Com_BrentCrudeOil,tscv,3,2024-01-15,4,PatchTST,LightGBM,78.24199676513672,69.73993682861328,8.502059936523438
Brent Oil,Com_BrentCrudeOil,tscv,3,2024-01-22,5,PatchTST,LightGBM,80.33999633789062,67.06851959228516,13.271476745605469
Brent Oil,Com_BrentCrudeOil,tscv,3,2024-01-29,6,PatchTST,LightGBM,79.86599731445312,63.57500457763672,16.290992736816406
Brent Oil,Com_BrentCrudeOil,tscv,3,2024-02-05,7,PatchTST,LightGBM,79.51599884033203,63.054561614990234,16.461437225341797
Brent Oil,Com_BrentCrudeOil,tscv,3,2024-02-12,8,PatchTST,LightGBM,81.64800262451172,60.717803955078125,20.930198669433594
Brent Oil,Com_BrentCrudeOil,tscv,3,2024-02-19,9,PatchTST,LightGBM,81.3219985961914,63.36127471923828,17.960723876953125
Brent Oil,Com_BrentCrudeOil,tscv,3,2024-02-26,10,PatchTST,LightGBM,81.69200134277344,62.29051208496094,19.4014892578125
Brent Oil,Com_BrentCrudeOil,tscv,3,2024-03-04,11,PatchTST,LightGBM,81.8759994506836,59.20771789550781,22.66828155517578
Brent Oil,Com_BrentCrudeOil,tscv,3,2024-03-11,12,PatchTST,LightGBM,83.22200012207031,56.676666259765625,26.545333862304688
Brent Oil,Com_BrentCrudeOil,tscv,4,2024-01-22,1,PatchTST,-,80.33999633789062,73.39391326904297,6.946083068847656
Brent Oil,Com_BrentCrudeOil,tscv,4,2024-01-29,2,PatchTST,-,79.86599731445312,73.31141662597656,6.5545806884765625
Brent Oil,Com_BrentCrudeOil,tscv,4,2024-02-05,3,PatchTST,-,79.51599884033203,73.37728118896484,6.1387176513671875
Brent Oil,Com_BrentCrudeOil,tscv,4,2024-02-12,4,PatchTST,-,81.64800262451172,73.0450668334961,8.602935791015625
Brent Oil,Com_BrentCrudeOil,tscv,4,2024-02-19,5,PatchTST,-,81.3219985961914,72.83735656738281,8.484642028808594
Brent Oil,Com_BrentCrudeOil,tscv,4,2024-02-26,6,PatchTST,-,81.69200134277344,72.7356948852539,8.956306457519531
Brent Oil,Com_BrentCrudeOil,tscv,4,2024-03-04,7,PatchTST,-,81.8759994506836,72.69023132324219,9.185768127441406
Brent Oil,Com_BrentCrudeOil,tscv,4,2024-03-11,8,PatchTST,-,83.22200012207031,72.51641082763672,10.705589294433594
Brent Oil,Com_BrentCrudeOil,tscv,4,2024-03-18,9,PatchTST,-,85.6520004272461,72.61058044433594,13.041419982910156
Brent Oil,Com_BrentCrudeOil,tscv,4,2024-03-25,10,PatchTST,-,86.2183837890625,72.55013275146484,13.668251037597656
Brent Oil,Com_BrentCrudeOil,tscv,4,2024-04-01,11,PatchTST,-,89.50199890136719,72.28462219238281,17.217376708984375
Brent Oil,Com_BrentCrudeOil,tscv,4,2024-04-08,12,PatchTST,-,90.17333221435547,72.2650146484375,17.90831756591797
Brent Oil,Com_BrentCrudeOil,tscv,4,2024-01-22,1,PatchTST,NLinear,80.33999633789062,78.93244934082031,1.4075469970703125
Brent Oil,Com_BrentCrudeOil,tscv,4,2024-01-29,2,PatchTST,NLinear,79.86599731445312,77.87429809570312,1.99169921875
Brent Oil,Com_BrentCrudeOil,tscv,4,2024-02-05,3,PatchTST,NLinear,79.51599884033203,79.17665100097656,0.33934783935546875
Brent Oil,Com_BrentCrudeOil,tscv,4,2024-02-12,4,PatchTST,NLinear,81.64800262451172,80.34683990478516,1.3011627197265625
Brent Oil,Com_BrentCrudeOil,tscv,4,2024-02-19,5,PatchTST,NLinear,81.3219985961914,79.1613998413086,2.1605987548828125
Brent Oil,Com_BrentCrudeOil,tscv,4,2024-02-26,6,PatchTST,NLinear,81.69200134277344,78.20442962646484,3.4875717163085938
Brent Oil,Com_BrentCrudeOil,tscv,4,2024-03-04,7,PatchTST,NLinear,81.8759994506836,79.90707397460938,1.9689254760742188
Brent Oil,Com_BrentCrudeOil,tscv,4,2024-03-11,8,PatchTST,NLinear,83.22200012207031,80.76449584960938,2.4575042724609375
Brent Oil,Com_BrentCrudeOil,tscv,4,2024-03-18,9,PatchTST,NLinear,85.6520004272461,76.69041442871094,8.961585998535156
Brent Oil,Com_BrentCrudeOil,tscv,4,2024-03-25,10,PatchTST,NLinear,86.2183837890625,79.55899810791016,6.659385681152344
Brent Oil,Com_BrentCrudeOil,tscv,4,2024-04-01,11,PatchTST,NLinear,89.50199890136719,77.53438568115234,11.967613220214844
Brent Oil,Com_BrentCrudeOil,tscv,4,2024-04-08,12,PatchTST,NLinear,90.17333221435547,76.79850769042969,13.374824523925781
Brent Oil,Com_BrentCrudeOil,tscv,4,2024-01-22,1,PatchTST,XGBoost,80.33999633789062,79.43292236328125,0.907073974609375
Brent Oil,Com_BrentCrudeOil,tscv,4,2024-01-29,2,PatchTST,XGBoost,79.86599731445312,78.95845794677734,0.9075393676757812
Brent Oil,Com_BrentCrudeOil,tscv,4,2024-02-05,3,PatchTST,XGBoost,79.51599884033203,79.79647064208984,-0.2804718017578125
Brent Oil,Com_BrentCrudeOil,tscv,4,2024-02-12,4,PatchTST,XGBoost,81.64800262451172,78.30303955078125,3.3449630737304688
Brent Oil,Com_BrentCrudeOil,tscv,4,2024-02-19,5,PatchTST,XGBoost,81.3219985961914,85.30064392089844,-3.9786453247070312
Brent Oil,Com_BrentCrudeOil,tscv,4,2024-02-26,6,PatchTST,XGBoost,81.69200134277344,87.18316650390625,-5.4911651611328125
Brent Oil,Com_BrentCrudeOil,tscv,4,2024-03-04,7,PatchTST,XGBoost,81.8759994506836,87.03006744384766,-5.1540679931640625
Brent Oil,Com_BrentCrudeOil,tscv,4,2024-03-11,8,PatchTST,XGBoost,83.22200012207031,82.02963256835938,1.1923675537109375
Brent Oil,Com_BrentCrudeOil,tscv,4,2024-03-18,9,PatchTST,XGBoost,85.6520004272461,88.51080322265625,-2.8588027954101562
Brent Oil,Com_BrentCrudeOil,tscv,4,2024-03-25,10,PatchTST,XGBoost,86.2183837890625,84.76280212402344,1.4555816650390625
Brent Oil,Com_BrentCrudeOil,tscv,4,2024-04-01,11,PatchTST,XGBoost,89.50199890136719,82.67540740966797,6.826591491699219
Brent Oil,Com_BrentCrudeOil,tscv,4,2024-04-08,12,PatchTST,XGBoost,90.17333221435547,82.34651184082031,7.826820373535156
Brent Oil,Com_BrentCrudeOil,tscv,4,2024-01-22,1,PatchTST,LightGBM,80.33999633789062,78.22676849365234,2.1132278442382812
Brent Oil,Com_BrentCrudeOil,tscv,4,2024-01-29,2,PatchTST,LightGBM,79.86599731445312,77.57726287841797,2.2887344360351562
Brent Oil,Com_BrentCrudeOil,tscv,4,2024-02-05,3,PatchTST,LightGBM,79.51599884033203,76.74649047851562,2.7695083618164062
Brent Oil,Com_BrentCrudeOil,tscv,4,2024-02-12,4,PatchTST,LightGBM,81.64800262451172,76.34944152832031,5.298561096191406
Brent Oil,Com_BrentCrudeOil,tscv,4,2024-02-19,5,PatchTST,LightGBM,81.3219985961914,73.3997573852539,7.9222412109375
Brent Oil,Com_BrentCrudeOil,tscv,4,2024-02-26,6,PatchTST,LightGBM,81.69200134277344,73.74272918701172,7.949272155761719
Brent Oil,Com_BrentCrudeOil,tscv,4,2024-03-04,7,PatchTST,LightGBM,81.8759994506836,76.67635345458984,5.19964599609375
Brent Oil,Com_BrentCrudeOil,tscv,4,2024-03-11,8,PatchTST,LightGBM,83.22200012207031,77.00860595703125,6.2133941650390625
Brent Oil,Com_BrentCrudeOil,tscv,4,2024-03-18,9,PatchTST,LightGBM,85.6520004272461,77.92452239990234,7.72747802734375
Brent Oil,Com_BrentCrudeOil,tscv,4,2024-03-25,10,PatchTST,LightGBM,86.2183837890625,77.77350616455078,8.444877624511719
Brent Oil,Com_BrentCrudeOil,tscv,4,2024-04-01,11,PatchTST,LightGBM,89.50199890136719,73.447021484375,16.054977416992188
Brent Oil,Com_BrentCrudeOil,tscv,4,2024-04-08,12,PatchTST,LightGBM,90.17333221435547,73.6682357788086,16.505096435546875
Brent Oil,Com_BrentCrudeOil,tscv,5,2024-02-19,1,PatchTST,-,81.3219985961914,67.72405242919922,13.597946166992188
Brent Oil,Com_BrentCrudeOil,tscv,5,2024-02-26,2,PatchTST,-,81.69200134277344,67.6173095703125,14.074691772460938
Brent Oil,Com_BrentCrudeOil,tscv,5,2024-03-04,3,PatchTST,-,81.8759994506836,67.78114318847656,14.094856262207031
Brent Oil,Com_BrentCrudeOil,tscv,5,2024-03-11,4,PatchTST,-,83.22200012207031,67.80020141601562,15.421798706054688
Brent Oil,Com_BrentCrudeOil,tscv,5,2024-03-18,5,PatchTST,-,85.6520004272461,67.58538818359375,18.066612243652344
Brent Oil,Com_BrentCrudeOil,tscv,5,2024-03-25,6,PatchTST,-,86.2183837890625,67.71432495117188,18.504058837890625
Brent Oil,Com_BrentCrudeOil,tscv,5,2024-04-01,7,PatchTST,-,89.50199890136719,67.6767578125,21.825241088867188
Brent Oil,Com_BrentCrudeOil,tscv,5,2024-04-08,8,PatchTST,-,90.17333221435547,67.59635925292969,22.57697296142578
Brent Oil,Com_BrentCrudeOil,tscv,5,2024-04-15,9,PatchTST,-,88.12903594970703,67.60731506347656,20.52172088623047
Brent Oil,Com_BrentCrudeOil,tscv,5,2024-04-22,10,PatchTST,-,87.90630340576172,67.45783233642578,20.448471069335938
Brent Oil,Com_BrentCrudeOil,tscv,5,2024-04-29,11,PatchTST,-,84.72000122070312,67.56429290771484,17.15570831298828
Brent Oil,Com_BrentCrudeOil,tscv,5,2024-05-06,12,PatchTST,-,83.3479995727539,67.56494140625,15.783058166503906
Brent Oil,Com_BrentCrudeOil,tscv,5,2024-02-19,1,PatchTST,NLinear,81.3219985961914,79.51155090332031,1.8104476928710938
Brent Oil,Com_BrentCrudeOil,tscv,5,2024-02-26,2,PatchTST,NLinear,81.69200134277344,80.85245513916016,0.8395462036132812
Brent Oil,Com_BrentCrudeOil,tscv,5,2024-03-04,3,PatchTST,NLinear,81.8759994506836,77.28192901611328,4.5940704345703125
Brent Oil,Com_BrentCrudeOil,tscv,5,2024-03-11,4,PatchTST,NLinear,83.22200012207031,77.02333068847656,6.19866943359375
Brent Oil,Com_BrentCrudeOil,tscv,5,2024-03-18,5,PatchTST,NLinear,85.6520004272461,77.02122497558594,8.630775451660156
Brent Oil,Com_BrentCrudeOil,tscv,5,2024-03-25,6,PatchTST,NLinear,86.2183837890625,81.0890121459961,5.129371643066406
Brent Oil,Com_BrentCrudeOil,tscv,5,2024-04-01,7,PatchTST,NLinear,89.50199890136719,81.5110092163086,7.990989685058594
Brent Oil,Com_BrentCrudeOil,tscv,5,2024-04-08,8,PatchTST,NLinear,90.17333221435547,77.68061828613281,12.492713928222656
Brent Oil,Com_BrentCrudeOil,tscv,5,2024-04-15,9,PatchTST,NLinear,88.12903594970703,79.16282653808594,8.966209411621094
Brent Oil,Com_BrentCrudeOil,tscv,5,2024-04-22,10,PatchTST,NLinear,87.90630340576172,75.9166030883789,11.989700317382812
Brent Oil,Com_BrentCrudeOil,tscv,5,2024-04-29,11,PatchTST,NLinear,84.72000122070312,78.71165466308594,6.0083465576171875
Brent Oil,Com_BrentCrudeOil,tscv,5,2024-05-06,12,PatchTST,NLinear,83.3479995727539,76.78202056884766,6.56597900390625
Brent Oil,Com_BrentCrudeOil,tscv,5,2024-02-19,1,PatchTST,XGBoost,81.3219985961914,76.32296752929688,4.999031066894531
Brent Oil,Com_BrentCrudeOil,tscv,5,2024-02-26,2,PatchTST,XGBoost,81.69200134277344,75.27745056152344,6.41455078125
Brent Oil,Com_BrentCrudeOil,tscv,5,2024-03-04,3,PatchTST,XGBoost,81.8759994506836,72.36061096191406,9.515388488769531
Brent Oil,Com_BrentCrudeOil,tscv,5,2024-03-11,4,PatchTST,XGBoost,83.22200012207031,71.03578186035156,12.18621826171875
Brent Oil,Com_BrentCrudeOil,tscv,5,2024-03-18,5,PatchTST,XGBoost,85.6520004272461,70.62416076660156,15.027839660644531
Brent Oil,Com_BrentCrudeOil,tscv,5,2024-03-25,6,PatchTST,XGBoost,86.2183837890625,69.44335174560547,16.77503204345703
Brent Oil,Com_BrentCrudeOil,tscv,5,2024-04-01,7,PatchTST,XGBoost,89.50199890136719,69.50496673583984,19.997032165527344
Brent Oil,Com_BrentCrudeOil,tscv,5,2024-04-08,8,PatchTST,XGBoost,90.17333221435547,70.27287292480469,19.90045928955078
Brent Oil,Com_BrentCrudeOil,tscv,5,2024-04-15,9,PatchTST,XGBoost,88.12903594970703,66.55512237548828,21.57391357421875
Brent Oil,Com_BrentCrudeOil,tscv,5,2024-04-22,10,PatchTST,XGBoost,87.90630340576172,68.20970153808594,19.69660186767578
Brent Oil,Com_BrentCrudeOil,tscv,5,2024-04-29,11,PatchTST,XGBoost,84.72000122070312,66.5049057006836,18.21509552001953
Brent Oil,Com_BrentCrudeOil,tscv,5,2024-05-06,12,PatchTST,XGBoost,83.3479995727539,62.50788116455078,20.840118408203125
Brent Oil,Com_BrentCrudeOil,tscv,5,2024-02-19,1,PatchTST,LightGBM,81.3219985961914,76.95928955078125,4.362709045410156
Brent Oil,Com_BrentCrudeOil,tscv,5,2024-02-26,2,PatchTST,LightGBM,81.69200134277344,74.44429016113281,7.247711181640625
Brent Oil,Com_BrentCrudeOil,tscv,5,2024-03-04,3,PatchTST,LightGBM,81.8759994506836,75.85474395751953,6.0212554931640625
Brent Oil,Com_BrentCrudeOil,tscv,5,2024-03-11,4,PatchTST,LightGBM,83.22200012207031,74.1455078125,9.076492309570312
Brent Oil,Com_BrentCrudeOil,tscv,5,2024-03-18,5,PatchTST,LightGBM,85.6520004272461,72.38858795166016,13.263412475585938
Brent Oil,Com_BrentCrudeOil,tscv,5,2024-03-25,6,PatchTST,LightGBM,86.2183837890625,66.64228820800781,19.576095581054688
Brent Oil,Com_BrentCrudeOil,tscv,5,2024-04-01,7,PatchTST,LightGBM,89.50199890136719,67.87622833251953,21.625770568847656
Brent Oil,Com_BrentCrudeOil,tscv,5,2024-04-08,8,PatchTST,LightGBM,90.17333221435547,66.68822479248047,23.485107421875
Brent Oil,Com_BrentCrudeOil,tscv,5,2024-04-15,9,PatchTST,LightGBM,88.12903594970703,68.40098571777344,19.728050231933594
Brent Oil,Com_BrentCrudeOil,tscv,5,2024-04-22,10,PatchTST,LightGBM,87.90630340576172,68.80208587646484,19.104217529296875
Brent Oil,Com_BrentCrudeOil,tscv,5,2024-04-29,11,PatchTST,LightGBM,84.72000122070312,67.54517364501953,17.174827575683594
Brent Oil,Com_BrentCrudeOil,tscv,5,2024-05-06,12,PatchTST,LightGBM,83.3479995727539,66.65956115722656,16.688438415527344
Brent Oil,Com_BrentCrudeOil,tscv,6,2024-03-18,1,PatchTST,-,85.6520004272461,74.05233001708984,11.59967041015625
Brent Oil,Com_BrentCrudeOil,tscv,6,2024-03-25,2,PatchTST,-,86.2183837890625,73.85669708251953,12.361686706542969
Brent Oil,Com_BrentCrudeOil,tscv,6,2024-04-01,3,PatchTST,-,89.50199890136719,73.92939758300781,15.572601318359375
Brent Oil,Com_BrentCrudeOil,tscv,6,2024-04-08,4,PatchTST,-,90.17333221435547,73.79987335205078,16.373458862304688
Brent Oil,Com_BrentCrudeOil,tscv,6,2024-04-15,5,PatchTST,-,88.12903594970703,73.71307373046875,14.415962219238281
Brent Oil,Com_BrentCrudeOil,tscv,6,2024-04-22,6,PatchTST,-,87.90630340576172,73.78778076171875,14.118522644042969
Brent Oil,Com_BrentCrudeOil,tscv,6,2024-04-29,7,PatchTST,-,84.72000122070312,73.64862823486328,11.071372985839844
Brent Oil,Com_BrentCrudeOil,tscv,6,2024-05-06,8,PatchTST,-,83.3479995727539,73.70002746582031,9.647972106933594
Brent Oil,Com_BrentCrudeOil,tscv,6,2024-05-13,9,PatchTST,-,83.14800262451172,73.70252990722656,9.445472717285156
Brent Oil,Com_BrentCrudeOil,tscv,6,2024-05-20,10,PatchTST,-,82.39399719238281,73.73976135253906,8.65423583984375
Brent Oil,Com_BrentCrudeOil,tscv,6,2024-05-27,11,PatchTST,-,82.64234161376953,73.72872924804688,8.913612365722656
Brent Oil,Com_BrentCrudeOil,tscv,6,2024-06-03,12,PatchTST,-,78.75599670410156,73.54291534423828,5.213081359863281
Brent Oil,Com_BrentCrudeOil,tscv,6,2024-03-18,1,PatchTST,NLinear,85.6520004272461,84.78568267822266,0.8663177490234375
Brent Oil,Com_BrentCrudeOil,tscv,6,2024-03-25,2,PatchTST,NLinear,86.2183837890625,80.80523681640625,5.41314697265625
Brent Oil,Com_BrentCrudeOil,tscv,6,2024-04-01,3,PatchTST,NLinear,89.50199890136719,84.5176773071289,4.984321594238281
Brent Oil,Com_BrentCrudeOil,tscv,6,2024-04-08,4,PatchTST,NLinear,90.17333221435547,85.54006958007812,4.633262634277344
Brent Oil,Com_BrentCrudeOil,tscv,6,2024-04-15,5,PatchTST,NLinear,88.12903594970703,88.00773620605469,0.12129974365234375
Brent Oil,Com_BrentCrudeOil,tscv,6,2024-04-22,6,PatchTST,NLinear,87.90630340576172,78.94304656982422,8.9632568359375
Brent Oil,Com_BrentCrudeOil,tscv,6,2024-04-29,7,PatchTST,NLinear,84.72000122070312,78.9738540649414,5.746147155761719
Brent Oil,Com_BrentCrudeOil,tscv,6,2024-05-06,8,PatchTST,NLinear,83.3479995727539,78.03170013427734,5.3162994384765625
Brent Oil,Com_BrentCrudeOil,tscv,6,2024-05-13,9,PatchTST,NLinear,83.14800262451172,80.83541870117188,2.3125839233398438
Brent Oil,Com_BrentCrudeOil,tscv,6,2024-05-20,10,PatchTST,NLinear,82.39399719238281,82.2050552368164,0.18894195556640625
Brent Oil,Com_BrentCrudeOil,tscv,6,2024-05-27,11,PatchTST,NLinear,82.64234161376953,87.2188720703125,-4.576530456542969
Brent Oil,Com_BrentCrudeOil,tscv,6,2024-06-03,12,PatchTST,NLinear,78.75599670410156,84.82477569580078,-6.068778991699219
Brent Oil,Com_BrentCrudeOil,tscv,6,2024-03-18,1,PatchTST,XGBoost,85.6520004272461,85.57504272460938,0.07695770263671875
Brent Oil,Com_BrentCrudeOil,tscv,6,2024-03-25,2,PatchTST,XGBoost,86.2183837890625,82.60494995117188,3.613433837890625
Brent Oil,Com_BrentCrudeOil,tscv,6,2024-04-01,3,PatchTST,XGBoost,89.50199890136719,80.3213119506836,9.180686950683594
Brent Oil,Com_BrentCrudeOil,tscv,6,2024-04-08,4,PatchTST,XGBoost,90.17333221435547,80.03660583496094,10.136726379394531
Brent Oil,Com_BrentCrudeOil,tscv,6,2024-04-15,5,PatchTST,XGBoost,88.12903594970703,80.53559875488281,7.593437194824219
Brent Oil,Com_BrentCrudeOil,tscv,6,2024-04-22,6,PatchTST,XGBoost,87.90630340576172,77.39215087890625,10.514152526855469
Brent Oil,Com_BrentCrudeOil,tscv,6,2024-04-29,7,PatchTST,XGBoost,84.72000122070312,77.1706314086914,7.549369812011719
Brent Oil,Com_BrentCrudeOil,tscv,6,2024-05-06,8,PatchTST,XGBoost,83.3479995727539,75.97891998291016,7.36907958984375
Brent Oil,Com_BrentCrudeOil,tscv,6,2024-05-13,9,PatchTST,XGBoost,83.14800262451172,73.61963653564453,9.528366088867188
Brent Oil,Com_BrentCrudeOil,tscv,6,2024-05-20,10,PatchTST,XGBoost,82.39399719238281,73.2928466796875,9.101150512695312
Brent Oil,Com_BrentCrudeOil,tscv,6,2024-05-27,11,PatchTST,XGBoost,82.64234161376953,73.13810729980469,9.504234313964844
Brent Oil,Com_BrentCrudeOil,tscv,6,2024-06-03,12,PatchTST,XGBoost,78.75599670410156,71.37478637695312,7.3812103271484375
Brent Oil,Com_BrentCrudeOil,tscv,6,2024-03-18,1,PatchTST,LightGBM,85.6520004272461,83.81361389160156,1.8383865356445312
Brent Oil,Com_BrentCrudeOil,tscv,6,2024-03-25,2,PatchTST,LightGBM,86.2183837890625,80.92208099365234,5.296302795410156
Brent Oil,Com_BrentCrudeOil,tscv,6,2024-04-01,3,PatchTST,LightGBM,89.50199890136719,78.8518295288086,10.650169372558594
Brent Oil,Com_BrentCrudeOil,tscv,6,2024-04-08,4,PatchTST,LightGBM,90.17333221435547,76.38761138916016,13.785720825195312
Brent Oil,Com_BrentCrudeOil,tscv,6,2024-04-15,5,PatchTST,LightGBM,88.12903594970703,77.51918029785156,10.609855651855469
Brent Oil,Com_BrentCrudeOil,tscv,6,2024-04-22,6,PatchTST,LightGBM,87.90630340576172,78.03474426269531,9.871559143066406
Brent Oil,Com_BrentCrudeOil,tscv,6,2024-04-29,7,PatchTST,LightGBM,84.72000122070312,76.19212341308594,8.527877807617188
Brent Oil,Com_BrentCrudeOil,tscv,6,2024-05-06,8,PatchTST,LightGBM,83.3479995727539,77.94772338867188,5.400276184082031
Brent Oil,Com_BrentCrudeOil,tscv,6,2024-05-13,9,PatchTST,LightGBM,83.14800262451172,73.7901840209961,9.357818603515625
Brent Oil,Com_BrentCrudeOil,tscv,6,2024-05-20,10,PatchTST,LightGBM,82.39399719238281,77.58634185791016,4.807655334472656
Brent Oil,Com_BrentCrudeOil,tscv,6,2024-05-27,11,PatchTST,LightGBM,82.64234161376953,73.06038665771484,9.581954956054688
Brent Oil,Com_BrentCrudeOil,tscv,6,2024-06-03,12,PatchTST,LightGBM,78.75599670410156,71.46538543701172,7.290611267089844
Brent Oil,Com_BrentCrudeOil,tscv,7,2024-04-15,1,PatchTST,-,88.12903594970703,69.93933868408203,18.189697265625
Brent Oil,Com_BrentCrudeOil,tscv,7,2024-04-22,2,PatchTST,-,87.90630340576172,69.79593658447266,18.110366821289062
Brent Oil,Com_BrentCrudeOil,tscv,7,2024-04-29,3,PatchTST,-,84.72000122070312,69.74128723144531,14.978713989257812
Brent Oil,Com_BrentCrudeOil,tscv,7,2024-05-06,4,PatchTST,-,83.3479995727539,69.7749252319336,13.573074340820312
Brent Oil,Com_BrentCrudeOil,tscv,7,2024-05-13,5,PatchTST,-,83.14800262451172,69.74906921386719,13.398933410644531
Brent Oil,Com_BrentCrudeOil,tscv,7,2024-05-20,6,PatchTST,-,82.39399719238281,69.77403259277344,12.619964599609375
Brent Oil,Com_BrentCrudeOil,tscv,7,2024-05-27,7,PatchTST,-,82.64234161376953,69.84400177001953,12.79833984375
Brent Oil,Com_BrentCrudeOil,tscv,7,2024-06-03,8,PatchTST,-,78.75599670410156,69.84563446044922,8.910362243652344
Brent Oil,Com_BrentCrudeOil,tscv,7,2024-06-10,9,PatchTST,-,82.30400085449219,69.67642974853516,12.627571105957031
Brent Oil,Com_BrentCrudeOil,tscv,7,2024-06-17,10,PatchTST,-,85.13249969482422,69.81930541992188,15.313194274902344
Brent Oil,Com_BrentCrudeOil,tscv,7,2024-06-24,11,PatchTST,-,84.99199676513672,69.67573547363281,15.316261291503906
Brent Oil,Com_BrentCrudeOil,tscv,7,2024-07-01,12,PatchTST,-,86.68726348876953,69.49107360839844,17.196189880371094
Brent Oil,Com_BrentCrudeOil,tscv,7,2024-04-15,1,PatchTST,NLinear,88.12903594970703,91.63790893554688,-3.5088729858398438
Brent Oil,Com_BrentCrudeOil,tscv,7,2024-04-22,2,PatchTST,NLinear,87.90630340576172,89.88078308105469,-1.9744796752929688
Brent Oil,Com_BrentCrudeOil,tscv,7,2024-04-29,3,PatchTST,NLinear,84.72000122070312,89.28946685791016,-4.569465637207031
Brent Oil,Com_BrentCrudeOil,tscv,7,2024-05-06,4,PatchTST,NLinear,83.3479995727539,88.20823669433594,-4.860237121582031
Brent Oil,Com_BrentCrudeOil,tscv,7,2024-05-13,5,PatchTST,NLinear,83.14800262451172,89.9267578125,-6.778755187988281
Brent Oil,Com_BrentCrudeOil,tscv,7,2024-05-20,6,PatchTST,NLinear,82.39399719238281,87.62367248535156,-5.22967529296875
Brent Oil,Com_BrentCrudeOil,tscv,7,2024-05-27,7,PatchTST,NLinear,82.64234161376953,91.1526870727539,-8.510345458984375
Brent Oil,Com_BrentCrudeOil,tscv,7,2024-06-03,8,PatchTST,NLinear,78.75599670410156,87.24398803710938,-8.487991333007812
Brent Oil,Com_BrentCrudeOil,tscv,7,2024-06-10,9,PatchTST,NLinear,82.30400085449219,90.52703857421875,-8.223037719726562
Brent Oil,Com_BrentCrudeOil,tscv,7,2024-06-17,10,PatchTST,NLinear,85.13249969482422,89.98605346679688,-4.853553771972656
Brent Oil,Com_BrentCrudeOil,tscv,7,2024-06-24,11,PatchTST,NLinear,84.99199676513672,88.20585632324219,-3.2138595581054688
Brent Oil,Com_BrentCrudeOil,tscv,7,2024-07-01,12,PatchTST,NLinear,86.68726348876953,87.64899444580078,-0.96173095703125
Brent Oil,Com_BrentCrudeOil,tscv,7,2024-04-15,1,PatchTST,XGBoost,88.12903594970703,85.21336364746094,2.9156723022460938
Brent Oil,Com_BrentCrudeOil,tscv,7,2024-04-22,2,PatchTST,XGBoost,87.90630340576172,84.1300048828125,3.7762985229492188
Brent Oil,Com_BrentCrudeOil,tscv,7,2024-04-29,3,PatchTST,XGBoost,84.72000122070312,80.15728759765625,4.562713623046875
Brent Oil,Com_BrentCrudeOil,tscv,7,2024-05-06,4,PatchTST,XGBoost,83.3479995727539,76.95939636230469,6.388603210449219
Brent Oil,Com_BrentCrudeOil,tscv,7,2024-05-13,5,PatchTST,XGBoost,83.14800262451172,74.50099182128906,8.647010803222656
Brent Oil,Com_BrentCrudeOil,tscv,7,2024-05-20,6,PatchTST,XGBoost,82.39399719238281,71.29991912841797,11.094078063964844
Brent Oil,Com_BrentCrudeOil,tscv,7,2024-05-27,7,PatchTST,XGBoost,82.64234161376953,69.82264709472656,12.819694519042969
Brent Oil,Com_BrentCrudeOil,tscv,7,2024-06-03,8,PatchTST,XGBoost,78.75599670410156,68.84315490722656,9.912841796875
Brent Oil,Com_BrentCrudeOil,tscv,7,2024-06-10,9,PatchTST,XGBoost,82.30400085449219,72.34004211425781,9.963958740234375
Brent Oil,Com_BrentCrudeOil,tscv,7,2024-06-17,10,PatchTST,XGBoost,85.13249969482422,72.51273345947266,12.619766235351562
Brent Oil,Com_BrentCrudeOil,tscv,7,2024-06-24,11,PatchTST,XGBoost,84.99199676513672,70.53851318359375,14.453483581542969
Brent Oil,Com_BrentCrudeOil,tscv,7,2024-07-01,12,PatchTST,XGBoost,86.68726348876953,70.17991638183594,16.507347106933594
Brent Oil,Com_BrentCrudeOil,tscv,7,2024-04-15,1,PatchTST,LightGBM,88.12903594970703,86.62252044677734,1.5065155029296875
Brent Oil,Com_BrentCrudeOil,tscv,7,2024-04-22,2,PatchTST,LightGBM,87.90630340576172,85.2520980834961,2.654205322265625
Brent Oil,Com_BrentCrudeOil,tscv,7,2024-04-29,3,PatchTST,LightGBM,84.72000122070312,84.34071350097656,0.3792877197265625
Brent Oil,Com_BrentCrudeOil,tscv,7,2024-05-06,4,PatchTST,LightGBM,83.3479995727539,82.69989776611328,0.648101806640625
Brent Oil,Com_BrentCrudeOil,tscv,7,2024-05-13,5,PatchTST,LightGBM,83.14800262451172,80.31048583984375,2.8375167846679688
Brent Oil,Com_BrentCrudeOil,tscv,7,2024-05-20,6,PatchTST,LightGBM,82.39399719238281,77.48605346679688,4.9079437255859375
Brent Oil,Com_BrentCrudeOil,tscv,7,2024-05-27,7,PatchTST,LightGBM,82.64234161376953,76.31258392333984,6.3297576904296875
Brent Oil,Com_BrentCrudeOil,tscv,7,2024-06-03,8,PatchTST,LightGBM,78.75599670410156,75.31112670898438,3.4448699951171875
Brent Oil,Com_BrentCrudeOil,tscv,7,2024-06-10,9,PatchTST,LightGBM,82.30400085449219,73.45600128173828,8.847999572753906
Brent Oil,Com_BrentCrudeOil,tscv,7,2024-06-17,10,PatchTST,LightGBM,85.13249969482422,72.0837173461914,13.048782348632812
Brent Oil,Com_BrentCrudeOil,tscv,7,2024-06-24,11,PatchTST,LightGBM,84.99199676513672,70.13849639892578,14.853500366210938
Brent Oil,Com_BrentCrudeOil,tscv,7,2024-07-01,12,PatchTST,LightGBM,86.68726348876953,66.63763427734375,20.04962921142578
Brent Oil,Com_BrentCrudeOil,tscv,8,2024-05-13,1,PatchTST,-,83.14800262451172,70.66436004638672,12.483642578125
Brent Oil,Com_BrentCrudeOil,tscv,8,2024-05-20,2,PatchTST,-,82.39399719238281,70.62653350830078,11.767463684082031
Brent Oil,Com_BrentCrudeOil,tscv,8,2024-05-27,3,PatchTST,-,82.64234161376953,70.68921661376953,11.953125
Brent Oil,Com_BrentCrudeOil,tscv,8,2024-06-03,4,PatchTST,-,78.75599670410156,70.69374084472656,8.062255859375
Brent Oil,Com_BrentCrudeOil,tscv,8,2024-06-10,5,PatchTST,-,82.30400085449219,70.68980407714844,11.61419677734375
Brent Oil,Com_BrentCrudeOil,tscv,8,2024-06-17,6,PatchTST,-,85.13249969482422,70.46212005615234,14.670379638671875
Brent Oil,Com_BrentCrudeOil,tscv,8,2024-06-24,7,PatchTST,-,84.99199676513672,70.59139251708984,14.400604248046875
Brent Oil,Com_BrentCrudeOil,tscv,8,2024-07-01,8,PatchTST,-,86.68726348876953,70.3433837890625,16.34387969970703
Brent Oil,Com_BrentCrudeOil,tscv,8,2024-07-08,9,PatchTST,-,85.18399810791016,70.57304382324219,14.610954284667969
Brent Oil,Com_BrentCrudeOil,tscv,8,2024-07-15,10,PatchTST,-,84.27999877929688,70.22582244873047,14.054176330566406
Brent Oil,Com_BrentCrudeOil,tscv,8,2024-07-22,11,PatchTST,-,81.7239990234375,70.18753051757812,11.536468505859375
Brent Oil,Com_BrentCrudeOil,tscv,8,2024-07-29,12,PatchTST,-,78.4143295288086,70.10266876220703,8.311660766601562
Brent Oil,Com_BrentCrudeOil,tscv,8,2024-05-13,1,PatchTST,NLinear,83.14800262451172,81.7822494506836,1.365753173828125
Brent Oil,Com_BrentCrudeOil,tscv,8,2024-05-20,2,PatchTST,NLinear,82.39399719238281,79.88603210449219,2.507965087890625
Brent Oil,Com_BrentCrudeOil,tscv,8,2024-05-27,3,PatchTST,NLinear,82.64234161376953,86.37107849121094,-3.7287368774414062
Brent Oil,Com_BrentCrudeOil,tscv,8,2024-06-03,4,PatchTST,NLinear,78.75599670410156,84.0757064819336,-5.319709777832031
Brent Oil,Com_BrentCrudeOil,tscv,8,2024-06-10,5,PatchTST,NLinear,82.30400085449219,83.1309814453125,-0.8269805908203125
Brent Oil,Com_BrentCrudeOil,tscv,8,2024-06-17,6,PatchTST,NLinear,85.13249969482422,82.51046752929688,2.6220321655273438
Brent Oil,Com_BrentCrudeOil,tscv,8,2024-06-24,7,PatchTST,NLinear,84.99199676513672,85.54524993896484,-0.553253173828125
Brent Oil,Com_BrentCrudeOil,tscv,8,2024-07-01,8,PatchTST,NLinear,86.68726348876953,87.13044738769531,-0.44318389892578125
Brent Oil,Com_BrentCrudeOil,tscv,8,2024-07-08,9,PatchTST,NLinear,85.18399810791016,85.7955551147461,-0.6115570068359375
Brent Oil,Com_BrentCrudeOil,tscv,8,2024-07-15,10,PatchTST,NLinear,84.27999877929688,83.49739837646484,0.7826004028320312
Brent Oil,Com_BrentCrudeOil,tscv,8,2024-07-22,11,PatchTST,NLinear,81.7239990234375,80.48149108886719,1.2425079345703125
Brent Oil,Com_BrentCrudeOil,tscv,8,2024-07-29,12,PatchTST,NLinear,78.4143295288086,83.2083511352539,-4.7940216064453125
Brent Oil,Com_BrentCrudeOil,tscv,8,2024-05-13,1,PatchTST,XGBoost,83.14800262451172,87.44686126708984,-4.298858642578125
Brent Oil,Com_BrentCrudeOil,tscv,8,2024-05-20,2,PatchTST,XGBoost,82.39399719238281,85.96694946289062,-3.5729522705078125
Brent Oil,Com_BrentCrudeOil,tscv,8,2024-05-27,3,PatchTST,XGBoost,82.64234161376953,86.0132827758789,-3.370941162109375
Brent Oil,Com_BrentCrudeOil,tscv,8,2024-06-03,4,PatchTST,XGBoost,78.75599670410156,84.54850006103516,-5.792503356933594
Brent Oil,Com_BrentCrudeOil,tscv,8,2024-06-10,5,PatchTST,XGBoost,82.30400085449219,79.8844223022461,2.4195785522460938
Brent Oil,Com_BrentCrudeOil,tscv,8,2024-06-17,6,PatchTST,XGBoost,85.13249969482422,79.14334106445312,5.989158630371094
Brent Oil,Com_BrentCrudeOil,tscv,8,2024-06-24,7,PatchTST,XGBoost,84.99199676513672,78.70852661132812,6.283470153808594
Brent Oil,Com_BrentCrudeOil,tscv,8,2024-07-01,8,PatchTST,XGBoost,86.68726348876953,78.84822845458984,7.8390350341796875
Brent Oil,Com_BrentCrudeOil,tscv,8,2024-07-08,9,PatchTST,XGBoost,85.18399810791016,80.56098937988281,4.623008728027344
Brent Oil,Com_BrentCrudeOil,tscv,8,2024-07-15,10,PatchTST,XGBoost,84.27999877929688,83.11590576171875,1.164093017578125
Brent Oil,Com_BrentCrudeOil,tscv,8,2024-07-22,11,PatchTST,XGBoost,81.7239990234375,82.17411804199219,-0.4501190185546875
Brent Oil,Com_BrentCrudeOil,tscv,8,2024-07-29,12,PatchTST,XGBoost,78.4143295288086,85.12930297851562,-6.714973449707031
Brent Oil,Com_BrentCrudeOil,tscv,8,2024-05-13,1,PatchTST,LightGBM,83.14800262451172,92.51901245117188,-9.371009826660156
Brent Oil,Com_BrentCrudeOil,tscv,8,2024-05-20,2,PatchTST,LightGBM,82.39399719238281,92.52934265136719,-10.135345458984375
Brent Oil,Com_BrentCrudeOil,tscv,8,2024-05-27,3,PatchTST,LightGBM,82.64234161376953,92.88722229003906,-10.244880676269531
Brent Oil,Com_BrentCrudeOil,tscv,8,2024-06-03,4,PatchTST,LightGBM,78.75599670410156,91.54011535644531,-12.78411865234375
Brent Oil,Com_BrentCrudeOil,tscv,8,2024-06-10,5,PatchTST,LightGBM,82.30400085449219,91.44905853271484,-9.145057678222656
Brent Oil,Com_BrentCrudeOil,tscv,8,2024-06-17,6,PatchTST,LightGBM,85.13249969482422,90.98284912109375,-5.850349426269531
Brent Oil,Com_BrentCrudeOil,tscv,8,2024-06-24,7,PatchTST,LightGBM,84.99199676513672,90.78047180175781,-5.788475036621094
Brent Oil,Com_BrentCrudeOil,tscv,8,2024-07-01,8,PatchTST,LightGBM,86.68726348876953,88.99788665771484,-2.3106231689453125
Brent Oil,Com_BrentCrudeOil,tscv,8,2024-07-08,9,PatchTST,LightGBM,85.18399810791016,89.70216369628906,-4.518165588378906
Brent Oil,Com_BrentCrudeOil,tscv,8,2024-07-15,10,PatchTST,LightGBM,84.27999877929688,88.49238586425781,-4.2123870849609375
Brent Oil,Com_BrentCrudeOil,tscv,8,2024-07-22,11,PatchTST,LightGBM,81.7239990234375,88.13490295410156,-6.4109039306640625
Brent Oil,Com_BrentCrudeOil,tscv,8,2024-07-29,12,PatchTST,LightGBM,78.4143295288086,88.24998474121094,-9.835655212402344
Brent Oil,Com_BrentCrudeOil,tscv,9,2024-06-10,1,PatchTST,-,82.30400085449219,69.37578582763672,12.928215026855469
Brent Oil,Com_BrentCrudeOil,tscv,9,2024-06-17,2,PatchTST,-,85.13249969482422,69.23382568359375,15.898674011230469
Brent Oil,Com_BrentCrudeOil,tscv,9,2024-06-24,3,PatchTST,-,84.99199676513672,69.38624572753906,15.605751037597656
Brent Oil,Com_BrentCrudeOil,tscv,9,2024-07-01,4,PatchTST,-,86.68726348876953,69.28158569335938,17.405677795410156
Brent Oil,Com_BrentCrudeOil,tscv,9,2024-07-08,5,PatchTST,-,85.18399810791016,69.16643524169922,16.017562866210938
Brent Oil,Com_BrentCrudeOil,tscv,9,2024-07-15,6,PatchTST,-,84.27999877929688,69.28263092041016,14.997367858886719
Brent Oil,Com_BrentCrudeOil,tscv,9,2024-07-22,7,PatchTST,-,81.7239990234375,69.39527130126953,12.328727722167969
Brent Oil,Com_BrentCrudeOil,tscv,9,2024-07-29,8,PatchTST,-,78.4143295288086,69.21922302246094,9.195106506347656
Brent Oil,Com_BrentCrudeOil,tscv,9,2024-08-05,9,PatchTST,-,78.48297119140625,69.27921295166016,9.203758239746094
Brent Oil,Com_BrentCrudeOil,tscv,9,2024-08-12,10,PatchTST,-,80.38911437988281,69.23004150390625,11.159072875976562
Brent Oil,Com_BrentCrudeOil,tscv,9,2024-08-19,11,PatchTST,-,77.96463012695312,69.176513671875,8.788116455078125
Brent Oil,Com_BrentCrudeOil,tscv,9,2024-08-26,12,PatchTST,-,78.09672546386719,69.09356689453125,9.003158569335938
Brent Oil,Com_BrentCrudeOil,tscv,9,2024-06-10,1,PatchTST,NLinear,82.30400085449219,79.25199890136719,3.052001953125
Brent Oil,Com_BrentCrudeOil,tscv,9,2024-06-17,2,PatchTST,NLinear,85.13249969482422,76.33123016357422,8.80126953125
Brent Oil,Com_BrentCrudeOil,tscv,9,2024-06-24,3,PatchTST,NLinear,84.99199676513672,79.81930541992188,5.172691345214844
Brent Oil,Com_BrentCrudeOil,tscv,9,2024-07-01,4,PatchTST,NLinear,86.68726348876953,80.16043090820312,6.526832580566406
Brent Oil,Com_BrentCrudeOil,tscv,9,2024-07-08,5,PatchTST,NLinear,85.18399810791016,78.22706604003906,6.956932067871094
Brent Oil,Com_BrentCrudeOil,tscv,9,2024-07-15,6,PatchTST,NLinear,84.27999877929688,78.76309204101562,5.51690673828125
Brent Oil,Com_BrentCrudeOil,tscv,9,2024-07-22,7,PatchTST,NLinear,81.7239990234375,77.43600463867188,4.287994384765625
Brent Oil,Com_BrentCrudeOil,tscv,9,2024-07-29,8,PatchTST,NLinear,78.4143295288086,79.22697448730469,-0.8126449584960938
Brent Oil,Com_BrentCrudeOil,tscv,9,2024-08-05,9,PatchTST,NLinear,78.48297119140625,80.35221862792969,-1.8692474365234375
Brent Oil,Com_BrentCrudeOil,tscv,9,2024-08-12,10,PatchTST,NLinear,80.38911437988281,77.24496459960938,3.1441497802734375
Brent Oil,Com_BrentCrudeOil,tscv,9,2024-08-19,11,PatchTST,NLinear,77.96463012695312,76.64659881591797,1.3180313110351562
Brent Oil,Com_BrentCrudeOil,tscv,9,2024-08-26,12,PatchTST,NLinear,78.09672546386719,73.616455078125,4.4802703857421875
Brent Oil,Com_BrentCrudeOil,tscv,9,2024-06-10,1,PatchTST,XGBoost,82.30400085449219,74.4266357421875,7.8773651123046875
Brent Oil,Com_BrentCrudeOil,tscv,9,2024-06-17,2,PatchTST,XGBoost,85.13249969482422,73.01805114746094,12.114448547363281
Brent Oil,Com_BrentCrudeOil,tscv,9,2024-06-24,3,PatchTST,XGBoost,84.99199676513672,72.16091918945312,12.831077575683594
Brent Oil,Com_BrentCrudeOil,tscv,9,2024-07-01,4,PatchTST,XGBoost,86.68726348876953,71.69058227539062,14.996681213378906
Brent Oil,Com_BrentCrudeOil,tscv,9,2024-07-08,5,PatchTST,XGBoost,85.18399810791016,70.81163787841797,14.372360229492188
Brent Oil,Com_BrentCrudeOil,tscv,9,2024-07-15,6,PatchTST,XGBoost,84.27999877929688,67.79779815673828,16.482200622558594
Brent Oil,Com_BrentCrudeOil,tscv,9,2024-07-22,7,PatchTST,XGBoost,81.7239990234375,68.24657440185547,13.477424621582031
Brent Oil,Com_BrentCrudeOil,tscv,9,2024-07-29,8,PatchTST,XGBoost,78.4143295288086,67.2393798828125,11.174949645996094
Brent Oil,Com_BrentCrudeOil,tscv,9,2024-08-05,9,PatchTST,XGBoost,78.48297119140625,68.01951599121094,10.463455200195312
Brent Oil,Com_BrentCrudeOil,tscv,9,2024-08-12,10,PatchTST,XGBoost,80.38911437988281,67.09955596923828,13.289558410644531
Brent Oil,Com_BrentCrudeOil,tscv,9,2024-08-19,11,PatchTST,XGBoost,77.96463012695312,66.04901885986328,11.915611267089844
Brent Oil,Com_BrentCrudeOil,tscv,9,2024-08-26,12,PatchTST,XGBoost,78.09672546386719,62.401145935058594,15.695579528808594
Brent Oil,Com_BrentCrudeOil,tscv,9,2024-06-10,1,PatchTST,LightGBM,82.30400085449219,75.96552276611328,6.338478088378906
Brent Oil,Com_BrentCrudeOil,tscv,9,2024-06-17,2,PatchTST,LightGBM,85.13249969482422,76.177490234375,8.955009460449219
Brent Oil,Com_BrentCrudeOil,tscv,9,2024-06-24,3,PatchTST,LightGBM,84.99199676513672,75.73578643798828,9.256210327148438
Brent Oil,Com_BrentCrudeOil,tscv,9,2024-07-01,4,PatchTST,LightGBM,86.68726348876953,72.6856460571289,14.001617431640625
Brent Oil,Com_BrentCrudeOil,tscv,9,2024-07-08,5,PatchTST,LightGBM,85.18399810791016,71.35803985595703,13.825958251953125
Brent Oil,Com_BrentCrudeOil,tscv,9,2024-07-15,6,PatchTST,LightGBM,84.27999877929688,69.25827026367188,15.021728515625
Brent Oil,Com_BrentCrudeOil,tscv,9,2024-07-22,7,PatchTST,LightGBM,81.7239990234375,68.1967544555664,13.527244567871094
Brent Oil,Com_BrentCrudeOil,tscv,9,2024-07-29,8,PatchTST,LightGBM,78.4143295288086,68.10386657714844,10.310462951660156
Brent Oil,Com_BrentCrudeOil,tscv,9,2024-08-05,9,PatchTST,LightGBM,78.48297119140625,68.73906707763672,9.743904113769531
Brent Oil,Com_BrentCrudeOil,tscv,9,2024-08-12,10,PatchTST,LightGBM,80.38911437988281,67.63592529296875,12.753189086914062
Brent Oil,Com_BrentCrudeOil,tscv,9,2024-08-19,11,PatchTST,LightGBM,77.96463012695312,65.40326690673828,12.561363220214844
Brent Oil,Com_BrentCrudeOil,tscv,9,2024-08-26,12,PatchTST,LightGBM,78.09672546386719,63.342140197753906,14.754585266113281
Brent Oil,Com_BrentCrudeOil,tscv,10,2024-07-08,1,PatchTST,-,85.18399810791016,70.06780242919922,15.116195678710938
Brent Oil,Com_BrentCrudeOil,tscv,10,2024-07-15,2,PatchTST,-,84.27999877929688,70.2879409790039,13.992057800292969
Brent Oil,Com_BrentCrudeOil,tscv,10,2024-07-22,3,PatchTST,-,81.7239990234375,70.0338134765625,11.690185546875
Brent Oil,Com_BrentCrudeOil,tscv,10,2024-07-29,4,PatchTST,-,78.4143295288086,70.08858489990234,8.32574462890625
Brent Oil,Com_BrentCrudeOil,tscv,10,2024-08-05,5,PatchTST,-,78.48297119140625,70.02113342285156,8.461837768554688
Brent Oil,Com_BrentCrudeOil,tscv,10,2024-08-12,6,PatchTST,-,80.38911437988281,70.0538330078125,10.335281372070312
Brent Oil,Com_BrentCrudeOil,tscv,10,2024-08-19,7,PatchTST,-,77.96463012695312,70.11941528320312,7.84521484375
Brent Oil,Com_BrentCrudeOil,tscv,10,2024-08-26,8,PatchTST,-,78.09672546386719,70.0203628540039,8.076362609863281
Brent Oil,Com_BrentCrudeOil,tscv,10,2024-09-02,9,PatchTST,-,72.91812896728516,69.9838638305664,2.93426513671875
Brent Oil,Com_BrentCrudeOil,tscv,10,2024-09-09,10,PatchTST,-,71.21612548828125,69.94114685058594,1.2749786376953125
Brent Oil,Com_BrentCrudeOil,tscv,10,2024-09-16,11,PatchTST,-,74.13544464111328,69.83233642578125,4.303108215332031
Brent Oil,Com_BrentCrudeOil,tscv,10,2024-09-23,12,PatchTST,-,72.62645721435547,69.83500671386719,2.7914505004882812
Brent Oil,Com_BrentCrudeOil,tscv,10,2024-07-08,1,PatchTST,NLinear,85.18399810791016,87.47610473632812,-2.2921066284179688
Brent Oil,Com_BrentCrudeOil,tscv,10,2024-07-15,2,PatchTST,NLinear,84.27999877929688,88.8938980102539,-4.613899230957031
Brent Oil,Com_BrentCrudeOil,tscv,10,2024-07-22,3,PatchTST,NLinear,81.7239990234375,88.52686309814453,-6.802864074707031
Brent Oil,Com_BrentCrudeOil,tscv,10,2024-07-29,4,PatchTST,NLinear,78.4143295288086,89.82498168945312,-11.410652160644531
Brent Oil,Com_BrentCrudeOil,tscv,10,2024-08-05,5,PatchTST,NLinear,78.48297119140625,88.68856811523438,-10.205596923828125
Brent Oil,Com_BrentCrudeOil,tscv,10,2024-08-12,6,PatchTST,NLinear,80.38911437988281,89.449951171875,-9.060836791992188
Brent Oil,Com_BrentCrudeOil,tscv,10,2024-08-19,7,PatchTST,NLinear,77.96463012695312,89.4260482788086,-11.461418151855469
Brent Oil,Com_BrentCrudeOil,tscv,10,2024-08-26,8,PatchTST,NLinear,78.09672546386719,88.22704315185547,-10.130317687988281
Brent Oil,Com_BrentCrudeOil,tscv,10,2024-09-02,9,PatchTST,NLinear,72.91812896728516,87.65221405029297,-14.734085083007812
Brent Oil,Com_BrentCrudeOil,tscv,10,2024-09-09,10,PatchTST,NLinear,71.21612548828125,86.75572204589844,-15.539596557617188
Brent Oil,Com_BrentCrudeOil,tscv,10,2024-09-16,11,PatchTST,NLinear,74.13544464111328,87.1451644897461,-13.009719848632812
Brent Oil,Com_BrentCrudeOil,tscv,10,2024-09-23,12,PatchTST,NLinear,72.62645721435547,86.10154724121094,-13.475090026855469
Brent Oil,Com_BrentCrudeOil,tscv,10,2024-07-08,1,PatchTST,XGBoost,85.18399810791016,84.3486557006836,0.8353424072265625
Brent Oil,Com_BrentCrudeOil,tscv,10,2024-07-15,2,PatchTST,XGBoost,84.27999877929688,79.27874755859375,5.001251220703125
Brent Oil,Com_BrentCrudeOil,tscv,10,2024-07-22,3,PatchTST,XGBoost,81.7239990234375,76.47111511230469,5.2528839111328125
Brent Oil,Com_BrentCrudeOil,tscv,10,2024-07-29,4,PatchTST,XGBoost,78.4143295288086,73.55484008789062,4.859489440917969
Brent Oil,Com_BrentCrudeOil,tscv,10,2024-08-05,5,PatchTST,XGBoost,78.48297119140625,75.3465347290039,3.1364364624023438
Brent Oil,Com_BrentCrudeOil,tscv,10,2024-08-12,6,PatchTST,XGBoost,80.38911437988281,75.37557220458984,5.013542175292969
Brent Oil,Com_BrentCrudeOil,tscv,10,2024-08-19,7,PatchTST,XGBoost,77.96463012695312,76.22586822509766,1.7387619018554688
Brent Oil,Com_BrentCrudeOil,tscv,10,2024-08-26,8,PatchTST,XGBoost,78.09672546386719,74.18377685546875,3.9129486083984375
Brent Oil,Com_BrentCrudeOil,tscv,10,2024-09-02,9,PatchTST,XGBoost,72.91812896728516,74.56584930419922,-1.6477203369140625
Brent Oil,Com_BrentCrudeOil,tscv,10,2024-09-09,10,PatchTST,XGBoost,71.21612548828125,71.69290161132812,-0.476776123046875
Brent Oil,Com_BrentCrudeOil,tscv,10,2024-09-16,11,PatchTST,XGBoost,74.13544464111328,69.44083404541016,4.694610595703125
Brent Oil,Com_BrentCrudeOil,tscv,10,2024-09-23,12,PatchTST,XGBoost,72.62645721435547,68.6781997680664,3.9482574462890625
Brent Oil,Com_BrentCrudeOil,tscv,10,2024-07-08,1,PatchTST,LightGBM,85.18399810791016,91.70136260986328,-6.517364501953125
Brent Oil,Com_BrentCrudeOil,tscv,10,2024-07-15,2,PatchTST,LightGBM,84.27999877929688,90.13204956054688,-5.85205078125
Brent Oil,Com_BrentCrudeOil,tscv,10,2024-07-22,3,PatchTST,LightGBM,81.7239990234375,88.23657989501953,-6.512580871582031
Brent Oil,Com_BrentCrudeOil,tscv,10,2024-07-29,4,PatchTST,LightGBM,78.4143295288086,82.56330108642578,-4.1489715576171875
Brent Oil,Com_BrentCrudeOil,tscv,10,2024-08-05,5,PatchTST,LightGBM,78.48297119140625,80.38504028320312,-1.902069091796875
Brent Oil,Com_BrentCrudeOil,tscv,10,2024-08-12,6,PatchTST,LightGBM,80.38911437988281,81.10271453857422,-0.7136001586914062
Brent Oil,Com_BrentCrudeOil,tscv,10,2024-08-19,7,PatchTST,LightGBM,77.96463012695312,81.43578338623047,-3.4711532592773438
Brent Oil,Com_BrentCrudeOil,tscv,10,2024-08-26,8,PatchTST,LightGBM,78.09672546386719,81.07321166992188,-2.9764862060546875
Brent Oil,Com_BrentCrudeOil,tscv,10,2024-09-02,9,PatchTST,LightGBM,72.91812896728516,78.94335174560547,-6.0252227783203125
Brent Oil,Com_BrentCrudeOil,tscv,10,2024-09-09,10,PatchTST,LightGBM,71.21612548828125,79.45065307617188,-8.234527587890625
Brent Oil,Com_BrentCrudeOil,tscv,10,2024-09-16,11,PatchTST,LightGBM,74.13544464111328,75.8794937133789,-1.744049072265625
Brent Oil,Com_BrentCrudeOil,tscv,10,2024-09-23,12,PatchTST,LightGBM,72.62645721435547,71.5282974243164,1.0981597900390625
Brent Oil,Com_BrentCrudeOil,tscv,11,2024-08-05,1,PatchTST,-,78.48297119140625,68.60154724121094,9.881423950195312
Brent Oil,Com_BrentCrudeOil,tscv,11,2024-08-12,2,PatchTST,-,80.38911437988281,68.68949127197266,11.699623107910156
Brent Oil,Com_BrentCrudeOil,tscv,11,2024-08-19,3,PatchTST,-,77.96463012695312,68.6871566772461,9.277473449707031
Brent Oil,Com_BrentCrudeOil,tscv,11,2024-08-26,4,PatchTST,-,78.09672546386719,68.69558715820312,9.401138305664062
Brent Oil,Com_BrentCrudeOil,tscv,11,2024-09-02,5,PatchTST,-,72.91812896728516,68.69357299804688,4.224555969238281
Brent Oil,Com_BrentCrudeOil,tscv,11,2024-09-09,6,PatchTST,-,71.21612548828125,68.71446228027344,2.5016632080078125
Brent Oil,Com_BrentCrudeOil,tscv,11,2024-09-16,7,PatchTST,-,74.13544464111328,68.61503601074219,5.520408630371094
Brent Oil,Com_BrentCrudeOil,tscv,11,2024-09-23,8,PatchTST,-,72.62645721435547,68.55736541748047,4.069091796875
Brent Oil,Com_BrentCrudeOil,tscv,11,2024-09-30,9,PatchTST,-,75.79288482666016,68.60658264160156,7.186302185058594
Brent Oil,Com_BrentCrudeOil,tscv,11,2024-10-07,10,PatchTST,-,78.61448669433594,68.4340591430664,10.180427551269531
Brent Oil,Com_BrentCrudeOil,tscv,11,2024-10-14,11,PatchTST,-,74.26461791992188,68.42706298828125,5.837554931640625
Brent Oil,Com_BrentCrudeOil,tscv,11,2024-10-21,12,PatchTST,-,74.91790008544922,68.38703155517578,6.5308685302734375
Brent Oil,Com_BrentCrudeOil,tscv,11,2024-08-05,1,PatchTST,NLinear,78.48297119140625,74.88854217529297,3.5944290161132812
Brent Oil,Com_BrentCrudeOil,tscv,11,2024-08-12,2,PatchTST,NLinear,80.38911437988281,73.19960021972656,7.18951416015625
Brent Oil,Com_BrentCrudeOil,tscv,11,2024-08-19,3,PatchTST,NLinear,77.96463012695312,79.09935760498047,-1.1347274780273438
Brent Oil,Com_BrentCrudeOil,tscv,11,2024-08-26,4,PatchTST,NLinear,78.09672546386719,78.51589965820312,-0.4191741943359375
Brent Oil,Com_BrentCrudeOil,tscv,11,2024-09-02,5,PatchTST,NLinear,72.91812896728516,76.13394165039062,-3.2158126831054688
Brent Oil,Com_BrentCrudeOil,tscv,11,2024-09-09,6,PatchTST,NLinear,71.21612548828125,76.69713592529297,-5.481010437011719
Brent Oil,Com_BrentCrudeOil,tscv,11,2024-09-16,7,PatchTST,NLinear,74.13544464111328,74.2005844116211,-0.0651397705078125
Brent Oil,Com_BrentCrudeOil,tscv,11,2024-09-23,8,PatchTST,NLinear,72.62645721435547,72.17828369140625,0.44817352294921875
Brent Oil,Com_BrentCrudeOil,tscv,11,2024-09-30,9,PatchTST,NLinear,75.79288482666016,76.95158386230469,-1.1586990356445312
Brent Oil,Com_BrentCrudeOil,tscv,11,2024-10-07,10,PatchTST,NLinear,78.61448669433594,74.0043716430664,4.610115051269531
Brent Oil,Com_BrentCrudeOil,tscv,11,2024-10-14,11,PatchTST,NLinear,74.26461791992188,76.33747863769531,-2.0728607177734375
Brent Oil,Com_BrentCrudeOil,tscv,11,2024-10-21,12,PatchTST,NLinear,74.91790008544922,75.3671646118164,-0.4492645263671875
Brent Oil,Com_BrentCrudeOil,tscv,11,2024-08-05,1,PatchTST,XGBoost,78.48297119140625,76.89319610595703,1.5897750854492188
Brent Oil,Com_BrentCrudeOil,tscv,11,2024-08-12,2,PatchTST,XGBoost,80.38911437988281,76.89993286132812,3.4891815185546875
Brent Oil,Com_BrentCrudeOil,tscv,11,2024-08-19,3,PatchTST,XGBoost,77.96463012695312,76.28961181640625,1.675018310546875
Brent Oil,Com_BrentCrudeOil,tscv,11,2024-08-26,4,PatchTST,XGBoost,78.09672546386719,75.23365783691406,2.863067626953125
Brent Oil,Com_BrentCrudeOil,tscv,11,2024-09-02,5,PatchTST,XGBoost,72.91812896728516,73.67475891113281,-0.7566299438476562
Brent Oil,Com_BrentCrudeOil,tscv,11,2024-09-09,6,PatchTST,XGBoost,71.21612548828125,71.78042602539062,-0.564300537109375
Brent Oil,Com_BrentCrudeOil,tscv,11,2024-09-16,7,PatchTST,XGBoost,74.13544464111328,70.83629608154297,3.2991485595703125
Brent Oil,Com_BrentCrudeOil,tscv,11,2024-09-23,8,PatchTST,XGBoost,72.62645721435547,70.3378677368164,2.2885894775390625
Brent Oil,Com_BrentCrudeOil,tscv,11,2024-09-30,9,PatchTST,XGBoost,75.79288482666016,69.00625610351562,6.786628723144531
Brent Oil,Com_BrentCrudeOil,tscv,11,2024-10-07,10,PatchTST,XGBoost,78.61448669433594,69.50908660888672,9.105400085449219
Brent Oil,Com_BrentCrudeOil,tscv,11,2024-10-14,11,PatchTST,XGBoost,74.26461791992188,70.97161865234375,3.292999267578125
Brent Oil,Com_BrentCrudeOil,tscv,11,2024-10-21,12,PatchTST,XGBoost,74.91790008544922,67.78551483154297,7.13238525390625
Brent Oil,Com_BrentCrudeOil,tscv,11,2024-08-05,1,PatchTST,LightGBM,78.48297119140625,74.79844665527344,3.6845245361328125
Brent Oil,Com_BrentCrudeOil,tscv,11,2024-08-12,2,PatchTST,LightGBM,80.38911437988281,75.24113464355469,5.147979736328125
Brent Oil,Com_BrentCrudeOil,tscv,11,2024-08-19,3,PatchTST,LightGBM,77.96463012695312,74.32401275634766,3.6406173706054688
Brent Oil,Com_BrentCrudeOil,tscv,11,2024-08-26,4,PatchTST,LightGBM,78.09672546386719,74.79106140136719,3.3056640625
Brent Oil,Com_BrentCrudeOil,tscv,11,2024-09-02,5,PatchTST,LightGBM,72.91812896728516,75.47171020507812,-2.5535812377929688
Brent Oil,Com_BrentCrudeOil,tscv,11,2024-09-09,6,PatchTST,LightGBM,71.21612548828125,70.97000122070312,0.246124267578125
Brent Oil,Com_BrentCrudeOil,tscv,11,2024-09-16,7,PatchTST,LightGBM,74.13544464111328,71.86846923828125,2.2669754028320312
Brent Oil,Com_BrentCrudeOil,tscv,11,2024-09-23,8,PatchTST,LightGBM,72.62645721435547,70.16619873046875,2.4602584838867188
Brent Oil,Com_BrentCrudeOil,tscv,11,2024-09-30,9,PatchTST,LightGBM,75.79288482666016,70.73516082763672,5.0577239990234375
Brent Oil,Com_BrentCrudeOil,tscv,11,2024-10-07,10,PatchTST,LightGBM,78.61448669433594,68.09500122070312,10.519485473632812
Brent Oil,Com_BrentCrudeOil,tscv,11,2024-10-14,11,PatchTST,LightGBM,74.26461791992188,67.8313217163086,6.433296203613281
Brent Oil,Com_BrentCrudeOil,tscv,11,2024-10-21,12,PatchTST,LightGBM,74.91790008544922,65.46092224121094,9.456977844238281
Brent Oil,Com_BrentCrudeOil,tscv,12,2024-09-02,1,PatchTST,-,72.91812896728516,72.27371215820312,0.6444168090820312
Brent Oil,Com_BrentCrudeOil,tscv,12,2024-09-09,2,PatchTST,-,71.21612548828125,72.33075714111328,-1.1146316528320312
Brent Oil,Com_BrentCrudeOil,tscv,12,2024-09-16,3,PatchTST,-,74.13544464111328,71.95451354980469,2.1809310913085938
Brent Oil,Com_BrentCrudeOil,tscv,12,2024-09-23,4,PatchTST,-,72.62645721435547,72.2193832397461,0.407073974609375
Brent Oil,Com_BrentCrudeOil,tscv,12,2024-09-30,5,PatchTST,-,75.79288482666016,72.51164245605469,3.2812423706054688
Brent Oil,Com_BrentCrudeOil,tscv,12,2024-10-07,6,PatchTST,-,78.61448669433594,72.03291320800781,6.581573486328125
Brent Oil,Com_BrentCrudeOil,tscv,12,2024-10-14,7,PatchTST,-,74.26461791992188,72.4194107055664,1.8452072143554688
Brent Oil,Com_BrentCrudeOil,tscv,12,2024-10-21,8,PatchTST,-,74.91790008544922,72.14302062988281,2.7748794555664062
Brent Oil,Com_BrentCrudeOil,tscv,12,2024-10-28,9,PatchTST,-,72.1500015258789,72.1591796875,-0.00917816162109375
Brent Oil,Com_BrentCrudeOil,tscv,12,2024-11-04,10,PatchTST,-,74.633544921875,72.40721893310547,2.2263259887695312
Brent Oil,Com_BrentCrudeOil,tscv,12,2024-11-11,11,PatchTST,-,71.7145004272461,72.29826354980469,-0.5837631225585938
Brent Oil,Com_BrentCrudeOil,tscv,12,2024-11-18,12,PatchTST,-,73.94104766845703,72.03911590576172,1.9019317626953125
Brent Oil,Com_BrentCrudeOil,tscv,12,2024-09-02,1,PatchTST,NLinear,72.91812896728516,79.55944061279297,-6.6413116455078125
Brent Oil,Com_BrentCrudeOil,tscv,12,2024-09-09,2,PatchTST,NLinear,71.21612548828125,79.01382446289062,-7.797698974609375
Brent Oil,Com_BrentCrudeOil,tscv,12,2024-09-16,3,PatchTST,NLinear,74.13544464111328,78.92340087890625,-4.787956237792969
Brent Oil,Com_BrentCrudeOil,tscv,12,2024-09-23,4,PatchTST,NLinear,72.62645721435547,78.4194564819336,-5.792999267578125
Brent Oil,Com_BrentCrudeOil,tscv,12,2024-09-30,5,PatchTST,NLinear,75.79288482666016,80.00157928466797,-4.2086944580078125
Brent Oil,Com_BrentCrudeOil,tscv,12,2024-10-07,6,PatchTST,NLinear,78.61448669433594,75.21273040771484,3.4017562866210938
Brent Oil,Com_BrentCrudeOil,tscv,12,2024-10-14,7,PatchTST,NLinear,74.26461791992188,80.73548889160156,-6.4708709716796875
Brent Oil,Com_BrentCrudeOil,tscv,12,2024-10-21,8,PatchTST,NLinear,74.91790008544922,79.63912200927734,-4.721221923828125
Brent Oil,Com_BrentCrudeOil,tscv,12,2024-10-28,9,PatchTST,NLinear,72.1500015258789,76.85994720458984,-4.7099456787109375
Brent Oil,Com_BrentCrudeOil,tscv,12,2024-11-04,10,PatchTST,NLinear,74.633544921875,78.15765380859375,-3.52410888671875
Brent Oil,Com_BrentCrudeOil,tscv,12,2024-11-11,11,PatchTST,NLinear,71.7145004272461,74.2200927734375,-2.5055923461914062
Brent Oil,Com_BrentCrudeOil,tscv,12,2024-11-18,12,PatchTST,NLinear,73.94104766845703,78.44703674316406,-4.505989074707031
Brent Oil,Com_BrentCrudeOil,tscv,12,2024-09-02,1,PatchTST,XGBoost,72.91812896728516,75.75508117675781,-2.8369522094726562
Brent Oil,Com_BrentCrudeOil,tscv,12,2024-09-09,2,PatchTST,XGBoost,71.21612548828125,75.8577880859375,-4.64166259765625
Brent Oil,Com_BrentCrudeOil,tscv,12,2024-09-16,3,PatchTST,XGBoost,74.13544464111328,74.8408203125,-0.7053756713867188
Brent Oil,Com_BrentCrudeOil,tscv,12,2024-09-23,4,PatchTST,XGBoost,72.62645721435547,73.84844207763672,-1.22198486328125
Brent Oil,Com_BrentCrudeOil,tscv,12,2024-09-30,5,PatchTST,XGBoost,75.79288482666016,73.51763916015625,2.2752456665039062
Brent Oil,Com_BrentCrudeOil,tscv,12,2024-10-07,6,PatchTST,XGBoost,78.61448669433594,72.85440063476562,5.7600860595703125
Brent Oil,Com_BrentCrudeOil,tscv,12,2024-10-14,7,PatchTST,XGBoost,74.26461791992188,72.43603515625,1.828582763671875
Brent Oil,Com_BrentCrudeOil,tscv,12,2024-10-21,8,PatchTST,XGBoost,74.91790008544922,69.25514221191406,5.662757873535156
Brent Oil,Com_BrentCrudeOil,tscv,12,2024-10-28,9,PatchTST,XGBoost,72.1500015258789,71.96326446533203,0.186737060546875
Brent Oil,Com_BrentCrudeOil,tscv,12,2024-11-04,10,PatchTST,XGBoost,74.633544921875,70.93250274658203,3.7010421752929688
Brent Oil,Com_BrentCrudeOil,tscv,12,2024-11-11,11,PatchTST,XGBoost,71.7145004272461,67.84180450439453,3.8726959228515625
Brent Oil,Com_BrentCrudeOil,tscv,12,2024-11-18,12,PatchTST,XGBoost,73.94104766845703,66.43412780761719,7.506919860839844
Brent Oil,Com_BrentCrudeOil,tscv,12,2024-09-02,1,PatchTST,LightGBM,72.91812896728516,75.18547821044922,-2.2673492431640625
Brent Oil,Com_BrentCrudeOil,tscv,12,2024-09-09,2,PatchTST,LightGBM,71.21612548828125,73.68659973144531,-2.4704742431640625
Brent Oil,Com_BrentCrudeOil,tscv,12,2024-09-16,3,PatchTST,LightGBM,74.13544464111328,73.0559310913086,1.0795135498046875
Brent Oil,Com_BrentCrudeOil,tscv,12,2024-09-23,4,PatchTST,LightGBM,72.62645721435547,74.75355529785156,-2.1270980834960938
Brent Oil,Com_BrentCrudeOil,tscv,12,2024-09-30,5,PatchTST,LightGBM,75.79288482666016,73.74990844726562,2.0429763793945312
Brent Oil,Com_BrentCrudeOil,tscv,12,2024-10-07,6,PatchTST,LightGBM,78.61448669433594,73.42192077636719,5.19256591796875
Brent Oil,Com_BrentCrudeOil,tscv,12,2024-10-14,7,PatchTST,LightGBM,74.26461791992188,71.85620880126953,2.4084091186523438
Brent Oil,Com_BrentCrudeOil,tscv,12,2024-10-21,8,PatchTST,LightGBM,74.91790008544922,71.06111145019531,3.8567886352539062
Brent Oil,Com_BrentCrudeOil,tscv,12,2024-10-28,9,PatchTST,LightGBM,72.1500015258789,71.50987243652344,0.6401290893554688
Brent Oil,Com_BrentCrudeOil,tscv,12,2024-11-04,10,PatchTST,LightGBM,74.633544921875,69.53133392333984,5.102210998535156
Brent Oil,Com_BrentCrudeOil,tscv,12,2024-11-11,11,PatchTST,LightGBM,71.7145004272461,69.32587432861328,2.3886260986328125
Brent Oil,Com_BrentCrudeOil,tscv,12,2024-11-18,12,PatchTST,LightGBM,73.94104766845703,69.16888427734375,4.772163391113281
Brent Oil,Com_BrentCrudeOil,tscv,13,2024-09-30,1,PatchTST,-,75.79288482666016,71.6150131225586,4.1778717041015625
Brent Oil,Com_BrentCrudeOil,tscv,13,2024-10-07,2,PatchTST,-,78.61448669433594,71.63479614257812,6.9796905517578125
Brent Oil,Com_BrentCrudeOil,tscv,13,2024-10-14,3,PatchTST,-,74.26461791992188,71.29712677001953,2.9674911499023438
Brent Oil,Com_BrentCrudeOil,tscv,13,2024-10-21,4,PatchTST,-,74.91790008544922,71.53832244873047,3.37957763671875
Brent Oil,Com_BrentCrudeOil,tscv,13,2024-10-28,5,PatchTST,-,72.1500015258789,71.54671478271484,0.6032867431640625
Brent Oil,Com_BrentCrudeOil,tscv,13,2024-11-04,6,PatchTST,-,74.633544921875,71.56485748291016,3.0686874389648438
Brent Oil,Com_BrentCrudeOil,tscv,13,2024-11-11,7,PatchTST,-,71.7145004272461,71.50861358642578,0.2058868408203125
Brent Oil,Com_BrentCrudeOil,tscv,13,2024-11-18,8,PatchTST,-,73.94104766845703,71.52034759521484,2.4207000732421875
Brent Oil,Com_BrentCrudeOil,tscv,13,2024-11-25,9,PatchTST,-,72.4459457397461,71.4227523803711,1.023193359375
Brent Oil,Com_BrentCrudeOil,tscv,13,2024-12-02,10,PatchTST,-,71.92588806152344,71.16830444335938,0.7575836181640625
Brent Oil,Com_BrentCrudeOil,tscv,13,2024-12-09,11,PatchTST,-,73.48958587646484,71.38394927978516,2.1056365966796875
Brent Oil,Com_BrentCrudeOil,tscv,13,2024-12-16,12,PatchTST,-,73.21955871582031,71.23162841796875,1.9879302978515625
Brent Oil,Com_BrentCrudeOil,tscv,13,2024-09-30,1,PatchTST,NLinear,75.79288482666016,70.27224731445312,5.520637512207031
Brent Oil,Com_BrentCrudeOil,tscv,13,2024-10-07,2,PatchTST,NLinear,78.61448669433594,69.20416259765625,9.410324096679688
Brent Oil,Com_BrentCrudeOil,tscv,13,2024-10-14,3,PatchTST,NLinear,74.26461791992188,72.56163787841797,1.7029800415039062
Brent Oil,Com_BrentCrudeOil,tscv,13,2024-10-21,4,PatchTST,NLinear,74.91790008544922,71.48957824707031,3.4283218383789062
Brent Oil,Com_BrentCrudeOil,tscv,13,2024-10-28,5,PatchTST,NLinear,72.1500015258789,73.9871826171875,-1.8371810913085938
Brent Oil,Com_BrentCrudeOil,tscv,13,2024-11-04,6,PatchTST,NLinear,74.633544921875,70.97798156738281,3.6555633544921875
Brent Oil,Com_BrentCrudeOil,tscv,13,2024-11-11,7,PatchTST,NLinear,71.7145004272461,72.42909240722656,-0.7145919799804688
Brent Oil,Com_BrentCrudeOil,tscv,13,2024-11-18,8,PatchTST,NLinear,73.94104766845703,73.41059875488281,0.5304489135742188
Brent Oil,Com_BrentCrudeOil,tscv,13,2024-11-25,9,PatchTST,NLinear,72.4459457397461,71.3286361694336,1.1173095703125
Brent Oil,Com_BrentCrudeOil,tscv,13,2024-12-02,10,PatchTST,NLinear,71.92588806152344,70.64435577392578,1.2815322875976562
Brent Oil,Com_BrentCrudeOil,tscv,13,2024-12-09,11,PatchTST,NLinear,73.48958587646484,73.2081298828125,0.28145599365234375
Brent Oil,Com_BrentCrudeOil,tscv,13,2024-12-16,12,PatchTST,NLinear,73.21955871582031,72.68309783935547,0.5364608764648438
Brent Oil,Com_BrentCrudeOil,tscv,13,2024-09-30,1,PatchTST,XGBoost,75.79288482666016,69.98180389404297,5.8110809326171875
Brent Oil,Com_BrentCrudeOil,tscv,13,2024-10-07,2,PatchTST,XGBoost,78.61448669433594,71.58717346191406,7.027313232421875
Brent Oil,Com_BrentCrudeOil,tscv,13,2024-10-14,3,PatchTST,XGBoost,74.26461791992188,69.54010009765625,4.724517822265625
Brent Oil,Com_BrentCrudeOil,tscv,13,2024-10-21,4,PatchTST,XGBoost,74.91790008544922,70.38200378417969,4.535896301269531
Brent Oil,Com_BrentCrudeOil,tscv,13,2024-10-28,5,PatchTST,XGBoost,72.1500015258789,68.73324584960938,3.4167556762695312
Brent Oil,Com_BrentCrudeOil,tscv,13,2024-11-04,6,PatchTST,XGBoost,74.633544921875,66.58374786376953,8.049797058105469
Brent Oil,Com_BrentCrudeOil,tscv,13,2024-11-11,7,PatchTST,XGBoost,71.7145004272461,62.94694137573242,8.767559051513672
Brent Oil,Com_BrentCrudeOil,tscv,13,2024-11-18,8,PatchTST,XGBoost,73.94104766845703,61.134552001953125,12.806495666503906
Brent Oil,Com_BrentCrudeOil,tscv,13,2024-11-25,9,PatchTST,XGBoost,72.4459457397461,59.96491241455078,12.481033325195312
Brent Oil,Com_BrentCrudeOil,tscv,13,2024-12-02,10,PatchTST,XGBoost,71.92588806152344,60.65658187866211,11.269306182861328
Brent Oil,Com_BrentCrudeOil,tscv,13,2024-12-09,11,PatchTST,XGBoost,73.48958587646484,61.80785369873047,11.681732177734375
Brent Oil,Com_BrentCrudeOil,tscv,13,2024-12-16,12,PatchTST,XGBoost,73.21955871582031,61.835723876953125,11.383834838867188
Brent Oil,Com_BrentCrudeOil,tscv,13,2024-09-30,1,PatchTST,LightGBM,75.79288482666016,70.20668029785156,5.586204528808594
Brent Oil,Com_BrentCrudeOil,tscv,13,2024-10-07,2,PatchTST,LightGBM,78.61448669433594,70.37596130371094,8.238525390625
Brent Oil,Com_BrentCrudeOil,tscv,13,2024-10-14,3,PatchTST,LightGBM,74.26461791992188,69.3624496459961,4.902168273925781
Brent Oil,Com_BrentCrudeOil,tscv,13,2024-10-21,4,PatchTST,LightGBM,74.91790008544922,69.74353790283203,5.1743621826171875
Brent Oil,Com_BrentCrudeOil,tscv,13,2024-10-28,5,PatchTST,LightGBM,72.1500015258789,70.49729919433594,1.6527023315429688
Brent Oil,Com_BrentCrudeOil,tscv,13,2024-11-04,6,PatchTST,LightGBM,74.633544921875,71.49274444580078,3.1408004760742188
Brent Oil,Com_BrentCrudeOil,tscv,13,2024-11-11,7,PatchTST,LightGBM,71.7145004272461,67.63668823242188,4.077812194824219
Brent Oil,Com_BrentCrudeOil,tscv,13,2024-11-18,8,PatchTST,LightGBM,73.94104766845703,62.94358444213867,10.99746322631836
Brent Oil,Com_BrentCrudeOil,tscv,13,2024-11-25,9,PatchTST,LightGBM,72.4459457397461,65.77139282226562,6.674552917480469
Brent Oil,Com_BrentCrudeOil,tscv,13,2024-12-02,10,PatchTST,LightGBM,71.92588806152344,65.22711181640625,6.6987762451171875
Brent Oil,Com_BrentCrudeOil,tscv,13,2024-12-09,11,PatchTST,LightGBM,73.48958587646484,64.61530303955078,8.874282836914062
Brent Oil,Com_BrentCrudeOil,tscv,13,2024-12-16,12,PatchTST,LightGBM,73.21955871582031,65.85027313232422,7.369285583496094
Brent Oil,Com_BrentCrudeOil,tscv,14,2024-10-28,1,PatchTST,-,72.1500015258789,72.90869903564453,-0.758697509765625
Brent Oil,Com_BrentCrudeOil,tscv,14,2024-11-04,2,PatchTST,-,74.633544921875,72.83915710449219,1.7943878173828125
Brent Oil,Com_BrentCrudeOil,tscv,14,2024-11-11,3,PatchTST,-,71.7145004272461,72.76795959472656,-1.0534591674804688
Brent Oil,Com_BrentCrudeOil,tscv,14,2024-11-18,4,PatchTST,-,73.94104766845703,72.72566223144531,1.2153854370117188
Brent Oil,Com_BrentCrudeOil,tscv,14,2024-11-25,5,PatchTST,-,72.4459457397461,72.84746551513672,-0.401519775390625
Brent Oil,Com_BrentCrudeOil,tscv,14,2024-12-02,6,PatchTST,-,71.92588806152344,72.6753158569336,-0.7494277954101562
Brent Oil,Com_BrentCrudeOil,tscv,14,2024-12-09,7,PatchTST,-,73.48958587646484,72.60620880126953,0.8833770751953125
Brent Oil,Com_BrentCrudeOil,tscv,14,2024-12-16,8,PatchTST,-,73.21955871582031,72.56590270996094,0.653656005859375
Brent Oil,Com_BrentCrudeOil,tscv,14,2024-12-23,9,PatchTST,-,73.44568634033203,72.44599151611328,0.99969482421875
Brent Oil,Com_BrentCrudeOil,tscv,14,2024-12-30,10,PatchTST,-,75.3517837524414,72.46977996826172,2.8820037841796875
Brent Oil,Com_BrentCrudeOil,tscv,14,2025-01-06,11,PatchTST,-,77.89148712158203,72.5573501586914,5.334136962890625
Brent Oil,Com_BrentCrudeOil,tscv,14,2025-01-13,12,PatchTST,-,80.95013427734375,72.02227783203125,8.9278564453125
Brent Oil,Com_BrentCrudeOil,tscv,14,2024-10-28,1,PatchTST,NLinear,72.1500015258789,75.99295806884766,-3.84295654296875
Brent Oil,Com_BrentCrudeOil,tscv,14,2024-11-04,2,PatchTST,NLinear,74.633544921875,73.91007995605469,0.7234649658203125
Brent Oil,Com_BrentCrudeOil,tscv,14,2024-11-11,3,PatchTST,NLinear,71.7145004272461,75.87435913085938,-4.159858703613281
Brent Oil,Com_BrentCrudeOil,tscv,14,2024-11-18,4,PatchTST,NLinear,73.94104766845703,77.29975891113281,-3.3587112426757812
Brent Oil,Com_BrentCrudeOil,tscv,14,2024-11-25,5,PatchTST,NLinear,72.4459457397461,75.05298614501953,-2.6070404052734375
Brent Oil,Com_BrentCrudeOil,tscv,14,2024-12-02,6,PatchTST,NLinear,71.92588806152344,78.14234161376953,-6.216453552246094
Brent Oil,Com_BrentCrudeOil,tscv,14,2024-12-09,7,PatchTST,NLinear,73.48958587646484,76.19322967529297,-2.703643798828125
Brent Oil,Com_BrentCrudeOil,tscv,14,2024-12-16,8,PatchTST,NLinear,73.21955871582031,74.14995574951172,-0.9303970336914062
Brent Oil,Com_BrentCrudeOil,tscv,14,2024-12-23,9,PatchTST,NLinear,73.44568634033203,79.34322357177734,-5.8975372314453125
Brent Oil,Com_BrentCrudeOil,tscv,14,2024-12-30,10,PatchTST,NLinear,75.3517837524414,75.88006591796875,-0.5282821655273438
Brent Oil,Com_BrentCrudeOil,tscv,14,2025-01-06,11,PatchTST,NLinear,77.89148712158203,79.028076171875,-1.1365890502929688
Brent Oil,Com_BrentCrudeOil,tscv,14,2025-01-13,12,PatchTST,NLinear,80.95013427734375,77.59952545166016,3.3506088256835938
Brent Oil,Com_BrentCrudeOil,tscv,14,2024-10-28,1,PatchTST,XGBoost,72.1500015258789,73.279541015625,-1.1295394897460938
Brent Oil,Com_BrentCrudeOil,tscv,14,2024-11-04,2,PatchTST,XGBoost,74.633544921875,73.31758117675781,1.3159637451171875
Brent Oil,Com_BrentCrudeOil,tscv,14,2024-11-11,3,PatchTST,XGBoost,71.7145004272461,72.96444702148438,-1.2499465942382812
Brent Oil,Com_BrentCrudeOil,tscv,14,2024-11-18,4,PatchTST,XGBoost,73.94104766845703,72.6294937133789,1.311553955078125
Brent Oil,Com_BrentCrudeOil,tscv,14,2024-11-25,5,PatchTST,XGBoost,72.4459457397461,72.89364624023438,-0.44770050048828125
Brent Oil,Com_BrentCrudeOil,tscv,14,2024-12-02,6,PatchTST,XGBoost,71.92588806152344,72.22113037109375,-0.2952423095703125
Brent Oil,Com_BrentCrudeOil,tscv,14,2024-12-09,7,PatchTST,XGBoost,73.48958587646484,69.0859603881836,4.40362548828125
Brent Oil,Com_BrentCrudeOil,tscv,14,2024-12-16,8,PatchTST,XGBoost,73.21955871582031,70.8207015991211,2.3988571166992188
Brent Oil,Com_BrentCrudeOil,tscv,14,2024-12-23,9,PatchTST,XGBoost,73.44568634033203,71.01746368408203,2.42822265625
Brent Oil,Com_BrentCrudeOil,tscv,14,2024-12-30,10,PatchTST,XGBoost,75.3517837524414,72.04946899414062,3.3023147583007812
Brent Oil,Com_BrentCrudeOil,tscv,14,2025-01-06,11,PatchTST,XGBoost,77.89148712158203,73.79830169677734,4.0931854248046875
Brent Oil,Com_BrentCrudeOil,tscv,14,2025-01-13,12,PatchTST,XGBoost,80.95013427734375,74.24685668945312,6.703277587890625
Brent Oil,Com_BrentCrudeOil,tscv,14,2024-10-28,1,PatchTST,LightGBM,72.1500015258789,72.47145080566406,-0.32144927978515625
Brent Oil,Com_BrentCrudeOil,tscv,14,2024-11-04,2,PatchTST,LightGBM,74.633544921875,72.26685333251953,2.3666915893554688
Brent Oil,Com_BrentCrudeOil,tscv,14,2024-11-11,3,PatchTST,LightGBM,71.7145004272461,72.16844940185547,-0.453948974609375
Brent Oil,Com_BrentCrudeOil,tscv,14,2024-11-18,4,PatchTST,LightGBM,73.94104766845703,71.23165130615234,2.7093963623046875
Brent Oil,Com_BrentCrudeOil,tscv,14,2024-11-25,5,PatchTST,LightGBM,72.4459457397461,71.01321411132812,1.4327316284179688
Brent Oil,Com_BrentCrudeOil,tscv,14,2024-12-02,6,PatchTST,LightGBM,71.92588806152344,69.5667495727539,2.3591384887695312
Brent Oil,Com_BrentCrudeOil,tscv,14,2024-12-09,7,PatchTST,LightGBM,73.48958587646484,71.2270736694336,2.26251220703125
Brent Oil,Com_BrentCrudeOil,tscv,14,2024-12-16,8,PatchTST,LightGBM,73.21955871582031,71.26127624511719,1.958282470703125
Brent Oil,Com_BrentCrudeOil,tscv,14,2024-12-23,9,PatchTST,LightGBM,73.44568634033203,73.6148452758789,-0.169158935546875
Brent Oil,Com_BrentCrudeOil,tscv,14,2024-12-30,10,PatchTST,LightGBM,75.3517837524414,74.31737518310547,1.0344085693359375
Brent Oil,Com_BrentCrudeOil,tscv,14,2025-01-06,11,PatchTST,LightGBM,77.89148712158203,73.94096374511719,3.9505233764648438
Brent Oil,Com_BrentCrudeOil,tscv,14,2025-01-13,12,PatchTST,LightGBM,80.95013427734375,71.04871368408203,9.901420593261719
Brent Oil,Com_BrentCrudeOil,tscv,15,2024-11-25,1,PatchTST,-,72.4459457397461,72.93437194824219,-0.48842620849609375
Brent Oil,Com_BrentCrudeOil,tscv,15,2024-12-02,2,PatchTST,-,71.92588806152344,72.4424057006836,-0.5165176391601562
Brent Oil,Com_BrentCrudeOil,tscv,15,2024-12-09,3,PatchTST,-,73.48958587646484,72.65601348876953,0.8335723876953125
Brent Oil,Com_BrentCrudeOil,tscv,15,2024-12-16,4,PatchTST,-,73.21955871582031,72.7627182006836,0.45684051513671875
Brent Oil,Com_BrentCrudeOil,tscv,15,2024-12-23,5,PatchTST,-,73.44568634033203,72.67747497558594,0.7682113647460938
Brent Oil,Com_BrentCrudeOil,tscv,15,2024-12-30,6,PatchTST,-,75.3517837524414,72.92886352539062,2.4229202270507812
Brent Oil,Com_BrentCrudeOil,tscv,15,2025-01-06,7,PatchTST,-,77.89148712158203,72.64994812011719,5.241539001464844
Brent Oil,Com_BrentCrudeOil,tscv,15,2025-01-13,8,PatchTST,-,80.95013427734375,72.55884552001953,8.391288757324219
Brent Oil,Com_BrentCrudeOil,tscv,15,2025-01-20,9,PatchTST,-,78.79235076904297,72.45339965820312,6.338951110839844
Brent Oil,Com_BrentCrudeOil,tscv,15,2025-01-27,10,PatchTST,-,76.10587310791016,72.41468048095703,3.691192626953125
Brent Oil,Com_BrentCrudeOil,tscv,15,2025-02-03,11,PatchTST,-,75.14842987060547,72.56995391845703,2.5784759521484375
Brent Oil,Com_BrentCrudeOil,tscv,15,2025-02-10,12,PatchTST,-,75.43816375732422,72.60277557373047,2.83538818359375
Brent Oil,Com_BrentCrudeOil,tscv,15,2024-11-25,1,PatchTST,NLinear,72.4459457397461,74.3936767578125,-1.9477310180664062
Brent Oil,Com_BrentCrudeOil,tscv,15,2024-12-02,2,PatchTST,NLinear,71.92588806152344,72.99081420898438,-1.0649261474609375
Brent Oil,Com_BrentCrudeOil,tscv,15,2024-12-09,3,PatchTST,NLinear,73.48958587646484,73.73823547363281,-0.24864959716796875
Brent Oil,Com_BrentCrudeOil,tscv,15,2024-12-16,4,PatchTST,NLinear,73.21955871582031,72.7546615600586,0.46489715576171875
Brent Oil,Com_BrentCrudeOil,tscv,15,2024-12-23,5,PatchTST,NLinear,73.44568634033203,75.02095031738281,-1.5752639770507812
Brent Oil,Com_BrentCrudeOil,tscv,15,2024-12-30,6,PatchTST,NLinear,75.3517837524414,74.81138610839844,0.5403976440429688
Brent Oil,Com_BrentCrudeOil,tscv,15,2025-01-06,7,PatchTST,NLinear,77.89148712158203,75.37176513671875,2.5197219848632812
Brent Oil,Com_BrentCrudeOil,tscv,15,2025-01-13,8,PatchTST,NLinear,80.95013427734375,74.50109100341797,6.449043273925781
Brent Oil,Com_BrentCrudeOil,tscv,15,2025-01-20,9,PatchTST,NLinear,78.79235076904297,75.09483337402344,3.6975173950195312
Brent Oil,Com_BrentCrudeOil,tscv,15,2025-01-27,10,PatchTST,NLinear,76.10587310791016,73.16417694091797,2.9416961669921875
Brent Oil,Com_BrentCrudeOil,tscv,15,2025-02-03,11,PatchTST,NLinear,75.14842987060547,75.89366912841797,-0.7452392578125
Brent Oil,Com_BrentCrudeOil,tscv,15,2025-02-10,12,PatchTST,NLinear,75.43816375732422,74.1849365234375,1.2532272338867188
Brent Oil,Com_BrentCrudeOil,tscv,15,2024-11-25,1,PatchTST,XGBoost,72.4459457397461,72.84326934814453,-0.3973236083984375
Brent Oil,Com_BrentCrudeOil,tscv,15,2024-12-02,2,PatchTST,XGBoost,71.92588806152344,73.41878509521484,-1.4928970336914062
Brent Oil,Com_BrentCrudeOil,tscv,15,2024-12-09,3,PatchTST,XGBoost,73.48958587646484,73.696533203125,-0.20694732666015625
Brent Oil,Com_BrentCrudeOil,tscv,15,2024-12-16,4,PatchTST,XGBoost,73.21955871582031,73.84333038330078,-0.6237716674804688
Brent Oil,Com_BrentCrudeOil,tscv,15,2024-12-23,5,PatchTST,XGBoost,73.44568634033203,72.27481842041016,1.170867919921875
Brent Oil,Com_BrentCrudeOil,tscv,15,2024-12-30,6,PatchTST,XGBoost,75.3517837524414,72.36700439453125,2.9847793579101562
Brent Oil,Com_BrentCrudeOil,tscv,15,2025-01-06,7,PatchTST,XGBoost,77.89148712158203,69.33224487304688,8.559242248535156
Brent Oil,Com_BrentCrudeOil,tscv,15,2025-01-13,8,PatchTST,XGBoost,80.95013427734375,69.11543273925781,11.834701538085938
Brent Oil,Com_BrentCrudeOil,tscv,15,2025-01-20,9,PatchTST,XGBoost,78.79235076904297,69.65252685546875,9.139823913574219
Brent Oil,Com_BrentCrudeOil,tscv,15,2025-01-27,10,PatchTST,XGBoost,76.10587310791016,66.44557189941406,9.660301208496094
Brent Oil,Com_BrentCrudeOil,tscv,15,2025-02-03,11,PatchTST,XGBoost,75.14842987060547,63.941734313964844,11.206695556640625
Brent Oil,Com_BrentCrudeOil,tscv,15,2025-02-10,12,PatchTST,XGBoost,75.43816375732422,66.30104064941406,9.137123107910156
Brent Oil,Com_BrentCrudeOil,tscv,15,2024-11-25,1,PatchTST,LightGBM,72.4459457397461,71.81147003173828,0.6344757080078125
Brent Oil,Com_BrentCrudeOil,tscv,15,2024-12-02,2,PatchTST,LightGBM,71.92588806152344,71.46644592285156,0.459442138671875
Brent Oil,Com_BrentCrudeOil,tscv,15,2024-12-09,3,PatchTST,LightGBM,73.48958587646484,72.82127380371094,0.6683120727539062
Brent Oil,Com_BrentCrudeOil,tscv,15,2024-12-16,4,PatchTST,LightGBM,73.21955871582031,72.23192596435547,0.9876327514648438
Brent Oil,Com_BrentCrudeOil,tscv,15,2024-12-23,5,PatchTST,LightGBM,73.44568634033203,72.06563568115234,1.3800506591796875
Brent Oil,Com_BrentCrudeOil,tscv,15,2024-12-30,6,PatchTST,LightGBM,75.3517837524414,71.77368927001953,3.578094482421875
Brent Oil,Com_BrentCrudeOil,tscv,15,2025-01-06,7,PatchTST,LightGBM,77.89148712158203,71.57991027832031,6.311576843261719
Brent Oil,Com_BrentCrudeOil,tscv,15,2025-01-13,8,PatchTST,LightGBM,80.95013427734375,70.60481262207031,10.345321655273438
Brent Oil,Com_BrentCrudeOil,tscv,15,2025-01-20,9,PatchTST,LightGBM,78.79235076904297,70.64226531982422,8.15008544921875
Brent Oil,Com_BrentCrudeOil,tscv,15,2025-01-27,10,PatchTST,LightGBM,76.10587310791016,69.63079833984375,6.475074768066406
Brent Oil,Com_BrentCrudeOil,tscv,15,2025-02-03,11,PatchTST,LightGBM,75.14842987060547,69.36302947998047,5.785400390625
Brent Oil,Com_BrentCrudeOil,tscv,15,2025-02-10,12,PatchTST,LightGBM,75.43816375732422,68.87090301513672,6.5672607421875
Brent Oil,Com_BrentCrudeOil,tscv,16,2024-12-23,1,PatchTST,-,73.44568634033203,75.17633819580078,-1.73065185546875
Brent Oil,Com_BrentCrudeOil,tscv,16,2024-12-30,2,PatchTST,-,75.3517837524414,75.42214965820312,-0.07036590576171875
Brent Oil,Com_BrentCrudeOil,tscv,16,2025-01-06,3,PatchTST,-,77.89148712158203,75.25946807861328,2.63201904296875
Brent Oil,Com_BrentCrudeOil,tscv,16,2025-01-13,4,PatchTST,-,80.95013427734375,75.55509948730469,5.3950347900390625
Brent Oil,Com_BrentCrudeOil,tscv,16,2025-01-20,5,PatchTST,-,78.79235076904297,75.26148986816406,3.5308609008789062
Brent Oil,Com_BrentCrudeOil,tscv,16,2025-01-27,6,PatchTST,-,76.10587310791016,75.462158203125,0.6437149047851562
Brent Oil,Com_BrentCrudeOil,tscv,16,2025-02-03,7,PatchTST,-,75.14842987060547,75.2091064453125,-0.06067657470703125
Brent Oil,Com_BrentCrudeOil,tscv,16,2025-02-10,8,PatchTST,-,75.43816375732422,75.1207504272461,0.317413330078125
Brent Oil,Com_BrentCrudeOil,tscv,16,2025-02-17,9,PatchTST,-,75.4046630859375,74.92591094970703,0.47875213623046875
Brent Oil,Com_BrentCrudeOil,tscv,16,2025-02-24,10,PatchTST,-,73.14600372314453,75.16188049316406,-2.0158767700195312
Brent Oil,Com_BrentCrudeOil,tscv,16,2025-03-03,11,PatchTST,-,70.35600280761719,74.88021087646484,-4.524208068847656
Brent Oil,Com_BrentCrudeOil,tscv,16,2025-03-10,12,PatchTST,-,70.26238250732422,74.7179183959961,-4.455535888671875
Brent Oil,Com_BrentCrudeOil,tscv,16,2024-12-23,1,PatchTST,NLinear,73.44568634033203,73.5536117553711,-0.1079254150390625
Brent Oil,Com_BrentCrudeOil,tscv,16,2024-12-30,2,PatchTST,NLinear,75.3517837524414,73.810302734375,1.5414810180664062
Brent Oil,Com_BrentCrudeOil,tscv,16,2025-01-06,3,PatchTST,NLinear,77.89148712158203,73.90996551513672,3.9815216064453125
Brent Oil,Com_BrentCrudeOil,tscv,16,2025-01-13,4,PatchTST,NLinear,80.95013427734375,75.783203125,5.16693115234375
Brent Oil,Com_BrentCrudeOil,tscv,16,2025-01-20,5,PatchTST,NLinear,78.79235076904297,75.39476013183594,3.3975906372070312
Brent Oil,Com_BrentCrudeOil,tscv,16,2025-01-27,6,PatchTST,NLinear,76.10587310791016,77.38878631591797,-1.2829132080078125
Brent Oil,Com_BrentCrudeOil,tscv,16,2025-02-03,7,PatchTST,NLinear,75.14842987060547,77.40007019042969,-2.2516403198242188
Brent Oil,Com_BrentCrudeOil,tscv,16,2025-02-10,8,PatchTST,NLinear,75.43816375732422,75.8863525390625,-0.44818878173828125
Brent Oil,Com_BrentCrudeOil,tscv,16,2025-02-17,9,PatchTST,NLinear,75.4046630859375,75.70833587646484,-0.30367279052734375
Brent Oil,Com_BrentCrudeOil,tscv,16,2025-02-24,10,PatchTST,NLinear,73.14600372314453,75.46312713623047,-2.3171234130859375
Brent Oil,Com_BrentCrudeOil,tscv,16,2025-03-03,11,PatchTST,NLinear,70.35600280761719,78.25103759765625,-7.8950347900390625
Brent Oil,Com_BrentCrudeOil,tscv,16,2025-03-10,12,PatchTST,NLinear,70.26238250732422,75.59746551513672,-5.3350830078125
Brent Oil,Com_BrentCrudeOil,tscv,16,2024-12-23,1,PatchTST,XGBoost,73.44568634033203,73.9941635131836,-0.5484771728515625
Brent Oil,Com_BrentCrudeOil,tscv,16,2024-12-30,2,PatchTST,XGBoost,75.3517837524414,72.93063354492188,2.4211502075195312
Brent Oil,Com_BrentCrudeOil,tscv,16,2025-01-06,3,PatchTST,XGBoost,77.89148712158203,72.62776947021484,5.2637176513671875
Brent Oil,Com_BrentCrudeOil,tscv,16,2025-01-13,4,PatchTST,XGBoost,80.95013427734375,73.89766693115234,7.052467346191406
Brent Oil,Com_BrentCrudeOil,tscv,16,2025-01-20,5,PatchTST,XGBoost,78.79235076904297,74.25902557373047,4.5333251953125
Brent Oil,Com_BrentCrudeOil,tscv,16,2025-01-27,6,PatchTST,XGBoost,76.10587310791016,73.88971710205078,2.216156005859375
Brent Oil,Com_BrentCrudeOil,tscv,16,2025-02-03,7,PatchTST,XGBoost,75.14842987060547,72.3733139038086,2.775115966796875
Brent Oil,Com_BrentCrudeOil,tscv,16,2025-02-10,8,PatchTST,XGBoost,75.43816375732422,71.65086364746094,3.7873001098632812
Brent Oil,Com_BrentCrudeOil,tscv,16,2025-02-17,9,PatchTST,XGBoost,75.4046630859375,68.31607818603516,7.088584899902344
Brent Oil,Com_BrentCrudeOil,tscv,16,2025-02-24,10,PatchTST,XGBoost,73.14600372314453,70.57343292236328,2.57257080078125
Brent Oil,Com_BrentCrudeOil,tscv,16,2025-03-03,11,PatchTST,XGBoost,70.35600280761719,69.55960083007812,0.7964019775390625
Brent Oil,Com_BrentCrudeOil,tscv,16,2025-03-10,12,PatchTST,XGBoost,70.26238250732422,70.29782104492188,-0.03543853759765625
Brent Oil,Com_BrentCrudeOil,tscv,16,2024-12-23,1,PatchTST,LightGBM,73.44568634033203,74.38156127929688,-0.9358749389648438
Brent Oil,Com_BrentCrudeOil,tscv,16,2024-12-30,2,PatchTST,LightGBM,75.3517837524414,72.27310180664062,3.0786819458007812
Brent Oil,Com_BrentCrudeOil,tscv,16,2025-01-06,3,PatchTST,LightGBM,77.89148712158203,70.50164031982422,7.3898468017578125
Brent Oil,Com_BrentCrudeOil,tscv,16,2025-01-13,4,PatchTST,LightGBM,80.95013427734375,73.80973815917969,7.1403961181640625
Brent Oil,Com_BrentCrudeOil,tscv,16,2025-01-20,5,PatchTST,LightGBM,78.79235076904297,73.36499786376953,5.4273529052734375
Brent Oil,Com_BrentCrudeOil,tscv,16,2025-01-27,6,PatchTST,LightGBM,76.10587310791016,73.09292602539062,3.0129470825195312
Brent Oil,Com_BrentCrudeOil,tscv,16,2025-02-03,7,PatchTST,LightGBM,75.14842987060547,71.233154296875,3.9152755737304688
Brent Oil,Com_BrentCrudeOil,tscv,16,2025-02-10,8,PatchTST,LightGBM,75.43816375732422,69.73029327392578,5.7078704833984375
Brent Oil,Com_BrentCrudeOil,tscv,16,2025-02-17,9,PatchTST,LightGBM,75.4046630859375,69.52021789550781,5.8844451904296875
Brent Oil,Com_BrentCrudeOil,tscv,16,2025-02-24,10,PatchTST,LightGBM,73.14600372314453,73.44034576416016,-0.294342041015625
Brent Oil,Com_BrentCrudeOil,tscv,16,2025-03-03,11,PatchTST,LightGBM,70.35600280761719,73.47314453125,-3.1171417236328125
Brent Oil,Com_BrentCrudeOil,tscv,16,2025-03-10,12,PatchTST,LightGBM,70.26238250732422,72.17738342285156,-1.9150009155273438
Brent Oil,Com_BrentCrudeOil,tscv,17,2025-01-20,1,PatchTST,-,78.79235076904297,74.92388153076172,3.86846923828125
Brent Oil,Com_BrentCrudeOil,tscv,17,2025-01-27,2,PatchTST,-,76.10587310791016,74.93336486816406,1.1725082397460938
Brent Oil,Com_BrentCrudeOil,tscv,17,2025-02-03,3,PatchTST,-,75.14842987060547,74.99129486083984,0.157135009765625
Brent Oil,Com_BrentCrudeOil,tscv,17,2025-02-10,4,PatchTST,-,75.43816375732422,74.9090805053711,0.529083251953125
Brent Oil,Com_BrentCrudeOil,tscv,17,2025-02-17,5,PatchTST,-,75.4046630859375,74.76580047607422,0.6388626098632812
Brent Oil,Com_BrentCrudeOil,tscv,17,2025-02-24,6,PatchTST,-,73.14600372314453,74.97307586669922,-1.8270721435546875
Brent Oil,Com_BrentCrudeOil,tscv,17,2025-03-03,7,PatchTST,-,70.35600280761719,74.85693359375,-4.5009307861328125
Brent Oil,Com_BrentCrudeOil,tscv,17,2025-03-10,8,PatchTST,-,70.26238250732422,74.97429656982422,-4.7119140625
Brent Oil,Com_BrentCrudeOil,tscv,17,2025-03-17,9,PatchTST,-,71.52252960205078,74.47472381591797,-2.9521942138671875
Brent Oil,Com_BrentCrudeOil,tscv,17,2025-03-24,10,PatchTST,-,73.04026794433594,74.86942291259766,-1.8291549682617188
Brent Oil,Com_BrentCrudeOil,tscv,17,2025-03-31,11,PatchTST,-,69.90252685546875,74.5943374633789,-4.691810607910156
Brent Oil,Com_BrentCrudeOil,tscv,17,2025-04-07,12,PatchTST,-,64.27491760253906,74.7953109741211,-10.520393371582031
Brent Oil,Com_BrentCrudeOil,tscv,17,2025-01-20,1,PatchTST,NLinear,78.79235076904297,82.05925750732422,-3.26690673828125
Brent Oil,Com_BrentCrudeOil,tscv,17,2025-01-27,2,PatchTST,NLinear,76.10587310791016,80.82591247558594,-4.720039367675781
Brent Oil,Com_BrentCrudeOil,tscv,17,2025-02-03,3,PatchTST,NLinear,75.14842987060547,82.35694122314453,-7.2085113525390625
Brent Oil,Com_BrentCrudeOil,tscv,17,2025-02-10,4,PatchTST,NLinear,75.43816375732422,79.05579376220703,-3.6176300048828125
Brent Oil,Com_BrentCrudeOil,tscv,17,2025-02-17,5,PatchTST,NLinear,75.4046630859375,83.40239715576172,-7.997734069824219
Brent Oil,Com_BrentCrudeOil,tscv,17,2025-02-24,6,PatchTST,NLinear,73.14600372314453,81.0810317993164,-7.935028076171875
Brent Oil,Com_BrentCrudeOil,tscv,17,2025-03-03,7,PatchTST,NLinear,70.35600280761719,83.49530029296875,-13.139297485351562
Brent Oil,Com_BrentCrudeOil,tscv,17,2025-03-10,8,PatchTST,NLinear,70.26238250732422,83.04724884033203,-12.784866333007812
Brent Oil,Com_BrentCrudeOil,tscv,17,2025-03-17,9,PatchTST,NLinear,71.52252960205078,82.22853088378906,-10.706001281738281
Brent Oil,Com_BrentCrudeOil,tscv,17,2025-03-24,10,PatchTST,NLinear,73.04026794433594,81.14730072021484,-8.107032775878906
Brent Oil,Com_BrentCrudeOil,tscv,17,2025-03-31,11,PatchTST,NLinear,69.90252685546875,80.34639739990234,-10.443870544433594
Brent Oil,Com_BrentCrudeOil,tscv,17,2025-04-07,12,PatchTST,NLinear,64.27491760253906,80.72345733642578,-16.44853973388672
Brent Oil,Com_BrentCrudeOil,tscv,17,2025-01-20,1,PatchTST,XGBoost,78.79235076904297,80.63998413085938,-1.8476333618164062
Brent Oil,Com_BrentCrudeOil,tscv,17,2025-01-27,2,PatchTST,XGBoost,76.10587310791016,79.7769546508789,-3.67108154296875
Brent Oil,Com_BrentCrudeOil,tscv,17,2025-02-03,3,PatchTST,XGBoost,75.14842987060547,79.8786392211914,-4.7302093505859375
Brent Oil,Com_BrentCrudeOil,tscv,17,2025-02-10,4,PatchTST,XGBoost,75.43816375732422,78.79214477539062,-3.3539810180664062
Brent Oil,Com_BrentCrudeOil,tscv,17,2025-02-17,5,PatchTST,XGBoost,75.4046630859375,77.19941711425781,-1.7947540283203125
Brent Oil,Com_BrentCrudeOil,tscv,17,2025-02-24,6,PatchTST,XGBoost,73.14600372314453,75.68326568603516,-2.537261962890625
Brent Oil,Com_BrentCrudeOil,tscv,17,2025-03-03,7,PatchTST,XGBoost,70.35600280761719,73.58075714111328,-3.2247543334960938
Brent Oil,Com_BrentCrudeOil,tscv,17,2025-03-10,8,PatchTST,XGBoost,70.26238250732422,74.55909729003906,-4.296714782714844
Brent Oil,Com_BrentCrudeOil,tscv,17,2025-03-17,9,PatchTST,XGBoost,71.52252960205078,72.47038269042969,-0.9478530883789062
Brent Oil,Com_BrentCrudeOil,tscv,17,2025-03-24,10,PatchTST,XGBoost,73.04026794433594,73.17903137207031,-0.138763427734375
Brent Oil,Com_BrentCrudeOil,tscv,17,2025-03-31,11,PatchTST,XGBoost,69.90252685546875,71.08218383789062,-1.179656982421875
Brent Oil,Com_BrentCrudeOil,tscv,17,2025-04-07,12,PatchTST,XGBoost,64.27491760253906,69.3852310180664,-5.110313415527344
Brent Oil,Com_BrentCrudeOil,tscv,17,2025-01-20,1,PatchTST,LightGBM,78.79235076904297,79.8555908203125,-1.0632400512695312
Brent Oil,Com_BrentCrudeOil,tscv,17,2025-01-27,2,PatchTST,LightGBM,76.10587310791016,78.67667388916016,-2.57080078125
Brent Oil,Com_BrentCrudeOil,tscv,17,2025-02-03,3,PatchTST,LightGBM,75.14842987060547,78.58428955078125,-3.4358596801757812
Brent Oil,Com_BrentCrudeOil,tscv,17,2025-02-10,4,PatchTST,LightGBM,75.43816375732422,77.12177276611328,-1.6836090087890625
Brent Oil,Com_BrentCrudeOil,tscv,17,2025-02-17,5,PatchTST,LightGBM,75.4046630859375,76.04389190673828,-0.6392288208007812
Brent Oil,Com_BrentCrudeOil,tscv,17,2025-02-24,6,PatchTST,LightGBM,73.14600372314453,76.22056579589844,-3.0745620727539062
Brent Oil,Com_BrentCrudeOil,tscv,17,2025-03-03,7,PatchTST,LightGBM,70.35600280761719,74.6457290649414,-4.289726257324219
Brent Oil,Com_BrentCrudeOil,tscv,17,2025-03-10,8,PatchTST,LightGBM,70.26238250732422,73.54846954345703,-3.2860870361328125
Brent Oil,Com_BrentCrudeOil,tscv,17,2025-03-17,9,PatchTST,LightGBM,71.52252960205078,73.0293197631836,-1.5067901611328125
Brent Oil,Com_BrentCrudeOil,tscv,17,2025-03-24,10,PatchTST,LightGBM,73.04026794433594,72.29959869384766,0.7406692504882812
Brent Oil,Com_BrentCrudeOil,tscv,17,2025-03-31,11,PatchTST,LightGBM,69.90252685546875,72.79483032226562,-2.892303466796875
Brent Oil,Com_BrentCrudeOil,tscv,17,2025-04-07,12,PatchTST,LightGBM,64.27491760253906,73.08592987060547,-8.811012268066406
Brent Oil,Com_BrentCrudeOil,tscv,18,2025-02-17,1,PatchTST,-,75.4046630859375,71.86005401611328,3.5446090698242188
Brent Oil,Com_BrentCrudeOil,tscv,18,2025-02-24,2,PatchTST,-,73.14600372314453,71.47148132324219,1.6745223999023438
Brent Oil,Com_BrentCrudeOil,tscv,18,2025-03-03,3,PatchTST,-,70.35600280761719,71.60623168945312,-1.2502288818359375
Brent Oil,Com_BrentCrudeOil,tscv,18,2025-03-10,4,PatchTST,-,70.26238250732422,71.56767272949219,-1.3052902221679688
Brent Oil,Com_BrentCrudeOil,tscv,18,2025-03-17,5,PatchTST,-,71.52252960205078,71.70457458496094,-0.18204498291015625
Brent Oil,Com_BrentCrudeOil,tscv,18,2025-03-24,6,PatchTST,-,73.04026794433594,71.71221160888672,1.3280563354492188
Brent Oil,Com_BrentCrudeOil,tscv,18,2025-03-31,7,PatchTST,-,69.90252685546875,71.72139739990234,-1.8188705444335938
Brent Oil,Com_BrentCrudeOil,tscv,18,2025-04-07,8,PatchTST,-,64.27491760253906,71.9673843383789,-7.692466735839844
Brent Oil,Com_BrentCrudeOil,tscv,18,2025-04-14,9,PatchTST,-,66.60935974121094,71.7364730834961,-5.127113342285156
Brent Oil,Com_BrentCrudeOil,tscv,18,2025-04-21,10,PatchTST,-,66.57654571533203,71.53363800048828,-4.95709228515625
Brent Oil,Com_BrentCrudeOil,tscv,18,2025-04-28,11,PatchTST,-,61.81767272949219,71.91995239257812,-10.102279663085938
Brent Oil,Com_BrentCrudeOil,tscv,18,2025-05-05,12,PatchTST,-,62.62345886230469,71.6170654296875,-8.993606567382812
Brent Oil,Com_BrentCrudeOil,tscv,18,2025-02-17,1,PatchTST,NLinear,75.4046630859375,73.79828643798828,1.6063766479492188
Brent Oil,Com_BrentCrudeOil,tscv,18,2025-02-24,2,PatchTST,NLinear,73.14600372314453,74.71501922607422,-1.5690155029296875
Brent Oil,Com_BrentCrudeOil,tscv,18,2025-03-03,3,PatchTST,NLinear,70.35600280761719,75.80818939208984,-5.452186584472656
Brent Oil,Com_BrentCrudeOil,tscv,18,2025-03-10,4,PatchTST,NLinear,70.26238250732422,75.21454620361328,-4.9521636962890625
Brent Oil,Com_BrentCrudeOil,tscv,18,2025-03-17,5,PatchTST,NLinear,71.52252960205078,75.5701904296875,-4.047660827636719
Brent Oil,Com_BrentCrudeOil,tscv,18,2025-03-24,6,PatchTST,NLinear,73.04026794433594,76.11894989013672,-3.0786819458007812
Brent Oil,Com_BrentCrudeOil,tscv,18,2025-03-31,7,PatchTST,NLinear,69.90252685546875,76.4565200805664,-6.553993225097656
Brent Oil,Com_BrentCrudeOil,tscv,18,2025-04-07,8,PatchTST,NLinear,64.27491760253906,73.37000274658203,-9.095085144042969
Brent Oil,Com_BrentCrudeOil,tscv,18,2025-04-14,9,PatchTST,NLinear,66.60935974121094,74.00138854980469,-7.39202880859375
Brent Oil,Com_BrentCrudeOil,tscv,18,2025-04-21,10,PatchTST,NLinear,66.57654571533203,76.64308166503906,-10.066535949707031
Brent Oil,Com_BrentCrudeOil,tscv,18,2025-04-28,11,PatchTST,NLinear,61.81767272949219,73.63185119628906,-11.814178466796875
Brent Oil,Com_BrentCrudeOil,tscv,18,2025-05-05,12,PatchTST,NLinear,62.62345886230469,74.77814483642578,-12.154685974121094
Brent Oil,Com_BrentCrudeOil,tscv,18,2025-02-17,1,PatchTST,XGBoost,75.4046630859375,75.80551147460938,-0.400848388671875
Brent Oil,Com_BrentCrudeOil,tscv,18,2025-02-24,2,PatchTST,XGBoost,73.14600372314453,74.07588195800781,-0.9298782348632812
Brent Oil,Com_BrentCrudeOil,tscv,18,2025-03-03,3,PatchTST,XGBoost,70.35600280761719,75.20038604736328,-4.844383239746094
Brent Oil,Com_BrentCrudeOil,tscv,18,2025-03-10,4,PatchTST,XGBoost,70.26238250732422,70.56027221679688,-0.29788970947265625
Brent Oil,Com_BrentCrudeOil,tscv,18,2025-03-17,5,PatchTST,XGBoost,71.52252960205078,69.90171813964844,1.6208114624023438
Brent Oil,Com_BrentCrudeOil,tscv,18,2025-03-24,6,PatchTST,XGBoost,73.04026794433594,67.97611236572266,5.064155578613281
Brent Oil,Com_BrentCrudeOil,tscv,18,2025-03-31,7,PatchTST,XGBoost,69.90252685546875,67.61839294433594,2.2841339111328125
Brent Oil,Com_BrentCrudeOil,tscv,18,2025-04-07,8,PatchTST,XGBoost,64.27491760253906,66.45075225830078,-2.1758346557617188
Brent Oil,Com_BrentCrudeOil,tscv,18,2025-04-14,9,PatchTST,XGBoost,66.60935974121094,65.75244140625,0.8569183349609375
Brent Oil,Com_BrentCrudeOil,tscv,18,2025-04-21,10,PatchTST,XGBoost,66.57654571533203,67.55669403076172,-0.9801483154296875
Brent Oil,Com_BrentCrudeOil,tscv,18,2025-04-28,11,PatchTST,XGBoost,61.81767272949219,66.76412200927734,-4.946449279785156
Brent Oil,Com_BrentCrudeOil,tscv,18,2025-05-05,12,PatchTST,XGBoost,62.62345886230469,65.82107543945312,-3.1976165771484375
Brent Oil,Com_BrentCrudeOil,tscv,18,2025-02-17,1,PatchTST,LightGBM,75.4046630859375,74.5041732788086,0.9004898071289062
Brent Oil,Com_BrentCrudeOil,tscv,18,2025-02-24,2,PatchTST,LightGBM,73.14600372314453,74.30686950683594,-1.1608657836914062
Brent Oil,Com_BrentCrudeOil,tscv,18,2025-03-03,3,PatchTST,LightGBM,70.35600280761719,73.90449523925781,-3.548492431640625
Brent Oil,Com_BrentCrudeOil,tscv,18,2025-03-10,4,PatchTST,LightGBM,70.26238250732422,72.72225952148438,-2.4598770141601562
Brent Oil,Com_BrentCrudeOil,tscv,18,2025-03-17,5,PatchTST,LightGBM,71.52252960205078,71.32715606689453,0.19537353515625
Brent Oil,Com_BrentCrudeOil,tscv,18,2025-03-24,6,PatchTST,LightGBM,73.04026794433594,68.95164489746094,4.088623046875
Brent Oil,Com_BrentCrudeOil,tscv,18,2025-03-31,7,PatchTST,LightGBM,69.90252685546875,67.29801177978516,2.6045150756835938
Brent Oil,Com_BrentCrudeOil,tscv,18,2025-04-07,8,PatchTST,LightGBM,64.27491760253906,67.39715576171875,-3.1222381591796875
Brent Oil,Com_BrentCrudeOil,tscv,18,2025-04-14,9,PatchTST,LightGBM,66.60935974121094,66.76850128173828,-0.15914154052734375
Brent Oil,Com_BrentCrudeOil,tscv,18,2025-04-21,10,PatchTST,LightGBM,66.57654571533203,66.36582946777344,0.21071624755859375
Brent Oil,Com_BrentCrudeOil,tscv,18,2025-04-28,11,PatchTST,LightGBM,61.81767272949219,66.62567901611328,-4.808006286621094
Brent Oil,Com_BrentCrudeOil,tscv,18,2025-05-05,12,PatchTST,LightGBM,62.62345886230469,66.45561218261719,-3.8321533203125
Brent Oil,Com_BrentCrudeOil,tscv,19,2025-03-17,1,PatchTST,-,71.52252960205078,73.49236297607422,-1.9698333740234375
Brent Oil,Com_BrentCrudeOil,tscv,19,2025-03-24,2,PatchTST,-,73.04026794433594,73.20378112792969,-0.16351318359375
Brent Oil,Com_BrentCrudeOil,tscv,19,2025-03-31,3,PatchTST,-,69.90252685546875,73.2863998413086,-3.3838729858398438
Brent Oil,Com_BrentCrudeOil,tscv,19,2025-04-07,4,PatchTST,-,64.27491760253906,73.08367156982422,-8.808753967285156
Brent Oil,Com_BrentCrudeOil,tscv,19,2025-04-14,5,PatchTST,-,66.60935974121094,73.15603637695312,-6.5466766357421875
Brent Oil,Com_BrentCrudeOil,tscv,19,2025-04-21,6,PatchTST,-,66.57654571533203,73.03213500976562,-6.455589294433594
Brent Oil,Com_BrentCrudeOil,tscv,19,2025-04-28,7,PatchTST,-,61.81767272949219,72.92528533935547,-11.107612609863281
Brent Oil,Com_BrentCrudeOil,tscv,19,2025-05-05,8,PatchTST,-,62.62345886230469,72.7268295288086,-10.103370666503906
Brent Oil,Com_BrentCrudeOil,tscv,19,2025-05-12,9,PatchTST,-,65.50987243652344,72.6989517211914,-7.189079284667969
Brent Oil,Com_BrentCrudeOil,tscv,19,2025-05-19,10,PatchTST,-,65.00296020507812,72.9114761352539,-7.908515930175781
Brent Oil,Com_BrentCrudeOil,tscv,19,2025-05-26,11,PatchTST,-,63.65324401855469,72.62297821044922,-8.969734191894531
Brent Oil,Com_BrentCrudeOil,tscv,19,2025-06-02,12,PatchTST,-,65.69291687011719,72.52892303466797,-6.836006164550781
Brent Oil,Com_BrentCrudeOil,tscv,19,2025-03-17,1,PatchTST,NLinear,71.52252960205078,70.01866149902344,1.5038681030273438
Brent Oil,Com_BrentCrudeOil,tscv,19,2025-03-24,2,PatchTST,NLinear,73.04026794433594,68.10613250732422,4.934135437011719
Brent Oil,Com_BrentCrudeOil,tscv,19,2025-03-31,3,PatchTST,NLinear,69.90252685546875,69.93734741210938,-0.034820556640625
Brent Oil,Com_BrentCrudeOil,tscv,19,2025-04-07,4,PatchTST,NLinear,64.27491760253906,68.83778381347656,-4.5628662109375
Brent Oil,Com_BrentCrudeOil,tscv,19,2025-04-14,5,PatchTST,NLinear,66.60935974121094,68.83457946777344,-2.2252197265625
Brent Oil,Com_BrentCrudeOil,tscv,19,2025-04-21,6,PatchTST,NLinear,66.57654571533203,68.34178924560547,-1.7652435302734375
Brent Oil,Com_BrentCrudeOil,tscv,19,2025-04-28,7,PatchTST,NLinear,61.81767272949219,68.95443725585938,-7.1367645263671875
Brent Oil,Com_BrentCrudeOil,tscv,19,2025-05-05,8,PatchTST,NLinear,62.62345886230469,70.69799041748047,-8.074531555175781
Brent Oil,Com_BrentCrudeOil,tscv,19,2025-05-12,9,PatchTST,NLinear,65.50987243652344,71.02631378173828,-5.516441345214844
Brent Oil,Com_BrentCrudeOil,tscv,19,2025-05-19,10,PatchTST,NLinear,65.00296020507812,68.37428283691406,-3.3713226318359375
Brent Oil,Com_BrentCrudeOil,tscv,19,2025-05-26,11,PatchTST,NLinear,63.65324401855469,70.57352447509766,-6.920280456542969
Brent Oil,Com_BrentCrudeOil,tscv,19,2025-06-02,12,PatchTST,NLinear,65.69291687011719,69.90766143798828,-4.214744567871094
Brent Oil,Com_BrentCrudeOil,tscv,19,2025-03-17,1,PatchTST,XGBoost,71.52252960205078,69.0527114868164,2.469818115234375
Brent Oil,Com_BrentCrudeOil,tscv,19,2025-03-24,2,PatchTST,XGBoost,73.04026794433594,69.57191467285156,3.468353271484375
Brent Oil,Com_BrentCrudeOil,tscv,19,2025-03-31,3,PatchTST,XGBoost,69.90252685546875,71.58223724365234,-1.6797103881835938
Brent Oil,Com_BrentCrudeOil,tscv,19,2025-04-07,4,PatchTST,XGBoost,64.27491760253906,70.98027801513672,-6.705360412597656
Brent Oil,Com_BrentCrudeOil,tscv,19,2025-04-14,5,PatchTST,XGBoost,66.60935974121094,70.44662475585938,-3.8372650146484375
Brent Oil,Com_BrentCrudeOil,tscv,19,2025-04-21,6,PatchTST,XGBoost,66.57654571533203,67.79008483886719,-1.2135391235351562
Brent Oil,Com_BrentCrudeOil,tscv,19,2025-04-28,7,PatchTST,XGBoost,61.81767272949219,65.437255859375,-3.6195831298828125
Brent Oil,Com_BrentCrudeOil,tscv,19,2025-05-05,8,PatchTST,XGBoost,62.62345886230469,64.02308654785156,-1.399627685546875
Brent Oil,Com_BrentCrudeOil,tscv,19,2025-05-12,9,PatchTST,XGBoost,65.50987243652344,62.04902648925781,3.460845947265625
Brent Oil,Com_BrentCrudeOil,tscv,19,2025-05-19,10,PatchTST,XGBoost,65.00296020507812,63.0151252746582,1.9878349304199219
Brent Oil,Com_BrentCrudeOil,tscv,19,2025-05-26,11,PatchTST,XGBoost,63.65324401855469,63.25254440307617,0.4006996154785156
Brent Oil,Com_BrentCrudeOil,tscv,19,2025-06-02,12,PatchTST,XGBoost,65.69291687011719,62.37097930908203,3.3219375610351562
Brent Oil,Com_BrentCrudeOil,tscv,19,2025-03-17,1,PatchTST,LightGBM,71.52252960205078,69.66525268554688,1.8572769165039062
Brent Oil,Com_BrentCrudeOil,tscv,19,2025-03-24,2,PatchTST,LightGBM,73.04026794433594,69.7489013671875,3.2913665771484375
Brent Oil,Com_BrentCrudeOil,tscv,19,2025-03-31,3,PatchTST,LightGBM,69.90252685546875,71.22376251220703,-1.3212356567382812
Brent Oil,Com_BrentCrudeOil,tscv,19,2025-04-07,4,PatchTST,LightGBM,64.27491760253906,70.89789581298828,-6.622978210449219
Brent Oil,Com_BrentCrudeOil,tscv,19,2025-04-14,5,PatchTST,LightGBM,66.60935974121094,72.16150665283203,-5.552146911621094
Brent Oil,Com_BrentCrudeOil,tscv,19,2025-04-21,6,PatchTST,LightGBM,66.57654571533203,69.66188049316406,-3.0853347778320312
Brent Oil,Com_BrentCrudeOil,tscv,19,2025-04-28,7,PatchTST,LightGBM,61.81767272949219,68.31033325195312,-6.4926605224609375
Brent Oil,Com_BrentCrudeOil,tscv,19,2025-05-05,8,PatchTST,LightGBM,62.62345886230469,66.73178100585938,-4.1083221435546875
Brent Oil,Com_BrentCrudeOil,tscv,19,2025-05-12,9,PatchTST,LightGBM,65.50987243652344,66.50676727294922,-0.9968948364257812
Brent Oil,Com_BrentCrudeOil,tscv,19,2025-05-19,10,PatchTST,LightGBM,65.00296020507812,65.63641357421875,-0.633453369140625
Brent Oil,Com_BrentCrudeOil,tscv,19,2025-05-26,11,PatchTST,LightGBM,63.65324401855469,65.62686920166016,-1.9736251831054688
Brent Oil,Com_BrentCrudeOil,tscv,19,2025-06-02,12,PatchTST,LightGBM,65.69291687011719,65.0730209350586,0.6198959350585938
Brent Oil,Com_BrentCrudeOil,tscv,20,2025-04-14,1,PatchTST,-,66.60935974121094,74.79174041748047,-8.182380676269531
Brent Oil,Com_BrentCrudeOil,tscv,20,2025-04-21,2,PatchTST,-,66.57654571533203,74.6455307006836,-8.068984985351562
Brent Oil,Com_BrentCrudeOil,tscv,20,2025-04-28,3,PatchTST,-,61.81767272949219,74.76380157470703,-12.946128845214844
Brent Oil,Com_BrentCrudeOil,tscv,20,2025-05-05,4,PatchTST,-,62.62345886230469,74.68769073486328,-12.064231872558594
Brent Oil,Com_BrentCrudeOil,tscv,20,2025-05-12,5,PatchTST,-,65.50987243652344,74.60792541503906,-9.098052978515625
Brent Oil,Com_BrentCrudeOil,tscv,20,2025-05-19,6,PatchTST,-,65.00296020507812,74.42570495605469,-9.422744750976562
Brent Oil,Com_BrentCrudeOil,tscv,20,2025-05-26,7,PatchTST,-,63.65324401855469,74.419677734375,-10.766433715820312
Brent Oil,Com_BrentCrudeOil,tscv,20,2025-06-02,8,PatchTST,-,65.69291687011719,74.16719055175781,-8.474273681640625
Brent Oil,Com_BrentCrudeOil,tscv,20,2025-06-09,9,PatchTST,-,70.90538787841797,74.3704833984375,-3.4650955200195312
Brent Oil,Com_BrentCrudeOil,tscv,20,2025-06-16,10,PatchTST,-,76.53987121582031,74.16934967041016,2.3705215454101562
Brent Oil,Com_BrentCrudeOil,tscv,20,2025-06-23,11,PatchTST,-,67.5205307006836,73.98298645019531,-6.462455749511719
Brent Oil,Com_BrentCrudeOil,tscv,20,2025-06-30,12,PatchTST,-,67.9451675415039,74.03215789794922,-6.0869903564453125
Brent Oil,Com_BrentCrudeOil,tscv,20,2025-04-14,1,PatchTST,NLinear,66.60935974121094,63.81638717651367,2.7929725646972656
Brent Oil,Com_BrentCrudeOil,tscv,20,2025-04-21,2,PatchTST,NLinear,66.57654571533203,64.57711029052734,1.9994354248046875
Brent Oil,Com_BrentCrudeOil,tscv,20,2025-04-28,3,PatchTST,NLinear,61.81767272949219,67.50503540039062,-5.6873626708984375
Brent Oil,Com_BrentCrudeOil,tscv,20,2025-05-05,4,PatchTST,NLinear,62.62345886230469,67.1513442993164,-4.527885437011719
Brent Oil,Com_BrentCrudeOil,tscv,20,2025-05-12,5,PatchTST,NLinear,65.50987243652344,68.46665954589844,-2.956787109375
Brent Oil,Com_BrentCrudeOil,tscv,20,2025-05-19,6,PatchTST,NLinear,65.00296020507812,69.21809387207031,-4.2151336669921875
Brent Oil,Com_BrentCrudeOil,tscv,20,2025-05-26,7,PatchTST,NLinear,63.65324401855469,70.58244323730469,-6.92919921875
Brent Oil,Com_BrentCrudeOil,tscv,20,2025-06-02,8,PatchTST,NLinear,65.69291687011719,69.38104248046875,-3.6881256103515625
Brent Oil,Com_BrentCrudeOil,tscv,20,2025-06-09,9,PatchTST,NLinear,70.90538787841797,69.07315063476562,1.8322372436523438
Brent Oil,Com_BrentCrudeOil,tscv,20,2025-06-16,10,PatchTST,NLinear,76.53987121582031,70.67277526855469,5.867095947265625
Brent Oil,Com_BrentCrudeOil,tscv,20,2025-06-23,11,PatchTST,NLinear,67.5205307006836,69.31026458740234,-1.78973388671875
Brent Oil,Com_BrentCrudeOil,tscv,20,2025-06-30,12,PatchTST,NLinear,67.9451675415039,67.78941345214844,0.15575408935546875
Brent Oil,Com_BrentCrudeOil,tscv,20,2025-04-14,1,PatchTST,XGBoost,66.60935974121094,66.74360656738281,-0.134246826171875
Brent Oil,Com_BrentCrudeOil,tscv,20,2025-04-21,2,PatchTST,XGBoost,66.57654571533203,66.33767700195312,0.23886871337890625
Brent Oil,Com_BrentCrudeOil,tscv,20,2025-04-28,3,PatchTST,XGBoost,61.81767272949219,64.94027709960938,-3.1226043701171875
Brent Oil,Com_BrentCrudeOil,tscv,20,2025-05-05,4,PatchTST,XGBoost,62.62345886230469,65.00648498535156,-2.383026123046875
Brent Oil,Com_BrentCrudeOil,tscv,20,2025-05-12,5,PatchTST,XGBoost,65.50987243652344,65.74436950683594,-0.2344970703125
Brent Oil,Com_BrentCrudeOil,tscv,20,2025-05-19,6,PatchTST,XGBoost,65.00296020507812,65.55599212646484,-0.5530319213867188
Brent Oil,Com_BrentCrudeOil,tscv,20,2025-05-26,7,PatchTST,XGBoost,63.65324401855469,65.83706665039062,-2.1838226318359375
Brent Oil,Com_BrentCrudeOil,tscv,20,2025-06-02,8,PatchTST,XGBoost,65.69291687011719,66.06480407714844,-0.37188720703125
Brent Oil,Com_BrentCrudeOil,tscv,20,2025-06-09,9,PatchTST,XGBoost,70.90538787841797,65.68550109863281,5.219886779785156
Brent Oil,Com_BrentCrudeOil,tscv,20,2025-06-16,10,PatchTST,XGBoost,76.53987121582031,63.9395866394043,12.600284576416016
Brent Oil,Com_BrentCrudeOil,tscv,20,2025-06-23,11,PatchTST,XGBoost,67.5205307006836,64.51615905761719,3.0043716430664062
Brent Oil,Com_BrentCrudeOil,tscv,20,2025-06-30,12,PatchTST,XGBoost,67.9451675415039,64.2989273071289,3.646240234375
Brent Oil,Com_BrentCrudeOil,tscv,20,2025-04-14,1,PatchTST,LightGBM,66.60935974121094,66.42950439453125,0.1798553466796875
Brent Oil,Com_BrentCrudeOil,tscv,20,2025-04-21,2,PatchTST,LightGBM,66.57654571533203,65.26384735107422,1.3126983642578125
Brent Oil,Com_BrentCrudeOil,tscv,20,2025-04-28,3,PatchTST,LightGBM,61.81767272949219,65.52566528320312,-3.7079925537109375
Brent Oil,Com_BrentCrudeOil,tscv,20,2025-05-05,4,PatchTST,LightGBM,62.62345886230469,67.63494873046875,-5.0114898681640625
Brent Oil,Com_BrentCrudeOil,tscv,20,2025-05-12,5,PatchTST,LightGBM,65.50987243652344,65.79971313476562,-0.2898406982421875
Brent Oil,Com_BrentCrudeOil,tscv,20,2025-05-19,6,PatchTST,LightGBM,65.00296020507812,67.42960357666016,-2.4266433715820312
Brent Oil,Com_BrentCrudeOil,tscv,20,2025-05-26,7,PatchTST,LightGBM,63.65324401855469,67.61864471435547,-3.9654006958007812
Brent Oil,Com_BrentCrudeOil,tscv,20,2025-06-02,8,PatchTST,LightGBM,65.69291687011719,67.41419219970703,-1.7212753295898438
Brent Oil,Com_BrentCrudeOil,tscv,20,2025-06-09,9,PatchTST,LightGBM,70.90538787841797,66.85359191894531,4.051795959472656
Brent Oil,Com_BrentCrudeOil,tscv,20,2025-06-16,10,PatchTST,LightGBM,76.53987121582031,64.01647186279297,12.523399353027344
Brent Oil,Com_BrentCrudeOil,tscv,20,2025-06-23,11,PatchTST,LightGBM,67.5205307006836,63.19468307495117,4.325847625732422
Brent Oil,Com_BrentCrudeOil,tscv,20,2025-06-30,12,PatchTST,LightGBM,67.9451675415039,63.57242202758789,4.372745513916016
Brent Oil,Com_BrentCrudeOil,tscv,21,2025-05-12,1,PatchTST,-,65.50987243652344,70.9002914428711,-5.390419006347656
Brent Oil,Com_BrentCrudeOil,tscv,21,2025-05-19,2,PatchTST,-,65.00296020507812,70.78616333007812,-5.783203125
Brent Oil,Com_BrentCrudeOil,tscv,21,2025-05-26,3,PatchTST,-,63.65324401855469,70.73279571533203,-7.079551696777344
Brent Oil,Com_BrentCrudeOil,tscv,21,2025-06-02,4,PatchTST,-,65.69291687011719,70.77667999267578,-5.083763122558594
Brent Oil,Com_BrentCrudeOil,tscv,21,2025-06-09,5,PatchTST,-,70.90538787841797,70.6667251586914,0.2386627197265625
Brent Oil,Com_BrentCrudeOil,tscv,21,2025-06-16,6,PatchTST,-,76.53987121582031,70.45259857177734,6.087272644042969
Brent Oil,Com_BrentCrudeOil,tscv,21,2025-06-23,7,PatchTST,-,67.5205307006836,70.58170318603516,-3.0611724853515625
Brent Oil,Com_BrentCrudeOil,tscv,21,2025-06-30,8,PatchTST,-,67.9451675415039,70.37297058105469,-2.4278030395507812
Brent Oil,Com_BrentCrudeOil,tscv,21,2025-07-07,9,PatchTST,-,69.90603637695312,70.25789642333984,-0.35186004638671875
Brent Oil,Com_BrentCrudeOil,tscv,21,2025-07-14,10,PatchTST,-,69.10814666748047,70.21591186523438,-1.1077651977539062
Brent Oil,Com_BrentCrudeOil,tscv,21,2025-07-21,11,PatchTST,-,68.77239990234375,70.62535858154297,-1.8529586791992188
Brent Oil,Com_BrentCrudeOil,tscv,21,2025-07-28,12,PatchTST,-,70.7232666015625,70.39876556396484,0.32450103759765625
Brent Oil,Com_BrentCrudeOil,tscv,21,2025-05-12,1,PatchTST,NLinear,65.50987243652344,63.80229187011719,1.70758056640625
Brent Oil,Com_BrentCrudeOil,tscv,21,2025-05-19,2,PatchTST,NLinear,65.00296020507812,62.99460983276367,2.008350372314453
Brent Oil,Com_BrentCrudeOil,tscv,21,2025-05-26,3,PatchTST,NLinear,63.65324401855469,63.4354362487793,0.21780776977539062
Brent Oil,Com_BrentCrudeOil,tscv,21,2025-06-02,4,PatchTST,NLinear,65.69291687011719,61.852027893066406,3.8408889770507812
Brent Oil,Com_BrentCrudeOil,tscv,21,2025-06-09,5,PatchTST,NLinear,70.90538787841797,63.467594146728516,7.437793731689453
Brent Oil,Com_BrentCrudeOil,tscv,21,2025-06-16,6,PatchTST,NLinear,76.53987121582031,63.39309310913086,13.146778106689453
Brent Oil,Com_BrentCrudeOil,tscv,21,2025-06-23,7,PatchTST,NLinear,67.5205307006836,63.76369857788086,3.7568321228027344
Brent Oil,Com_BrentCrudeOil,tscv,21,2025-06-30,8,PatchTST,NLinear,67.9451675415039,62.91763687133789,5.027530670166016
Brent Oil,Com_BrentCrudeOil,tscv,21,2025-07-07,9,PatchTST,NLinear,69.90603637695312,60.701358795166016,9.20467758178711
Brent Oil,Com_BrentCrudeOil,tscv,21,2025-07-14,10,PatchTST,NLinear,69.10814666748047,61.62745666503906,7.480690002441406
Brent Oil,Com_BrentCrudeOil,tscv,21,2025-07-21,11,PatchTST,NLinear,68.77239990234375,64.13577270507812,4.636627197265625
Brent Oil,Com_BrentCrudeOil,tscv,21,2025-07-28,12,PatchTST,NLinear,70.7232666015625,64.96337890625,5.7598876953125
Brent Oil,Com_BrentCrudeOil,tscv,21,2025-05-12,1,PatchTST,XGBoost,65.50987243652344,62.384586334228516,3.125286102294922
Brent Oil,Com_BrentCrudeOil,tscv,21,2025-05-19,2,PatchTST,XGBoost,65.00296020507812,62.776729583740234,2.2262306213378906
Brent Oil,Com_BrentCrudeOil,tscv,21,2025-05-26,3,PatchTST,XGBoost,63.65324401855469,62.13557434082031,1.517669677734375
Brent Oil,Com_BrentCrudeOil,tscv,21,2025-06-02,4,PatchTST,XGBoost,65.69291687011719,64.10781860351562,1.5850982666015625
Brent Oil,Com_BrentCrudeOil,tscv,21,2025-06-09,5,PatchTST,XGBoost,70.90538787841797,63.243553161621094,7.661834716796875
Brent Oil,Com_BrentCrudeOil,tscv,21,2025-06-16,6,PatchTST,XGBoost,76.53987121582031,61.67974853515625,14.860122680664062
Brent Oil,Com_BrentCrudeOil,tscv,21,2025-06-23,7,PatchTST,XGBoost,67.5205307006836,58.60630798339844,8.914222717285156
Brent Oil,Com_BrentCrudeOil,tscv,21,2025-06-30,8,PatchTST,XGBoost,67.9451675415039,59.83033752441406,8.114830017089844
Brent Oil,Com_BrentCrudeOil,tscv,21,2025-07-07,9,PatchTST,XGBoost,69.90603637695312,58.16361999511719,11.742416381835938
Brent Oil,Com_BrentCrudeOil,tscv,21,2025-07-14,10,PatchTST,XGBoost,69.10814666748047,56.540794372558594,12.567352294921875
Brent Oil,Com_BrentCrudeOil,tscv,21,2025-07-21,11,PatchTST,XGBoost,68.77239990234375,56.622154235839844,12.150245666503906
Brent Oil,Com_BrentCrudeOil,tscv,21,2025-07-28,12,PatchTST,XGBoost,70.7232666015625,57.46709060668945,13.256175994873047
Brent Oil,Com_BrentCrudeOil,tscv,21,2025-05-12,1,PatchTST,LightGBM,65.50987243652344,62.36827087402344,3.1416015625
Brent Oil,Com_BrentCrudeOil,tscv,21,2025-05-19,2,PatchTST,LightGBM,65.00296020507812,62.205238342285156,2.7977218627929688
Brent Oil,Com_BrentCrudeOil,tscv,21,2025-05-26,3,PatchTST,LightGBM,63.65324401855469,60.97726058959961,2.675983428955078
Brent Oil,Com_BrentCrudeOil,tscv,21,2025-06-02,4,PatchTST,LightGBM,65.69291687011719,63.26970672607422,2.4232101440429688
Brent Oil,Com_BrentCrudeOil,tscv,21,2025-06-09,5,PatchTST,LightGBM,70.90538787841797,62.99539566040039,7.909992218017578
Brent Oil,Com_BrentCrudeOil,tscv,21,2025-06-16,6,PatchTST,LightGBM,76.53987121582031,61.56755447387695,14.97231674194336
Brent Oil,Com_BrentCrudeOil,tscv,21,2025-06-23,7,PatchTST,LightGBM,67.5205307006836,58.70183563232422,8.818695068359375
Brent Oil,Com_BrentCrudeOil,tscv,21,2025-06-30,8,PatchTST,LightGBM,67.9451675415039,55.8516845703125,12.093482971191406
Brent Oil,Com_BrentCrudeOil,tscv,21,2025-07-07,9,PatchTST,LightGBM,69.90603637695312,56.04913330078125,13.856903076171875
Brent Oil,Com_BrentCrudeOil,tscv,21,2025-07-14,10,PatchTST,LightGBM,69.10814666748047,54.94647216796875,14.161674499511719
Brent Oil,Com_BrentCrudeOil,tscv,21,2025-07-21,11,PatchTST,LightGBM,68.77239990234375,55.86018371582031,12.912216186523438
Brent Oil,Com_BrentCrudeOil,tscv,21,2025-07-28,12,PatchTST,LightGBM,70.7232666015625,56.60087966918945,14.122386932373047
Brent Oil,Com_BrentCrudeOil,tscv,22,2025-06-09,1,PatchTST,-,70.90538787841797,70.5192642211914,0.3861236572265625
Brent Oil,Com_BrentCrudeOil,tscv,22,2025-06-16,2,PatchTST,-,76.53987121582031,70.34858703613281,6.1912841796875
Brent Oil,Com_BrentCrudeOil,tscv,22,2025-06-23,3,PatchTST,-,67.5205307006836,70.54324340820312,-3.0227127075195312
Brent Oil,Com_BrentCrudeOil,tscv,22,2025-06-30,4,PatchTST,-,67.9451675415039,70.37220764160156,-2.4270401000976562
Brent Oil,Com_BrentCrudeOil,tscv,22,2025-07-07,5,PatchTST,-,69.90603637695312,70.31147003173828,-0.40543365478515625
Brent Oil,Com_BrentCrudeOil,tscv,22,2025-07-14,6,PatchTST,-,69.10814666748047,70.23004150390625,-1.1218948364257812
Brent Oil,Com_BrentCrudeOil,tscv,22,2025-07-21,7,PatchTST,-,68.77239990234375,70.17333984375,-1.40093994140625
Brent Oil,Com_BrentCrudeOil,tscv,22,2025-07-28,8,PatchTST,-,70.7232666015625,70.10359191894531,0.6196746826171875
Brent Oil,Com_BrentCrudeOil,tscv,22,2025-08-04,9,PatchTST,-,67.10191345214844,70.04703521728516,-2.9451217651367188
Brent Oil,Com_BrentCrudeOil,tscv,22,2025-08-11,10,PatchTST,-,66.15612030029297,69.88424682617188,-3.7281265258789062
Brent Oil,Com_BrentCrudeOil,tscv,22,2025-08-18,11,PatchTST,-,67.08045196533203,69.57421875,-2.4937667846679688
Brent Oil,Com_BrentCrudeOil,tscv,22,2025-08-25,12,PatchTST,-,67.60226440429688,69.61051177978516,-2.0082473754882812
Brent Oil,Com_BrentCrudeOil,tscv,22,2025-06-09,1,PatchTST,NLinear,70.90538787841797,66.29841613769531,4.606971740722656
Brent Oil,Com_BrentCrudeOil,tscv,22,2025-06-16,2,PatchTST,NLinear,76.53987121582031,64.72392272949219,11.815948486328125
Brent Oil,Com_BrentCrudeOil,tscv,22,2025-06-23,3,PatchTST,NLinear,67.5205307006836,68.72611236572266,-1.2055816650390625
Brent Oil,Com_BrentCrudeOil,tscv,22,2025-06-30,4,PatchTST,NLinear,67.9451675415039,65.91923522949219,2.0259323120117188
Brent Oil,Com_BrentCrudeOil,tscv,22,2025-07-07,5,PatchTST,NLinear,69.90603637695312,66.97708129882812,2.928955078125
Brent Oil,Com_BrentCrudeOil,tscv,22,2025-07-14,6,PatchTST,NLinear,69.10814666748047,69.20767974853516,-0.0995330810546875
Brent Oil,Com_BrentCrudeOil,tscv,22,2025-07-21,7,PatchTST,NLinear,68.77239990234375,68.4356689453125,0.33673095703125
Brent Oil,Com_BrentCrudeOil,tscv,22,2025-07-28,8,PatchTST,NLinear,70.7232666015625,66.66209411621094,4.0611724853515625
Brent Oil,Com_BrentCrudeOil,tscv,22,2025-08-04,9,PatchTST,NLinear,67.10191345214844,66.03363800048828,1.0682754516601562
Brent Oil,Com_BrentCrudeOil,tscv,22,2025-08-11,10,PatchTST,NLinear,66.15612030029297,64.84056091308594,1.3155593872070312
Brent Oil,Com_BrentCrudeOil,tscv,22,2025-08-18,11,PatchTST,NLinear,67.08045196533203,64.2989730834961,2.7814788818359375
Brent Oil,Com_BrentCrudeOil,tscv,22,2025-08-25,12,PatchTST,NLinear,67.60226440429688,62.04225158691406,5.5600128173828125
Brent Oil,Com_BrentCrudeOil,tscv,22,2025-06-09,1,PatchTST,XGBoost,70.90538787841797,68.53743743896484,2.367950439453125
Brent Oil,Com_BrentCrudeOil,tscv,22,2025-06-16,2,PatchTST,XGBoost,76.53987121582031,68.24388885498047,8.295982360839844
Brent Oil,Com_BrentCrudeOil,tscv,22,2025-06-23,3,PatchTST,XGBoost,67.5205307006836,70.55396270751953,-3.0334320068359375
Brent Oil,Com_BrentCrudeOil,tscv,22,2025-06-30,4,PatchTST,XGBoost,67.9451675415039,71.87407684326172,-3.9289093017578125
Brent Oil,Com_BrentCrudeOil,tscv,22,2025-07-07,5,PatchTST,XGBoost,69.90603637695312,70.18827056884766,-0.28223419189453125
Brent Oil,Com_BrentCrudeOil,tscv,22,2025-07-14,6,PatchTST,XGBoost,69.10814666748047,68.96383666992188,0.14430999755859375
Brent Oil,Com_BrentCrudeOil,tscv,22,2025-07-21,7,PatchTST,XGBoost,68.77239990234375,66.69619750976562,2.076202392578125
Brent Oil,Com_BrentCrudeOil,tscv,22,2025-07-28,8,PatchTST,XGBoost,70.7232666015625,63.37480163574219,7.3484649658203125
Brent Oil,Com_BrentCrudeOil,tscv,22,2025-08-04,9,PatchTST,XGBoost,67.10191345214844,63.166080474853516,3.935832977294922
Brent Oil,Com_BrentCrudeOil,tscv,22,2025-08-11,10,PatchTST,XGBoost,66.15612030029297,62.71719741821289,3.438922882080078
Brent Oil,Com_BrentCrudeOil,tscv,22,2025-08-18,11,PatchTST,XGBoost,67.08045196533203,61.78587341308594,5.294578552246094
Brent Oil,Com_BrentCrudeOil,tscv,22,2025-08-25,12,PatchTST,XGBoost,67.60226440429688,62.159400939941406,5.442863464355469
Brent Oil,Com_BrentCrudeOil,tscv,22,2025-06-09,1,PatchTST,LightGBM,70.90538787841797,68.56742858886719,2.3379592895507812
Brent Oil,Com_BrentCrudeOil,tscv,22,2025-06-16,2,PatchTST,LightGBM,76.53987121582031,68.78890228271484,7.750968933105469
Brent Oil,Com_BrentCrudeOil,tscv,22,2025-06-23,3,PatchTST,LightGBM,67.5205307006836,72.04698944091797,-4.526458740234375
Brent Oil,Com_BrentCrudeOil,tscv,22,2025-06-30,4,PatchTST,LightGBM,67.9451675415039,70.48785400390625,-2.5426864624023438
Brent Oil,Com_BrentCrudeOil,tscv,22,2025-07-07,5,PatchTST,LightGBM,69.90603637695312,68.27227020263672,1.6337661743164062
Brent Oil,Com_BrentCrudeOil,tscv,22,2025-07-14,6,PatchTST,LightGBM,69.10814666748047,68.24836730957031,0.8597793579101562
Brent Oil,Com_BrentCrudeOil,tscv,22,2025-07-21,7,PatchTST,LightGBM,68.77239990234375,67.55255889892578,1.2198410034179688
Brent Oil,Com_BrentCrudeOil,tscv,22,2025-07-28,8,PatchTST,LightGBM,70.7232666015625,65.5315933227539,5.191673278808594
Brent Oil,Com_BrentCrudeOil,tscv,22,2025-08-04,9,PatchTST,LightGBM,67.10191345214844,63.50122833251953,3.6006851196289062
Brent Oil,Com_BrentCrudeOil,tscv,22,2025-08-11,10,PatchTST,LightGBM,66.15612030029297,65.09477233886719,1.0613479614257812
Brent Oil,Com_BrentCrudeOil,tscv,22,2025-08-18,11,PatchTST,LightGBM,67.08045196533203,64.44569396972656,2.6347579956054688
Brent Oil,Com_BrentCrudeOil,tscv,22,2025-08-25,12,PatchTST,LightGBM,67.60226440429688,61.48557662963867,6.116687774658203
Brent Oil,Com_BrentCrudeOil,tscv,23,2025-07-07,1,PatchTST,-,69.90603637695312,76.49734497070312,-6.59130859375
Brent Oil,Com_BrentCrudeOil,tscv,23,2025-07-14,2,PatchTST,-,69.10814666748047,76.35091400146484,-7.242767333984375
Brent Oil,Com_BrentCrudeOil,tscv,23,2025-07-21,3,PatchTST,-,68.77239990234375,76.36943817138672,-7.597038269042969
Brent Oil,Com_BrentCrudeOil,tscv,23,2025-07-28,4,PatchTST,-,70.7232666015625,76.21717071533203,-5.493904113769531
Brent Oil,Com_BrentCrudeOil,tscv,23,2025-08-04,5,PatchTST,-,67.10191345214844,76.07965850830078,-8.977745056152344
Brent Oil,Com_BrentCrudeOil,tscv,23,2025-08-11,6,PatchTST,-,66.15612030029297,76.12940216064453,-9.973281860351562
Brent Oil,Com_BrentCrudeOil,tscv,23,2025-08-18,7,PatchTST,-,67.08045196533203,75.96452331542969,-8.884071350097656
Brent Oil,Com_BrentCrudeOil,tscv,23,2025-08-25,8,PatchTST,-,67.60226440429688,75.90531158447266,-8.303047180175781
Brent Oil,Com_BrentCrudeOil,tscv,23,2025-09-01,9,PatchTST,-,67.27151489257812,75.72581481933594,-8.454299926757812
Brent Oil,Com_BrentCrudeOil,tscv,23,2025-09-08,10,PatchTST,-,66.77435302734375,75.76148223876953,-8.987129211425781
Brent Oil,Com_BrentCrudeOil,tscv,23,2025-09-15,11,PatchTST,-,67.5166015625,75.51438903808594,-7.9977874755859375
Brent Oil,Com_BrentCrudeOil,tscv,23,2025-09-22,12,PatchTST,-,68.50713348388672,75.6015853881836,-7.094451904296875
Brent Oil,Com_BrentCrudeOil,tscv,23,2025-07-07,1,PatchTST,NLinear,69.90603637695312,74.38847351074219,-4.4824371337890625
Brent Oil,Com_BrentCrudeOil,tscv,23,2025-07-14,2,PatchTST,NLinear,69.10814666748047,72.72825622558594,-3.6201095581054688
Brent Oil,Com_BrentCrudeOil,tscv,23,2025-07-21,3,PatchTST,NLinear,68.77239990234375,74.37654876708984,-5.604148864746094
Brent Oil,Com_BrentCrudeOil,tscv,23,2025-07-28,4,PatchTST,NLinear,70.7232666015625,72.98699188232422,-2.2637252807617188
Brent Oil,Com_BrentCrudeOil,tscv,23,2025-08-04,5,PatchTST,NLinear,67.10191345214844,69.68511962890625,-2.5832061767578125
Brent Oil,Com_BrentCrudeOil,tscv,23,2025-08-11,6,PatchTST,NLinear,66.15612030029297,69.42561340332031,-3.2694931030273438
Brent Oil,Com_BrentCrudeOil,tscv,23,2025-08-18,7,PatchTST,NLinear,67.08045196533203,71.6153335571289,-4.534881591796875
Brent Oil,Com_BrentCrudeOil,tscv,23,2025-08-25,8,PatchTST,NLinear,67.60226440429688,71.43750762939453,-3.8352432250976562
Brent Oil,Com_BrentCrudeOil,tscv,23,2025-09-01,9,PatchTST,NLinear,67.27151489257812,70.48271179199219,-3.2111968994140625
Brent Oil,Com_BrentCrudeOil,tscv,23,2025-09-08,10,PatchTST,NLinear,66.77435302734375,72.105224609375,-5.33087158203125
Brent Oil,Com_BrentCrudeOil,tscv,23,2025-09-15,11,PatchTST,NLinear,67.5166015625,70.1556396484375,-2.6390380859375
Brent Oil,Com_BrentCrudeOil,tscv,23,2025-09-22,12,PatchTST,NLinear,68.50713348388672,71.85237121582031,-3.3452377319335938
Brent Oil,Com_BrentCrudeOil,tscv,23,2025-07-07,1,PatchTST,XGBoost,69.90603637695312,70.76385498046875,-0.857818603515625
Brent Oil,Com_BrentCrudeOil,tscv,23,2025-07-14,2,PatchTST,XGBoost,69.10814666748047,70.3545913696289,-1.2464447021484375
Brent Oil,Com_BrentCrudeOil,tscv,23,2025-07-21,3,PatchTST,XGBoost,68.77239990234375,69.36734771728516,-0.5949478149414062
Brent Oil,Com_BrentCrudeOil,tscv,23,2025-07-28,4,PatchTST,XGBoost,70.7232666015625,70.15088653564453,0.5723800659179688
Brent Oil,Com_BrentCrudeOil,tscv,23,2025-08-04,5,PatchTST,XGBoost,67.10191345214844,70.43344116210938,-3.3315277099609375
Brent Oil,Com_BrentCrudeOil,tscv,23,2025-08-11,6,PatchTST,XGBoost,66.15612030029297,70.92788696289062,-4.771766662597656
Brent Oil,Com_BrentCrudeOil,tscv,23,2025-08-18,7,PatchTST,XGBoost,67.08045196533203,70.66007232666016,-3.579620361328125
Brent Oil,Com_BrentCrudeOil,tscv,23,2025-08-25,8,PatchTST,XGBoost,67.60226440429688,70.2481460571289,-2.6458816528320312
Brent Oil,Com_BrentCrudeOil,tscv,23,2025-09-01,9,PatchTST,XGBoost,67.27151489257812,69.13186645507812,-1.8603515625
Brent Oil,Com_BrentCrudeOil,tscv,23,2025-09-08,10,PatchTST,XGBoost,66.77435302734375,69.99422454833984,-3.2198715209960938
Brent Oil,Com_BrentCrudeOil,tscv,23,2025-09-15,11,PatchTST,XGBoost,67.5166015625,70.0822982788086,-2.5656967163085938
Brent Oil,Com_BrentCrudeOil,tscv,23,2025-09-22,12,PatchTST,XGBoost,68.50713348388672,71.28018951416016,-2.7730560302734375
Brent Oil,Com_BrentCrudeOil,tscv,23,2025-07-07,1,PatchTST,LightGBM,69.90603637695312,70.56415557861328,-0.6581192016601562
Brent Oil,Com_BrentCrudeOil,tscv,23,2025-07-14,2,PatchTST,LightGBM,69.10814666748047,69.40618896484375,-0.29804229736328125
Brent Oil,Com_BrentCrudeOil,tscv,23,2025-07-21,3,PatchTST,LightGBM,68.77239990234375,68.26930236816406,0.5030975341796875
Brent Oil,Com_BrentCrudeOil,tscv,23,2025-07-28,4,PatchTST,LightGBM,70.7232666015625,69.91410827636719,0.8091583251953125
Brent Oil,Com_BrentCrudeOil,tscv,23,2025-08-04,5,PatchTST,LightGBM,67.10191345214844,69.64445495605469,-2.54254150390625
Brent Oil,Com_BrentCrudeOil,tscv,23,2025-08-11,6,PatchTST,LightGBM,66.15612030029297,71.35355377197266,-5.1974334716796875
Brent Oil,Com_BrentCrudeOil,tscv,23,2025-08-18,7,PatchTST,LightGBM,67.08045196533203,71.34761047363281,-4.267158508300781
Brent Oil,Com_BrentCrudeOil,tscv,23,2025-08-25,8,PatchTST,LightGBM,67.60226440429688,71.32918548583984,-3.7269210815429688
Brent Oil,Com_BrentCrudeOil,tscv,23,2025-09-01,9,PatchTST,LightGBM,67.27151489257812,70.86001586914062,-3.5885009765625
Brent Oil,Com_BrentCrudeOil,tscv,23,2025-09-08,10,PatchTST,LightGBM,66.77435302734375,70.26335906982422,-3.4890060424804688
Brent Oil,Com_BrentCrudeOil,tscv,23,2025-09-15,11,PatchTST,LightGBM,67.5166015625,69.18214416503906,-1.6655426025390625
Brent Oil,Com_BrentCrudeOil,tscv,23,2025-09-22,12,PatchTST,LightGBM,68.50713348388672,70.17585754394531,-1.6687240600585938
Brent Oil,Com_BrentCrudeOil,tscv,24,2025-08-04,1,PatchTST,-,67.10191345214844,74.03315734863281,-6.931243896484375
Brent Oil,Com_BrentCrudeOil,tscv,24,2025-08-11,2,PatchTST,-,66.15612030029297,73.8888168334961,-7.732696533203125
Brent Oil,Com_BrentCrudeOil,tscv,24,2025-08-18,3,PatchTST,-,67.08045196533203,73.76153564453125,-6.681083679199219
Brent Oil,Com_BrentCrudeOil,tscv,24,2025-08-25,4,PatchTST,-,67.60226440429688,73.75894927978516,-6.156684875488281
Brent Oil,Com_BrentCrudeOil,tscv,24,2025-09-01,5,PatchTST,-,67.27151489257812,73.61331176757812,-6.341796875
Brent Oil,Com_BrentCrudeOil,tscv,24,2025-09-08,6,PatchTST,-,66.77435302734375,73.34290313720703,-6.568550109863281
Brent Oil,Com_BrentCrudeOil,tscv,24,2025-09-15,7,PatchTST,-,67.5166015625,73.50798797607422,-5.991386413574219
Brent Oil,Com_BrentCrudeOil,tscv,24,2025-09-22,8,PatchTST,-,68.50713348388672,73.33106994628906,-4.823936462402344
Brent Oil,Com_BrentCrudeOil,tscv,24,2025-09-29,9,PatchTST,-,65.30098724365234,73.24697875976562,-7.945991516113281
Brent Oil,Com_BrentCrudeOil,tscv,24,2025-10-06,10,PatchTST,-,64.48927307128906,73.19325256347656,-8.7039794921875
Brent Oil,Com_BrentCrudeOil,tscv,24,2025-10-13,11,PatchTST,-,61.7679557800293,73.1770248413086,-11.409069061279297
Brent Oil,Com_BrentCrudeOil,tscv,24,2025-10-20,12,PatchTST,-,63.904998779296875,73.14996337890625,-9.244964599609375
Brent Oil,Com_BrentCrudeOil,tscv,24,2025-08-04,1,PatchTST,NLinear,67.10191345214844,69.3652572631836,-2.2633438110351562
Brent Oil,Com_BrentCrudeOil,tscv,24,2025-08-11,2,PatchTST,NLinear,66.15612030029297,70.52276611328125,-4.366645812988281
Brent Oil,Com_BrentCrudeOil,tscv,24,2025-08-18,3,PatchTST,NLinear,67.08045196533203,69.9918441772461,-2.9113922119140625
Brent Oil,Com_BrentCrudeOil,tscv,24,2025-08-25,4,PatchTST,NLinear,67.60226440429688,68.9986343383789,-1.3963699340820312
Brent Oil,Com_BrentCrudeOil,tscv,24,2025-09-01,5,PatchTST,NLinear,67.27151489257812,72.1845703125,-4.913055419921875
Brent Oil,Com_BrentCrudeOil,tscv,24,2025-09-08,6,PatchTST,NLinear,66.77435302734375,71.31466674804688,-4.540313720703125
Brent Oil,Com_BrentCrudeOil,tscv,24,2025-09-15,7,PatchTST,NLinear,67.5166015625,68.67469787597656,-1.1580963134765625
Brent Oil,Com_BrentCrudeOil,tscv,24,2025-09-22,8,PatchTST,NLinear,68.50713348388672,70.32136535644531,-1.8142318725585938
Brent Oil,Com_BrentCrudeOil,tscv,24,2025-09-29,9,PatchTST,NLinear,65.30098724365234,69.45254516601562,-4.151557922363281
Brent Oil,Com_BrentCrudeOil,tscv,24,2025-10-06,10,PatchTST,NLinear,64.48927307128906,69.717041015625,-5.2277679443359375
Brent Oil,Com_BrentCrudeOil,tscv,24,2025-10-13,11,PatchTST,NLinear,61.7679557800293,70.90141296386719,-9.13345718383789
Brent Oil,Com_BrentCrudeOil,tscv,24,2025-10-20,12,PatchTST,NLinear,63.904998779296875,68.54924011230469,-4.6442413330078125
Brent Oil,Com_BrentCrudeOil,tscv,24,2025-08-04,1,PatchTST,XGBoost,67.10191345214844,70.96964263916016,-3.8677291870117188
Brent Oil,Com_BrentCrudeOil,tscv,24,2025-08-11,2,PatchTST,XGBoost,66.15612030029297,71.33869934082031,-5.182579040527344
Brent Oil,Com_BrentCrudeOil,tscv,24,2025-08-18,3,PatchTST,XGBoost,67.08045196533203,71.49300384521484,-4.4125518798828125
Brent Oil,Com_BrentCrudeOil,tscv,24,2025-08-25,4,PatchTST,XGBoost,67.60226440429688,71.68289947509766,-4.080635070800781
Brent Oil,Com_BrentCrudeOil,tscv,24,2025-09-01,5,PatchTST,XGBoost,67.27151489257812,70.09458923339844,-2.8230743408203125
Brent Oil,Com_BrentCrudeOil,tscv,24,2025-09-08,6,PatchTST,XGBoost,66.77435302734375,69.15679168701172,-2.3824386596679688
Brent Oil,Com_BrentCrudeOil,tscv,24,2025-09-15,7,PatchTST,XGBoost,67.5166015625,67.77059936523438,-0.253997802734375
Brent Oil,Com_BrentCrudeOil,tscv,24,2025-09-22,8,PatchTST,XGBoost,68.50713348388672,68.2070541381836,0.300079345703125
Brent Oil,Com_BrentCrudeOil,tscv,24,2025-09-29,9,PatchTST,XGBoost,65.30098724365234,69.1446533203125,-3.8436660766601562
Brent Oil,Com_BrentCrudeOil,tscv,24,2025-10-06,10,PatchTST,XGBoost,64.48927307128906,71.12569427490234,-6.636421203613281
Brent Oil,Com_BrentCrudeOil,tscv,24,2025-10-13,11,PatchTST,XGBoost,61.7679557800293,69.72209930419922,-7.954143524169922
Brent Oil,Com_BrentCrudeOil,tscv,24,2025-10-20,12,PatchTST,XGBoost,63.904998779296875,68.76905822753906,-4.8640594482421875
Brent Oil,Com_BrentCrudeOil,tscv,24,2025-08-04,1,PatchTST,LightGBM,67.10191345214844,71.1547622680664,-4.052848815917969
Brent Oil,Com_BrentCrudeOil,tscv,24,2025-08-11,2,PatchTST,LightGBM,66.15612030029297,71.54769134521484,-5.391571044921875
Brent Oil,Com_BrentCrudeOil,tscv,24,2025-08-18,3,PatchTST,LightGBM,67.08045196533203,71.4306411743164,-4.350189208984375
Brent Oil,Com_BrentCrudeOil,tscv,24,2025-08-25,4,PatchTST,LightGBM,67.60226440429688,73.64945220947266,-6.047187805175781
Brent Oil,Com_BrentCrudeOil,tscv,24,2025-09-01,5,PatchTST,LightGBM,67.27151489257812,70.66920471191406,-3.3976898193359375
Brent Oil,Com_BrentCrudeOil,tscv,24,2025-09-08,6,PatchTST,LightGBM,66.77435302734375,71.30982971191406,-4.5354766845703125
Brent Oil,Com_BrentCrudeOil,tscv,24,2025-09-15,7,PatchTST,LightGBM,67.5166015625,71.08668518066406,-3.5700836181640625
Brent Oil,Com_BrentCrudeOil,tscv,24,2025-09-22,8,PatchTST,LightGBM,68.50713348388672,70.81405639648438,-2.3069229125976562
Brent Oil,Com_BrentCrudeOil,tscv,24,2025-09-29,9,PatchTST,LightGBM,65.30098724365234,70.80518341064453,-5.5041961669921875
Brent Oil,Com_BrentCrudeOil,tscv,24,2025-10-06,10,PatchTST,LightGBM,64.48927307128906,70.59918212890625,-6.1099090576171875
Brent Oil,Com_BrentCrudeOil,tscv,24,2025-10-13,11,PatchTST,LightGBM,61.7679557800293,70.00709533691406,-8.239139556884766
Brent Oil,Com_BrentCrudeOil,tscv,24,2025-10-20,12,PatchTST,LightGBM,63.904998779296875,72.09115600585938,-8.1861572265625
Brent Oil,Com_BrentCrudeOil,holdout,1,2025-10-27,1,PatchTST,-,64.5328598022461,73.3760757446289,-8.843215942382812
Brent Oil,Com_BrentCrudeOil,holdout,1,2025-11-03,2,PatchTST,-,63.94032669067383,73.34044647216797,-9.40011978149414
Brent Oil,Com_BrentCrudeOil,holdout,1,2025-11-10,3,PatchTST,-,63.92447280883789,73.1417465209961,-9.217273712158203
Brent Oil,Com_BrentCrudeOil,holdout,1,2025-11-17,4,PatchTST,-,63.38262939453125,73.0484619140625,-9.66583251953125
Brent Oil,Com_BrentCrudeOil,holdout,1,2025-11-24,5,PatchTST,-,62.65865707397461,73.08277893066406,-10.424121856689453
Brent Oil,Com_BrentCrudeOil,holdout,1,2025-12-01,6,PatchTST,-,63.27702713012695,72.99222564697266,-9.715198516845703
Brent Oil,Com_BrentCrudeOil,holdout,1,2025-12-08,7,PatchTST,-,61.66008758544922,72.91697692871094,-11.256889343261719
Brent Oil,Com_BrentCrudeOil,holdout,1,2025-12-15,8,PatchTST,-,60.13292694091797,72.6513442993164,-12.518417358398438
Brent Oil,Com_BrentCrudeOil,holdout,1,2025-12-22,9,PatchTST,-,61.52321243286133,72.54418182373047,-11.02096939086914
Brent Oil,Com_BrentCrudeOil,holdout,1,2025-12-29,10,PatchTST,-,60.96549987792969,72.6041488647461,-11.638648986816406
Brent Oil,Com_BrentCrudeOil,holdout,1,2026-01-05,11,PatchTST,-,62.07210159301758,72.37277221679688,-10.300670623779297
Brent Oil,Com_BrentCrudeOil,holdout,1,2026-01-12,12,PatchTST,-,64.25517272949219,72.2663803100586,-8.011207580566406
Brent Oil,Com_BrentCrudeOil,holdout,1,2025-10-27,1,PatchTST,NLinear,64.5328598022461,66.26444244384766,-1.7315826416015625
Brent Oil,Com_BrentCrudeOil,holdout,1,2025-11-03,2,PatchTST,NLinear,63.94032669067383,65.1637191772461,-1.2233924865722656
Brent Oil,Com_BrentCrudeOil,holdout,1,2025-11-10,3,PatchTST,NLinear,63.92447280883789,65.89215087890625,-1.9676780700683594
Brent Oil,Com_BrentCrudeOil,holdout,1,2025-11-17,4,PatchTST,NLinear,63.38262939453125,66.228271484375,-2.84564208984375
Brent Oil,Com_BrentCrudeOil,holdout,1,2025-11-24,5,PatchTST,NLinear,62.65865707397461,65.3667221069336,-2.7080650329589844
Brent Oil,Com_BrentCrudeOil,holdout,1,2025-12-01,6,PatchTST,NLinear,63.27702713012695,66.59918212890625,-3.322154998779297
Brent Oil,Com_BrentCrudeOil,holdout,1,2025-12-08,7,PatchTST,NLinear,61.66008758544922,67.05410766601562,-5.394020080566406
Brent Oil,Com_BrentCrudeOil,holdout,1,2025-12-15,8,PatchTST,NLinear,60.13292694091797,67.41920471191406,-7.286277770996094
Brent Oil,Com_BrentCrudeOil,holdout,1,2025-12-22,9,PatchTST,NLinear,61.52321243286133,67.27139282226562,-5.748180389404297
Brent Oil,Com_BrentCrudeOil,holdout,1,2025-12-29,10,PatchTST,NLinear,60.96549987792969,67.99542999267578,-7.029930114746094
Brent Oil,Com_BrentCrudeOil,holdout,1,2026-01-05,11,PatchTST,NLinear,62.07210159301758,65.34867095947266,-3.276569366455078
Brent Oil,Com_BrentCrudeOil,holdout,1,2026-01-12,12,PatchTST,NLinear,64.25517272949219,63.44975280761719,0.805419921875
Brent Oil,Com_BrentCrudeOil,holdout,1,2025-10-27,1,PatchTST,XGBoost,64.5328598022461,64.2938003540039,0.2390594482421875
Brent Oil,Com_BrentCrudeOil,holdout,1,2025-11-03,2,PatchTST,XGBoost,63.94032669067383,64.13787078857422,-0.19754409790039062
Brent Oil,Com_BrentCrudeOil,holdout,1,2025-11-10,3,PatchTST,XGBoost,63.92447280883789,63.916587829589844,0.007884979248046875
Brent Oil,Com_BrentCrudeOil,holdout,1,2025-11-17,4,PatchTST,XGBoost,63.38262939453125,63.38860321044922,-0.00597381591796875
Brent Oil,Com_BrentCrudeOil,holdout,1,2025-11-24,5,PatchTST,XGBoost,62.65865707397461,64.11617279052734,-1.4575157165527344
Brent Oil,Com_BrentCrudeOil,holdout,1,2025-12-01,6,PatchTST,XGBoost,63.27702713012695,64.13213348388672,-0.8551063537597656
Brent Oil,Com_BrentCrudeOil,holdout,1,2025-12-08,7,PatchTST,XGBoost,61.66008758544922,63.758636474609375,-2.0985488891601562
Brent Oil,Com_BrentCrudeOil,holdout,1,2025-12-15,8,PatchTST,XGBoost,60.13292694091797,63.47765350341797,-3.3447265625
Brent Oil,Com_BrentCrudeOil,holdout,1,2025-12-22,9,PatchTST,XGBoost,61.52321243286133,64.18807983398438,-2.664867401123047
Brent Oil,Com_BrentCrudeOil,holdout,1,2025-12-29,10,PatchTST,XGBoost,60.96549987792969,63.42150115966797,-2.4560012817382812
Brent Oil,Com_BrentCrudeOil,holdout,1,2026-01-05,11,PatchTST,XGBoost,62.07210159301758,64.77019500732422,-2.6980934143066406
Brent Oil,Com_BrentCrudeOil,holdout,1,2026-01-12,12,PatchTST,XGBoost,64.25517272949219,64.3920669555664,-0.13689422607421875
Brent Oil,Com_BrentCrudeOil,holdout,1,2025-10-27,1,PatchTST,LightGBM,64.5328598022461,64.84413146972656,-0.31127166748046875
Brent Oil,Com_BrentCrudeOil,holdout,1,2025-11-03,2,PatchTST,LightGBM,63.94032669067383,66.75831604003906,-2.8179893493652344
Brent Oil,Com_BrentCrudeOil,holdout,1,2025-11-10,3,PatchTST,LightGBM,63.92447280883789,63.37882614135742,0.5456466674804688
Brent Oil,Com_BrentCrudeOil,holdout,1,2025-11-17,4,PatchTST,LightGBM,63.38262939453125,61.16814422607422,2.2144851684570312
Brent Oil,Com_BrentCrudeOil,holdout,1,2025-11-24,5,PatchTST,LightGBM,62.65865707397461,61.4130973815918,1.2455596923828125
Brent Oil,Com_BrentCrudeOil,holdout,1,2025-12-01,6,PatchTST,LightGBM,63.27702713012695,65.42799377441406,-2.1509666442871094
Brent Oil,Com_BrentCrudeOil,holdout,1,2025-12-08,7,PatchTST,LightGBM,61.66008758544922,67.77596282958984,-6.115875244140625
Brent Oil,Com_BrentCrudeOil,holdout,1,2025-12-15,8,PatchTST,LightGBM,60.13292694091797,66.04096984863281,-5.908042907714844
Brent Oil,Com_BrentCrudeOil,holdout,1,2025-12-22,9,PatchTST,LightGBM,61.52321243286133,65.90194702148438,-4.378734588623047
Brent Oil,Com_BrentCrudeOil,holdout,1,2025-12-29,10,PatchTST,LightGBM,60.96549987792969,64.8305435180664,-3.8650436401367188
Brent Oil,Com_BrentCrudeOil,holdout,1,2026-01-05,11,PatchTST,LightGBM,62.07210159301758,64.31810760498047,-2.2460060119628906
Brent Oil,Com_BrentCrudeOil,holdout,1,2026-01-12,12,PatchTST,LightGBM,64.25517272949219,63.892826080322266,0.3623466491699219
