n_features,cv_rmse
10,7.450724792765468
15,7.816404044654749
20,8.321735671645683
25,9.949196493722699
30,10.051448356362664
40,10.183630647580236
55,10.208007540991733
