Experiment,Base,Residual,Base_Val_RMSE,Base_Test_RMSE,S2_Val_RMSE,S2_Test_RMSE,Seeds,Epochs,Patience,ElapsedSec
PatchTST+Transformer,PatchTST,Transformer,1.5234570505217921,1.5339265773343038,1.2580189891489477,2.275157846351851,3,120,20,38.83958196640015
PatchTST+LSTM,PatchTST,LSTM,1.5234570505217921,1.5339265773343038,1.2839392886148753,2.791000642761998,3,120,20,24.75274109840393
LSTM+PatchTST,LSTM,PatchTST,1.8686669219125367,1.2776116650550047,1.2870315734139202,1.7377658379030019,3,120,20,19.53938388824463
Transformer+PatchTST,Transformer,PatchTST,1.3204307766376417,1.5563383888229307,1.2922445646866598,1.592698407788589,3,120,20,41.09585785865784
PatchTST+iTransformer,PatchTST,iTransformer,1.5234570505217921,1.5339265773343038,1.3534004277559222,1.2308454917216143,3,120,20,21.408613204956055
Transformer+iTransformer,Transformer,iTransformer,1.3204307766376417,1.5563383888229307,1.4456256600024089,1.4526382922753944,3,120,20,39.57217001914978
PatchTST+PatchTST,PatchTST,PatchTST,1.5234570505217921,1.5339265773343038,1.4880194835003635,1.5401021556919918,3,120,20,25.80143690109253
Transformer+Transformer,Transformer,Transformer,1.3204307766376417,1.5563383888229307,1.4914040091425123,1.4453344395612704,3,120,20,46.80727982521057
