Experiment,Base,Residual,Base_Val_RMSE,Base_Test_RMSE,Base_Test_MAE,Base_Test_MAPE(%),S2_Val_RMSE,S2_Test_RMSE,S2_Test_MAE,S2_Test_MAPE(%),Seeds,Epochs,Patience,ElapsedSec,S2_Val_NRMSE(%),S2_Val_R2,S2_Test_NRMSE(%),S2_Test_R2,Base_Val_NRMSE(%),Base_Val_R2,Base_Test_NRMSE(%),Base_Test_R2
PatchTST+Transformer,PatchTST,Transformer,1.523457050521792,1.5339265773343038,1.0026581853957406,1.5997338330868842,1.2580189891489475,2.275157846351851,1.8934299009050644,3.000817206160479,3,120,20,48.93133211135864,1.9025495680346969,0.5329757630609497,3.6290027837809657,-1.8139050320454375,2.303981560207178,0.315102696418333,2.446697853596275,-0.27907354160966635
PatchTST+LSTM,PatchTST,LSTM,1.523457050521792,1.5339265773343038,1.0026581853957406,1.5997338330868842,1.2839392886148753,2.791000642761998,2.4420631584530788,3.862715286525281,3,120,20,28.684332847595215,1.941749814595039,0.5135323071743272,4.4518006161016865,-3.2345400418218224,2.303981560207178,0.315102696418333,2.446697853596275,-0.27907354160966635
LSTM+PatchTST,LSTM,PatchTST,1.8686669219125367,1.277611665055005,1.0009398030598966,1.6000234506458375,1.2870315734139202,1.737765837903002,1.4025975721086776,2.2159032617279917,3,120,20,25.385622024536133,1.9464263935333608,0.5111862333907147,2.7718327646679617,-0.6416058140631438,2.826055469552606,-0.030454505251716668,2.0378613714692673,0.11267216007787406
