Experiment,Base,Residual,Base_Val_RMSE,Base_Test_RMSE,S2_Val_RMSE,S2_Test_RMSE,Seeds,Epochs,Patience,ElapsedSec
PatchTST+Transformer,PatchTST,Transformer,1.5234570505217921,1.5339265773343038,1.2580189891489477,2.275157846351851,3,120,20,43.85133194923401
PatchTST+LSTM,PatchTST,LSTM,1.5234570505217921,1.5339265773343038,1.2839392886148753,2.791000642761998,3,120,20,27.60327434539795
LSTM+PatchTST,LSTM,PatchTST,1.8686669219125367,1.2776116650550047,1.2870315734139202,1.7377658379030019,3,120,20,21.981504917144775
