A,B,DM,p,sig
Persistence,Stage 2: Persist.+Tree OOF,-0.3256518945840153,0.7507984066535541,n.s.
Stage 2: Persist.+Tree OOF,Stage 3: +Transformer,0.4072548810745715,0.6916337009022044,n.s.
Stage 3: +Transformer,Stage 4: +RoR(AR(1)),-1.2972273679458637,0.2211002336239127,n.s.
Persistence,Stage 4: +RoR(AR(1)),-0.7520857197135501,0.46778762858403145,n.s.
  └ PatchTST only,  └ iTransformer only,0.9033665367664527,0.38568721897489466,n.s.
