Comparison,DM_statistic,p_value,d_bar
Random Walk vs ExpSmoothing,-7.7974107287121015,8.32932406606635e-06,-16.109651429899277
ExpSmoothing vs +NLinear,4.677298784742684,0.0006745059963915566,13.730658799361256
+NLinear vs +NLinear+RoR,4.383503384827237,0.0010927291841133504,2.1429360311495667
Random Walk vs Full Framework,-0.37839698989428916,0.7123367373991005,-0.23605659938845558
ExpSmoothing vs Full Framework,6.4515159036717735,4.732254799775527e-05,15.873594830510823
