Comparison,DM_statistic,p_value,d_bar
Random Walk vs ExpSmoothing,-7.7974107287121015,8.32932406606635e-06,-16.109651429899277
ExpSmoothing vs +NLinear,9.603396725674742,1.106068938380232e-06,15.780527354593525
+NLinear vs +NLinear+RoR,-0.09452465887428603,0.926392270667902,-0.05424256341744835
Random Walk vs Full Framework,-0.4267961124574312,0.6777612130058455,-0.38336663872319954
ExpSmoothing vs Full Framework,8.964902904177043,2.177810937722845e-06,15.726284791176075
