Model,RMSE,MAE,MAPE(%)
Random Walk,1.8242538671734283,1.454184920634922,2.2230010907327515
ExpSmoothing (Baseline),5.256189228559402,4.935413037879781,7.546326139867593
Baseline + NLinear,2.6166631841134347,2.1106258563048126,3.2217577712818115
Full Framework (B+NL+RoR),3.2835686131973087,2.8542583232774006,4.357196914806277
