Model,RMSE,MAE,MAPE(%)
Random Walk,1.1227449561973846,0.9585166666666662,1.535732904126144
ExpSmoothing (Baseline),4.167758110371324,4.077846841977177,6.515046854114422
Baseline + NLinear,1.9077601702532447,1.6789097816088419,2.6755088361909913
Full Framework (B+NL+RoR),1.2233612859883718,1.0059799683754556,1.6027749626988042
