,Model,RMSE,MAE,MAPE(%),R²,DA(%),Theil's U
1,  └ iTransformer only,1.108254481789609,0.9219462461075901,1.478078093576401,0.3323246182070998,45.45454545454545,0.9916949410479176
2,Persistence,1.1227449561973846,0.9585166666666662,1.5357329038799579,0.31475070666838123,45.45454545454545,0.9999999999626674
3,Stage 3: +Transformer,1.1463395355228323,0.9445298343160692,1.5109941720923963,0.2856469348275251,45.45454545454545,1.0212727918495954
4,Stage 2: Persist.+Tree OOF,1.1579179871754333,0.9562861630775495,1.5285016077653923,0.2711436000627332,36.36363636363637,1.0284781187032788
5,Stage 4: +RoR(AR(1)),1.2069096058342932,1.0123116521084714,1.6155916038751783,0.20816287681664303,45.45454545454545,1.0347353359536804
6,  └ PatchTST only,1.2275585401002287,0.9680458142814997,1.5452692321836916,0.18083611893045315,45.45454545454545,1.0893038151019703
