Model,RMSE,MAE,MAPE(%)
Random Walk,1.8242538671734283,1.454184920634922,2.2230010907327515
ExpSmoothing (Baseline),5.256189228559402,4.935413037879781,7.546326139867593
Baseline + NLinear,3.1600709129591555,2.777817169967806,4.2467867778249335
Full Framework (B+NL+RoR),2.839276282938991,2.4729452266487537,3.7736891794158596
