Model,RMSE,MAE,MAPE(%),NRMSE(%),R2
Random Walk (fixed-origin),4.955101954358962,4.600469642857151,7.04289814461138,7.493787585202613,-6.245530949666992
ExpSmoothing (Baseline),5.2599003681914125,4.938884726833664,7.551641457878841,7.9547457230180765,-7.164320820385523
Baseline + NLinear,3.1619243810027173,2.779924394360545,4.249999783513619,4.781897504826014,-1.950312266977296
Full Framework (B+NL+RoR),2.7126437145732236,2.278877185163358,3.483928627981848,4.102433406736338,-1.1714535247691753
