Model,RMSE,MAE,MAPE(%)
Random Walk,1.1227449561973846,0.9585166666666662,1.535732904126144
ExpSmoothing (Baseline),4.167758110371324,4.077846841977177,6.515046854114422
Baseline + NLinear,1.2608252503707318,1.1315923075790622,1.8132423163378615
Full Framework (B+NL+RoR),1.2821555581870192,0.9959369567811963,1.605081708552568
