Stage,Test_RMSE,Val_RMSE,Improvement_vs_RW(%)
Random Walk (benchmark),1.1227449561973846,1.8242538671734283,0.0
Stage 1: ExpSmoothing (Baseline),4.167758110371324,5.256189228559402,-271.21147482034286
Stage 2: + NLinear (Residual①),1.2608252503707318,3.1600709129591555,-12.298455977126826
Stage 3: + LightGBM (RoR),1.2821555581870192,2.839276282938991,-14.198291527359968
