Target,TargetColumn,EvalSplit,WindowId,Date,HorizonStep,Baseline,ResidualModel,Actual,Prediction,Error
WTI Oil,Com_CrudeOil,tscv,1,2023-10-30,1,PatchTST,-,80.93399810791016,60.10838317871094,20.82561492919922
WTI Oil,Com_CrudeOil,tscv,1,2023-11-06,2,PatchTST,-,77.04000091552734,59.66779327392578,17.372207641601562
WTI Oil,Com_CrudeOil,tscv,1,2023-11-13,3,PatchTST,-,76.41400146484375,60.995452880859375,15.418548583984375
WTI Oil,Com_CrudeOil,tscv,1,2023-11-20,4,PatchTST,-,77.20999908447266,64.3017349243164,12.90826416015625
WTI Oil,Com_CrudeOil,tscv,1,2023-11-27,5,PatchTST,-,75.99400329589844,67.36565399169922,8.628349304199219
WTI Oil,Com_CrudeOil,tscv,1,2023-12-04,6,PatchTST,-,71.30599975585938,63.11378860473633,8.192211151123047
WTI Oil,Com_CrudeOil,tscv,1,2023-12-11,7,PatchTST,-,70.76399993896484,61.11946105957031,9.644538879394531
WTI Oil,Com_CrudeOil,tscv,1,2023-12-18,8,PatchTST,-,73.68599700927734,57.21034622192383,16.475650787353516
WTI Oil,Com_CrudeOil,tscv,1,2023-12-25,9,PatchTST,-,73.2750015258789,58.548213958740234,14.726787567138672
WTI Oil,Com_CrudeOil,tscv,1,2024-01-01,10,PatchTST,-,72.2699966430664,61.866485595703125,10.403511047363281
WTI Oil,Com_CrudeOil,tscv,1,2024-01-08,11,PatchTST,-,71.9800033569336,63.48278045654297,8.497222900390625
WTI Oil,Com_CrudeOil,tscv,1,2024-01-15,12,PatchTST,-,72.99749755859375,59.89497375488281,13.102523803710938
WTI Oil,Com_CrudeOil,tscv,1,2023-10-30,1,PatchTST,NLinear,80.93399810791016,75.6869888305664,5.24700927734375
WTI Oil,Com_CrudeOil,tscv,1,2023-11-06,2,PatchTST,NLinear,77.04000091552734,75.24465942382812,1.7953414916992188
WTI Oil,Com_CrudeOil,tscv,1,2023-11-13,3,PatchTST,NLinear,76.41400146484375,75.41844940185547,0.9955520629882812
WTI Oil,Com_CrudeOil,tscv,1,2023-11-20,4,PatchTST,NLinear,77.20999908447266,77.22229766845703,-0.012298583984375
WTI Oil,Com_CrudeOil,tscv,1,2023-11-27,5,PatchTST,NLinear,75.99400329589844,79.2039566040039,-3.2099533081054688
WTI Oil,Com_CrudeOil,tscv,1,2023-12-04,6,PatchTST,NLinear,71.30599975585938,73.46764373779297,-2.1616439819335938
WTI Oil,Com_CrudeOil,tscv,1,2023-12-11,7,PatchTST,NLinear,70.76399993896484,71.37639617919922,-0.612396240234375
WTI Oil,Com_CrudeOil,tscv,1,2023-12-18,8,PatchTST,NLinear,73.68599700927734,66.37316131591797,7.312835693359375
WTI Oil,Com_CrudeOil,tscv,1,2023-12-25,9,PatchTST,NLinear,73.2750015258789,66.6138916015625,6.661109924316406
WTI Oil,Com_CrudeOil,tscv,1,2024-01-01,10,PatchTST,NLinear,72.2699966430664,69.94561767578125,2.3243789672851562
WTI Oil,Com_CrudeOil,tscv,1,2024-01-08,11,PatchTST,NLinear,71.9800033569336,71.62584686279297,0.354156494140625
WTI Oil,Com_CrudeOil,tscv,1,2024-01-15,12,PatchTST,NLinear,72.99749755859375,68.11904907226562,4.878448486328125
WTI Oil,Com_CrudeOil,tscv,1,2023-10-30,1,PatchTST,XGBoost,80.93399810791016,62.095062255859375,18.83893585205078
WTI Oil,Com_CrudeOil,tscv,1,2023-11-06,2,PatchTST,XGBoost,77.04000091552734,61.19147491455078,15.848526000976562
WTI Oil,Com_CrudeOil,tscv,1,2023-11-13,3,PatchTST,XGBoost,76.41400146484375,61.071006774902344,15.342994689941406
WTI Oil,Com_CrudeOil,tscv,1,2023-11-20,4,PatchTST,XGBoost,77.20999908447266,62.862483978271484,14.347515106201172
WTI Oil,Com_CrudeOil,tscv,1,2023-11-27,5,PatchTST,XGBoost,75.99400329589844,65.7371597290039,10.256843566894531
WTI Oil,Com_CrudeOil,tscv,1,2023-12-04,6,PatchTST,XGBoost,71.30599975585938,61.114444732666016,10.19155502319336
WTI Oil,Com_CrudeOil,tscv,1,2023-12-11,7,PatchTST,XGBoost,70.76399993896484,59.356285095214844,11.40771484375
WTI Oil,Com_CrudeOil,tscv,1,2023-12-18,8,PatchTST,XGBoost,73.68599700927734,55.409461975097656,18.276535034179688
WTI Oil,Com_CrudeOil,tscv,1,2023-12-25,9,PatchTST,XGBoost,73.2750015258789,56.2014274597168,17.07357406616211
WTI Oil,Com_CrudeOil,tscv,1,2024-01-01,10,PatchTST,XGBoost,72.2699966430664,59.834815979003906,12.4351806640625
WTI Oil,Com_CrudeOil,tscv,1,2024-01-08,11,PatchTST,XGBoost,71.9800033569336,60.992210388183594,10.98779296875
WTI Oil,Com_CrudeOil,tscv,1,2024-01-15,12,PatchTST,XGBoost,72.99749755859375,57.935386657714844,15.062110900878906
WTI Oil,Com_CrudeOil,tscv,1,2023-10-30,1,PatchTST,LightGBM,80.93399810791016,63.4493408203125,17.484657287597656
WTI Oil,Com_CrudeOil,tscv,1,2023-11-06,2,PatchTST,LightGBM,77.04000091552734,62.559913635253906,14.480087280273438
WTI Oil,Com_CrudeOil,tscv,1,2023-11-13,3,PatchTST,LightGBM,76.41400146484375,64.27900695800781,12.134994506835938
WTI Oil,Com_CrudeOil,tscv,1,2023-11-20,4,PatchTST,LightGBM,77.20999908447266,66.8797836303711,10.330215454101562
WTI Oil,Com_CrudeOil,tscv,1,2023-11-27,5,PatchTST,LightGBM,75.99400329589844,68.79024505615234,7.203758239746094
WTI Oil,Com_CrudeOil,tscv,1,2023-12-04,6,PatchTST,LightGBM,71.30599975585938,63.880699157714844,7.425300598144531
WTI Oil,Com_CrudeOil,tscv,1,2023-12-11,7,PatchTST,LightGBM,70.76399993896484,62.09211730957031,8.671882629394531
WTI Oil,Com_CrudeOil,tscv,1,2023-12-18,8,PatchTST,LightGBM,73.68599700927734,57.60704803466797,16.078948974609375
WTI Oil,Com_CrudeOil,tscv,1,2023-12-25,9,PatchTST,LightGBM,73.2750015258789,58.7818603515625,14.493141174316406
WTI Oil,Com_CrudeOil,tscv,1,2024-01-01,10,PatchTST,LightGBM,72.2699966430664,62.18851089477539,10.081485748291016
WTI Oil,Com_CrudeOil,tscv,1,2024-01-08,11,PatchTST,LightGBM,71.9800033569336,63.74705505371094,8.232948303222656
WTI Oil,Com_CrudeOil,tscv,1,2024-01-15,12,PatchTST,LightGBM,72.99749755859375,60.0391731262207,12.958324432373047
WTI Oil,Com_CrudeOil,tscv,2,2023-11-27,1,PatchTST,-,75.99400329589844,64.59272766113281,11.401275634765625
WTI Oil,Com_CrudeOil,tscv,2,2023-12-04,2,PatchTST,-,71.30599975585938,66.3340835571289,4.971916198730469
WTI Oil,Com_CrudeOil,tscv,2,2023-12-11,3,PatchTST,-,70.76399993896484,64.77882385253906,5.985176086425781
WTI Oil,Com_CrudeOil,tscv,2,2023-12-18,4,PatchTST,-,73.68599700927734,64.37889862060547,9.307098388671875
WTI Oil,Com_CrudeOil,tscv,2,2023-12-25,5,PatchTST,-,73.2750015258789,67.92857360839844,5.346427917480469
WTI Oil,Com_CrudeOil,tscv,2,2024-01-01,6,PatchTST,-,72.2699966430664,68.58222198486328,3.687774658203125
WTI Oil,Com_CrudeOil,tscv,2,2024-01-08,7,PatchTST,-,71.9800033569336,64.2234115600586,7.756591796875
WTI Oil,Com_CrudeOil,tscv,2,2024-01-15,8,PatchTST,-,72.99749755859375,62.347415924072266,10.650081634521484
WTI Oil,Com_CrudeOil,tscv,2,2024-01-22,9,PatchTST,-,75.79000091552734,68.90596771240234,6.884033203125
WTI Oil,Com_CrudeOil,tscv,2,2024-01-29,10,PatchTST,-,75.2239990234375,66.5965576171875,8.62744140625
WTI Oil,Com_CrudeOil,tscv,2,2024-02-05,11,PatchTST,-,74.552001953125,65.5897445678711,8.962257385253906
WTI Oil,Com_CrudeOil,tscv,2,2024-02-12,12,PatchTST,-,77.04000091552734,63.727630615234375,13.312370300292969
WTI Oil,Com_CrudeOil,tscv,2,2023-11-27,1,PatchTST,NLinear,75.99400329589844,76.28173065185547,-0.28772735595703125
WTI Oil,Com_CrudeOil,tscv,2,2023-12-04,2,PatchTST,NLinear,71.30599975585938,78.7905502319336,-7.484550476074219
WTI Oil,Com_CrudeOil,tscv,2,2023-12-11,3,PatchTST,NLinear,70.76399993896484,76.79459381103516,-6.0305938720703125
WTI Oil,Com_CrudeOil,tscv,2,2023-12-18,4,PatchTST,NLinear,73.68599700927734,75.6916732788086,-2.00567626953125
WTI Oil,Com_CrudeOil,tscv,2,2023-12-25,5,PatchTST,NLinear,73.2750015258789,78.7669448852539,-5.491943359375
WTI Oil,Com_CrudeOil,tscv,2,2024-01-01,6,PatchTST,NLinear,72.2699966430664,79.64876556396484,-7.3787689208984375
WTI Oil,Com_CrudeOil,tscv,2,2024-01-08,7,PatchTST,NLinear,71.9800033569336,76.09925079345703,-4.1192474365234375
WTI Oil,Com_CrudeOil,tscv,2,2024-01-15,8,PatchTST,NLinear,72.99749755859375,73.63793182373047,-0.6404342651367188
WTI Oil,Com_CrudeOil,tscv,2,2024-01-22,9,PatchTST,NLinear,75.79000091552734,80.22205352783203,-4.4320526123046875
WTI Oil,Com_CrudeOil,tscv,2,2024-01-29,10,PatchTST,NLinear,75.2239990234375,78.13123321533203,-2.9072341918945312
WTI Oil,Com_CrudeOil,tscv,2,2024-02-05,11,PatchTST,NLinear,74.552001953125,77.18865966796875,-2.63665771484375
WTI Oil,Com_CrudeOil,tscv,2,2024-02-12,12,PatchTST,NLinear,77.04000091552734,75.08535766601562,1.9546432495117188
WTI Oil,Com_CrudeOil,tscv,2,2023-11-27,1,PatchTST,XGBoost,75.99400329589844,73.23472595214844,2.75927734375
WTI Oil,Com_CrudeOil,tscv,2,2023-12-04,2,PatchTST,XGBoost,71.30599975585938,73.73774719238281,-2.4317474365234375
WTI Oil,Com_CrudeOil,tscv,2,2023-12-11,3,PatchTST,XGBoost,70.76399993896484,71.0147705078125,-0.25077056884765625
WTI Oil,Com_CrudeOil,tscv,2,2023-12-18,4,PatchTST,XGBoost,73.68599700927734,69.74799346923828,3.9380035400390625
WTI Oil,Com_CrudeOil,tscv,2,2023-12-25,5,PatchTST,XGBoost,73.2750015258789,73.2662353515625,0.00876617431640625
WTI Oil,Com_CrudeOil,tscv,2,2024-01-01,6,PatchTST,XGBoost,72.2699966430664,73.6849365234375,-1.4149398803710938
WTI Oil,Com_CrudeOil,tscv,2,2024-01-08,7,PatchTST,XGBoost,71.9800033569336,69.64276123046875,2.3372421264648438
WTI Oil,Com_CrudeOil,tscv,2,2024-01-15,8,PatchTST,XGBoost,72.99749755859375,66.42588806152344,6.5716094970703125
WTI Oil,Com_CrudeOil,tscv,2,2024-01-22,9,PatchTST,XGBoost,75.79000091552734,74.22392272949219,1.5660781860351562
WTI Oil,Com_CrudeOil,tscv,2,2024-01-29,10,PatchTST,XGBoost,75.2239990234375,71.26231384277344,3.9616851806640625
WTI Oil,Com_CrudeOil,tscv,2,2024-02-05,11,PatchTST,XGBoost,74.552001953125,70.54820251464844,4.0037994384765625
WTI Oil,Com_CrudeOil,tscv,2,2024-02-12,12,PatchTST,XGBoost,77.04000091552734,68.10647583007812,8.933525085449219
WTI Oil,Com_CrudeOil,tscv,2,2023-11-27,1,PatchTST,LightGBM,75.99400329589844,75.355712890625,0.6382904052734375
WTI Oil,Com_CrudeOil,tscv,2,2023-12-04,2,PatchTST,LightGBM,71.30599975585938,77.11809539794922,-5.812095642089844
WTI Oil,Com_CrudeOil,tscv,2,2023-12-11,3,PatchTST,LightGBM,70.76399993896484,75.33352661132812,-4.569526672363281
WTI Oil,Com_CrudeOil,tscv,2,2023-12-18,4,PatchTST,LightGBM,73.68599700927734,74.38575744628906,-0.6997604370117188
WTI Oil,Com_CrudeOil,tscv,2,2023-12-25,5,PatchTST,LightGBM,73.2750015258789,78.95855712890625,-5.683555603027344
WTI Oil,Com_CrudeOil,tscv,2,2024-01-01,6,PatchTST,LightGBM,72.2699966430664,79.13279724121094,-6.862800598144531
WTI Oil,Com_CrudeOil,tscv,2,2024-01-08,7,PatchTST,LightGBM,71.9800033569336,74.88042449951172,-2.900421142578125
WTI Oil,Com_CrudeOil,tscv,2,2024-01-15,8,PatchTST,LightGBM,72.99749755859375,72.2378158569336,0.7596817016601562
WTI Oil,Com_CrudeOil,tscv,2,2024-01-22,9,PatchTST,LightGBM,75.79000091552734,79.72037506103516,-3.9303741455078125
WTI Oil,Com_CrudeOil,tscv,2,2024-01-29,10,PatchTST,LightGBM,75.2239990234375,76.83549499511719,-1.6114959716796875
WTI Oil,Com_CrudeOil,tscv,2,2024-02-05,11,PatchTST,LightGBM,74.552001953125,76.17081451416016,-1.6188125610351562
WTI Oil,Com_CrudeOil,tscv,2,2024-02-12,12,PatchTST,LightGBM,77.04000091552734,73.16993713378906,3.8700637817382812
WTI Oil,Com_CrudeOil,tscv,3,2023-12-25,1,PatchTST,-,73.2750015258789,73.33905029296875,-0.06404876708984375
WTI Oil,Com_CrudeOil,tscv,3,2024-01-01,2,PatchTST,-,72.2699966430664,75.05720520019531,-2.7872085571289062
WTI Oil,Com_CrudeOil,tscv,3,2024-01-08,3,PatchTST,-,71.9800033569336,70.99581909179688,0.9841842651367188
WTI Oil,Com_CrudeOil,tscv,3,2024-01-15,4,PatchTST,-,72.99749755859375,72.24349975585938,0.753997802734375
WTI Oil,Com_CrudeOil,tscv,3,2024-01-22,5,PatchTST,-,75.79000091552734,75.20738220214844,0.5826187133789062
WTI Oil,Com_CrudeOil,tscv,3,2024-01-29,6,PatchTST,-,75.2239990234375,73.33415985107422,1.8898391723632812
WTI Oil,Com_CrudeOil,tscv,3,2024-02-05,7,PatchTST,-,74.552001953125,73.52285766601562,1.029144287109375
WTI Oil,Com_CrudeOil,tscv,3,2024-02-12,8,PatchTST,-,77.04000091552734,75.3287124633789,1.7112884521484375
WTI Oil,Com_CrudeOil,tscv,3,2024-02-19,9,PatchTST,-,76.98500061035156,74.74818420410156,2.23681640625
WTI Oil,Com_CrudeOil,tscv,3,2024-02-26,10,PatchTST,-,77.93800354003906,73.6342544555664,4.303749084472656
WTI Oil,Com_CrudeOil,tscv,3,2024-03-04,11,PatchTST,-,77.96199798583984,69.93415069580078,8.027847290039062
WTI Oil,Com_CrudeOil,tscv,3,2024-03-11,12,PatchTST,-,79.08000183105469,72.47004699707031,6.609954833984375
WTI Oil,Com_CrudeOil,tscv,3,2023-12-25,1,PatchTST,NLinear,73.2750015258789,73.91497802734375,-0.6399765014648438
WTI Oil,Com_CrudeOil,tscv,3,2024-01-01,2,PatchTST,NLinear,72.2699966430664,76.89688873291016,-4.62689208984375
WTI Oil,Com_CrudeOil,tscv,3,2024-01-08,3,PatchTST,NLinear,71.9800033569336,73.3215103149414,-1.3415069580078125
WTI Oil,Com_CrudeOil,tscv,3,2024-01-15,4,PatchTST,NLinear,72.99749755859375,74.87229919433594,-1.8748016357421875
WTI Oil,Com_CrudeOil,tscv,3,2024-01-22,5,PatchTST,NLinear,75.79000091552734,77.54503631591797,-1.755035400390625
WTI Oil,Com_CrudeOil,tscv,3,2024-01-29,6,PatchTST,NLinear,75.2239990234375,75.25260925292969,-0.0286102294921875
WTI Oil,Com_CrudeOil,tscv,3,2024-02-05,7,PatchTST,NLinear,74.552001953125,74.74832916259766,-0.19632720947265625
WTI Oil,Com_CrudeOil,tscv,3,2024-02-12,8,PatchTST,NLinear,77.04000091552734,76.86605072021484,0.1739501953125
WTI Oil,Com_CrudeOil,tscv,3,2024-02-19,9,PatchTST,NLinear,76.98500061035156,77.54792022705078,-0.5629196166992188
WTI Oil,Com_CrudeOil,tscv,3,2024-02-26,10,PatchTST,NLinear,77.93800354003906,77.49722290039062,0.4407806396484375
WTI Oil,Com_CrudeOil,tscv,3,2024-03-04,11,PatchTST,NLinear,77.96199798583984,74.02684020996094,3.9351577758789062
WTI Oil,Com_CrudeOil,tscv,3,2024-03-11,12,PatchTST,NLinear,79.08000183105469,75.54666900634766,3.5333328247070312
WTI Oil,Com_CrudeOil,tscv,3,2023-12-25,1,PatchTST,XGBoost,73.2750015258789,75.32181549072266,-2.04681396484375
WTI Oil,Com_CrudeOil,tscv,3,2024-01-01,2,PatchTST,XGBoost,72.2699966430664,76.25164031982422,-3.9816436767578125
WTI Oil,Com_CrudeOil,tscv,3,2024-01-08,3,PatchTST,XGBoost,71.9800033569336,73.25707244873047,-1.277069091796875
WTI Oil,Com_CrudeOil,tscv,3,2024-01-15,4,PatchTST,XGBoost,72.99749755859375,73.89744567871094,-0.8999481201171875
WTI Oil,Com_CrudeOil,tscv,3,2024-01-22,5,PatchTST,XGBoost,75.79000091552734,76.66999053955078,-0.8799896240234375
WTI Oil,Com_CrudeOil,tscv,3,2024-01-29,6,PatchTST,XGBoost,75.2239990234375,74.48181915283203,0.7421798706054688
WTI Oil,Com_CrudeOil,tscv,3,2024-02-05,7,PatchTST,XGBoost,74.552001953125,75.99092102050781,-1.4389190673828125
WTI Oil,Com_CrudeOil,tscv,3,2024-02-12,8,PatchTST,XGBoost,77.04000091552734,77.84744262695312,-0.8074417114257812
WTI Oil,Com_CrudeOil,tscv,3,2024-02-19,9,PatchTST,XGBoost,76.98500061035156,77.13526916503906,-0.1502685546875
WTI Oil,Com_CrudeOil,tscv,3,2024-02-26,10,PatchTST,XGBoost,77.93800354003906,75.65274047851562,2.2852630615234375
WTI Oil,Com_CrudeOil,tscv,3,2024-03-04,11,PatchTST,XGBoost,77.96199798583984,71.98516082763672,5.976837158203125
WTI Oil,Com_CrudeOil,tscv,3,2024-03-11,12,PatchTST,XGBoost,79.08000183105469,74.72372436523438,4.3562774658203125
WTI Oil,Com_CrudeOil,tscv,3,2023-12-25,1,PatchTST,LightGBM,73.2750015258789,74.83477020263672,-1.5597686767578125
WTI Oil,Com_CrudeOil,tscv,3,2024-01-01,2,PatchTST,LightGBM,72.2699966430664,75.89120483398438,-3.6212081909179688
WTI Oil,Com_CrudeOil,tscv,3,2024-01-08,3,PatchTST,LightGBM,71.9800033569336,72.85810852050781,-0.8781051635742188
WTI Oil,Com_CrudeOil,tscv,3,2024-01-15,4,PatchTST,LightGBM,72.99749755859375,73.72493743896484,-0.7274398803710938
WTI Oil,Com_CrudeOil,tscv,3,2024-01-22,5,PatchTST,LightGBM,75.79000091552734,75.90219116210938,-0.11219024658203125
WTI Oil,Com_CrudeOil,tscv,3,2024-01-29,6,PatchTST,LightGBM,75.2239990234375,73.29423522949219,1.9297637939453125
WTI Oil,Com_CrudeOil,tscv,3,2024-02-05,7,PatchTST,LightGBM,74.552001953125,73.21068572998047,1.3413162231445312
WTI Oil,Com_CrudeOil,tscv,3,2024-02-12,8,PatchTST,LightGBM,77.04000091552734,75.6712875366211,1.36871337890625
WTI Oil,Com_CrudeOil,tscv,3,2024-02-19,9,PatchTST,LightGBM,76.98500061035156,74.6580581665039,2.3269424438476562
WTI Oil,Com_CrudeOil,tscv,3,2024-02-26,10,PatchTST,LightGBM,77.93800354003906,73.37944030761719,4.558563232421875
WTI Oil,Com_CrudeOil,tscv,3,2024-03-04,11,PatchTST,LightGBM,77.96199798583984,69.62897491455078,8.333023071289062
WTI Oil,Com_CrudeOil,tscv,3,2024-03-11,12,PatchTST,LightGBM,79.08000183105469,72.78545379638672,6.294548034667969
WTI Oil,Com_CrudeOil,tscv,4,2024-01-22,1,PatchTST,-,75.79000091552734,65.0118637084961,10.77813720703125
WTI Oil,Com_CrudeOil,tscv,4,2024-01-29,2,PatchTST,-,75.2239990234375,63.07767868041992,12.146320343017578
WTI Oil,Com_CrudeOil,tscv,4,2024-02-05,3,PatchTST,-,74.552001953125,67.18807220458984,7.363929748535156
WTI Oil,Com_CrudeOil,tscv,4,2024-02-12,4,PatchTST,-,77.04000091552734,65.64222717285156,11.397773742675781
WTI Oil,Com_CrudeOil,tscv,4,2024-02-19,5,PatchTST,-,76.98500061035156,62.313289642333984,14.671710968017578
WTI Oil,Com_CrudeOil,tscv,4,2024-02-26,6,PatchTST,-,77.93800354003906,64.67616271972656,13.2618408203125
WTI Oil,Com_CrudeOil,tscv,4,2024-03-04,7,PatchTST,-,77.96199798583984,62.80772018432617,15.154277801513672
WTI Oil,Com_CrudeOil,tscv,4,2024-03-11,8,PatchTST,-,79.08000183105469,59.886417388916016,19.193584442138672
WTI Oil,Com_CrudeOil,tscv,4,2024-03-18,9,PatchTST,-,81.5719985961914,62.655330657958984,18.916667938232422
WTI Oil,Com_CrudeOil,tscv,4,2024-03-25,10,PatchTST,-,82.2426986694336,61.898868560791016,20.343830108642578
WTI Oil,Com_CrudeOil,tscv,4,2024-04-01,11,PatchTST,-,85.55799865722656,63.91499710083008,21.643001556396484
WTI Oil,Com_CrudeOil,tscv,4,2024-04-08,12,PatchTST,-,85.70999908447266,63.9995231628418,21.71047592163086
WTI Oil,Com_CrudeOil,tscv,4,2024-01-22,1,PatchTST,NLinear,75.79000091552734,67.86695861816406,7.923042297363281
WTI Oil,Com_CrudeOil,tscv,4,2024-01-29,2,PatchTST,NLinear,75.2239990234375,66.25225067138672,8.971748352050781
WTI Oil,Com_CrudeOil,tscv,4,2024-02-05,3,PatchTST,NLinear,74.552001953125,70.39224243164062,4.159759521484375
WTI Oil,Com_CrudeOil,tscv,4,2024-02-12,4,PatchTST,NLinear,77.04000091552734,68.67659759521484,8.3634033203125
WTI Oil,Com_CrudeOil,tscv,4,2024-02-19,5,PatchTST,NLinear,76.98500061035156,65.86402893066406,11.1209716796875
WTI Oil,Com_CrudeOil,tscv,4,2024-02-26,6,PatchTST,NLinear,77.93800354003906,68.75631713867188,9.181686401367188
WTI Oil,Com_CrudeOil,tscv,4,2024-03-04,7,PatchTST,NLinear,77.96199798583984,66.67933654785156,11.282661437988281
WTI Oil,Com_CrudeOil,tscv,4,2024-03-11,8,PatchTST,NLinear,79.08000183105469,63.731712341308594,15.348289489746094
WTI Oil,Com_CrudeOil,tscv,4,2024-03-18,9,PatchTST,NLinear,81.5719985961914,66.24308776855469,15.328910827636719
WTI Oil,Com_CrudeOil,tscv,4,2024-03-25,10,PatchTST,NLinear,82.2426986694336,65.61940002441406,16.62329864501953
WTI Oil,Com_CrudeOil,tscv,4,2024-04-01,11,PatchTST,NLinear,85.55799865722656,67.66864776611328,17.88935089111328
WTI Oil,Com_CrudeOil,tscv,4,2024-04-08,12,PatchTST,NLinear,85.70999908447266,67.67534637451172,18.034652709960938
WTI Oil,Com_CrudeOil,tscv,4,2024-01-22,1,PatchTST,XGBoost,75.79000091552734,66.7402114868164,9.049789428710938
WTI Oil,Com_CrudeOil,tscv,4,2024-01-29,2,PatchTST,XGBoost,75.2239990234375,64.58985900878906,10.634140014648438
WTI Oil,Com_CrudeOil,tscv,4,2024-02-05,3,PatchTST,XGBoost,74.552001953125,68.40138244628906,6.1506195068359375
WTI Oil,Com_CrudeOil,tscv,4,2024-02-12,4,PatchTST,XGBoost,77.04000091552734,67.15831756591797,9.881683349609375
WTI Oil,Com_CrudeOil,tscv,4,2024-02-19,5,PatchTST,XGBoost,76.98500061035156,63.90743637084961,13.077564239501953
WTI Oil,Com_CrudeOil,tscv,4,2024-02-26,6,PatchTST,XGBoost,77.93800354003906,66.11601257324219,11.821990966796875
WTI Oil,Com_CrudeOil,tscv,4,2024-03-04,7,PatchTST,XGBoost,77.96199798583984,64.12528991699219,13.836708068847656
WTI Oil,Com_CrudeOil,tscv,4,2024-03-11,8,PatchTST,XGBoost,79.08000183105469,61.132835388183594,17.947166442871094
WTI Oil,Com_CrudeOil,tscv,4,2024-03-18,9,PatchTST,XGBoost,81.5719985961914,63.39323425292969,18.17876434326172
WTI Oil,Com_CrudeOil,tscv,4,2024-03-25,10,PatchTST,XGBoost,82.2426986694336,63.04460906982422,19.198089599609375
WTI Oil,Com_CrudeOil,tscv,4,2024-04-01,11,PatchTST,XGBoost,85.55799865722656,64.990478515625,20.567520141601562
WTI Oil,Com_CrudeOil,tscv,4,2024-04-08,12,PatchTST,XGBoost,85.70999908447266,65.18028259277344,20.52971649169922
WTI Oil,Com_CrudeOil,tscv,4,2024-01-22,1,PatchTST,LightGBM,75.79000091552734,68.28881072998047,7.501190185546875
WTI Oil,Com_CrudeOil,tscv,4,2024-01-29,2,PatchTST,LightGBM,75.2239990234375,65.82689666748047,9.397102355957031
WTI Oil,Com_CrudeOil,tscv,4,2024-02-05,3,PatchTST,LightGBM,74.552001953125,69.75383758544922,4.798164367675781
WTI Oil,Com_CrudeOil,tscv,4,2024-02-12,4,PatchTST,LightGBM,77.04000091552734,67.97677612304688,9.063224792480469
WTI Oil,Com_CrudeOil,tscv,4,2024-02-19,5,PatchTST,LightGBM,76.98500061035156,64.59651184082031,12.38848876953125
WTI Oil,Com_CrudeOil,tscv,4,2024-02-26,6,PatchTST,LightGBM,77.93800354003906,68.79344940185547,9.144554138183594
WTI Oil,Com_CrudeOil,tscv,4,2024-03-04,7,PatchTST,LightGBM,77.96199798583984,66.4288101196289,11.533187866210938
WTI Oil,Com_CrudeOil,tscv,4,2024-03-11,8,PatchTST,LightGBM,79.08000183105469,62.50067138671875,16.579330444335938
WTI Oil,Com_CrudeOil,tscv,4,2024-03-18,9,PatchTST,LightGBM,81.5719985961914,65.04020690917969,16.53179168701172
WTI Oil,Com_CrudeOil,tscv,4,2024-03-25,10,PatchTST,LightGBM,82.2426986694336,64.88672637939453,17.355972290039062
WTI Oil,Com_CrudeOil,tscv,4,2024-04-01,11,PatchTST,LightGBM,85.55799865722656,66.65120697021484,18.90679168701172
WTI Oil,Com_CrudeOil,tscv,4,2024-04-08,12,PatchTST,LightGBM,85.70999908447266,66.11556243896484,19.594436645507812
WTI Oil,Com_CrudeOil,tscv,5,2024-02-19,1,PatchTST,-,76.98500061035156,69.93527221679688,7.0497283935546875
WTI Oil,Com_CrudeOil,tscv,5,2024-02-26,2,PatchTST,-,77.93800354003906,73.40699768066406,4.531005859375
WTI Oil,Com_CrudeOil,tscv,5,2024-03-04,3,PatchTST,-,77.96199798583984,77.57202911376953,0.3899688720703125
WTI Oil,Com_CrudeOil,tscv,5,2024-03-11,4,PatchTST,-,79.08000183105469,72.4270248413086,6.652976989746094
WTI Oil,Com_CrudeOil,tscv,5,2024-03-18,5,PatchTST,-,81.5719985961914,67.48725128173828,14.084747314453125
WTI Oil,Com_CrudeOil,tscv,5,2024-03-25,6,PatchTST,-,82.2426986694336,70.25370025634766,11.988998413085938
WTI Oil,Com_CrudeOil,tscv,5,2024-04-01,7,PatchTST,-,85.55799865722656,71.31591796875,14.242080688476562
WTI Oil,Com_CrudeOil,tscv,5,2024-04-08,8,PatchTST,-,85.70999908447266,74.63539123535156,11.074607849121094
WTI Oil,Com_CrudeOil,tscv,5,2024-04-15,9,PatchTST,-,83.74513244628906,73.63865661621094,10.106475830078125
WTI Oil,Com_CrudeOil,tscv,5,2024-04-22,10,PatchTST,-,83.15287780761719,72.17066192626953,10.982215881347656
WTI Oil,Com_CrudeOil,tscv,5,2024-04-29,11,PatchTST,-,80.14189910888672,74.69091796875,5.450981140136719
WTI Oil,Com_CrudeOil,tscv,5,2024-05-06,12,PatchTST,-,78.67400360107422,76.71025848388672,1.9637451171875
WTI Oil,Com_CrudeOil,tscv,5,2024-02-19,1,PatchTST,NLinear,76.98500061035156,67.73300170898438,9.251998901367188
WTI Oil,Com_CrudeOil,tscv,5,2024-02-26,2,PatchTST,NLinear,77.93800354003906,72.06827545166016,5.869728088378906
WTI Oil,Com_CrudeOil,tscv,5,2024-03-04,3,PatchTST,NLinear,77.96199798583984,77.90089416503906,0.06110382080078125
WTI Oil,Com_CrudeOil,tscv,5,2024-03-11,4,PatchTST,NLinear,79.08000183105469,73.39495086669922,5.685050964355469
WTI Oil,Com_CrudeOil,tscv,5,2024-03-18,5,PatchTST,NLinear,81.5719985961914,68.00015258789062,13.571846008300781
WTI Oil,Com_CrudeOil,tscv,5,2024-03-25,6,PatchTST,NLinear,82.2426986694336,70.36616516113281,11.876533508300781
WTI Oil,Com_CrudeOil,tscv,5,2024-04-01,7,PatchTST,NLinear,85.55799865722656,71.41490936279297,14.143089294433594
WTI Oil,Com_CrudeOil,tscv,5,2024-04-08,8,PatchTST,NLinear,85.70999908447266,74.76453399658203,10.945465087890625
WTI Oil,Com_CrudeOil,tscv,5,2024-04-15,9,PatchTST,NLinear,83.74513244628906,73.94146728515625,9.803665161132812
WTI Oil,Com_CrudeOil,tscv,5,2024-04-22,10,PatchTST,NLinear,83.15287780761719,72.46177673339844,10.69110107421875
WTI Oil,Com_CrudeOil,tscv,5,2024-04-29,11,PatchTST,NLinear,80.14189910888672,74.74760437011719,5.394294738769531
WTI Oil,Com_CrudeOil,tscv,5,2024-05-06,12,PatchTST,NLinear,78.67400360107422,76.99980926513672,1.6741943359375
WTI Oil,Com_CrudeOil,tscv,5,2024-02-19,1,PatchTST,XGBoost,76.98500061035156,70.12923431396484,6.855766296386719
WTI Oil,Com_CrudeOil,tscv,5,2024-02-26,2,PatchTST,XGBoost,77.93800354003906,73.49809265136719,4.439910888671875
WTI Oil,Com_CrudeOil,tscv,5,2024-03-04,3,PatchTST,XGBoost,77.96199798583984,78.25957489013672,-0.297576904296875
WTI Oil,Com_CrudeOil,tscv,5,2024-03-11,4,PatchTST,XGBoost,79.08000183105469,73.67872619628906,5.401275634765625
WTI Oil,Com_CrudeOil,tscv,5,2024-03-18,5,PatchTST,XGBoost,81.5719985961914,69.32733154296875,12.244667053222656
WTI Oil,Com_CrudeOil,tscv,5,2024-03-25,6,PatchTST,XGBoost,82.2426986694336,72.61719512939453,9.625503540039062
WTI Oil,Com_CrudeOil,tscv,5,2024-04-01,7,PatchTST,XGBoost,85.55799865722656,72.93368530273438,12.624313354492188
WTI Oil,Com_CrudeOil,tscv,5,2024-04-08,8,PatchTST,XGBoost,85.70999908447266,76.66268920898438,9.047309875488281
WTI Oil,Com_CrudeOil,tscv,5,2024-04-15,9,PatchTST,XGBoost,83.74513244628906,76.24732971191406,7.497802734375
WTI Oil,Com_CrudeOil,tscv,5,2024-04-22,10,PatchTST,XGBoost,83.15287780761719,74.54180145263672,8.611076354980469
WTI Oil,Com_CrudeOil,tscv,5,2024-04-29,11,PatchTST,XGBoost,80.14189910888672,77.60247802734375,2.5394210815429688
WTI Oil,Com_CrudeOil,tscv,5,2024-05-06,12,PatchTST,XGBoost,78.67400360107422,80.45841979980469,-1.7844161987304688
WTI Oil,Com_CrudeOil,tscv,5,2024-02-19,1,PatchTST,LightGBM,76.98500061035156,69.86273956298828,7.122261047363281
WTI Oil,Com_CrudeOil,tscv,5,2024-02-26,2,PatchTST,LightGBM,77.93800354003906,73.1742935180664,4.763710021972656
WTI Oil,Com_CrudeOil,tscv,5,2024-03-04,3,PatchTST,LightGBM,77.96199798583984,78.92638397216797,-0.964385986328125
WTI Oil,Com_CrudeOil,tscv,5,2024-03-11,4,PatchTST,LightGBM,79.08000183105469,75.7400894165039,3.3399124145507812
WTI Oil,Com_CrudeOil,tscv,5,2024-03-18,5,PatchTST,LightGBM,81.5719985961914,70.77190399169922,10.800094604492188
WTI Oil,Com_CrudeOil,tscv,5,2024-03-25,6,PatchTST,LightGBM,82.2426986694336,75.44917297363281,6.793525695800781
WTI Oil,Com_CrudeOil,tscv,5,2024-04-01,7,PatchTST,LightGBM,85.55799865722656,77.68627166748047,7.871726989746094
WTI Oil,Com_CrudeOil,tscv,5,2024-04-08,8,PatchTST,LightGBM,85.70999908447266,82.11787414550781,3.5921249389648438
WTI Oil,Com_CrudeOil,tscv,5,2024-04-15,9,PatchTST,LightGBM,83.74513244628906,81.26908874511719,2.476043701171875
WTI Oil,Com_CrudeOil,tscv,5,2024-04-22,10,PatchTST,LightGBM,83.15287780761719,80.3276138305664,2.8252639770507812
WTI Oil,Com_CrudeOil,tscv,5,2024-04-29,11,PatchTST,LightGBM,80.14189910888672,83.17420959472656,-3.0323104858398438
WTI Oil,Com_CrudeOil,tscv,5,2024-05-06,12,PatchTST,LightGBM,78.67400360107422,86.1707992553711,-7.496795654296875
WTI Oil,Com_CrudeOil,tscv,6,2024-03-18,1,PatchTST,-,81.5719985961914,71.6494369506836,9.922561645507812
WTI Oil,Com_CrudeOil,tscv,6,2024-03-25,2,PatchTST,-,82.2426986694336,70.59260559082031,11.650093078613281
WTI Oil,Com_CrudeOil,tscv,6,2024-04-01,3,PatchTST,-,85.55799865722656,74.76426696777344,10.793731689453125
WTI Oil,Com_CrudeOil,tscv,6,2024-04-08,4,PatchTST,-,85.70999908447266,74.2200927734375,11.489906311035156
WTI Oil,Com_CrudeOil,tscv,6,2024-04-15,5,PatchTST,-,83.74513244628906,69.89579772949219,13.849334716796875
WTI Oil,Com_CrudeOil,tscv,6,2024-04-22,6,PatchTST,-,83.15287780761719,76.18154907226562,6.9713287353515625
WTI Oil,Com_CrudeOil,tscv,6,2024-04-29,7,PatchTST,-,80.14189910888672,75.34225463867188,4.799644470214844
WTI Oil,Com_CrudeOil,tscv,6,2024-05-06,8,PatchTST,-,78.67400360107422,78.02310180664062,0.6509017944335938
WTI Oil,Com_CrudeOil,tscv,6,2024-05-13,9,PatchTST,-,78.81800079345703,73.361083984375,5.456916809082031
WTI Oil,Com_CrudeOil,tscv,6,2024-05-20,10,PatchTST,-,78.02400207519531,70.60879516601562,7.4152069091796875
WTI Oil,Com_CrudeOil,tscv,6,2024-05-27,11,PatchTST,-,78.5094985961914,72.82170104980469,5.687797546386719
WTI Oil,Com_CrudeOil,tscv,6,2024-06-03,12,PatchTST,-,74.52400207519531,74.44439697265625,0.0796051025390625
WTI Oil,Com_CrudeOil,tscv,6,2024-03-18,1,PatchTST,NLinear,81.5719985961914,73.79129791259766,7.78070068359375
WTI Oil,Com_CrudeOil,tscv,6,2024-03-25,2,PatchTST,NLinear,82.2426986694336,72.73639678955078,9.506301879882812
WTI Oil,Com_CrudeOil,tscv,6,2024-04-01,3,PatchTST,NLinear,85.55799865722656,77.07084655761719,8.487152099609375
WTI Oil,Com_CrudeOil,tscv,6,2024-04-08,4,PatchTST,NLinear,85.70999908447266,76.83595275878906,8.874046325683594
WTI Oil,Com_CrudeOil,tscv,6,2024-04-15,5,PatchTST,NLinear,83.74513244628906,73.00736999511719,10.737762451171875
WTI Oil,Com_CrudeOil,tscv,6,2024-04-22,6,PatchTST,NLinear,83.15287780761719,79.19820404052734,3.9546737670898438
WTI Oil,Com_CrudeOil,tscv,6,2024-04-29,7,PatchTST,NLinear,80.14189910888672,77.72883605957031,2.4130630493164062
WTI Oil,Com_CrudeOil,tscv,6,2024-05-06,8,PatchTST,NLinear,78.67400360107422,80.70053100585938,-2.0265274047851562
WTI Oil,Com_CrudeOil,tscv,6,2024-05-13,9,PatchTST,NLinear,78.81800079345703,76.33634185791016,2.481658935546875
WTI Oil,Com_CrudeOil,tscv,6,2024-05-20,10,PatchTST,NLinear,78.02400207519531,73.5528793334961,4.471122741699219
WTI Oil,Com_CrudeOil,tscv,6,2024-05-27,11,PatchTST,NLinear,78.5094985961914,75.73860931396484,2.7708892822265625
WTI Oil,Com_CrudeOil,tscv,6,2024-06-03,12,PatchTST,NLinear,74.52400207519531,77.41087341308594,-2.886871337890625
WTI Oil,Com_CrudeOil,tscv,6,2024-03-18,1,PatchTST,XGBoost,81.5719985961914,71.25818634033203,10.313812255859375
WTI Oil,Com_CrudeOil,tscv,6,2024-03-25,2,PatchTST,XGBoost,82.2426986694336,70.20553588867188,12.037162780761719
WTI Oil,Com_CrudeOil,tscv,6,2024-04-01,3,PatchTST,XGBoost,85.55799865722656,74.35160064697266,11.206398010253906
WTI Oil,Com_CrudeOil,tscv,6,2024-04-08,4,PatchTST,XGBoost,85.70999908447266,73.73054504394531,11.979454040527344
WTI Oil,Com_CrudeOil,tscv,6,2024-04-15,5,PatchTST,XGBoost,83.74513244628906,69.6163101196289,14.128822326660156
WTI Oil,Com_CrudeOil,tscv,6,2024-04-22,6,PatchTST,XGBoost,83.15287780761719,75.57292938232422,7.579948425292969
WTI Oil,Com_CrudeOil,tscv,6,2024-04-29,7,PatchTST,XGBoost,80.14189910888672,74.58118438720703,5.5607147216796875
WTI Oil,Com_CrudeOil,tscv,6,2024-05-06,8,PatchTST,XGBoost,78.67400360107422,77.29607391357422,1.3779296875
WTI Oil,Com_CrudeOil,tscv,6,2024-05-13,9,PatchTST,XGBoost,78.81800079345703,72.40030670166016,6.417694091796875
WTI Oil,Com_CrudeOil,tscv,6,2024-05-20,10,PatchTST,XGBoost,78.02400207519531,69.58084869384766,8.443153381347656
WTI Oil,Com_CrudeOil,tscv,6,2024-05-27,11,PatchTST,XGBoost,78.5094985961914,72.05187225341797,6.4576263427734375
WTI Oil,Com_CrudeOil,tscv,6,2024-06-03,12,PatchTST,XGBoost,74.52400207519531,73.54411315917969,0.979888916015625
WTI Oil,Com_CrudeOil,tscv,6,2024-03-18,1,PatchTST,LightGBM,81.5719985961914,72.52642822265625,9.045570373535156
WTI Oil,Com_CrudeOil,tscv,6,2024-03-25,2,PatchTST,LightGBM,82.2426986694336,71.46959686279297,10.773101806640625
WTI Oil,Com_CrudeOil,tscv,6,2024-04-01,3,PatchTST,LightGBM,85.55799865722656,75.6412582397461,9.916740417480469
WTI Oil,Com_CrudeOil,tscv,6,2024-04-08,4,PatchTST,LightGBM,85.70999908447266,75.09708404541016,10.6129150390625
WTI Oil,Com_CrudeOil,tscv,6,2024-04-15,5,PatchTST,LightGBM,83.74513244628906,70.77278900146484,12.972343444824219
WTI Oil,Com_CrudeOil,tscv,6,2024-04-22,6,PatchTST,LightGBM,83.15287780761719,77.05854034423828,6.094337463378906
WTI Oil,Com_CrudeOil,tscv,6,2024-04-29,7,PatchTST,LightGBM,80.14189910888672,76.21924591064453,3.9226531982421875
WTI Oil,Com_CrudeOil,tscv,6,2024-05-06,8,PatchTST,LightGBM,78.67400360107422,78.90009307861328,-0.2260894775390625
WTI Oil,Com_CrudeOil,tscv,6,2024-05-13,9,PatchTST,LightGBM,78.81800079345703,74.19477844238281,4.623222351074219
WTI Oil,Com_CrudeOil,tscv,6,2024-05-20,10,PatchTST,LightGBM,78.02400207519531,71.44248962402344,6.581512451171875
WTI Oil,Com_CrudeOil,tscv,6,2024-05-27,11,PatchTST,LightGBM,78.5094985961914,73.6553955078125,4.854103088378906
WTI Oil,Com_CrudeOil,tscv,6,2024-06-03,12,PatchTST,LightGBM,74.52400207519531,75.3213882446289,-0.7973861694335938
WTI Oil,Com_CrudeOil,tscv,7,2024-04-15,1,PatchTST,-,83.74513244628906,71.63786315917969,12.107269287109375
WTI Oil,Com_CrudeOil,tscv,7,2024-04-22,2,PatchTST,-,83.15287780761719,74.92427062988281,8.228607177734375
WTI Oil,Com_CrudeOil,tscv,7,2024-04-29,3,PatchTST,-,80.14189910888672,67.6677017211914,12.474197387695312
WTI Oil,Com_CrudeOil,tscv,7,2024-05-06,4,PatchTST,-,78.67400360107422,71.39898681640625,7.275016784667969
WTI Oil,Com_CrudeOil,tscv,7,2024-05-13,5,PatchTST,-,78.81800079345703,61.23157501220703,17.58642578125
WTI Oil,Com_CrudeOil,tscv,7,2024-05-20,6,PatchTST,-,78.02400207519531,62.11824035644531,15.90576171875
WTI Oil,Com_CrudeOil,tscv,7,2024-05-27,7,PatchTST,-,78.5094985961914,66.99853515625,11.510963439941406
WTI Oil,Com_CrudeOil,tscv,7,2024-06-03,8,PatchTST,-,74.52400207519531,61.98912811279297,12.534873962402344
WTI Oil,Com_CrudeOil,tscv,7,2024-06-10,9,PatchTST,-,78.16200256347656,67.77314758300781,10.38885498046875
WTI Oil,Com_CrudeOil,tscv,7,2024-06-17,10,PatchTST,-,80.61250305175781,67.77173614501953,12.840766906738281
WTI Oil,Com_CrudeOil,tscv,7,2024-06-24,11,PatchTST,-,81.3280029296875,71.9617691040039,9.366233825683594
WTI Oil,Com_CrudeOil,tscv,7,2024-07-01,12,PatchTST,-,83.31356048583984,69.89210510253906,13.421455383300781
WTI Oil,Com_CrudeOil,tscv,7,2024-04-15,1,PatchTST,NLinear,83.74513244628906,87.19398498535156,-3.4488525390625
WTI Oil,Com_CrudeOil,tscv,7,2024-04-22,2,PatchTST,NLinear,83.15287780761719,88.2787857055664,-5.125907897949219
WTI Oil,Com_CrudeOil,tscv,7,2024-04-29,3,PatchTST,NLinear,80.14189910888672,79.80770874023438,0.33419036865234375
WTI Oil,Com_CrudeOil,tscv,7,2024-05-06,4,PatchTST,NLinear,78.67400360107422,82.41050720214844,-3.7365036010742188
WTI Oil,Com_CrudeOil,tscv,7,2024-05-13,5,PatchTST,NLinear,78.81800079345703,72.2162094116211,6.6017913818359375
WTI Oil,Com_CrudeOil,tscv,7,2024-05-20,6,PatchTST,NLinear,78.02400207519531,72.90444946289062,5.1195526123046875
WTI Oil,Com_CrudeOil,tscv,7,2024-05-27,7,PatchTST,NLinear,78.5094985961914,77.34119415283203,1.168304443359375
WTI Oil,Com_CrudeOil,tscv,7,2024-06-03,8,PatchTST,NLinear,74.52400207519531,72.79732513427734,1.7266769409179688
WTI Oil,Com_CrudeOil,tscv,7,2024-06-10,9,PatchTST,NLinear,78.16200256347656,78.86540222167969,-0.703399658203125
WTI Oil,Com_CrudeOil,tscv,7,2024-06-17,10,PatchTST,NLinear,80.61250305175781,79.75425720214844,0.858245849609375
WTI Oil,Com_CrudeOil,tscv,7,2024-06-24,11,PatchTST,NLinear,81.3280029296875,83.35031127929688,-2.022308349609375
WTI Oil,Com_CrudeOil,tscv,7,2024-07-01,12,PatchTST,NLinear,83.31356048583984,81.28335571289062,2.0302047729492188
WTI Oil,Com_CrudeOil,tscv,7,2024-04-15,1,PatchTST,XGBoost,83.74513244628906,73.06485748291016,10.680274963378906
WTI Oil,Com_CrudeOil,tscv,7,2024-04-22,2,PatchTST,XGBoost,83.15287780761719,76.35126495361328,6.801612854003906
WTI Oil,Com_CrudeOil,tscv,7,2024-04-29,3,PatchTST,XGBoost,80.14189910888672,69.09469604492188,11.047203063964844
WTI Oil,Com_CrudeOil,tscv,7,2024-05-06,4,PatchTST,XGBoost,78.67400360107422,72.82598114013672,5.8480224609375
WTI Oil,Com_CrudeOil,tscv,7,2024-05-13,5,PatchTST,XGBoost,78.81800079345703,62.6585693359375,16.15943145751953
WTI Oil,Com_CrudeOil,tscv,7,2024-05-20,6,PatchTST,XGBoost,78.02400207519531,63.54523468017578,14.478767395019531
WTI Oil,Com_CrudeOil,tscv,7,2024-05-27,7,PatchTST,XGBoost,78.5094985961914,68.42552947998047,10.083969116210938
WTI Oil,Com_CrudeOil,tscv,7,2024-06-03,8,PatchTST,XGBoost,74.52400207519531,63.10734176635742,11.41666030883789
WTI Oil,Com_CrudeOil,tscv,7,2024-06-10,9,PatchTST,XGBoost,78.16200256347656,69.20014190673828,8.961860656738281
WTI Oil,Com_CrudeOil,tscv,7,2024-06-17,10,PatchTST,XGBoost,80.61250305175781,68.88995361328125,11.722549438476562
WTI Oil,Com_CrudeOil,tscv,7,2024-06-24,11,PatchTST,XGBoost,81.3280029296875,73.07998657226562,8.248016357421875
WTI Oil,Com_CrudeOil,tscv,7,2024-07-01,12,PatchTST,XGBoost,83.31356048583984,71.31909942626953,11.994461059570312
WTI Oil,Com_CrudeOil,tscv,7,2024-04-15,1,PatchTST,LightGBM,83.74513244628906,76.18279266357422,7.562339782714844
WTI Oil,Com_CrudeOil,tscv,7,2024-04-22,2,PatchTST,LightGBM,83.15287780761719,79.46920013427734,3.6836776733398438
WTI Oil,Com_CrudeOil,tscv,7,2024-04-29,3,PatchTST,LightGBM,80.14189910888672,72.23394775390625,7.907951354980469
WTI Oil,Com_CrudeOil,tscv,7,2024-05-06,4,PatchTST,LightGBM,78.67400360107422,75.72676086425781,2.9472427368164062
WTI Oil,Com_CrudeOil,tscv,7,2024-05-13,5,PatchTST,LightGBM,78.81800079345703,65.5593490600586,13.258651733398438
WTI Oil,Com_CrudeOil,tscv,7,2024-05-20,6,PatchTST,LightGBM,78.02400207519531,66.44601440429688,11.577987670898438
WTI Oil,Com_CrudeOil,tscv,7,2024-05-27,7,PatchTST,LightGBM,78.5094985961914,71.72154235839844,6.787956237792969
WTI Oil,Com_CrudeOil,tscv,7,2024-06-03,8,PatchTST,LightGBM,74.52400207519531,66.7121353149414,7.811866760253906
WTI Oil,Com_CrudeOil,tscv,7,2024-06-10,9,PatchTST,LightGBM,78.16200256347656,72.49615478515625,5.6658477783203125
WTI Oil,Com_CrudeOil,tscv,7,2024-06-17,10,PatchTST,LightGBM,80.61250305175781,72.49474334716797,8.117759704589844
WTI Oil,Com_CrudeOil,tscv,7,2024-06-24,11,PatchTST,LightGBM,81.3280029296875,76.68477630615234,4.643226623535156
WTI Oil,Com_CrudeOil,tscv,7,2024-07-01,12,PatchTST,LightGBM,83.31356048583984,74.24119567871094,9.072364807128906
WTI Oil,Com_CrudeOil,tscv,8,2024-05-13,1,PatchTST,-,78.81800079345703,78.59724426269531,0.22075653076171875
WTI Oil,Com_CrudeOil,tscv,8,2024-05-20,2,PatchTST,-,78.02400207519531,79.79851531982422,-1.7745132446289062
WTI Oil,Com_CrudeOil,tscv,8,2024-05-27,3,PatchTST,-,78.5094985961914,79.5925064086914,-1.0830078125
WTI Oil,Com_CrudeOil,tscv,8,2024-06-03,4,PatchTST,-,74.52400207519531,85.49788665771484,-10.973884582519531
WTI Oil,Com_CrudeOil,tscv,8,2024-06-10,5,PatchTST,-,78.16200256347656,76.78099060058594,1.381011962890625
WTI Oil,Com_CrudeOil,tscv,8,2024-06-17,6,PatchTST,-,80.61250305175781,81.34528350830078,-0.7327804565429688
WTI Oil,Com_CrudeOil,tscv,8,2024-06-24,7,PatchTST,-,81.3280029296875,79.01094818115234,2.3170547485351562
WTI Oil,Com_CrudeOil,tscv,8,2024-07-01,8,PatchTST,-,83.31356048583984,77.61591339111328,5.6976470947265625
WTI Oil,Com_CrudeOil,tscv,8,2024-07-08,9,PatchTST,-,82.13400268554688,76.77942657470703,5.354576110839844
WTI Oil,Com_CrudeOil,tscv,8,2024-07-15,10,PatchTST,-,80.80999755859375,79.38935089111328,1.4206466674804688
WTI Oil,Com_CrudeOil,tscv,8,2024-07-22,11,PatchTST,-,77.6780014038086,76.67218017578125,1.0058212280273438
WTI Oil,Com_CrudeOil,tscv,8,2024-07-29,12,PatchTST,-,75.65599822998047,81.28801727294922,-5.63201904296875
WTI Oil,Com_CrudeOil,tscv,8,2024-05-13,1,PatchTST,NLinear,78.81800079345703,81.85327911376953,-3.0352783203125
WTI Oil,Com_CrudeOil,tscv,8,2024-05-20,2,PatchTST,NLinear,78.02400207519531,82.84661102294922,-4.822608947753906
WTI Oil,Com_CrudeOil,tscv,8,2024-05-27,3,PatchTST,NLinear,78.5094985961914,83.73529052734375,-5.225791931152344
WTI Oil,Com_CrudeOil,tscv,8,2024-06-03,4,PatchTST,NLinear,74.52400207519531,88.11702728271484,-13.593025207519531
WTI Oil,Com_CrudeOil,tscv,8,2024-06-10,5,PatchTST,NLinear,78.16200256347656,81.58721923828125,-3.4252166748046875
WTI Oil,Com_CrudeOil,tscv,8,2024-06-17,6,PatchTST,NLinear,80.61250305175781,83.73745727539062,-3.1249542236328125
WTI Oil,Com_CrudeOil,tscv,8,2024-06-24,7,PatchTST,NLinear,81.3280029296875,80.39148712158203,0.9365158081054688
WTI Oil,Com_CrudeOil,tscv,8,2024-07-01,8,PatchTST,NLinear,83.31356048583984,80.62986755371094,2.6836929321289062
WTI Oil,Com_CrudeOil,tscv,8,2024-07-08,9,PatchTST,NLinear,82.13400268554688,79.53076171875,2.603240966796875
WTI Oil,Com_CrudeOil,tscv,8,2024-07-15,10,PatchTST,NLinear,80.80999755859375,83.86756896972656,-3.0575714111328125
WTI Oil,Com_CrudeOil,tscv,8,2024-07-22,11,PatchTST,NLinear,77.6780014038086,81.77011108398438,-4.092109680175781
WTI Oil,Com_CrudeOil,tscv,8,2024-07-29,12,PatchTST,NLinear,75.65599822998047,84.54253387451172,-8.88653564453125
WTI Oil,Com_CrudeOil,tscv,8,2024-05-13,1,PatchTST,XGBoost,78.81800079345703,82.50950622558594,-3.6915054321289062
WTI Oil,Com_CrudeOil,tscv,8,2024-05-20,2,PatchTST,XGBoost,78.02400207519531,83.80084228515625,-5.7768402099609375
WTI Oil,Com_CrudeOil,tscv,8,2024-05-27,3,PatchTST,XGBoost,78.5094985961914,85.18238830566406,-6.672889709472656
WTI Oil,Com_CrudeOil,tscv,8,2024-06-03,4,PatchTST,XGBoost,74.52400207519531,92.31372833251953,-17.78972625732422
WTI Oil,Com_CrudeOil,tscv,8,2024-06-10,5,PatchTST,XGBoost,78.16200256347656,85.52510833740234,-7.363105773925781
WTI Oil,Com_CrudeOil,tscv,8,2024-06-17,6,PatchTST,XGBoost,80.61250305175781,90.77686309814453,-10.164360046386719
WTI Oil,Com_CrudeOil,tscv,8,2024-06-24,7,PatchTST,XGBoost,81.3280029296875,87.90734100341797,-6.579338073730469
WTI Oil,Com_CrudeOil,tscv,8,2024-07-01,8,PatchTST,XGBoost,83.31356048583984,86.85227966308594,-3.5387191772460938
WTI Oil,Com_CrudeOil,tscv,8,2024-07-08,9,PatchTST,XGBoost,82.13400268554688,86.63792419433594,-4.5039215087890625
WTI Oil,Com_CrudeOil,tscv,8,2024-07-15,10,PatchTST,XGBoost,80.80999755859375,88.69075012207031,-7.8807525634765625
WTI Oil,Com_CrudeOil,tscv,8,2024-07-22,11,PatchTST,XGBoost,77.6780014038086,85.97581481933594,-8.297813415527344
WTI Oil,Com_CrudeOil,tscv,8,2024-07-29,12,PatchTST,XGBoost,75.65599822998047,90.60844421386719,-14.952445983886719
WTI Oil,Com_CrudeOil,tscv,8,2024-05-13,1,PatchTST,LightGBM,78.81800079345703,81.38813018798828,-2.57012939453125
WTI Oil,Com_CrudeOil,tscv,8,2024-05-20,2,PatchTST,LightGBM,78.02400207519531,84.08517456054688,-6.0611724853515625
WTI Oil,Com_CrudeOil,tscv,8,2024-05-27,3,PatchTST,LightGBM,78.5094985961914,84.02027130126953,-5.510772705078125
WTI Oil,Com_CrudeOil,tscv,8,2024-06-03,4,PatchTST,LightGBM,74.52400207519531,90.92233276367188,-16.398330688476562
WTI Oil,Com_CrudeOil,tscv,8,2024-06-10,5,PatchTST,LightGBM,78.16200256347656,82.81153106689453,-4.649528503417969
WTI Oil,Com_CrudeOil,tscv,8,2024-06-17,6,PatchTST,LightGBM,80.61250305175781,86.8774185180664,-6.264915466308594
WTI Oil,Com_CrudeOil,tscv,8,2024-06-24,7,PatchTST,LightGBM,81.3280029296875,83.54593658447266,-2.2179336547851562
WTI Oil,Com_CrudeOil,tscv,8,2024-07-01,8,PatchTST,LightGBM,83.31356048583984,83.06355285644531,0.25000762939453125
WTI Oil,Com_CrudeOil,tscv,8,2024-07-08,9,PatchTST,LightGBM,82.13400268554688,82.39908599853516,-0.26508331298828125
WTI Oil,Com_CrudeOil,tscv,8,2024-07-15,10,PatchTST,LightGBM,80.80999755859375,86.47504425048828,-5.665046691894531
WTI Oil,Com_CrudeOil,tscv,8,2024-07-22,11,PatchTST,LightGBM,77.6780014038086,84.35994720458984,-6.68194580078125
WTI Oil,Com_CrudeOil,tscv,8,2024-07-29,12,PatchTST,LightGBM,75.65599822998047,89.54103088378906,-13.885032653808594
WTI Oil,Com_CrudeOil,tscv,9,2024-06-10,1,PatchTST,-,78.16200256347656,66.70781707763672,11.454185485839844
WTI Oil,Com_CrudeOil,tscv,9,2024-06-17,2,PatchTST,-,80.61250305175781,68.54315185546875,12.069351196289062
WTI Oil,Com_CrudeOil,tscv,9,2024-06-24,3,PatchTST,-,81.3280029296875,63.68095016479492,17.647052764892578
WTI Oil,Com_CrudeOil,tscv,9,2024-07-01,4,PatchTST,-,83.31356048583984,62.3671760559082,20.94638442993164
WTI Oil,Com_CrudeOil,tscv,9,2024-07-08,5,PatchTST,-,82.13400268554688,66.79730224609375,15.336700439453125
WTI Oil,Com_CrudeOil,tscv,9,2024-07-15,6,PatchTST,-,80.80999755859375,66.46703338623047,14.342964172363281
WTI Oil,Com_CrudeOil,tscv,9,2024-07-22,7,PatchTST,-,77.6780014038086,66.67414855957031,11.003852844238281
WTI Oil,Com_CrudeOil,tscv,9,2024-07-29,8,PatchTST,-,75.65599822998047,63.48457336425781,12.171424865722656
WTI Oil,Com_CrudeOil,tscv,9,2024-08-05,9,PatchTST,-,74.87999725341797,67.71052551269531,7.169471740722656
WTI Oil,Com_CrudeOil,tscv,9,2024-08-12,10,PatchTST,-,77.58399963378906,64.51669311523438,13.067306518554688
WTI Oil,Com_CrudeOil,tscv,9,2024-08-19,11,PatchTST,-,73.31999969482422,65.97023010253906,7.349769592285156
WTI Oil,Com_CrudeOil,tscv,9,2024-08-26,12,PatchTST,-,75.38600158691406,61.25709915161133,14.128902435302734
WTI Oil,Com_CrudeOil,tscv,9,2024-06-10,1,PatchTST,NLinear,78.16200256347656,76.28974151611328,1.8722610473632812
WTI Oil,Com_CrudeOil,tscv,9,2024-06-17,2,PatchTST,NLinear,80.61250305175781,78.69821166992188,1.9142913818359375
WTI Oil,Com_CrudeOil,tscv,9,2024-06-24,3,PatchTST,NLinear,81.3280029296875,74.16654968261719,7.1614532470703125
WTI Oil,Com_CrudeOil,tscv,9,2024-07-01,4,PatchTST,NLinear,83.31356048583984,71.58920288085938,11.724357604980469
WTI Oil,Com_CrudeOil,tscv,9,2024-07-08,5,PatchTST,NLinear,82.13400268554688,76.49534606933594,5.6386566162109375
WTI Oil,Com_CrudeOil,tscv,9,2024-07-15,6,PatchTST,NLinear,80.80999755859375,76.52130889892578,4.288688659667969
WTI Oil,Com_CrudeOil,tscv,9,2024-07-22,7,PatchTST,NLinear,77.6780014038086,77.21047973632812,0.46752166748046875
WTI Oil,Com_CrudeOil,tscv,9,2024-07-29,8,PatchTST,NLinear,75.65599822998047,74.97306060791016,0.6829376220703125
WTI Oil,Com_CrudeOil,tscv,9,2024-08-05,9,PatchTST,NLinear,74.87999725341797,79.22869110107422,-4.34869384765625
WTI Oil,Com_CrudeOil,tscv,9,2024-08-12,10,PatchTST,NLinear,77.58399963378906,75.9899673461914,1.5940322875976562
WTI Oil,Com_CrudeOil,tscv,9,2024-08-19,11,PatchTST,NLinear,73.31999969482422,77.7281723022461,-4.408172607421875
WTI Oil,Com_CrudeOil,tscv,9,2024-08-26,12,PatchTST,NLinear,75.38600158691406,73.48074340820312,1.9052581787109375
WTI Oil,Com_CrudeOil,tscv,9,2024-06-10,1,PatchTST,XGBoost,78.16200256347656,74.18263244628906,3.9793701171875
WTI Oil,Com_CrudeOil,tscv,9,2024-06-17,2,PatchTST,XGBoost,80.61250305175781,76.13007354736328,4.482429504394531
WTI Oil,Com_CrudeOil,tscv,9,2024-06-24,3,PatchTST,XGBoost,81.3280029296875,68.79008483886719,12.537918090820312
WTI Oil,Com_CrudeOil,tscv,9,2024-07-01,4,PatchTST,XGBoost,83.31356048583984,66.93180847167969,16.381752014160156
WTI Oil,Com_CrudeOil,tscv,9,2024-07-08,5,PatchTST,XGBoost,82.13400268554688,71.57429504394531,10.559707641601562
WTI Oil,Com_CrudeOil,tscv,9,2024-07-15,6,PatchTST,XGBoost,80.80999755859375,71.83963775634766,8.970359802246094
WTI Oil,Com_CrudeOil,tscv,9,2024-07-22,7,PatchTST,XGBoost,77.6780014038086,71.69207000732422,5.985931396484375
WTI Oil,Com_CrudeOil,tscv,9,2024-07-29,8,PatchTST,XGBoost,75.65599822998047,68.88681030273438,6.769187927246094
WTI Oil,Com_CrudeOil,tscv,9,2024-08-05,9,PatchTST,XGBoost,74.87999725341797,72.43755340576172,2.44244384765625
WTI Oil,Com_CrudeOil,tscv,9,2024-08-12,10,PatchTST,XGBoost,77.58399963378906,69.59955596923828,7.984443664550781
WTI Oil,Com_CrudeOil,tscv,9,2024-08-19,11,PatchTST,XGBoost,73.31999969482422,70.47804260253906,2.8419570922851562
WTI Oil,Com_CrudeOil,tscv,9,2024-08-26,12,PatchTST,XGBoost,75.38600158691406,65.41405487060547,9.971946716308594
WTI Oil,Com_CrudeOil,tscv,9,2024-06-10,1,PatchTST,LightGBM,78.16200256347656,76.04997253417969,2.112030029296875
WTI Oil,Com_CrudeOil,tscv,9,2024-06-17,2,PatchTST,LightGBM,80.61250305175781,75.75756072998047,4.854942321777344
WTI Oil,Com_CrudeOil,tscv,9,2024-06-24,3,PatchTST,LightGBM,81.3280029296875,69.09147644042969,12.236526489257812
WTI Oil,Com_CrudeOil,tscv,9,2024-07-01,4,PatchTST,LightGBM,83.31356048583984,67.28134155273438,16.03221893310547
WTI Oil,Com_CrudeOil,tscv,9,2024-07-08,5,PatchTST,LightGBM,82.13400268554688,71.6104507446289,10.523551940917969
WTI Oil,Com_CrudeOil,tscv,9,2024-07-15,6,PatchTST,LightGBM,80.80999755859375,72.2525634765625,8.55743408203125
WTI Oil,Com_CrudeOil,tscv,9,2024-07-22,7,PatchTST,LightGBM,77.6780014038086,72.38167572021484,5.29632568359375
WTI Oil,Com_CrudeOil,tscv,9,2024-07-29,8,PatchTST,LightGBM,75.65599822998047,69.33041381835938,6.325584411621094
WTI Oil,Com_CrudeOil,tscv,9,2024-08-05,9,PatchTST,LightGBM,74.87999725341797,72.79935455322266,2.0806427001953125
WTI Oil,Com_CrudeOil,tscv,9,2024-08-12,10,PatchTST,LightGBM,77.58399963378906,70.09811401367188,7.4858856201171875
WTI Oil,Com_CrudeOil,tscv,9,2024-08-19,11,PatchTST,LightGBM,73.31999969482422,71.39238739013672,1.9276123046875
WTI Oil,Com_CrudeOil,tscv,9,2024-08-26,12,PatchTST,LightGBM,75.38600158691406,65.91381072998047,9.472190856933594
WTI Oil,Com_CrudeOil,tscv,10,2024-07-08,1,PatchTST,-,82.13400268554688,71.03662872314453,11.097373962402344
WTI Oil,Com_CrudeOil,tscv,10,2024-07-15,2,PatchTST,-,80.80999755859375,70.26988220214844,10.540115356445312
WTI Oil,Com_CrudeOil,tscv,10,2024-07-22,3,PatchTST,-,77.6780014038086,67.06330871582031,10.614692687988281
WTI Oil,Com_CrudeOil,tscv,10,2024-07-29,4,PatchTST,-,75.65599822998047,68.98692321777344,6.669075012207031
WTI Oil,Com_CrudeOil,tscv,10,2024-08-05,5,PatchTST,-,74.87999725341797,68.80718231201172,6.07281494140625
WTI Oil,Com_CrudeOil,tscv,10,2024-08-12,6,PatchTST,-,77.58399963378906,72.92988586425781,4.65411376953125
WTI Oil,Com_CrudeOil,tscv,10,2024-08-19,7,PatchTST,-,73.31999969482422,60.75344467163086,12.56655502319336
WTI Oil,Com_CrudeOil,tscv,10,2024-08-26,8,PatchTST,-,75.38600158691406,59.2030143737793,16.182987213134766
WTI Oil,Com_CrudeOil,tscv,10,2024-09-02,9,PatchTST,-,70.08424377441406,64.19670867919922,5.887535095214844
WTI Oil,Com_CrudeOil,tscv,10,2024-09-09,10,PatchTST,-,67.87799835205078,67.93800354003906,-0.06000518798828125
WTI Oil,Com_CrudeOil,tscv,10,2024-09-16,11,PatchTST,-,70.41799926757812,67.02335357666016,3.3946456909179688
WTI Oil,Com_CrudeOil,tscv,10,2024-09-23,12,PatchTST,-,69.49400329589844,62.947303771972656,6.546699523925781
WTI Oil,Com_CrudeOil,tscv,10,2024-07-08,1,PatchTST,NLinear,82.13400268554688,85.19580841064453,-3.0618057250976562
WTI Oil,Com_CrudeOil,tscv,10,2024-07-15,2,PatchTST,NLinear,80.80999755859375,82.525146484375,-1.71514892578125
WTI Oil,Com_CrudeOil,tscv,10,2024-07-22,3,PatchTST,NLinear,77.6780014038086,78.57431030273438,-0.8963088989257812
WTI Oil,Com_CrudeOil,tscv,10,2024-07-29,4,PatchTST,NLinear,75.65599822998047,79.6779556274414,-4.0219573974609375
WTI Oil,Com_CrudeOil,tscv,10,2024-08-05,5,PatchTST,NLinear,74.87999725341797,78.82243347167969,-3.9424362182617188
WTI Oil,Com_CrudeOil,tscv,10,2024-08-12,6,PatchTST,NLinear,77.58399963378906,84.05139923095703,-6.467399597167969
WTI Oil,Com_CrudeOil,tscv,10,2024-08-19,7,PatchTST,NLinear,73.31999969482422,72.57601165771484,0.743988037109375
WTI Oil,Com_CrudeOil,tscv,10,2024-08-26,8,PatchTST,NLinear,75.38600158691406,71.98870086669922,3.3973007202148438
WTI Oil,Com_CrudeOil,tscv,10,2024-09-02,9,PatchTST,NLinear,70.08424377441406,76.86994934082031,-6.78570556640625
WTI Oil,Com_CrudeOil,tscv,10,2024-09-09,10,PatchTST,NLinear,67.87799835205078,80.57942962646484,-12.701431274414062
WTI Oil,Com_CrudeOil,tscv,10,2024-09-16,11,PatchTST,NLinear,70.41799926757812,78.52822875976562,-8.1102294921875
WTI Oil,Com_CrudeOil,tscv,10,2024-09-23,12,PatchTST,NLinear,69.49400329589844,73.72297668457031,-4.228973388671875
WTI Oil,Com_CrudeOil,tscv,10,2024-07-08,1,PatchTST,XGBoost,82.13400268554688,82.34121704101562,-0.20721435546875
WTI Oil,Com_CrudeOil,tscv,10,2024-07-15,2,PatchTST,XGBoost,80.80999755859375,81.6946792602539,-0.8846817016601562
WTI Oil,Com_CrudeOil,tscv,10,2024-07-22,3,PatchTST,XGBoost,77.6780014038086,78.75616455078125,-1.0781631469726562
WTI Oil,Com_CrudeOil,tscv,10,2024-07-29,4,PatchTST,XGBoost,75.65599822998047,79.80696868896484,-4.150970458984375
WTI Oil,Com_CrudeOil,tscv,10,2024-08-05,5,PatchTST,XGBoost,74.87999725341797,79.70293426513672,-4.82293701171875
WTI Oil,Com_CrudeOil,tscv,10,2024-08-12,6,PatchTST,XGBoost,77.58399963378906,84.18824768066406,-6.604248046875
WTI Oil,Com_CrudeOil,tscv,10,2024-08-19,7,PatchTST,XGBoost,73.31999969482422,71.78055572509766,1.5394439697265625
WTI Oil,Com_CrudeOil,tscv,10,2024-08-26,8,PatchTST,XGBoost,75.38600158691406,70.39107513427734,4.994926452636719
WTI Oil,Com_CrudeOil,tscv,10,2024-09-02,9,PatchTST,XGBoost,70.08424377441406,75.91156768798828,-5.827323913574219
WTI Oil,Com_CrudeOil,tscv,10,2024-09-09,10,PatchTST,XGBoost,67.87799835205078,80.11519622802734,-12.237197875976562
WTI Oil,Com_CrudeOil,tscv,10,2024-09-16,11,PatchTST,XGBoost,70.41799926757812,79.69918823242188,-9.28118896484375
WTI Oil,Com_CrudeOil,tscv,10,2024-09-23,12,PatchTST,XGBoost,69.49400329589844,76.06027221679688,-6.5662689208984375
WTI Oil,Com_CrudeOil,tscv,10,2024-07-08,1,PatchTST,LightGBM,82.13400268554688,82.6238784790039,-0.48987579345703125
WTI Oil,Com_CrudeOil,tscv,10,2024-07-15,2,PatchTST,LightGBM,80.80999755859375,83.71284484863281,-2.9028472900390625
WTI Oil,Com_CrudeOil,tscv,10,2024-07-22,3,PatchTST,LightGBM,77.6780014038086,81.55099487304688,-3.8729934692382812
WTI Oil,Com_CrudeOil,tscv,10,2024-07-29,4,PatchTST,LightGBM,75.65599822998047,79.79399108886719,-4.137992858886719
WTI Oil,Com_CrudeOil,tscv,10,2024-08-05,5,PatchTST,LightGBM,74.87999725341797,78.37866973876953,-3.4986724853515625
WTI Oil,Com_CrudeOil,tscv,10,2024-08-12,6,PatchTST,LightGBM,77.58399963378906,80.78285217285156,-3.1988525390625
WTI Oil,Com_CrudeOil,tscv,10,2024-08-19,7,PatchTST,LightGBM,73.31999969482422,68.15855407714844,5.161445617675781
WTI Oil,Com_CrudeOil,tscv,10,2024-08-26,8,PatchTST,LightGBM,75.38600158691406,65.58987426757812,9.796127319335938
WTI Oil,Com_CrudeOil,tscv,10,2024-09-02,9,PatchTST,LightGBM,70.08424377441406,68.41108703613281,1.67315673828125
WTI Oil,Com_CrudeOil,tscv,10,2024-09-09,10,PatchTST,LightGBM,67.87799835205078,72.04601287841797,-4.1680145263671875
WTI Oil,Com_CrudeOil,tscv,10,2024-09-16,11,PatchTST,LightGBM,70.41799926757812,71.25669860839844,-0.8386993408203125
WTI Oil,Com_CrudeOil,tscv,10,2024-09-23,12,PatchTST,LightGBM,69.49400329589844,67.30909729003906,2.184906005859375
WTI Oil,Com_CrudeOil,tscv,11,2024-08-05,1,PatchTST,-,74.87999725341797,81.68452453613281,-6.804527282714844
WTI Oil,Com_CrudeOil,tscv,11,2024-08-12,2,PatchTST,-,77.58399963378906,77.47860717773438,0.1053924560546875
WTI Oil,Com_CrudeOil,tscv,11,2024-08-19,3,PatchTST,-,73.31999969482422,79.69493865966797,-6.37493896484375
WTI Oil,Com_CrudeOil,tscv,11,2024-08-26,4,PatchTST,-,75.38600158691406,82.14435577392578,-6.758354187011719
WTI Oil,Com_CrudeOil,tscv,11,2024-09-02,5,PatchTST,-,70.08424377441406,79.55078887939453,-9.466545104980469
WTI Oil,Com_CrudeOil,tscv,11,2024-09-09,6,PatchTST,-,67.87799835205078,77.64567565917969,-9.767677307128906
WTI Oil,Com_CrudeOil,tscv,11,2024-09-16,7,PatchTST,-,70.41799926757812,78.90188598632812,-8.48388671875
WTI Oil,Com_CrudeOil,tscv,11,2024-09-23,8,PatchTST,-,69.49400329589844,75.32804870605469,-5.83404541015625
WTI Oil,Com_CrudeOil,tscv,11,2024-09-30,9,PatchTST,-,71.23799896240234,72.18794250488281,-0.9499435424804688
WTI Oil,Com_CrudeOil,tscv,11,2024-10-07,10,PatchTST,-,75.0719985961914,73.55778503417969,1.5142135620117188
WTI Oil,Com_CrudeOil,tscv,11,2024-10-14,11,PatchTST,-,70.71600341796875,73.20124053955078,-2.4852371215820312
WTI Oil,Com_CrudeOil,tscv,11,2024-10-21,12,PatchTST,-,70.90399932861328,78.869140625,-7.965141296386719
WTI Oil,Com_CrudeOil,tscv,11,2024-08-05,1,PatchTST,NLinear,74.87999725341797,75.87938690185547,-0.9993896484375
WTI Oil,Com_CrudeOil,tscv,11,2024-08-12,2,PatchTST,NLinear,77.58399963378906,71.95856475830078,5.625434875488281
WTI Oil,Com_CrudeOil,tscv,11,2024-08-19,3,PatchTST,NLinear,73.31999969482422,74.2449951171875,-0.9249954223632812
WTI Oil,Com_CrudeOil,tscv,11,2024-08-26,4,PatchTST,NLinear,75.38600158691406,76.64702606201172,-1.2610244750976562
WTI Oil,Com_CrudeOil,tscv,11,2024-09-02,5,PatchTST,NLinear,70.08424377441406,74.01234436035156,-3.9281005859375
WTI Oil,Com_CrudeOil,tscv,11,2024-09-09,6,PatchTST,NLinear,67.87799835205078,71.18440246582031,-3.3064041137695312
WTI Oil,Com_CrudeOil,tscv,11,2024-09-16,7,PatchTST,NLinear,70.41799926757812,72.1156234741211,-1.6976242065429688
WTI Oil,Com_CrudeOil,tscv,11,2024-09-23,8,PatchTST,NLinear,69.49400329589844,68.21646118164062,1.2775421142578125
WTI Oil,Com_CrudeOil,tscv,11,2024-09-30,9,PatchTST,NLinear,71.23799896240234,64.67249298095703,6.5655059814453125
WTI Oil,Com_CrudeOil,tscv,11,2024-10-07,10,PatchTST,NLinear,75.0719985961914,66.56269836425781,8.509300231933594
WTI Oil,Com_CrudeOil,tscv,11,2024-10-14,11,PatchTST,NLinear,70.71600341796875,65.7840347290039,4.931968688964844
WTI Oil,Com_CrudeOil,tscv,11,2024-10-21,12,PatchTST,NLinear,70.90399932861328,71.16683197021484,-0.2628326416015625
WTI Oil,Com_CrudeOil,tscv,11,2024-08-05,1,PatchTST,XGBoost,74.87999725341797,76.19697570800781,-1.3169784545898438
WTI Oil,Com_CrudeOil,tscv,11,2024-08-12,2,PatchTST,XGBoost,77.58399963378906,72.0224838256836,5.561515808105469
WTI Oil,Com_CrudeOil,tscv,11,2024-08-19,3,PatchTST,XGBoost,73.31999969482422,75.20854187011719,-1.8885421752929688
WTI Oil,Com_CrudeOil,tscv,11,2024-08-26,4,PatchTST,XGBoost,75.38600158691406,77.34367370605469,-1.957672119140625
WTI Oil,Com_CrudeOil,tscv,11,2024-09-02,5,PatchTST,XGBoost,70.08424377441406,73.81163787841797,-3.7273941040039062
WTI Oil,Com_CrudeOil,tscv,11,2024-09-09,6,PatchTST,XGBoost,67.87799835205078,73.16304016113281,-5.285041809082031
WTI Oil,Com_CrudeOil,tscv,11,2024-09-16,7,PatchTST,XGBoost,70.41799926757812,73.78197479248047,-3.3639755249023438
WTI Oil,Com_CrudeOil,tscv,11,2024-09-23,8,PatchTST,XGBoost,69.49400329589844,69.6784439086914,-0.18444061279296875
WTI Oil,Com_CrudeOil,tscv,11,2024-09-30,9,PatchTST,XGBoost,71.23799896240234,66.4873046875,4.750694274902344
WTI Oil,Com_CrudeOil,tscv,11,2024-10-07,10,PatchTST,XGBoost,75.0719985961914,69.06233215332031,6.009666442871094
WTI Oil,Com_CrudeOil,tscv,11,2024-10-14,11,PatchTST,XGBoost,70.71600341796875,68.80122375488281,1.9147796630859375
WTI Oil,Com_CrudeOil,tscv,11,2024-10-21,12,PatchTST,XGBoost,70.90399932861328,72.68477630615234,-1.7807769775390625
WTI Oil,Com_CrudeOil,tscv,11,2024-08-05,1,PatchTST,LightGBM,74.87999725341797,78.6989974975586,-3.819000244140625
WTI Oil,Com_CrudeOil,tscv,11,2024-08-12,2,PatchTST,LightGBM,77.58399963378906,76.5102310180664,1.0737686157226562
WTI Oil,Com_CrudeOil,tscv,11,2024-08-19,3,PatchTST,LightGBM,73.31999969482422,79.6745376586914,-6.3545379638671875
WTI Oil,Com_CrudeOil,tscv,11,2024-08-26,4,PatchTST,LightGBM,75.38600158691406,81.42526245117188,-6.0392608642578125
WTI Oil,Com_CrudeOil,tscv,11,2024-09-02,5,PatchTST,LightGBM,70.08424377441406,78.44737243652344,-8.363128662109375
WTI Oil,Com_CrudeOil,tscv,11,2024-09-09,6,PatchTST,LightGBM,67.87799835205078,77.3670654296875,-9.489067077636719
WTI Oil,Com_CrudeOil,tscv,11,2024-09-16,7,PatchTST,LightGBM,70.41799926757812,81.44530487060547,-11.027305603027344
WTI Oil,Com_CrudeOil,tscv,11,2024-09-23,8,PatchTST,LightGBM,69.49400329589844,79.25894165039062,-9.764938354492188
WTI Oil,Com_CrudeOil,tscv,11,2024-09-30,9,PatchTST,LightGBM,71.23799896240234,75.71211242675781,-4.474113464355469
WTI Oil,Com_CrudeOil,tscv,11,2024-10-07,10,PatchTST,LightGBM,75.0719985961914,77.44339752197266,-2.37139892578125
WTI Oil,Com_CrudeOil,tscv,11,2024-10-14,11,PatchTST,LightGBM,70.71600341796875,77.48761749267578,-6.771614074707031
WTI Oil,Com_CrudeOil,tscv,11,2024-10-21,12,PatchTST,LightGBM,70.90399932861328,82.7840805053711,-11.880081176757812
WTI Oil,Com_CrudeOil,tscv,12,2024-09-02,1,PatchTST,-,70.08424377441406,69.80561065673828,0.27863311767578125
WTI Oil,Com_CrudeOil,tscv,12,2024-09-09,2,PatchTST,-,67.87799835205078,74.90426635742188,-7.026268005371094
WTI Oil,Com_CrudeOil,tscv,12,2024-09-16,3,PatchTST,-,70.41799926757812,75.5484390258789,-5.130439758300781
WTI Oil,Com_CrudeOil,tscv,12,2024-09-23,4,PatchTST,-,69.49400329589844,70.8427505493164,-1.3487472534179688
WTI Oil,Com_CrudeOil,tscv,12,2024-09-30,5,PatchTST,-,71.23799896240234,69.1815185546875,2.0564804077148438
WTI Oil,Com_CrudeOil,tscv,12,2024-10-07,6,PatchTST,-,75.0719985961914,71.1860580444336,3.8859405517578125
WTI Oil,Com_CrudeOil,tscv,12,2024-10-14,7,PatchTST,-,70.71600341796875,69.98394775390625,0.7320556640625
WTI Oil,Com_CrudeOil,tscv,12,2024-10-21,8,PatchTST,-,70.90399932861328,71.53050231933594,-0.6265029907226562
WTI Oil,Com_CrudeOil,tscv,12,2024-10-28,9,PatchTST,-,68.38999938964844,73.63650512695312,-5.2465057373046875
WTI Oil,Com_CrudeOil,tscv,12,2024-11-04,10,PatchTST,-,71.5780029296875,70.57804870605469,0.9999542236328125
WTI Oil,Com_CrudeOil,tscv,12,2024-11-11,11,PatchTST,-,68.04199981689453,69.721435546875,-1.6794357299804688
WTI Oil,Com_CrudeOil,tscv,12,2024-11-18,12,PatchTST,-,69.69999694824219,67.60784149169922,2.0921554565429688
WTI Oil,Com_CrudeOil,tscv,12,2024-09-02,1,PatchTST,NLinear,70.08424377441406,71.96460723876953,-1.8803634643554688
WTI Oil,Com_CrudeOil,tscv,12,2024-09-09,2,PatchTST,NLinear,67.87799835205078,76.99362182617188,-9.115623474121094
WTI Oil,Com_CrudeOil,tscv,12,2024-09-16,3,PatchTST,NLinear,70.41799926757812,77.21337890625,-6.795379638671875
WTI Oil,Com_CrudeOil,tscv,12,2024-09-23,4,PatchTST,NLinear,69.49400329589844,72.6280746459961,-3.1340713500976562
WTI Oil,Com_CrudeOil,tscv,12,2024-09-30,5,PatchTST,NLinear,71.23799896240234,70.9469223022461,0.29107666015625
WTI Oil,Com_CrudeOil,tscv,12,2024-10-07,6,PatchTST,NLinear,75.0719985961914,73.07764434814453,1.994354248046875
WTI Oil,Com_CrudeOil,tscv,12,2024-10-14,7,PatchTST,NLinear,70.71600341796875,71.86180114746094,-1.1457977294921875
WTI Oil,Com_CrudeOil,tscv,12,2024-10-21,8,PatchTST,NLinear,70.90399932861328,73.45326232910156,-2.5492630004882812
WTI Oil,Com_CrudeOil,tscv,12,2024-10-28,9,PatchTST,NLinear,68.38999938964844,75.3555679321289,-6.965568542480469
WTI Oil,Com_CrudeOil,tscv,12,2024-11-04,10,PatchTST,NLinear,71.5780029296875,72.23587799072266,-0.6578750610351562
WTI Oil,Com_CrudeOil,tscv,12,2024-11-11,11,PatchTST,NLinear,68.04199981689453,70.76994323730469,-2.7279434204101562
WTI Oil,Com_CrudeOil,tscv,12,2024-11-18,12,PatchTST,NLinear,69.69999694824219,68.96441650390625,0.7355804443359375
WTI Oil,Com_CrudeOil,tscv,12,2024-09-02,1,PatchTST,XGBoost,70.08424377441406,71.70660400390625,-1.6223602294921875
WTI Oil,Com_CrudeOil,tscv,12,2024-09-09,2,PatchTST,XGBoost,67.87799835205078,76.50041198730469,-8.622413635253906
WTI Oil,Com_CrudeOil,tscv,12,2024-09-16,3,PatchTST,XGBoost,70.41799926757812,76.43914031982422,-6.021141052246094
WTI Oil,Com_CrudeOil,tscv,12,2024-09-23,4,PatchTST,XGBoost,69.49400329589844,72.71232604980469,-3.21832275390625
WTI Oil,Com_CrudeOil,tscv,12,2024-09-30,5,PatchTST,XGBoost,71.23799896240234,71.28778839111328,-0.0497894287109375
WTI Oil,Com_CrudeOil,tscv,12,2024-10-07,6,PatchTST,XGBoost,75.0719985961914,73.9534912109375,1.1185073852539062
WTI Oil,Com_CrudeOil,tscv,12,2024-10-14,7,PatchTST,XGBoost,70.71600341796875,73.24273681640625,-2.5267333984375
WTI Oil,Com_CrudeOil,tscv,12,2024-10-21,8,PatchTST,XGBoost,70.90399932861328,73.97632598876953,-3.07232666015625
WTI Oil,Com_CrudeOil,tscv,12,2024-10-28,9,PatchTST,XGBoost,68.38999938964844,75.64059448242188,-7.2505950927734375
WTI Oil,Com_CrudeOil,tscv,12,2024-11-04,10,PatchTST,XGBoost,71.5780029296875,73.33929443359375,-1.76129150390625
WTI Oil,Com_CrudeOil,tscv,12,2024-11-11,11,PatchTST,XGBoost,68.04199981689453,71.12576293945312,-3.0837631225585938
WTI Oil,Com_CrudeOil,tscv,12,2024-11-18,12,PatchTST,XGBoost,69.69999694824219,69.16806030273438,0.5319366455078125
WTI Oil,Com_CrudeOil,tscv,12,2024-09-02,1,PatchTST,LightGBM,70.08424377441406,71.28163146972656,-1.1973876953125
WTI Oil,Com_CrudeOil,tscv,12,2024-09-09,2,PatchTST,LightGBM,67.87799835205078,76.81436157226562,-8.936363220214844
WTI Oil,Com_CrudeOil,tscv,12,2024-09-16,3,PatchTST,LightGBM,70.41799926757812,76.0728759765625,-5.654876708984375
WTI Oil,Com_CrudeOil,tscv,12,2024-09-23,4,PatchTST,LightGBM,69.49400329589844,73.01126861572266,-3.5172653198242188
WTI Oil,Com_CrudeOil,tscv,12,2024-09-30,5,PatchTST,LightGBM,71.23799896240234,71.2416000366211,-0.00360107421875
WTI Oil,Com_CrudeOil,tscv,12,2024-10-07,6,PatchTST,LightGBM,75.0719985961914,73.88863372802734,1.1833648681640625
WTI Oil,Com_CrudeOil,tscv,12,2024-10-14,7,PatchTST,LightGBM,70.71600341796875,73.60113525390625,-2.8851318359375
WTI Oil,Com_CrudeOil,tscv,12,2024-10-21,8,PatchTST,LightGBM,70.90399932861328,74.22017669677734,-3.3161773681640625
WTI Oil,Com_CrudeOil,tscv,12,2024-10-28,9,PatchTST,LightGBM,68.38999938964844,74.73151397705078,-6.341514587402344
WTI Oil,Com_CrudeOil,tscv,12,2024-11-04,10,PatchTST,LightGBM,71.5780029296875,73.65056610107422,-2.0725631713867188
WTI Oil,Com_CrudeOil,tscv,12,2024-11-11,11,PatchTST,LightGBM,68.04199981689453,71.73590087890625,-3.6939010620117188
WTI Oil,Com_CrudeOil,tscv,12,2024-11-18,12,PatchTST,LightGBM,69.69999694824219,69.85087585449219,-0.15087890625
WTI Oil,Com_CrudeOil,tscv,13,2024-09-30,1,PatchTST,-,71.23799896240234,75.01519775390625,-3.7771987915039062
WTI Oil,Com_CrudeOil,tscv,13,2024-10-07,2,PatchTST,-,75.0719985961914,77.13909912109375,-2.0671005249023438
WTI Oil,Com_CrudeOil,tscv,13,2024-10-14,3,PatchTST,-,70.71600341796875,78.38626861572266,-7.670265197753906
WTI Oil,Com_CrudeOil,tscv,13,2024-10-21,4,PatchTST,-,70.90399932861328,80.48625946044922,-9.582260131835938
WTI Oil,Com_CrudeOil,tscv,13,2024-10-28,5,PatchTST,-,68.38999938964844,76.29410552978516,-7.904106140136719
WTI Oil,Com_CrudeOil,tscv,13,2024-11-04,6,PatchTST,-,71.5780029296875,76.66032409667969,-5.0823211669921875
WTI Oil,Com_CrudeOil,tscv,13,2024-11-11,7,PatchTST,-,68.04199981689453,73.07466125488281,-5.032661437988281
WTI Oil,Com_CrudeOil,tscv,13,2024-11-18,8,PatchTST,-,69.69999694824219,72.1123275756836,-2.4123306274414062
WTI Oil,Com_CrudeOil,tscv,13,2024-11-25,9,PatchTST,-,68.7181167602539,74.03285217285156,-5.314735412597656
WTI Oil,Com_CrudeOil,tscv,13,2024-12-02,10,PatchTST,-,68.11045837402344,73.10154724121094,-4.9910888671875
WTI Oil,Com_CrudeOil,tscv,13,2024-12-09,11,PatchTST,-,70.1072006225586,75.39990234375,-5.292701721191406
WTI Oil,Com_CrudeOil,tscv,13,2024-12-16,12,PatchTST,-,69.7302017211914,74.82147979736328,-5.091278076171875
WTI Oil,Com_CrudeOil,tscv,13,2024-09-30,1,PatchTST,NLinear,71.23799896240234,65.75603485107422,5.481964111328125
WTI Oil,Com_CrudeOil,tscv,13,2024-10-07,2,PatchTST,NLinear,75.0719985961914,68.47142028808594,6.600578308105469
WTI Oil,Com_CrudeOil,tscv,13,2024-10-14,3,PatchTST,NLinear,70.71600341796875,70.06104278564453,0.6549606323242188
WTI Oil,Com_CrudeOil,tscv,13,2024-10-21,4,PatchTST,NLinear,70.90399932861328,74.01929473876953,-3.11529541015625
WTI Oil,Com_CrudeOil,tscv,13,2024-10-28,5,PatchTST,NLinear,68.38999938964844,71.25436401367188,-2.8643646240234375
WTI Oil,Com_CrudeOil,tscv,13,2024-11-04,6,PatchTST,NLinear,71.5780029296875,73.2042236328125,-1.626220703125
WTI Oil,Com_CrudeOil,tscv,13,2024-11-11,7,PatchTST,NLinear,68.04199981689453,70.16876220703125,-2.1267623901367188
WTI Oil,Com_CrudeOil,tscv,13,2024-11-18,8,PatchTST,NLinear,69.69999694824219,69.24087524414062,0.4591217041015625
WTI Oil,Com_CrudeOil,tscv,13,2024-11-25,9,PatchTST,NLinear,68.7181167602539,70.6798095703125,-1.9616928100585938
WTI Oil,Com_CrudeOil,tscv,13,2024-12-02,10,PatchTST,NLinear,68.11045837402344,70.55941009521484,-2.4489517211914062
WTI Oil,Com_CrudeOil,tscv,13,2024-12-09,11,PatchTST,NLinear,70.1072006225586,72.56257629394531,-2.4553756713867188
WTI Oil,Com_CrudeOil,tscv,13,2024-12-16,12,PatchTST,NLinear,69.7302017211914,71.8347396850586,-2.1045379638671875
WTI Oil,Com_CrudeOil,tscv,13,2024-09-30,1,PatchTST,XGBoost,71.23799896240234,65.89149475097656,5.346504211425781
WTI Oil,Com_CrudeOil,tscv,13,2024-10-07,2,PatchTST,XGBoost,75.0719985961914,68.35077667236328,6.721221923828125
WTI Oil,Com_CrudeOil,tscv,13,2024-10-14,3,PatchTST,XGBoost,70.71600341796875,69.3200912475586,1.3959121704101562
WTI Oil,Com_CrudeOil,tscv,13,2024-10-21,4,PatchTST,XGBoost,70.90399932861328,73.61776733398438,-2.7137680053710938
WTI Oil,Com_CrudeOil,tscv,13,2024-10-28,5,PatchTST,XGBoost,68.38999938964844,70.86570739746094,-2.4757080078125
WTI Oil,Com_CrudeOil,tscv,13,2024-11-04,6,PatchTST,XGBoost,71.5780029296875,70.84271240234375,0.73529052734375
WTI Oil,Com_CrudeOil,tscv,13,2024-11-11,7,PatchTST,XGBoost,68.04199981689453,67.15254974365234,0.8894500732421875
WTI Oil,Com_CrudeOil,tscv,13,2024-11-18,8,PatchTST,XGBoost,69.69999694824219,64.78572845458984,4.914268493652344
WTI Oil,Com_CrudeOil,tscv,13,2024-11-25,9,PatchTST,XGBoost,68.7181167602539,68.1060791015625,0.6120376586914062
WTI Oil,Com_CrudeOil,tscv,13,2024-12-02,10,PatchTST,XGBoost,68.11045837402344,67.11483764648438,0.9956207275390625
WTI Oil,Com_CrudeOil,tscv,13,2024-12-09,11,PatchTST,XGBoost,70.1072006225586,69.19136810302734,0.91583251953125
WTI Oil,Com_CrudeOil,tscv,13,2024-12-16,12,PatchTST,XGBoost,69.7302017211914,68.15884399414062,1.5713577270507812
WTI Oil,Com_CrudeOil,tscv,13,2024-09-30,1,PatchTST,LightGBM,71.23799896240234,66.54694366455078,4.6910552978515625
WTI Oil,Com_CrudeOil,tscv,13,2024-10-07,2,PatchTST,LightGBM,75.0719985961914,69.3796157836914,5.6923828125
WTI Oil,Com_CrudeOil,tscv,13,2024-10-14,3,PatchTST,LightGBM,70.71600341796875,72.38212585449219,-1.6661224365234375
WTI Oil,Com_CrudeOil,tscv,13,2024-10-21,4,PatchTST,LightGBM,70.90399932861328,75.4957046508789,-4.591705322265625
WTI Oil,Com_CrudeOil,tscv,13,2024-10-28,5,PatchTST,LightGBM,68.38999938964844,70.54830169677734,-2.1583023071289062
WTI Oil,Com_CrudeOil,tscv,13,2024-11-04,6,PatchTST,LightGBM,71.5780029296875,71.25956726074219,0.3184356689453125
WTI Oil,Com_CrudeOil,tscv,13,2024-11-11,7,PatchTST,LightGBM,68.04199981689453,68.18790435791016,-0.145904541015625
WTI Oil,Com_CrudeOil,tscv,13,2024-11-18,8,PatchTST,LightGBM,69.69999694824219,65.68921661376953,4.010780334472656
WTI Oil,Com_CrudeOil,tscv,13,2024-11-25,9,PatchTST,LightGBM,68.7181167602539,68.75920867919922,-0.0410919189453125
WTI Oil,Com_CrudeOil,tscv,13,2024-12-02,10,PatchTST,LightGBM,68.11045837402344,67.76773071289062,0.3427276611328125
WTI Oil,Com_CrudeOil,tscv,13,2024-12-09,11,PatchTST,LightGBM,70.1072006225586,70.18936157226562,-0.08216094970703125
WTI Oil,Com_CrudeOil,tscv,13,2024-12-16,12,PatchTST,LightGBM,69.7302017211914,69.10688018798828,0.623321533203125
WTI Oil,Com_CrudeOil,tscv,14,2024-10-28,1,PatchTST,-,68.38999938964844,66.01895141601562,2.3710479736328125
WTI Oil,Com_CrudeOil,tscv,14,2024-11-04,2,PatchTST,-,71.5780029296875,66.17679595947266,5.401206970214844
WTI Oil,Com_CrudeOil,tscv,14,2024-11-11,3,PatchTST,-,68.04199981689453,65.21322631835938,2.8287734985351562
WTI Oil,Com_CrudeOil,tscv,14,2024-11-18,4,PatchTST,-,69.69999694824219,64.01171112060547,5.688285827636719
WTI Oil,Com_CrudeOil,tscv,14,2024-11-25,5,PatchTST,-,68.7181167602539,63.88105392456055,4.837062835693359
WTI Oil,Com_CrudeOil,tscv,14,2024-12-02,6,PatchTST,-,68.11045837402344,69.32479858398438,-1.2143402099609375
WTI Oil,Com_CrudeOil,tscv,14,2024-12-09,7,PatchTST,-,70.1072006225586,61.96271514892578,8.144485473632812
WTI Oil,Com_CrudeOil,tscv,14,2024-12-16,8,PatchTST,-,69.7302017211914,65.43733215332031,4.292869567871094
WTI Oil,Com_CrudeOil,tscv,14,2024-12-23,9,PatchTST,-,70.14910125732422,61.746097564697266,8.403003692626953
WTI Oil,Com_CrudeOil,tscv,14,2024-12-30,10,PatchTST,-,72.57513427734375,64.4056396484375,8.16949462890625
WTI Oil,Com_CrudeOil,tscv,14,2025-01-06,11,PatchTST,-,74.95950317382812,65.14434051513672,9.815162658691406
WTI Oil,Com_CrudeOil,tscv,14,2025-01-13,12,PatchTST,-,78.02933502197266,67.60765838623047,10.421676635742188
WTI Oil,Com_CrudeOil,tscv,14,2024-10-28,1,PatchTST,NLinear,68.38999938964844,65.71600341796875,2.6739959716796875
WTI Oil,Com_CrudeOil,tscv,14,2024-11-04,2,PatchTST,NLinear,71.5780029296875,67.24109649658203,4.336906433105469
WTI Oil,Com_CrudeOil,tscv,14,2024-11-11,3,PatchTST,NLinear,68.04199981689453,66.86235046386719,1.1796493530273438
WTI Oil,Com_CrudeOil,tscv,14,2024-11-18,4,PatchTST,NLinear,69.69999694824219,64.56958770751953,5.130409240722656
WTI Oil,Com_CrudeOil,tscv,14,2024-11-25,5,PatchTST,NLinear,68.7181167602539,64.77262878417969,3.9454879760742188
WTI Oil,Com_CrudeOil,tscv,14,2024-12-02,6,PatchTST,NLinear,68.11045837402344,69.41187286376953,-1.3014144897460938
WTI Oil,Com_CrudeOil,tscv,14,2024-12-09,7,PatchTST,NLinear,70.1072006225586,61.7588005065918,8.348400115966797
WTI Oil,Com_CrudeOil,tscv,14,2024-12-16,8,PatchTST,NLinear,69.7302017211914,64.82774353027344,4.902458190917969
WTI Oil,Com_CrudeOil,tscv,14,2024-12-23,9,PatchTST,NLinear,70.14910125732422,61.76249694824219,8.386604309082031
WTI Oil,Com_CrudeOil,tscv,14,2024-12-30,10,PatchTST,NLinear,72.57513427734375,64.30642700195312,8.268707275390625
WTI Oil,Com_CrudeOil,tscv,14,2025-01-06,11,PatchTST,NLinear,74.95950317382812,64.68038177490234,10.279121398925781
WTI Oil,Com_CrudeOil,tscv,14,2025-01-13,12,PatchTST,NLinear,78.02933502197266,67.0758285522461,10.953506469726562
WTI Oil,Com_CrudeOil,tscv,14,2024-10-28,1,PatchTST,XGBoost,68.38999938964844,63.488338470458984,4.901660919189453
WTI Oil,Com_CrudeOil,tscv,14,2024-11-04,2,PatchTST,XGBoost,71.5780029296875,62.0911865234375,9.48681640625
WTI Oil,Com_CrudeOil,tscv,14,2024-11-11,3,PatchTST,XGBoost,68.04199981689453,59.93731689453125,8.104682922363281
WTI Oil,Com_CrudeOil,tscv,14,2024-11-18,4,PatchTST,XGBoost,69.69999694824219,59.9462890625,9.753707885742188
WTI Oil,Com_CrudeOil,tscv,14,2024-11-25,5,PatchTST,XGBoost,68.7181167602539,58.92934799194336,9.788768768310547
WTI Oil,Com_CrudeOil,tscv,14,2024-12-02,6,PatchTST,XGBoost,68.11045837402344,64.8492660522461,3.2611923217773438
WTI Oil,Com_CrudeOil,tscv,14,2024-12-09,7,PatchTST,XGBoost,70.1072006225586,57.27096939086914,12.836231231689453
WTI Oil,Com_CrudeOil,tscv,14,2024-12-16,8,PatchTST,XGBoost,69.7302017211914,60.519020080566406,9.211181640625
WTI Oil,Com_CrudeOil,tscv,14,2024-12-23,9,PatchTST,XGBoost,70.14910125732422,57.538516998291016,12.610584259033203
WTI Oil,Com_CrudeOil,tscv,14,2024-12-30,10,PatchTST,XGBoost,72.57513427734375,58.826690673828125,13.748443603515625
WTI Oil,Com_CrudeOil,tscv,14,2025-01-06,11,PatchTST,XGBoost,74.95950317382812,61.029415130615234,13.93008804321289
WTI Oil,Com_CrudeOil,tscv,14,2025-01-13,12,PatchTST,XGBoost,78.02933502197266,63.60984420776367,14.419490814208984
WTI Oil,Com_CrudeOil,tscv,14,2024-10-28,1,PatchTST,LightGBM,68.38999938964844,64.31925201416016,4.070747375488281
WTI Oil,Com_CrudeOil,tscv,14,2024-11-04,2,PatchTST,LightGBM,71.5780029296875,61.70724105834961,9.87076187133789
WTI Oil,Com_CrudeOil,tscv,14,2024-11-11,3,PatchTST,LightGBM,68.04199981689453,61.48490524291992,6.557094573974609
WTI Oil,Com_CrudeOil,tscv,14,2024-11-18,4,PatchTST,LightGBM,69.69999694824219,59.4571418762207,10.242855072021484
WTI Oil,Com_CrudeOil,tscv,14,2024-11-25,5,PatchTST,LightGBM,68.7181167602539,59.48097610473633,9.237140655517578
WTI Oil,Com_CrudeOil,tscv,14,2024-12-02,6,PatchTST,LightGBM,68.11045837402344,65.3365478515625,2.7739105224609375
WTI Oil,Com_CrudeOil,tscv,14,2024-12-09,7,PatchTST,LightGBM,70.1072006225586,58.247337341308594,11.85986328125
WTI Oil,Com_CrudeOil,tscv,14,2024-12-16,8,PatchTST,LightGBM,69.7302017211914,60.79146957397461,8.938732147216797
WTI Oil,Com_CrudeOil,tscv,14,2024-12-23,9,PatchTST,LightGBM,70.14910125732422,57.24268341064453,12.906417846679688
WTI Oil,Com_CrudeOil,tscv,14,2024-12-30,10,PatchTST,LightGBM,72.57513427734375,59.040374755859375,13.534759521484375
WTI Oil,Com_CrudeOil,tscv,14,2025-01-06,11,PatchTST,LightGBM,74.95950317382812,60.27423858642578,14.685264587402344
WTI Oil,Com_CrudeOil,tscv,14,2025-01-13,12,PatchTST,LightGBM,78.02933502197266,62.96027374267578,15.069061279296875
WTI Oil,Com_CrudeOil,tscv,15,2024-11-25,1,PatchTST,-,68.7181167602539,70.62117767333984,-1.9030609130859375
WTI Oil,Com_CrudeOil,tscv,15,2024-12-02,2,PatchTST,-,68.11045837402344,74.78296661376953,-6.672508239746094
WTI Oil,Com_CrudeOil,tscv,15,2024-12-09,3,PatchTST,-,70.1072006225586,72.40022277832031,-2.2930221557617188
WTI Oil,Com_CrudeOil,tscv,15,2024-12-16,4,PatchTST,-,69.7302017211914,67.70781707763672,2.0223846435546875
WTI Oil,Com_CrudeOil,tscv,15,2024-12-23,5,PatchTST,-,70.14910125732422,66.47095489501953,3.6781463623046875
WTI Oil,Com_CrudeOil,tscv,15,2024-12-30,6,PatchTST,-,72.57513427734375,70.59182739257812,1.983306884765625
WTI Oil,Com_CrudeOil,tscv,15,2025-01-06,7,PatchTST,-,74.95950317382812,65.04199981689453,9.917503356933594
WTI Oil,Com_CrudeOil,tscv,15,2025-01-13,8,PatchTST,-,78.02933502197266,65.2884292602539,12.74090576171875
WTI Oil,Com_CrudeOil,tscv,15,2025-01-20,9,PatchTST,-,75.17753601074219,68.04271697998047,7.134819030761719
WTI Oil,Com_CrudeOil,tscv,15,2025-01-27,10,PatchTST,-,73.03900146484375,72.53031921386719,0.5086822509765625
WTI Oil,Com_CrudeOil,tscv,15,2025-02-03,11,PatchTST,-,71.66098022460938,71.79285430908203,-0.13187408447265625
WTI Oil,Com_CrudeOil,tscv,15,2025-02-10,12,PatchTST,-,71.62548065185547,73.97821807861328,-2.3527374267578125
WTI Oil,Com_CrudeOil,tscv,15,2024-11-25,1,PatchTST,NLinear,68.7181167602539,70.9209213256836,-2.2028045654296875
WTI Oil,Com_CrudeOil,tscv,15,2024-12-02,2,PatchTST,NLinear,68.11045837402344,74.26251220703125,-6.1520538330078125
WTI Oil,Com_CrudeOil,tscv,15,2024-12-09,3,PatchTST,NLinear,70.1072006225586,71.62168884277344,-1.5144882202148438
WTI Oil,Com_CrudeOil,tscv,15,2024-12-16,4,PatchTST,NLinear,69.7302017211914,67.03202819824219,2.6981735229492188
WTI Oil,Com_CrudeOil,tscv,15,2024-12-23,5,PatchTST,NLinear,70.14910125732422,65.51707458496094,4.632026672363281
WTI Oil,Com_CrudeOil,tscv,15,2024-12-30,6,PatchTST,NLinear,72.57513427734375,69.46922302246094,3.1059112548828125
WTI Oil,Com_CrudeOil,tscv,15,2025-01-06,7,PatchTST,NLinear,74.95950317382812,64.064697265625,10.894805908203125
WTI Oil,Com_CrudeOil,tscv,15,2025-01-13,8,PatchTST,NLinear,78.02933502197266,64.35328674316406,13.676048278808594
WTI Oil,Com_CrudeOil,tscv,15,2025-01-20,9,PatchTST,NLinear,75.17753601074219,67.37250518798828,7.805030822753906
WTI Oil,Com_CrudeOil,tscv,15,2025-01-27,10,PatchTST,NLinear,73.03900146484375,72.159423828125,0.87957763671875
WTI Oil,Com_CrudeOil,tscv,15,2025-02-03,11,PatchTST,NLinear,71.66098022460938,71.61023712158203,0.05074310302734375
WTI Oil,Com_CrudeOil,tscv,15,2025-02-10,12,PatchTST,NLinear,71.62548065185547,74.67961120605469,-3.0541305541992188
WTI Oil,Com_CrudeOil,tscv,15,2024-11-25,1,PatchTST,XGBoost,68.7181167602539,68.63064575195312,0.08747100830078125
WTI Oil,Com_CrudeOil,tscv,15,2024-12-02,2,PatchTST,XGBoost,68.11045837402344,71.38789367675781,-3.277435302734375
WTI Oil,Com_CrudeOil,tscv,15,2024-12-09,3,PatchTST,XGBoost,70.1072006225586,69.00147247314453,1.1057281494140625
WTI Oil,Com_CrudeOil,tscv,15,2024-12-16,4,PatchTST,XGBoost,69.7302017211914,63.943939208984375,5.786262512207031
WTI Oil,Com_CrudeOil,tscv,15,2024-12-23,5,PatchTST,XGBoost,70.14910125732422,61.42707443237305,8.722026824951172
WTI Oil,Com_CrudeOil,tscv,15,2024-12-30,6,PatchTST,XGBoost,72.57513427734375,65.0284652709961,7.546669006347656
WTI Oil,Com_CrudeOil,tscv,15,2025-01-06,7,PatchTST,XGBoost,74.95950317382812,58.57840347290039,16.381099700927734
WTI Oil,Com_CrudeOil,tscv,15,2025-01-13,8,PatchTST,XGBoost,78.02933502197266,57.90959167480469,20.11974334716797
WTI Oil,Com_CrudeOil,tscv,15,2025-01-20,9,PatchTST,XGBoost,75.17753601074219,61.06439208984375,14.113143920898438
WTI Oil,Com_CrudeOil,tscv,15,2025-01-27,10,PatchTST,XGBoost,73.03900146484375,65.33503723144531,7.7039642333984375
WTI Oil,Com_CrudeOil,tscv,15,2025-02-03,11,PatchTST,XGBoost,71.66098022460938,64.97599029541016,6.684989929199219
WTI Oil,Com_CrudeOil,tscv,15,2025-02-10,12,PatchTST,XGBoost,71.62548065185547,67.29341125488281,4.332069396972656
WTI Oil,Com_CrudeOil,tscv,15,2024-11-25,1,PatchTST,LightGBM,68.7181167602539,68.91699981689453,-0.198883056640625
WTI Oil,Com_CrudeOil,tscv,15,2024-12-02,2,PatchTST,LightGBM,68.11045837402344,73.63409423828125,-5.5236358642578125
WTI Oil,Com_CrudeOil,tscv,15,2024-12-09,3,PatchTST,LightGBM,70.1072006225586,72.64441680908203,-2.5372161865234375
WTI Oil,Com_CrudeOil,tscv,15,2024-12-16,4,PatchTST,LightGBM,69.7302017211914,66.47309875488281,3.2571029663085938
WTI Oil,Com_CrudeOil,tscv,15,2024-12-23,5,PatchTST,LightGBM,70.14910125732422,63.92045974731445,6.228641510009766
WTI Oil,Com_CrudeOil,tscv,15,2024-12-30,6,PatchTST,LightGBM,72.57513427734375,68.61302947998047,3.9621047973632812
WTI Oil,Com_CrudeOil,tscv,15,2025-01-06,7,PatchTST,LightGBM,74.95950317382812,62.30476760864258,12.654735565185547
WTI Oil,Com_CrudeOil,tscv,15,2025-01-13,8,PatchTST,LightGBM,78.02933502197266,61.592079162597656,16.437255859375
WTI Oil,Com_CrudeOil,tscv,15,2025-01-20,9,PatchTST,LightGBM,75.17753601074219,64.4947280883789,10.682807922363281
WTI Oil,Com_CrudeOil,tscv,15,2025-01-27,10,PatchTST,LightGBM,73.03900146484375,68.09188842773438,4.947113037109375
WTI Oil,Com_CrudeOil,tscv,15,2025-02-03,11,PatchTST,LightGBM,71.66098022460938,67.0521469116211,4.608833312988281
WTI Oil,Com_CrudeOil,tscv,15,2025-02-10,12,PatchTST,LightGBM,71.62548065185547,68.66493225097656,2.9605484008789062
WTI Oil,Com_CrudeOil,tscv,16,2024-12-23,1,PatchTST,-,70.14910125732422,59.49724578857422,10.65185546875
WTI Oil,Com_CrudeOil,tscv,16,2024-12-30,2,PatchTST,-,72.57513427734375,67.07512664794922,5.500007629394531
WTI Oil,Com_CrudeOil,tscv,16,2025-01-06,3,PatchTST,-,74.95950317382812,62.61373519897461,12.345767974853516
WTI Oil,Com_CrudeOil,tscv,16,2025-01-13,4,PatchTST,-,78.02933502197266,64.9604263305664,13.06890869140625
WTI Oil,Com_CrudeOil,tscv,16,2025-01-20,5,PatchTST,-,75.17753601074219,65.14862823486328,10.028907775878906
WTI Oil,Com_CrudeOil,tscv,16,2025-01-27,6,PatchTST,-,73.03900146484375,69.05175018310547,3.9872512817382812
WTI Oil,Com_CrudeOil,tscv,16,2025-02-03,7,PatchTST,-,71.66098022460938,64.5161361694336,7.144844055175781
WTI Oil,Com_CrudeOil,tscv,16,2025-02-10,8,PatchTST,-,71.62548065185547,61.95779800415039,9.667682647705078
WTI Oil,Com_CrudeOil,tscv,16,2025-02-17,9,PatchTST,-,71.43208312988281,63.606502532958984,7.825580596923828
WTI Oil,Com_CrudeOil,tscv,16,2025-02-24,10,PatchTST,-,69.6719970703125,65.50904846191406,4.1629486083984375
WTI Oil,Com_CrudeOil,tscv,16,2025-03-03,11,PatchTST,-,67.26799774169922,62.64270782470703,4.6252899169921875
WTI Oil,Com_CrudeOil,tscv,16,2025-03-10,12,PatchTST,-,66.92066955566406,69.86058807373047,-2.9399185180664062
WTI Oil,Com_CrudeOil,tscv,16,2024-12-23,1,PatchTST,NLinear,70.14910125732422,67.04408264160156,3.1050186157226562
WTI Oil,Com_CrudeOil,tscv,16,2024-12-30,2,PatchTST,NLinear,72.57513427734375,74.0037841796875,-1.42864990234375
WTI Oil,Com_CrudeOil,tscv,16,2025-01-06,3,PatchTST,NLinear,74.95950317382812,68.5711669921875,6.388336181640625
WTI Oil,Com_CrudeOil,tscv,16,2025-01-13,4,PatchTST,NLinear,78.02933502197266,69.60528564453125,8.424049377441406
WTI Oil,Com_CrudeOil,tscv,16,2025-01-20,5,PatchTST,NLinear,75.17753601074219,70.06211853027344,5.11541748046875
WTI Oil,Com_CrudeOil,tscv,16,2025-01-27,6,PatchTST,NLinear,73.03900146484375,73.94351196289062,-0.904510498046875
WTI Oil,Com_CrudeOil,tscv,16,2025-02-03,7,PatchTST,NLinear,71.66098022460938,69.6973648071289,1.9636154174804688
WTI Oil,Com_CrudeOil,tscv,16,2025-02-10,8,PatchTST,NLinear,71.62548065185547,67.3096923828125,4.315788269042969
WTI Oil,Com_CrudeOil,tscv,16,2025-02-17,9,PatchTST,NLinear,71.43208312988281,68.43248748779297,2.9995956420898438
WTI Oil,Com_CrudeOil,tscv,16,2025-02-24,10,PatchTST,NLinear,69.6719970703125,70.24886322021484,-0.5768661499023438
WTI Oil,Com_CrudeOil,tscv,16,2025-03-03,11,PatchTST,NLinear,67.26799774169922,67.6947250366211,-0.426727294921875
WTI Oil,Com_CrudeOil,tscv,16,2025-03-10,12,PatchTST,NLinear,66.92066955566406,73.81350708007812,-6.8928375244140625
WTI Oil,Com_CrudeOil,tscv,16,2024-12-23,1,PatchTST,XGBoost,70.14910125732422,63.87458038330078,6.2745208740234375
WTI Oil,Com_CrudeOil,tscv,16,2024-12-30,2,PatchTST,XGBoost,72.57513427734375,71.3453598022461,1.2297744750976562
WTI Oil,Com_CrudeOil,tscv,16,2025-01-06,3,PatchTST,XGBoost,74.95950317382812,66.1335220336914,8.825981140136719
WTI Oil,Com_CrudeOil,tscv,16,2025-01-13,4,PatchTST,XGBoost,78.02933502197266,68.4156494140625,9.613685607910156
WTI Oil,Com_CrudeOil,tscv,16,2025-01-20,5,PatchTST,XGBoost,75.17753601074219,68.4328384399414,6.744697570800781
WTI Oil,Com_CrudeOil,tscv,16,2025-01-27,6,PatchTST,XGBoost,73.03900146484375,72.71434783935547,0.32465362548828125
WTI Oil,Com_CrudeOil,tscv,16,2025-02-03,7,PatchTST,XGBoost,71.66098022460938,68.14383697509766,3.5171432495117188
WTI Oil,Com_CrudeOil,tscv,16,2025-02-10,8,PatchTST,XGBoost,71.62548065185547,64.89762115478516,6.7278594970703125
WTI Oil,Com_CrudeOil,tscv,16,2025-02-17,9,PatchTST,XGBoost,71.43208312988281,67.40653228759766,4.025550842285156
WTI Oil,Com_CrudeOil,tscv,16,2025-02-24,10,PatchTST,XGBoost,69.6719970703125,69.03966522216797,0.6323318481445312
WTI Oil,Com_CrudeOil,tscv,16,2025-03-03,11,PatchTST,XGBoost,67.26799774169922,66.9638442993164,0.3041534423828125
WTI Oil,Com_CrudeOil,tscv,16,2025-03-10,12,PatchTST,XGBoost,66.92066955566406,73.67440032958984,-6.753730773925781
WTI Oil,Com_CrudeOil,tscv,16,2024-12-23,1,PatchTST,LightGBM,70.14910125732422,65.07744598388672,5.0716552734375
WTI Oil,Com_CrudeOil,tscv,16,2024-12-30,2,PatchTST,LightGBM,72.57513427734375,71.38504791259766,1.1900863647460938
WTI Oil,Com_CrudeOil,tscv,16,2025-01-06,3,PatchTST,LightGBM,74.95950317382812,66.55924224853516,8.400260925292969
WTI Oil,Com_CrudeOil,tscv,16,2025-01-13,4,PatchTST,LightGBM,78.02933502197266,68.35721588134766,9.672119140625
WTI Oil,Com_CrudeOil,tscv,16,2025-01-20,5,PatchTST,LightGBM,75.17753601074219,69.1875228881836,5.990013122558594
WTI Oil,Com_CrudeOil,tscv,16,2025-01-27,6,PatchTST,LightGBM,73.03900146484375,73.38272094726562,-0.343719482421875
WTI Oil,Com_CrudeOil,tscv,16,2025-02-03,7,PatchTST,LightGBM,71.66098022460938,68.70487976074219,2.9561004638671875
WTI Oil,Com_CrudeOil,tscv,16,2025-02-10,8,PatchTST,LightGBM,71.62548065185547,66.6899642944336,4.935516357421875
WTI Oil,Com_CrudeOil,tscv,16,2025-02-17,9,PatchTST,LightGBM,71.43208312988281,68.91671752929688,2.5153656005859375
WTI Oil,Com_CrudeOil,tscv,16,2025-02-24,10,PatchTST,LightGBM,69.6719970703125,70.15904998779297,-0.48705291748046875
WTI Oil,Com_CrudeOil,tscv,16,2025-03-03,11,PatchTST,LightGBM,67.26799774169922,67.95950317382812,-0.6915054321289062
WTI Oil,Com_CrudeOil,tscv,16,2025-03-10,12,PatchTST,LightGBM,66.92066955566406,74.91109466552734,-7.990425109863281
WTI Oil,Com_CrudeOil,tscv,17,2025-01-20,1,PatchTST,-,75.17753601074219,65.11738586425781,10.060150146484375
WTI Oil,Com_CrudeOil,tscv,17,2025-01-27,2,PatchTST,-,73.03900146484375,68.8332290649414,4.205772399902344
WTI Oil,Com_CrudeOil,tscv,17,2025-02-03,3,PatchTST,-,71.66098022460938,70.83253479003906,0.8284454345703125
WTI Oil,Com_CrudeOil,tscv,17,2025-02-10,4,PatchTST,-,71.62548065185547,65.52069854736328,6.1047821044921875
WTI Oil,Com_CrudeOil,tscv,17,2025-02-17,5,PatchTST,-,71.43208312988281,64.70574188232422,6.726341247558594
WTI Oil,Com_CrudeOil,tscv,17,2025-02-24,6,PatchTST,-,69.6719970703125,67.91632843017578,1.7556686401367188
WTI Oil,Com_CrudeOil,tscv,17,2025-03-03,7,PatchTST,-,67.26799774169922,67.37284851074219,-0.10485076904296875
WTI Oil,Com_CrudeOil,tscv,17,2025-03-10,8,PatchTST,-,66.92066955566406,64.59049224853516,2.3301773071289062
WTI Oil,Com_CrudeOil,tscv,17,2025-03-17,9,PatchTST,-,67.67898559570312,65.47177124023438,2.20721435546875
WTI Oil,Com_CrudeOil,tscv,17,2025-03-24,10,PatchTST,-,69.34062957763672,71.53282928466797,-2.19219970703125
WTI Oil,Com_CrudeOil,tscv,17,2025-03-31,11,PatchTST,-,66.51853942871094,65.11210632324219,1.40643310546875
WTI Oil,Com_CrudeOil,tscv,17,2025-04-07,12,PatchTST,-,60.9921875,69.02387237548828,-8.031684875488281
WTI Oil,Com_CrudeOil,tscv,17,2025-01-20,1,PatchTST,NLinear,75.17753601074219,75.14744567871094,0.03009033203125
WTI Oil,Com_CrudeOil,tscv,17,2025-01-27,2,PatchTST,NLinear,73.03900146484375,77.88262176513672,-4.843620300292969
WTI Oil,Com_CrudeOil,tscv,17,2025-02-03,3,PatchTST,NLinear,71.66098022460938,78.03709411621094,-6.3761138916015625
WTI Oil,Com_CrudeOil,tscv,17,2025-02-10,4,PatchTST,NLinear,71.62548065185547,72.58113098144531,-0.9556503295898438
WTI Oil,Com_CrudeOil,tscv,17,2025-02-17,5,PatchTST,NLinear,71.43208312988281,71.34969329833984,0.08238983154296875
WTI Oil,Com_CrudeOil,tscv,17,2025-02-24,6,PatchTST,NLinear,69.6719970703125,73.77371978759766,-4.101722717285156
WTI Oil,Com_CrudeOil,tscv,17,2025-03-03,7,PatchTST,NLinear,67.26799774169922,72.36321258544922,-5.09521484375
WTI Oil,Com_CrudeOil,tscv,17,2025-03-10,8,PatchTST,NLinear,66.92066955566406,69.22312927246094,-2.302459716796875
WTI Oil,Com_CrudeOil,tscv,17,2025-03-17,9,PatchTST,NLinear,67.67898559570312,69.48240661621094,-1.8034210205078125
WTI Oil,Com_CrudeOil,tscv,17,2025-03-24,10,PatchTST,NLinear,69.34062957763672,75.31778717041016,-5.9771575927734375
WTI Oil,Com_CrudeOil,tscv,17,2025-03-31,11,PatchTST,NLinear,66.51853942871094,67.22615814208984,-0.7076187133789062
WTI Oil,Com_CrudeOil,tscv,17,2025-04-07,12,PatchTST,NLinear,60.9921875,71.08092498779297,-10.088737487792969
WTI Oil,Com_CrudeOil,tscv,17,2025-01-20,1,PatchTST,XGBoost,75.17753601074219,65.85875701904297,9.318778991699219
WTI Oil,Com_CrudeOil,tscv,17,2025-01-27,2,PatchTST,XGBoost,73.03900146484375,67.48619842529297,5.552803039550781
WTI Oil,Com_CrudeOil,tscv,17,2025-02-03,3,PatchTST,XGBoost,71.66098022460938,69.70695495605469,1.9540252685546875
WTI Oil,Com_CrudeOil,tscv,17,2025-02-10,4,PatchTST,XGBoost,71.62548065185547,64.84075164794922,6.78472900390625
WTI Oil,Com_CrudeOil,tscv,17,2025-02-17,5,PatchTST,XGBoost,71.43208312988281,63.88330841064453,7.548774719238281
WTI Oil,Com_CrudeOil,tscv,17,2025-02-24,6,PatchTST,XGBoost,69.6719970703125,67.01065826416016,2.6613388061523438
WTI Oil,Com_CrudeOil,tscv,17,2025-03-03,7,PatchTST,XGBoost,67.26799774169922,66.50714111328125,0.7608566284179688
WTI Oil,Com_CrudeOil,tscv,17,2025-03-10,8,PatchTST,XGBoost,66.92066955566406,63.92819595336914,2.992473602294922
WTI Oil,Com_CrudeOil,tscv,17,2025-03-17,9,PatchTST,XGBoost,67.67898559570312,64.70116424560547,2.9778213500976562
WTI Oil,Com_CrudeOil,tscv,17,2025-03-24,10,PatchTST,XGBoost,69.34062957763672,70.98579406738281,-1.6451644897460938
WTI Oil,Com_CrudeOil,tscv,17,2025-03-31,11,PatchTST,XGBoost,66.51853942871094,64.48884582519531,2.029693603515625
WTI Oil,Com_CrudeOil,tscv,17,2025-04-07,12,PatchTST,XGBoost,60.9921875,68.33396911621094,-7.3417816162109375
WTI Oil,Com_CrudeOil,tscv,17,2025-01-20,1,PatchTST,LightGBM,75.17753601074219,66.83890533447266,8.338630676269531
WTI Oil,Com_CrudeOil,tscv,17,2025-01-27,2,PatchTST,LightGBM,73.03900146484375,68.33334350585938,4.705657958984375
WTI Oil,Com_CrudeOil,tscv,17,2025-02-03,3,PatchTST,LightGBM,71.66098022460938,70.43433380126953,1.2266464233398438
WTI Oil,Com_CrudeOil,tscv,17,2025-02-10,4,PatchTST,LightGBM,71.62548065185547,65.260498046875,6.364982604980469
WTI Oil,Com_CrudeOil,tscv,17,2025-02-17,5,PatchTST,LightGBM,71.43208312988281,64.31356811523438,7.1185150146484375
WTI Oil,Com_CrudeOil,tscv,17,2025-02-24,6,PatchTST,LightGBM,69.6719970703125,66.74494934082031,2.9270477294921875
WTI Oil,Com_CrudeOil,tscv,17,2025-03-03,7,PatchTST,LightGBM,67.26799774169922,67.0929946899414,0.1750030517578125
WTI Oil,Com_CrudeOil,tscv,17,2025-03-10,8,PatchTST,LightGBM,66.92066955566406,64.27457427978516,2.6460952758789062
WTI Oil,Com_CrudeOil,tscv,17,2025-03-17,9,PatchTST,LightGBM,67.67898559570312,64.7684555053711,2.9105300903320312
WTI Oil,Com_CrudeOil,tscv,17,2025-03-24,10,PatchTST,LightGBM,69.34062957763672,70.66793823242188,-1.3273086547851562
WTI Oil,Com_CrudeOil,tscv,17,2025-03-31,11,PatchTST,LightGBM,66.51853942871094,64.2791976928711,2.2393417358398438
WTI Oil,Com_CrudeOil,tscv,17,2025-04-07,12,PatchTST,LightGBM,60.9921875,69.09294128417969,-8.100753784179688
WTI Oil,Com_CrudeOil,tscv,18,2025-02-17,1,PatchTST,-,71.43208312988281,61.19026184082031,10.2418212890625
WTI Oil,Com_CrudeOil,tscv,18,2025-02-24,2,PatchTST,-,69.6719970703125,61.32149887084961,8.35049819946289
WTI Oil,Com_CrudeOil,tscv,18,2025-03-03,3,PatchTST,-,67.26799774169922,60.89117431640625,6.376823425292969
WTI Oil,Com_CrudeOil,tscv,18,2025-03-10,4,PatchTST,-,66.92066955566406,64.55077362060547,2.3698959350585938
WTI Oil,Com_CrudeOil,tscv,18,2025-03-17,5,PatchTST,-,67.67898559570312,61.34142303466797,6.337562561035156
WTI Oil,Com_CrudeOil,tscv,18,2025-03-24,6,PatchTST,-,69.34062957763672,57.59415817260742,11.746471405029297
WTI Oil,Com_CrudeOil,tscv,18,2025-03-31,7,PatchTST,-,66.51853942871094,62.32518768310547,4.193351745605469
WTI Oil,Com_CrudeOil,tscv,18,2025-04-07,8,PatchTST,-,60.9921875,58.864906311035156,2.1272811889648438
WTI Oil,Com_CrudeOil,tscv,18,2025-04-14,9,PatchTST,-,63.110198974609375,57.254066467285156,5.856132507324219
WTI Oil,Com_CrudeOil,tscv,18,2025-04-21,10,PatchTST,-,62.90476989746094,59.74631118774414,3.158458709716797
WTI Oil,Com_CrudeOil,tscv,18,2025-04-28,11,PatchTST,-,58.91098403930664,57.211578369140625,1.6994056701660156
WTI Oil,Com_CrudeOil,tscv,18,2025-05-05,12,PatchTST,-,59.65278625488281,57.51887512207031,2.1339111328125
WTI Oil,Com_CrudeOil,tscv,18,2025-02-17,1,PatchTST,NLinear,71.43208312988281,70.4372787475586,0.9948043823242188
WTI Oil,Com_CrudeOil,tscv,18,2025-02-24,2,PatchTST,NLinear,69.6719970703125,70.27867126464844,-0.6066741943359375
WTI Oil,Com_CrudeOil,tscv,18,2025-03-03,3,PatchTST,NLinear,67.26799774169922,69.5504150390625,-2.2824172973632812
WTI Oil,Com_CrudeOil,tscv,18,2025-03-10,4,PatchTST,NLinear,66.92066955566406,73.29109191894531,-6.37042236328125
WTI Oil,Com_CrudeOil,tscv,18,2025-03-17,5,PatchTST,NLinear,67.67898559570312,70.22666931152344,-2.5476837158203125
WTI Oil,Com_CrudeOil,tscv,18,2025-03-24,6,PatchTST,NLinear,69.34062957763672,67.15990447998047,2.18072509765625
WTI Oil,Com_CrudeOil,tscv,18,2025-03-31,7,PatchTST,NLinear,66.51853942871094,71.83356475830078,-5.315025329589844
WTI Oil,Com_CrudeOil,tscv,18,2025-04-07,8,PatchTST,NLinear,60.9921875,68.72926330566406,-7.7370758056640625
WTI Oil,Com_CrudeOil,tscv,18,2025-04-14,9,PatchTST,NLinear,63.110198974609375,67.8177490234375,-4.707550048828125
WTI Oil,Com_CrudeOil,tscv,18,2025-04-21,10,PatchTST,NLinear,62.90476989746094,70.46669006347656,-7.561920166015625
WTI Oil,Com_CrudeOil,tscv,18,2025-04-28,11,PatchTST,NLinear,58.91098403930664,67.87144470214844,-8.960460662841797
WTI Oil,Com_CrudeOil,tscv,18,2025-05-05,12,PatchTST,NLinear,59.65278625488281,68.4331283569336,-8.780342102050781
WTI Oil,Com_CrudeOil,tscv,18,2025-02-17,1,PatchTST,XGBoost,71.43208312988281,68.07504272460938,3.3570404052734375
WTI Oil,Com_CrudeOil,tscv,18,2025-02-24,2,PatchTST,XGBoost,69.6719970703125,67.31805419921875,2.35394287109375
WTI Oil,Com_CrudeOil,tscv,18,2025-03-03,3,PatchTST,XGBoost,67.26799774169922,65.87223815917969,1.3957595825195312
WTI Oil,Com_CrudeOil,tscv,18,2025-03-10,4,PatchTST,XGBoost,66.92066955566406,69.51507568359375,-2.5944061279296875
WTI Oil,Com_CrudeOil,tscv,18,2025-03-17,5,PatchTST,XGBoost,67.67898559570312,65.4863052368164,2.1926803588867188
WTI Oil,Com_CrudeOil,tscv,18,2025-03-24,6,PatchTST,XGBoost,69.34062957763672,62.891536712646484,6.449092864990234
WTI Oil,Com_CrudeOil,tscv,18,2025-03-31,7,PatchTST,XGBoost,66.51853942871094,66.90900421142578,-0.39046478271484375
WTI Oil,Com_CrudeOil,tscv,18,2025-04-07,8,PatchTST,XGBoost,60.9921875,62.37390899658203,-1.3817214965820312
WTI Oil,Com_CrudeOil,tscv,18,2025-04-14,9,PatchTST,XGBoost,63.110198974609375,61.38957977294922,1.7206192016601562
WTI Oil,Com_CrudeOil,tscv,18,2025-04-21,10,PatchTST,XGBoost,62.90476989746094,64.43677520751953,-1.5320053100585938
WTI Oil,Com_CrudeOil,tscv,18,2025-04-28,11,PatchTST,XGBoost,58.91098403930664,61.10182189941406,-2.190837860107422
WTI Oil,Com_CrudeOil,tscv,18,2025-05-05,12,PatchTST,XGBoost,59.65278625488281,60.58425521850586,-0.9314689636230469
WTI Oil,Com_CrudeOil,tscv,18,2025-02-17,1,PatchTST,LightGBM,71.43208312988281,69.9886245727539,1.4434585571289062
WTI Oil,Com_CrudeOil,tscv,18,2025-02-24,2,PatchTST,LightGBM,69.6719970703125,70.48439025878906,-0.8123931884765625
WTI Oil,Com_CrudeOil,tscv,18,2025-03-03,3,PatchTST,LightGBM,67.26799774169922,69.61820983886719,-2.3502120971679688
WTI Oil,Com_CrudeOil,tscv,18,2025-03-10,4,PatchTST,LightGBM,66.92066955566406,73.41812133789062,-6.4974517822265625
WTI Oil,Com_CrudeOil,tscv,18,2025-03-17,5,PatchTST,LightGBM,67.67898559570312,69.61326599121094,-1.9342803955078125
WTI Oil,Com_CrudeOil,tscv,18,2025-03-24,6,PatchTST,LightGBM,69.34062957763672,65.223876953125,4.116752624511719
WTI Oil,Com_CrudeOil,tscv,18,2025-03-31,7,PatchTST,LightGBM,66.51853942871094,69.08854675292969,-2.57000732421875
WTI Oil,Com_CrudeOil,tscv,18,2025-04-07,8,PatchTST,LightGBM,60.9921875,64.36346435546875,-3.37127685546875
WTI Oil,Com_CrudeOil,tscv,18,2025-04-14,9,PatchTST,LightGBM,63.110198974609375,62.87275314331055,0.23744583129882812
WTI Oil,Com_CrudeOil,tscv,18,2025-04-21,10,PatchTST,LightGBM,62.90476989746094,65.49162292480469,-2.58685302734375
WTI Oil,Com_CrudeOil,tscv,18,2025-04-28,11,PatchTST,LightGBM,58.91098403930664,62.137054443359375,-3.2260704040527344
WTI Oil,Com_CrudeOil,tscv,18,2025-05-05,12,PatchTST,LightGBM,59.65278625488281,62.26689147949219,-2.614105224609375
WTI Oil,Com_CrudeOil,tscv,19,2025-03-17,1,PatchTST,-,67.67898559570312,70.06580352783203,-2.3868179321289062
WTI Oil,Com_CrudeOil,tscv,19,2025-03-24,2,PatchTST,-,69.34062957763672,69.56703186035156,-0.22640228271484375
WTI Oil,Com_CrudeOil,tscv,19,2025-03-31,3,PatchTST,-,66.51853942871094,73.4522476196289,-6.933708190917969
WTI Oil,Com_CrudeOil,tscv,19,2025-04-07,4,PatchTST,-,60.9921875,68.8653793334961,-7.873191833496094
WTI Oil,Com_CrudeOil,tscv,19,2025-04-14,5,PatchTST,-,63.110198974609375,74.03577423095703,-10.925575256347656
WTI Oil,Com_CrudeOil,tscv,19,2025-04-21,6,PatchTST,-,62.90476989746094,68.13262176513672,-5.227851867675781
WTI Oil,Com_CrudeOil,tscv,19,2025-04-28,7,PatchTST,-,58.91098403930664,67.79313659667969,-8.882152557373047
WTI Oil,Com_CrudeOil,tscv,19,2025-05-05,8,PatchTST,-,59.65278625488281,70.29084777832031,-10.6380615234375
WTI Oil,Com_CrudeOil,tscv,19,2025-05-12,9,PatchTST,-,62.43055725097656,70.19234466552734,-7.761787414550781
WTI Oil,Com_CrudeOil,tscv,19,2025-05-19,10,PatchTST,-,61.70574188232422,70.74658203125,-9.040840148925781
WTI Oil,Com_CrudeOil,tscv,19,2025-05-26,11,PatchTST,-,61.3050422668457,75.30731964111328,-14.002277374267578
WTI Oil,Com_CrudeOil,tscv,19,2025-06-02,12,PatchTST,-,63.6950569152832,67.68099212646484,-3.9859352111816406
WTI Oil,Com_CrudeOil,tscv,19,2025-03-17,1,PatchTST,NLinear,67.67898559570312,65.69635009765625,1.982635498046875
WTI Oil,Com_CrudeOil,tscv,19,2025-03-24,2,PatchTST,NLinear,69.34062957763672,66.57418823242188,2.7664413452148438
WTI Oil,Com_CrudeOil,tscv,19,2025-03-31,3,PatchTST,NLinear,66.51853942871094,71.0992660522461,-4.580726623535156
WTI Oil,Com_CrudeOil,tscv,19,2025-04-07,4,PatchTST,NLinear,60.9921875,66.58985900878906,-5.5976715087890625
WTI Oil,Com_CrudeOil,tscv,19,2025-04-14,5,PatchTST,NLinear,63.110198974609375,71.83194732666016,-8.721748352050781
WTI Oil,Com_CrudeOil,tscv,19,2025-04-21,6,PatchTST,NLinear,62.90476989746094,66.50879669189453,-3.6040267944335938
WTI Oil,Com_CrudeOil,tscv,19,2025-04-28,7,PatchTST,NLinear,58.91098403930664,66.53407287597656,-7.623088836669922
WTI Oil,Com_CrudeOil,tscv,19,2025-05-05,8,PatchTST,NLinear,59.65278625488281,70.42391967773438,-10.771133422851562
WTI Oil,Com_CrudeOil,tscv,19,2025-05-12,9,PatchTST,NLinear,62.43055725097656,70.90037536621094,-8.469818115234375
WTI Oil,Com_CrudeOil,tscv,19,2025-05-19,10,PatchTST,NLinear,61.70574188232422,72.62338256835938,-10.917640686035156
WTI Oil,Com_CrudeOil,tscv,19,2025-05-26,11,PatchTST,NLinear,61.3050422668457,77.86506652832031,-16.56002426147461
WTI Oil,Com_CrudeOil,tscv,19,2025-06-02,12,PatchTST,NLinear,63.6950569152832,70.75811004638672,-7.063053131103516
WTI Oil,Com_CrudeOil,tscv,19,2025-03-17,1,PatchTST,XGBoost,67.67898559570312,63.543155670166016,4.135829925537109
WTI Oil,Com_CrudeOil,tscv,19,2025-03-24,2,PatchTST,XGBoost,69.34062957763672,63.30181121826172,6.038818359375
WTI Oil,Com_CrudeOil,tscv,19,2025-03-31,3,PatchTST,XGBoost,66.51853942871094,67.1806869506836,-0.6621475219726562
WTI Oil,Com_CrudeOil,tscv,19,2025-04-07,4,PatchTST,XGBoost,60.9921875,63.338932037353516,-2.3467445373535156
WTI Oil,Com_CrudeOil,tscv,19,2025-04-14,5,PatchTST,XGBoost,63.110198974609375,67.90160369873047,-4.791404724121094
WTI Oil,Com_CrudeOil,tscv,19,2025-04-21,6,PatchTST,XGBoost,62.90476989746094,62.22865295410156,0.676116943359375
WTI Oil,Com_CrudeOil,tscv,19,2025-04-28,7,PatchTST,XGBoost,58.91098403930664,62.730384826660156,-3.8194007873535156
WTI Oil,Com_CrudeOil,tscv,19,2025-05-05,8,PatchTST,XGBoost,59.65278625488281,64.94407653808594,-5.291290283203125
WTI Oil,Com_CrudeOil,tscv,19,2025-05-12,9,PatchTST,XGBoost,62.43055725097656,64.11222839355469,-1.681671142578125
WTI Oil,Com_CrudeOil,tscv,19,2025-05-19,10,PatchTST,XGBoost,61.70574188232422,64.87789154052734,-3.172149658203125
WTI Oil,Com_CrudeOil,tscv,19,2025-05-26,11,PatchTST,XGBoost,61.3050422668457,70.22154998779297,-8.916507720947266
WTI Oil,Com_CrudeOil,tscv,19,2025-06-02,12,PatchTST,XGBoost,63.6950569152832,62.5469856262207,1.1480712890625
WTI Oil,Com_CrudeOil,tscv,19,2025-03-17,1,PatchTST,LightGBM,67.67898559570312,64.57499694824219,3.1039886474609375
WTI Oil,Com_CrudeOil,tscv,19,2025-03-24,2,PatchTST,LightGBM,69.34062957763672,65.48990631103516,3.8507232666015625
WTI Oil,Com_CrudeOil,tscv,19,2025-03-31,3,PatchTST,LightGBM,66.51853942871094,71.0100326538086,-4.491493225097656
WTI Oil,Com_CrudeOil,tscv,19,2025-04-07,4,PatchTST,LightGBM,60.9921875,66.71611785888672,-5.723930358886719
WTI Oil,Com_CrudeOil,tscv,19,2025-04-14,5,PatchTST,LightGBM,63.110198974609375,72.43843841552734,-9.328239440917969
WTI Oil,Com_CrudeOil,tscv,19,2025-04-21,6,PatchTST,LightGBM,62.90476989746094,67.3589859008789,-4.454216003417969
WTI Oil,Com_CrudeOil,tscv,19,2025-04-28,7,PatchTST,LightGBM,58.91098403930664,66.34846496582031,-7.437480926513672
WTI Oil,Com_CrudeOil,tscv,19,2025-05-05,8,PatchTST,LightGBM,59.65278625488281,70.4458236694336,-10.793037414550781
WTI Oil,Com_CrudeOil,tscv,19,2025-05-12,9,PatchTST,LightGBM,62.43055725097656,68.93595123291016,-6.505393981933594
WTI Oil,Com_CrudeOil,tscv,19,2025-05-19,10,PatchTST,LightGBM,61.70574188232422,70.1705551147461,-8.464813232421875
WTI Oil,Com_CrudeOil,tscv,19,2025-05-26,11,PatchTST,LightGBM,61.3050422668457,74.4359130859375,-13.130870819091797
WTI Oil,Com_CrudeOil,tscv,19,2025-06-02,12,PatchTST,LightGBM,63.6950569152832,66.91241455078125,-3.217357635498047
WTI Oil,Com_CrudeOil,tscv,20,2025-04-14,1,PatchTST,-,63.110198974609375,72.23066711425781,-9.120468139648438
WTI Oil,Com_CrudeOil,tscv,20,2025-04-21,2,PatchTST,-,62.90476989746094,72.95222473144531,-10.047454833984375
WTI Oil,Com_CrudeOil,tscv,20,2025-04-28,3,PatchTST,-,58.91098403930664,74.54784393310547,-15.636859893798828
WTI Oil,Com_CrudeOil,tscv,20,2025-05-05,4,PatchTST,-,59.65278625488281,69.79794311523438,-10.145156860351562
WTI Oil,Com_CrudeOil,tscv,20,2025-05-12,5,PatchTST,-,62.43055725097656,73.38078308105469,-10.950225830078125
WTI Oil,Com_CrudeOil,tscv,20,2025-05-19,6,PatchTST,-,61.70574188232422,73.757568359375,-12.051826477050781
WTI Oil,Com_CrudeOil,tscv,20,2025-05-26,7,PatchTST,-,61.3050422668457,73.45094299316406,-12.14590072631836
WTI Oil,Com_CrudeOil,tscv,20,2025-06-02,8,PatchTST,-,63.6950569152832,74.9107666015625,-11.215709686279297
WTI Oil,Com_CrudeOil,tscv,20,2025-06-09,9,PatchTST,-,69.44467163085938,75.76014709472656,-6.3154754638671875
WTI Oil,Com_CrudeOil,tscv,20,2025-06-16,10,PatchTST,-,73.4095687866211,78.58159637451172,-5.172027587890625
WTI Oil,Com_CrudeOil,tscv,20,2025-06-23,11,PatchTST,-,65.62223052978516,76.66365051269531,-11.041419982910156
WTI Oil,Com_CrudeOil,tscv,20,2025-06-30,12,PatchTST,-,66.21095275878906,72.11822509765625,-5.9072723388671875
WTI Oil,Com_CrudeOil,tscv,20,2025-04-14,1,PatchTST,NLinear,63.110198974609375,60.770782470703125,2.33941650390625
WTI Oil,Com_CrudeOil,tscv,20,2025-04-21,2,PatchTST,NLinear,62.90476989746094,62.81203842163086,0.09273147583007812
WTI Oil,Com_CrudeOil,tscv,20,2025-04-28,3,PatchTST,NLinear,58.91098403930664,64.5289306640625,-5.617946624755859
WTI Oil,Com_CrudeOil,tscv,20,2025-05-05,4,PatchTST,NLinear,59.65278625488281,59.857200622558594,-0.20441436767578125
WTI Oil,Com_CrudeOil,tscv,20,2025-05-12,5,PatchTST,NLinear,62.43055725097656,62.40025329589844,0.030303955078125
WTI Oil,Com_CrudeOil,tscv,20,2025-05-19,6,PatchTST,NLinear,61.70574188232422,62.3936767578125,-0.6879348754882812
WTI Oil,Com_CrudeOil,tscv,20,2025-05-26,7,PatchTST,NLinear,61.3050422668457,61.119285583496094,0.18575668334960938
WTI Oil,Com_CrudeOil,tscv,20,2025-06-02,8,PatchTST,NLinear,63.6950569152832,63.968902587890625,-0.2738456726074219
WTI Oil,Com_CrudeOil,tscv,20,2025-06-09,9,PatchTST,NLinear,69.44467163085938,65.1380844116211,4.306587219238281
WTI Oil,Com_CrudeOil,tscv,20,2025-06-16,10,PatchTST,NLinear,73.4095687866211,66.99522399902344,6.414344787597656
WTI Oil,Com_CrudeOil,tscv,20,2025-06-23,11,PatchTST,NLinear,65.62223052978516,65.66240692138672,-0.0401763916015625
WTI Oil,Com_CrudeOil,tscv,20,2025-06-30,12,PatchTST,NLinear,66.21095275878906,60.68883514404297,5.522117614746094
WTI Oil,Com_CrudeOil,tscv,20,2025-04-14,1,PatchTST,XGBoost,63.110198974609375,61.75783157348633,1.3523674011230469
WTI Oil,Com_CrudeOil,tscv,20,2025-04-21,2,PatchTST,XGBoost,62.90476989746094,62.69513702392578,0.20963287353515625
WTI Oil,Com_CrudeOil,tscv,20,2025-04-28,3,PatchTST,XGBoost,58.91098403930664,65.07505798339844,-6.164073944091797
WTI Oil,Com_CrudeOil,tscv,20,2025-05-05,4,PatchTST,XGBoost,59.65278625488281,61.24578094482422,-1.5929946899414062
WTI Oil,Com_CrudeOil,tscv,20,2025-05-12,5,PatchTST,XGBoost,62.43055725097656,66.21058654785156,-3.780029296875
WTI Oil,Com_CrudeOil,tscv,20,2025-05-19,6,PatchTST,XGBoost,61.70574188232422,68.1723861694336,-6.466644287109375
WTI Oil,Com_CrudeOil,tscv,20,2025-05-26,7,PatchTST,XGBoost,61.3050422668457,69.38987731933594,-8.084835052490234
WTI Oil,Com_CrudeOil,tscv,20,2025-06-02,8,PatchTST,XGBoost,63.6950569152832,70.63595581054688,-6.940898895263672
WTI Oil,Com_CrudeOil,tscv,20,2025-06-09,9,PatchTST,XGBoost,69.44467163085938,70.92806243896484,-1.4833908081054688
WTI Oil,Com_CrudeOil,tscv,20,2025-06-16,10,PatchTST,XGBoost,73.4095687866211,74.3215560913086,-0.9119873046875
WTI Oil,Com_CrudeOil,tscv,20,2025-06-23,11,PatchTST,XGBoost,65.62223052978516,72.83065795898438,-7.208427429199219
WTI Oil,Com_CrudeOil,tscv,20,2025-06-30,12,PatchTST,XGBoost,66.21095275878906,67.8587417602539,-1.6477890014648438
WTI Oil,Com_CrudeOil,tscv,20,2025-04-14,1,PatchTST,LightGBM,63.110198974609375,60.821189880371094,2.2890090942382812
WTI Oil,Com_CrudeOil,tscv,20,2025-04-21,2,PatchTST,LightGBM,62.90476989746094,61.82607650756836,1.0786933898925781
WTI Oil,Com_CrudeOil,tscv,20,2025-04-28,3,PatchTST,LightGBM,58.91098403930664,65.33634185791016,-6.425357818603516
WTI Oil,Com_CrudeOil,tscv,20,2025-05-05,4,PatchTST,LightGBM,59.65278625488281,60.912879943847656,-1.2600936889648438
WTI Oil,Com_CrudeOil,tscv,20,2025-05-12,5,PatchTST,LightGBM,62.43055725097656,64.03265380859375,-1.6020965576171875
WTI Oil,Com_CrudeOil,tscv,20,2025-05-19,6,PatchTST,LightGBM,61.70574188232422,64.197509765625,-2.4917678833007812
WTI Oil,Com_CrudeOil,tscv,20,2025-05-26,7,PatchTST,LightGBM,61.3050422668457,64.5938720703125,-3.288829803466797
WTI Oil,Com_CrudeOil,tscv,20,2025-06-02,8,PatchTST,LightGBM,63.6950569152832,66.35018920898438,-2.655132293701172
WTI Oil,Com_CrudeOil,tscv,20,2025-06-09,9,PatchTST,LightGBM,69.44467163085938,68.88987731933594,0.5547943115234375
WTI Oil,Com_CrudeOil,tscv,20,2025-06-16,10,PatchTST,LightGBM,73.4095687866211,71.53230285644531,1.8772659301757812
WTI Oil,Com_CrudeOil,tscv,20,2025-06-23,11,PatchTST,LightGBM,65.62223052978516,71.2874526977539,-5.66522216796875
WTI Oil,Com_CrudeOil,tscv,20,2025-06-30,12,PatchTST,LightGBM,66.21095275878906,66.68476104736328,-0.47380828857421875
WTI Oil,Com_CrudeOil,tscv,21,2025-05-12,1,PatchTST,-,62.43055725097656,54.93720245361328,7.493354797363281
WTI Oil,Com_CrudeOil,tscv,21,2025-05-19,2,PatchTST,-,61.70574188232422,54.446197509765625,7.259544372558594
WTI Oil,Com_CrudeOil,tscv,21,2025-05-26,3,PatchTST,-,61.3050422668457,56.4276123046875,4.877429962158203
WTI Oil,Com_CrudeOil,tscv,21,2025-06-02,4,PatchTST,-,63.6950569152832,56.99082946777344,6.704227447509766
WTI Oil,Com_CrudeOil,tscv,21,2025-06-09,5,PatchTST,-,69.44467163085938,53.04816436767578,16.396507263183594
WTI Oil,Com_CrudeOil,tscv,21,2025-06-16,6,PatchTST,-,73.4095687866211,51.08652877807617,22.323040008544922
WTI Oil,Com_CrudeOil,tscv,21,2025-06-23,7,PatchTST,-,65.62223052978516,54.27459716796875,11.347633361816406
WTI Oil,Com_CrudeOil,tscv,21,2025-06-30,8,PatchTST,-,66.21095275878906,58.661739349365234,7.549213409423828
WTI Oil,Com_CrudeOil,tscv,21,2025-07-07,9,PatchTST,-,68.04521942138672,58.84159469604492,9.203624725341797
WTI Oil,Com_CrudeOil,tscv,21,2025-07-14,10,PatchTST,-,66.42243194580078,57.968746185302734,8.453685760498047
WTI Oil,Com_CrudeOil,tscv,21,2025-07-21,11,PatchTST,-,65.51323699951172,60.21650695800781,5.296730041503906
WTI Oil,Com_CrudeOil,tscv,21,2025-07-28,12,PatchTST,-,68.28096771240234,59.657527923583984,8.62343978881836
WTI Oil,Com_CrudeOil,tscv,21,2025-05-12,1,PatchTST,NLinear,62.43055725097656,56.23594665527344,6.194610595703125
WTI Oil,Com_CrudeOil,tscv,21,2025-05-19,2,PatchTST,NLinear,61.70574188232422,58.15967559814453,3.5460662841796875
WTI Oil,Com_CrudeOil,tscv,21,2025-05-26,3,PatchTST,NLinear,61.3050422668457,60.836605072021484,0.46843719482421875
WTI Oil,Com_CrudeOil,tscv,21,2025-06-02,4,PatchTST,NLinear,63.6950569152832,61.958065032958984,1.7369918823242188
WTI Oil,Com_CrudeOil,tscv,21,2025-06-09,5,PatchTST,NLinear,69.44467163085938,57.63374710083008,11.810924530029297
WTI Oil,Com_CrudeOil,tscv,21,2025-06-16,6,PatchTST,NLinear,73.4095687866211,55.5799446105957,17.82962417602539
WTI Oil,Com_CrudeOil,tscv,21,2025-06-23,7,PatchTST,NLinear,65.62223052978516,58.72877883911133,6.893451690673828
WTI Oil,Com_CrudeOil,tscv,21,2025-06-30,8,PatchTST,NLinear,66.21095275878906,62.46800994873047,3.7429428100585938
WTI Oil,Com_CrudeOil,tscv,21,2025-07-07,9,PatchTST,NLinear,68.04521942138672,62.68635940551758,5.358860015869141
WTI Oil,Com_CrudeOil,tscv,21,2025-07-14,10,PatchTST,NLinear,66.42243194580078,62.13157272338867,4.290859222412109
WTI Oil,Com_CrudeOil,tscv,21,2025-07-21,11,PatchTST,NLinear,65.51323699951172,64.38929748535156,1.1239395141601562
WTI Oil,Com_CrudeOil,tscv,21,2025-07-28,12,PatchTST,NLinear,68.28096771240234,63.96751403808594,4.313453674316406
WTI Oil,Com_CrudeOil,tscv,21,2025-05-12,1,PatchTST,XGBoost,62.43055725097656,53.26985168457031,9.16070556640625
WTI Oil,Com_CrudeOil,tscv,21,2025-05-19,2,PatchTST,XGBoost,61.70574188232422,52.847686767578125,8.858055114746094
WTI Oil,Com_CrudeOil,tscv,21,2025-05-26,3,PatchTST,XGBoost,61.3050422668457,54.53456115722656,6.770481109619141
WTI Oil,Com_CrudeOil,tscv,21,2025-06-02,4,PatchTST,XGBoost,63.6950569152832,54.25206756591797,9.442989349365234
WTI Oil,Com_CrudeOil,tscv,21,2025-06-09,5,PatchTST,XGBoost,69.44467163085938,50.01279830932617,19.431873321533203
WTI Oil,Com_CrudeOil,tscv,21,2025-06-16,6,PatchTST,XGBoost,73.4095687866211,48.144962310791016,25.264606475830078
WTI Oil,Com_CrudeOil,tscv,21,2025-06-23,7,PatchTST,XGBoost,65.62223052978516,51.21157455444336,14.410655975341797
WTI Oil,Com_CrudeOil,tscv,21,2025-06-30,8,PatchTST,XGBoost,66.21095275878906,54.80390548706055,11.407047271728516
WTI Oil,Com_CrudeOil,tscv,21,2025-07-07,9,PatchTST,XGBoost,68.04521942138672,54.72611999511719,13.319099426269531
WTI Oil,Com_CrudeOil,tscv,21,2025-07-14,10,PatchTST,XGBoost,66.42243194580078,54.93988800048828,11.4825439453125
WTI Oil,Com_CrudeOil,tscv,21,2025-07-21,11,PatchTST,XGBoost,65.51323699951172,56.78606414794922,8.7271728515625
WTI Oil,Com_CrudeOil,tscv,21,2025-07-28,12,PatchTST,XGBoost,68.28096771240234,55.181190490722656,13.099777221679688
WTI Oil,Com_CrudeOil,tscv,21,2025-05-12,1,PatchTST,LightGBM,62.43055725097656,52.814292907714844,9.616264343261719
WTI Oil,Com_CrudeOil,tscv,21,2025-05-19,2,PatchTST,LightGBM,61.70574188232422,52.51955032348633,9.18619155883789
WTI Oil,Com_CrudeOil,tscv,21,2025-05-26,3,PatchTST,LightGBM,61.3050422668457,54.73660659790039,6.5684356689453125
WTI Oil,Com_CrudeOil,tscv,21,2025-06-02,4,PatchTST,LightGBM,63.6950569152832,53.89023971557617,9.804817199707031
WTI Oil,Com_CrudeOil,tscv,21,2025-06-09,5,PatchTST,LightGBM,69.44467163085938,50.03022003173828,19.414451599121094
WTI Oil,Com_CrudeOil,tscv,21,2025-06-16,6,PatchTST,LightGBM,73.4095687866211,48.15877151489258,25.250797271728516
WTI Oil,Com_CrudeOil,tscv,21,2025-06-23,7,PatchTST,LightGBM,65.62223052978516,51.499794006347656,14.1224365234375
WTI Oil,Com_CrudeOil,tscv,21,2025-06-30,8,PatchTST,LightGBM,66.21095275878906,55.82040023803711,10.390552520751953
WTI Oil,Com_CrudeOil,tscv,21,2025-07-07,9,PatchTST,LightGBM,68.04521942138672,54.61234664916992,13.432872772216797
WTI Oil,Com_CrudeOil,tscv,21,2025-07-14,10,PatchTST,LightGBM,66.42243194580078,55.1370964050293,11.285335540771484
WTI Oil,Com_CrudeOil,tscv,21,2025-07-21,11,PatchTST,LightGBM,65.51323699951172,56.792415618896484,8.720821380615234
WTI Oil,Com_CrudeOil,tscv,21,2025-07-28,12,PatchTST,LightGBM,68.28096771240234,55.601402282714844,12.6795654296875
WTI Oil,Com_CrudeOil,tscv,22,2025-06-09,1,PatchTST,-,69.44467163085938,58.52880859375,10.915863037109375
WTI Oil,Com_CrudeOil,tscv,22,2025-06-16,2,PatchTST,-,73.4095687866211,58.73893737792969,14.670631408691406
WTI Oil,Com_CrudeOil,tscv,22,2025-06-23,3,PatchTST,-,65.62223052978516,63.137916564941406,2.48431396484375
WTI Oil,Com_CrudeOil,tscv,22,2025-06-30,4,PatchTST,-,66.21095275878906,64.38848114013672,1.8224716186523438
WTI Oil,Com_CrudeOil,tscv,22,2025-07-07,5,PatchTST,-,68.04521942138672,62.578163146972656,5.4670562744140625
WTI Oil,Com_CrudeOil,tscv,22,2025-07-14,6,PatchTST,-,66.42243194580078,63.084228515625,3.3382034301757812
WTI Oil,Com_CrudeOil,tscv,22,2025-07-21,7,PatchTST,-,65.51323699951172,62.42828369140625,3.0849533081054688
WTI Oil,Com_CrudeOil,tscv,22,2025-07-28,8,PatchTST,-,68.28096771240234,65.60691833496094,2.6740493774414062
WTI Oil,Com_CrudeOil,tscv,22,2025-08-04,9,PatchTST,-,64.51432037353516,63.936676025390625,0.5776443481445312
WTI Oil,Com_CrudeOil,tscv,22,2025-08-11,10,PatchTST,-,63.105133056640625,59.017051696777344,4.088081359863281
WTI Oil,Com_CrudeOil,tscv,22,2025-08-18,11,PatchTST,-,63.027198791503906,57.769325256347656,5.25787353515625
WTI Oil,Com_CrudeOil,tscv,22,2025-08-25,12,PatchTST,-,64.09881591796875,61.81416320800781,2.2846527099609375
WTI Oil,Com_CrudeOil,tscv,22,2025-06-09,1,PatchTST,NLinear,69.44467163085938,60.86591720581055,8.578754425048828
WTI Oil,Com_CrudeOil,tscv,22,2025-06-16,2,PatchTST,NLinear,73.4095687866211,59.40188980102539,14.007678985595703
WTI Oil,Com_CrudeOil,tscv,22,2025-06-23,3,PatchTST,NLinear,65.62223052978516,63.74599838256836,1.8762321472167969
WTI Oil,Com_CrudeOil,tscv,22,2025-06-30,4,PatchTST,NLinear,66.21095275878906,64.95988464355469,1.251068115234375
WTI Oil,Com_CrudeOil,tscv,22,2025-07-07,5,PatchTST,NLinear,68.04521942138672,63.25315856933594,4.792060852050781
WTI Oil,Com_CrudeOil,tscv,22,2025-07-14,6,PatchTST,NLinear,66.42243194580078,64.00617980957031,2.4162521362304688
WTI Oil,Com_CrudeOil,tscv,22,2025-07-21,7,PatchTST,NLinear,65.51323699951172,62.963134765625,2.5501022338867188
WTI Oil,Com_CrudeOil,tscv,22,2025-07-28,8,PatchTST,NLinear,68.28096771240234,65.70587921142578,2.5750885009765625
WTI Oil,Com_CrudeOil,tscv,22,2025-08-04,9,PatchTST,NLinear,64.51432037353516,63.99759292602539,0.5167274475097656
WTI Oil,Com_CrudeOil,tscv,22,2025-08-11,10,PatchTST,NLinear,63.105133056640625,59.08952713012695,4.015605926513672
WTI Oil,Com_CrudeOil,tscv,22,2025-08-18,11,PatchTST,NLinear,63.027198791503906,57.8248291015625,5.202369689941406
WTI Oil,Com_CrudeOil,tscv,22,2025-08-25,12,PatchTST,NLinear,64.09881591796875,62.111122131347656,1.9876937866210938
WTI Oil,Com_CrudeOil,tscv,22,2025-06-09,1,PatchTST,XGBoost,69.44467163085938,59.91598129272461,9.528690338134766
WTI Oil,Com_CrudeOil,tscv,22,2025-06-16,2,PatchTST,XGBoost,73.4095687866211,59.44138717651367,13.968181610107422
WTI Oil,Com_CrudeOil,tscv,22,2025-06-23,3,PatchTST,XGBoost,65.62223052978516,63.40084457397461,2.221385955810547
WTI Oil,Com_CrudeOil,tscv,22,2025-06-30,4,PatchTST,XGBoost,66.21095275878906,63.248130798339844,2.9628219604492188
WTI Oil,Com_CrudeOil,tscv,22,2025-07-07,5,PatchTST,XGBoost,68.04521942138672,61.301063537597656,6.7441558837890625
WTI Oil,Com_CrudeOil,tscv,22,2025-07-14,6,PatchTST,XGBoost,66.42243194580078,61.338687896728516,5.083744049072266
WTI Oil,Com_CrudeOil,tscv,22,2025-07-21,7,PatchTST,XGBoost,65.51323699951172,60.40083694458008,5.112400054931641
WTI Oil,Com_CrudeOil,tscv,22,2025-07-28,8,PatchTST,XGBoost,68.28096771240234,62.46794128417969,5.813026428222656
WTI Oil,Com_CrudeOil,tscv,22,2025-08-04,9,PatchTST,XGBoost,64.51432037353516,61.7320556640625,2.7822647094726562
WTI Oil,Com_CrudeOil,tscv,22,2025-08-11,10,PatchTST,XGBoost,63.105133056640625,56.58423614501953,6.520896911621094
WTI Oil,Com_CrudeOil,tscv,22,2025-08-18,11,PatchTST,XGBoost,63.027198791503906,55.78266143798828,7.244537353515625
WTI Oil,Com_CrudeOil,tscv,22,2025-08-25,12,PatchTST,XGBoost,64.09881591796875,59.71843719482422,4.380378723144531
WTI Oil,Com_CrudeOil,tscv,22,2025-06-09,1,PatchTST,LightGBM,69.44467163085938,61.38644790649414,8.058223724365234
WTI Oil,Com_CrudeOil,tscv,22,2025-06-16,2,PatchTST,LightGBM,73.4095687866211,59.4889030456543,13.920665740966797
WTI Oil,Com_CrudeOil,tscv,22,2025-06-23,3,PatchTST,LightGBM,65.62223052978516,62.66392517089844,2.9583053588867188
WTI Oil,Com_CrudeOil,tscv,22,2025-06-30,4,PatchTST,LightGBM,66.21095275878906,63.83184814453125,2.3791046142578125
WTI Oil,Com_CrudeOil,tscv,22,2025-07-07,5,PatchTST,LightGBM,68.04521942138672,61.148033142089844,6.897186279296875
WTI Oil,Com_CrudeOil,tscv,22,2025-07-14,6,PatchTST,LightGBM,66.42243194580078,61.88054275512695,4.541889190673828
WTI Oil,Com_CrudeOil,tscv,22,2025-07-21,7,PatchTST,LightGBM,65.51323699951172,60.800148010253906,4.7130889892578125
WTI Oil,Com_CrudeOil,tscv,22,2025-07-28,8,PatchTST,LightGBM,68.28096771240234,63.32033920288086,4.960628509521484
WTI Oil,Com_CrudeOil,tscv,22,2025-08-04,9,PatchTST,LightGBM,64.51432037353516,61.97157287597656,2.5427474975585938
WTI Oil,Com_CrudeOil,tscv,22,2025-08-11,10,PatchTST,LightGBM,63.105133056640625,56.149105072021484,6.956027984619141
WTI Oil,Com_CrudeOil,tscv,22,2025-08-18,11,PatchTST,LightGBM,63.027198791503906,56.582096099853516,6.445102691650391
WTI Oil,Com_CrudeOil,tscv,22,2025-08-25,12,PatchTST,LightGBM,64.09881591796875,59.97028732299805,4.128528594970703
WTI Oil,Com_CrudeOil,tscv,23,2025-07-07,1,PatchTST,-,68.04521942138672,57.086055755615234,10.959163665771484
WTI Oil,Com_CrudeOil,tscv,23,2025-07-14,2,PatchTST,-,66.42243194580078,57.48420715332031,8.938224792480469
WTI Oil,Com_CrudeOil,tscv,23,2025-07-21,3,PatchTST,-,65.51323699951172,62.0652961730957,3.4479408264160156
WTI Oil,Com_CrudeOil,tscv,23,2025-07-28,4,PatchTST,-,68.28096771240234,59.96550750732422,8.315460205078125
WTI Oil,Com_CrudeOil,tscv,23,2025-08-04,5,PatchTST,-,64.51432037353516,58.9417724609375,5.572547912597656
WTI Oil,Com_CrudeOil,tscv,23,2025-08-11,6,PatchTST,-,63.105133056640625,60.26531219482422,2.8398208618164062
WTI Oil,Com_CrudeOil,tscv,23,2025-08-18,7,PatchTST,-,63.027198791503906,67.10260009765625,-4.075401306152344
WTI Oil,Com_CrudeOil,tscv,23,2025-08-25,8,PatchTST,-,64.09881591796875,61.35475158691406,2.7440643310546875
WTI Oil,Com_CrudeOil,tscv,23,2025-09-01,9,PatchTST,-,63.698848724365234,57.0692138671875,6.629634857177734
WTI Oil,Com_CrudeOil,tscv,23,2025-09-08,10,PatchTST,-,62.78846740722656,58.41832733154297,4.370140075683594
WTI Oil,Com_CrudeOil,tscv,23,2025-09-15,11,PatchTST,-,63.33338165283203,61.4841423034668,1.8492393493652344
WTI Oil,Com_CrudeOil,tscv,23,2025-09-22,12,PatchTST,-,64.44023132324219,60.439579010009766,4.000652313232422
WTI Oil,Com_CrudeOil,tscv,23,2025-07-07,1,PatchTST,NLinear,68.04521942138672,59.81108093261719,8.234138488769531
WTI Oil,Com_CrudeOil,tscv,23,2025-07-14,2,PatchTST,NLinear,66.42243194580078,60.37936782836914,6.043064117431641
WTI Oil,Com_CrudeOil,tscv,23,2025-07-21,3,PatchTST,NLinear,65.51323699951172,65.0455093383789,0.4677276611328125
WTI Oil,Com_CrudeOil,tscv,23,2025-07-28,4,PatchTST,NLinear,68.28096771240234,63.002384185791016,5.278583526611328
WTI Oil,Com_CrudeOil,tscv,23,2025-08-04,5,PatchTST,NLinear,64.51432037353516,62.014713287353516,2.4996070861816406
WTI Oil,Com_CrudeOil,tscv,23,2025-08-11,6,PatchTST,NLinear,63.105133056640625,62.762596130371094,0.34253692626953125
WTI Oil,Com_CrudeOil,tscv,23,2025-08-18,7,PatchTST,NLinear,63.027198791503906,69.307373046875,-6.280174255371094
WTI Oil,Com_CrudeOil,tscv,23,2025-08-25,8,PatchTST,NLinear,64.09881591796875,63.162254333496094,0.9365615844726562
WTI Oil,Com_CrudeOil,tscv,23,2025-09-01,9,PatchTST,NLinear,63.698848724365234,58.590091705322266,5.108757019042969
WTI Oil,Com_CrudeOil,tscv,23,2025-09-08,10,PatchTST,NLinear,62.78846740722656,59.68363952636719,3.104827880859375
WTI Oil,Com_CrudeOil,tscv,23,2025-09-15,11,PatchTST,NLinear,63.33338165283203,63.03902816772461,0.2943534851074219
WTI Oil,Com_CrudeOil,tscv,23,2025-09-22,12,PatchTST,NLinear,64.44023132324219,60.79287338256836,3.647357940673828
WTI Oil,Com_CrudeOil,tscv,23,2025-07-07,1,PatchTST,XGBoost,68.04521942138672,60.08113479614258,7.964084625244141
WTI Oil,Com_CrudeOil,tscv,23,2025-07-14,2,PatchTST,XGBoost,66.42243194580078,60.2421760559082,6.180255889892578
WTI Oil,Com_CrudeOil,tscv,23,2025-07-21,3,PatchTST,XGBoost,65.51323699951172,65.08317565917969,0.43006134033203125
WTI Oil,Com_CrudeOil,tscv,23,2025-07-28,4,PatchTST,XGBoost,68.28096771240234,63.07804489135742,5.202922821044922
WTI Oil,Com_CrudeOil,tscv,23,2025-08-04,5,PatchTST,XGBoost,64.51432037353516,61.99140167236328,2.522918701171875
WTI Oil,Com_CrudeOil,tscv,23,2025-08-11,6,PatchTST,XGBoost,63.105133056640625,63.421302795410156,-0.31616973876953125
WTI Oil,Com_CrudeOil,tscv,23,2025-08-18,7,PatchTST,XGBoost,63.027198791503906,70.00919342041016,-6.98199462890625
WTI Oil,Com_CrudeOil,tscv,23,2025-08-25,8,PatchTST,XGBoost,64.09881591796875,64.41161346435547,-0.31279754638671875
WTI Oil,Com_CrudeOil,tscv,23,2025-09-01,9,PatchTST,XGBoost,63.698848724365234,60.12607955932617,3.5727691650390625
WTI Oil,Com_CrudeOil,tscv,23,2025-09-08,10,PatchTST,XGBoost,62.78846740722656,61.168399810791016,1.6200675964355469
WTI Oil,Com_CrudeOil,tscv,23,2025-09-15,11,PatchTST,XGBoost,63.33338165283203,64.37374114990234,-1.0403594970703125
WTI Oil,Com_CrudeOil,tscv,23,2025-09-22,12,PatchTST,XGBoost,64.44023132324219,62.64484405517578,1.7953872680664062
WTI Oil,Com_CrudeOil,tscv,23,2025-07-07,1,PatchTST,LightGBM,68.04521942138672,60.378746032714844,7.666473388671875
WTI Oil,Com_CrudeOil,tscv,23,2025-07-14,2,PatchTST,LightGBM,66.42243194580078,59.93952941894531,6.482902526855469
WTI Oil,Com_CrudeOil,tscv,23,2025-07-21,3,PatchTST,LightGBM,65.51323699951172,64.5849609375,0.9282760620117188
WTI Oil,Com_CrudeOil,tscv,23,2025-07-28,4,PatchTST,LightGBM,68.28096771240234,62.59236526489258,5.688602447509766
WTI Oil,Com_CrudeOil,tscv,23,2025-08-04,5,PatchTST,LightGBM,64.51432037353516,61.502994537353516,3.0113258361816406
WTI Oil,Com_CrudeOil,tscv,23,2025-08-11,6,PatchTST,LightGBM,63.105133056640625,62.79863739013672,0.30649566650390625
WTI Oil,Com_CrudeOil,tscv,23,2025-08-18,7,PatchTST,LightGBM,63.027198791503906,69.50820922851562,-6.481010437011719
WTI Oil,Com_CrudeOil,tscv,23,2025-08-25,8,PatchTST,LightGBM,64.09881591796875,63.8218879699707,0.2769279479980469
WTI Oil,Com_CrudeOil,tscv,23,2025-09-01,9,PatchTST,LightGBM,63.698848724365234,59.53635025024414,4.162498474121094
WTI Oil,Com_CrudeOil,tscv,23,2025-09-08,10,PatchTST,LightGBM,62.78846740722656,60.73435592651367,2.0541114807128906
WTI Oil,Com_CrudeOil,tscv,23,2025-09-15,11,PatchTST,LightGBM,63.33338165283203,63.8001708984375,-0.46678924560546875
WTI Oil,Com_CrudeOil,tscv,23,2025-09-22,12,PatchTST,LightGBM,64.44023132324219,62.75560760498047,1.6846237182617188
WTI Oil,Com_CrudeOil,tscv,24,2025-08-04,1,PatchTST,-,64.51432037353516,67.85089874267578,-3.336578369140625
WTI Oil,Com_CrudeOil,tscv,24,2025-08-11,2,PatchTST,-,63.105133056640625,58.8339729309082,4.271160125732422
WTI Oil,Com_CrudeOil,tscv,24,2025-08-18,3,PatchTST,-,63.027198791503906,64.45941162109375,-1.4322128295898438
WTI Oil,Com_CrudeOil,tscv,24,2025-08-25,4,PatchTST,-,64.09881591796875,65.97077941894531,-1.8719635009765625
WTI Oil,Com_CrudeOil,tscv,24,2025-09-01,5,PatchTST,-,63.698848724365234,65.0173568725586,-1.3185081481933594
WTI Oil,Com_CrudeOil,tscv,24,2025-09-08,6,PatchTST,-,62.78846740722656,65.43525695800781,-2.64678955078125
WTI Oil,Com_CrudeOil,tscv,24,2025-09-15,7,PatchTST,-,63.33338165283203,68.0869369506836,-4.7535552978515625
WTI Oil,Com_CrudeOil,tscv,24,2025-09-22,8,PatchTST,-,64.44023132324219,70.56471252441406,-6.124481201171875
WTI Oil,Com_CrudeOil,tscv,24,2025-09-29,9,PatchTST,-,61.66062927246094,61.66355514526367,-0.002925872802734375
WTI Oil,Com_CrudeOil,tscv,24,2025-10-06,10,PatchTST,-,60.71498489379883,58.577823638916016,2.1371612548828125
WTI Oil,Com_CrudeOil,tscv,24,2025-10-13,11,PatchTST,-,57.92998504638672,62.600040435791016,-4.670055389404297
WTI Oil,Com_CrudeOil,tscv,24,2025-10-20,12,PatchTST,-,59.868587493896484,61.70917510986328,-1.8405876159667969
WTI Oil,Com_CrudeOil,tscv,24,2025-08-04,1,PatchTST,NLinear,64.51432037353516,64.28189086914062,0.23242950439453125
WTI Oil,Com_CrudeOil,tscv,24,2025-08-11,2,PatchTST,NLinear,63.105133056640625,56.087890625,7.017242431640625
WTI Oil,Com_CrudeOil,tscv,24,2025-08-18,3,PatchTST,NLinear,63.027198791503906,61.71089553833008,1.3163032531738281
WTI Oil,Com_CrudeOil,tscv,24,2025-08-25,4,PatchTST,NLinear,64.09881591796875,63.318912506103516,0.7799034118652344
WTI Oil,Com_CrudeOil,tscv,24,2025-09-01,5,PatchTST,NLinear,63.698848724365234,62.82940673828125,0.8694419860839844
WTI Oil,Com_CrudeOil,tscv,24,2025-09-08,6,PatchTST,NLinear,62.78846740722656,62.662109375,0.1263580322265625
WTI Oil,Com_CrudeOil,tscv,24,2025-09-15,7,PatchTST,NLinear,63.33338165283203,64.08851623535156,-0.7551345825195312
WTI Oil,Com_CrudeOil,tscv,24,2025-09-22,8,PatchTST,NLinear,64.44023132324219,66.03992462158203,-1.5996932983398438
WTI Oil,Com_CrudeOil,tscv,24,2025-09-29,9,PatchTST,NLinear,61.66062927246094,57.430633544921875,4.2299957275390625
WTI Oil,Com_CrudeOil,tscv,24,2025-10-06,10,PatchTST,NLinear,60.71498489379883,54.90685272216797,5.808132171630859
WTI Oil,Com_CrudeOil,tscv,24,2025-10-13,11,PatchTST,NLinear,57.92998504638672,58.974281311035156,-1.0442962646484375
WTI Oil,Com_CrudeOil,tscv,24,2025-10-20,12,PatchTST,NLinear,59.868587493896484,58.743019104003906,1.1255683898925781
WTI Oil,Com_CrudeOil,tscv,24,2025-08-04,1,PatchTST,XGBoost,64.51432037353516,67.02033996582031,-2.5060195922851562
WTI Oil,Com_CrudeOil,tscv,24,2025-08-11,2,PatchTST,XGBoost,63.105133056640625,60.3950309753418,2.710102081298828
WTI Oil,Com_CrudeOil,tscv,24,2025-08-18,3,PatchTST,XGBoost,63.027198791503906,65.87653350830078,-2.849334716796875
WTI Oil,Com_CrudeOil,tscv,24,2025-08-25,4,PatchTST,XGBoost,64.09881591796875,68.33904266357422,-4.240226745605469
WTI Oil,Com_CrudeOil,tscv,24,2025-09-01,5,PatchTST,XGBoost,63.698848724365234,67.3709716796875,-3.6721229553222656
WTI Oil,Com_CrudeOil,tscv,24,2025-09-08,6,PatchTST,XGBoost,62.78846740722656,67.89254760742188,-5.1040802001953125
WTI Oil,Com_CrudeOil,tscv,24,2025-09-15,7,PatchTST,XGBoost,63.33338165283203,70.81803894042969,-7.484657287597656
WTI Oil,Com_CrudeOil,tscv,24,2025-09-22,8,PatchTST,XGBoost,64.44023132324219,72.79417419433594,-8.35394287109375
WTI Oil,Com_CrudeOil,tscv,24,2025-09-29,9,PatchTST,XGBoost,61.66062927246094,63.46852111816406,-1.807891845703125
WTI Oil,Com_CrudeOil,tscv,24,2025-10-06,10,PatchTST,XGBoost,60.71498489379883,60.62344741821289,0.0915374755859375
WTI Oil,Com_CrudeOil,tscv,24,2025-10-13,11,PatchTST,XGBoost,57.92998504638672,64.80827331542969,-6.878288269042969
WTI Oil,Com_CrudeOil,tscv,24,2025-10-20,12,PatchTST,XGBoost,59.868587493896484,63.564720153808594,-3.6961326599121094
WTI Oil,Com_CrudeOil,tscv,24,2025-08-04,1,PatchTST,LightGBM,64.51432037353516,68.58779907226562,-4.073478698730469
WTI Oil,Com_CrudeOil,tscv,24,2025-08-11,2,PatchTST,LightGBM,63.105133056640625,59.45295715332031,3.6521759033203125
WTI Oil,Com_CrudeOil,tscv,24,2025-08-18,3,PatchTST,LightGBM,63.027198791503906,66.341552734375,-3.3143539428710938
WTI Oil,Com_CrudeOil,tscv,24,2025-08-25,4,PatchTST,LightGBM,64.09881591796875,67.17733764648438,-3.078521728515625
WTI Oil,Com_CrudeOil,tscv,24,2025-09-01,5,PatchTST,LightGBM,63.698848724365234,66.2662124633789,-2.567363739013672
WTI Oil,Com_CrudeOil,tscv,24,2025-09-08,6,PatchTST,LightGBM,62.78846740722656,66.72618103027344,-3.937713623046875
WTI Oil,Com_CrudeOil,tscv,24,2025-09-15,7,PatchTST,LightGBM,63.33338165283203,70.3182601928711,-6.9848785400390625
WTI Oil,Com_CrudeOil,tscv,24,2025-09-22,8,PatchTST,LightGBM,64.44023132324219,72.8426284790039,-8.402397155761719
WTI Oil,Com_CrudeOil,tscv,24,2025-09-29,9,PatchTST,LightGBM,61.66062927246094,62.71455001831055,-1.0539207458496094
WTI Oil,Com_CrudeOil,tscv,24,2025-10-06,10,PatchTST,LightGBM,60.71498489379883,59.13404846191406,1.5809364318847656
WTI Oil,Com_CrudeOil,tscv,24,2025-10-13,11,PatchTST,LightGBM,57.92998504638672,63.20454788208008,-5.274562835693359
WTI Oil,Com_CrudeOil,tscv,24,2025-10-20,12,PatchTST,LightGBM,59.868587493896484,62.26276397705078,-2.394176483154297
WTI Oil,Com_CrudeOil,holdout,1,2025-10-27,1,PatchTST,-,60.77857208251953,55.5103759765625,5.268196105957031
WTI Oil,Com_CrudeOil,holdout,1,2025-11-03,2,PatchTST,-,60.05507278442383,56.83852005004883,3.216552734375
WTI Oil,Com_CrudeOil,holdout,1,2025-11-10,3,PatchTST,-,59.70945739746094,58.91056442260742,0.7988929748535156
WTI Oil,Com_CrudeOil,holdout,1,2025-11-17,4,PatchTST,-,58.993499755859375,63.1923828125,-4.198883056640625
WTI Oil,Com_CrudeOil,holdout,1,2025-11-24,5,PatchTST,-,58.810028076171875,63.895729064941406,-5.085700988769531
WTI Oil,Com_CrudeOil,holdout,1,2025-12-01,6,PatchTST,-,59.567256927490234,62.27988815307617,-2.7126312255859375
WTI Oil,Com_CrudeOil,holdout,1,2025-12-08,7,PatchTST,-,57.97571563720703,67.17045593261719,-9.194740295410156
WTI Oil,Com_CrudeOil,holdout,1,2025-12-15,8,PatchTST,-,56.28154373168945,60.64537811279297,-4.363834381103516
WTI Oil,Com_CrudeOil,holdout,1,2025-12-22,9,PatchTST,-,57.7086296081543,56.223106384277344,1.4855232238769531
WTI Oil,Com_CrudeOil,holdout,1,2025-12-29,10,PatchTST,-,57.53675842285156,54.35984420776367,3.1769142150878906
WTI Oil,Com_CrudeOil,holdout,1,2026-01-05,11,PatchTST,-,58.08931350708008,62.860313415527344,-4.770999908447266
WTI Oil,Com_CrudeOil,holdout,1,2026-01-12,12,PatchTST,-,59.76057052612305,59.91682434082031,-0.15625381469726562
WTI Oil,Com_CrudeOil,holdout,1,2025-10-27,1,PatchTST,NLinear,60.77857208251953,55.923072814941406,4.855499267578125
WTI Oil,Com_CrudeOil,holdout,1,2025-11-03,2,PatchTST,NLinear,60.05507278442383,58.95933151245117,1.0957412719726562
WTI Oil,Com_CrudeOil,holdout,1,2025-11-10,3,PatchTST,NLinear,59.70945739746094,60.338260650634766,-0.6288032531738281
WTI Oil,Com_CrudeOil,holdout,1,2025-11-17,4,PatchTST,NLinear,58.993499755859375,63.36086654663086,-4.367366790771484
WTI Oil,Com_CrudeOil,holdout,1,2025-11-24,5,PatchTST,NLinear,58.810028076171875,64.79410552978516,-5.984077453613281
WTI Oil,Com_CrudeOil,holdout,1,2025-12-01,6,PatchTST,NLinear,59.567256927490234,63.84010696411133,-4.272850036621094
WTI Oil,Com_CrudeOil,holdout,1,2025-12-08,7,PatchTST,NLinear,57.97571563720703,67.93435668945312,-9.958641052246094
WTI Oil,Com_CrudeOil,holdout,1,2025-12-15,8,PatchTST,NLinear,56.28154373168945,62.52260208129883,-6.241058349609375
WTI Oil,Com_CrudeOil,holdout,1,2025-12-22,9,PatchTST,NLinear,57.7086296081543,58.66200637817383,-0.9533767700195312
WTI Oil,Com_CrudeOil,holdout,1,2025-12-29,10,PatchTST,NLinear,57.53675842285156,57.3564567565918,0.18030166625976562
WTI Oil,Com_CrudeOil,holdout,1,2026-01-05,11,PatchTST,NLinear,58.08931350708008,66.29261016845703,-8.203296661376953
WTI Oil,Com_CrudeOil,holdout,1,2026-01-12,12,PatchTST,NLinear,59.76057052612305,63.26799774169922,-3.507427215576172
WTI Oil,Com_CrudeOil,holdout,1,2025-10-27,1,PatchTST,XGBoost,60.77857208251953,56.606204986572266,4.172367095947266
WTI Oil,Com_CrudeOil,holdout,1,2025-11-03,2,PatchTST,XGBoost,60.05507278442383,57.99454116821289,2.0605316162109375
WTI Oil,Com_CrudeOil,holdout,1,2025-11-10,3,PatchTST,XGBoost,59.70945739746094,60.581783294677734,-0.8723258972167969
WTI Oil,Com_CrudeOil,holdout,1,2025-11-17,4,PatchTST,XGBoost,58.993499755859375,64.37759399414062,-5.38409423828125
WTI Oil,Com_CrudeOil,holdout,1,2025-11-24,5,PatchTST,XGBoost,58.810028076171875,65.45448303222656,-6.6444549560546875
WTI Oil,Com_CrudeOil,holdout,1,2025-12-01,6,PatchTST,XGBoost,59.567256927490234,64.92036437988281,-5.353107452392578
WTI Oil,Com_CrudeOil,holdout,1,2025-12-08,7,PatchTST,XGBoost,57.97571563720703,69.07621002197266,-11.100494384765625
WTI Oil,Com_CrudeOil,holdout,1,2025-12-15,8,PatchTST,XGBoost,56.28154373168945,63.280879974365234,-6.999336242675781
WTI Oil,Com_CrudeOil,holdout,1,2025-12-22,9,PatchTST,XGBoost,57.7086296081543,58.26613998413086,-0.5575103759765625
WTI Oil,Com_CrudeOil,holdout,1,2025-12-29,10,PatchTST,XGBoost,57.53675842285156,56.459354400634766,1.0774040222167969
WTI Oil,Com_CrudeOil,holdout,1,2026-01-05,11,PatchTST,XGBoost,58.08931350708008,64.94510650634766,-6.855792999267578
WTI Oil,Com_CrudeOil,holdout,1,2026-01-12,12,PatchTST,XGBoost,59.76057052612305,61.9835090637207,-2.2229385375976562
WTI Oil,Com_CrudeOil,holdout,1,2025-10-27,1,PatchTST,LightGBM,60.77857208251953,56.16950988769531,4.609062194824219
WTI Oil,Com_CrudeOil,holdout,1,2025-11-03,2,PatchTST,LightGBM,60.05507278442383,59.108604431152344,0.9464683532714844
WTI Oil,Com_CrudeOil,holdout,1,2025-11-10,3,PatchTST,LightGBM,59.70945739746094,60.70878601074219,-0.99932861328125
WTI Oil,Com_CrudeOil,holdout,1,2025-11-17,4,PatchTST,LightGBM,58.993499755859375,64.9906005859375,-5.997100830078125
WTI Oil,Com_CrudeOil,holdout,1,2025-11-24,5,PatchTST,LightGBM,58.810028076171875,65.20603942871094,-6.3960113525390625
WTI Oil,Com_CrudeOil,holdout,1,2025-12-01,6,PatchTST,LightGBM,59.567256927490234,64.71202087402344,-5.144763946533203
WTI Oil,Com_CrudeOil,holdout,1,2025-12-08,7,PatchTST,LightGBM,57.97571563720703,68.23948669433594,-10.263771057128906
WTI Oil,Com_CrudeOil,holdout,1,2025-12-15,8,PatchTST,LightGBM,56.28154373168945,62.5715446472168,-6.290000915527344
WTI Oil,Com_CrudeOil,holdout,1,2025-12-22,9,PatchTST,LightGBM,57.7086296081543,57.48025894165039,0.22837066650390625
WTI Oil,Com_CrudeOil,holdout,1,2025-12-29,10,PatchTST,LightGBM,57.53675842285156,56.94240188598633,0.5943565368652344
WTI Oil,Com_CrudeOil,holdout,1,2026-01-05,11,PatchTST,LightGBM,58.08931350708008,64.43467712402344,-6.345363616943359
WTI Oil,Com_CrudeOil,holdout,1,2026-01-12,12,PatchTST,LightGBM,59.76057052612305,60.98585510253906,-1.2252845764160156
Brent Oil,Com_BrentCrudeOil,tscv,1,2023-10-30,1,PatchTST,-,84.9540023803711,81.69303894042969,3.2609634399414062
Brent Oil,Com_BrentCrudeOil,tscv,1,2023-11-06,2,PatchTST,-,81.2959976196289,78.09780883789062,3.1981887817382812
Brent Oil,Com_BrentCrudeOil,tscv,1,2023-11-13,3,PatchTST,-,80.66000366210938,73.69160461425781,6.9683990478515625
Brent Oil,Com_BrentCrudeOil,tscv,1,2023-11-20,4,PatchTST,-,81.51799774169922,77.2430191040039,4.2749786376953125
Brent Oil,Com_BrentCrudeOil,tscv,1,2023-11-27,5,PatchTST,-,80.5780029296875,79.78359985351562,0.794403076171875
Brent Oil,Com_BrentCrudeOil,tscv,1,2023-12-04,6,PatchTST,-,75.98600006103516,79.65911865234375,-3.6731185913085938
Brent Oil,Com_BrentCrudeOil,tscv,1,2023-12-11,7,PatchTST,-,75.5780029296875,78.87261962890625,-3.29461669921875
Brent Oil,Com_BrentCrudeOil,tscv,1,2023-12-18,8,PatchTST,-,79.0199966430664,73.71835327148438,5.301643371582031
Brent Oil,Com_BrentCrudeOil,tscv,1,2023-12-25,9,PatchTST,-,78.6449966430664,76.4256820678711,2.2193145751953125
Brent Oil,Com_BrentCrudeOil,tscv,1,2024-01-01,10,PatchTST,-,77.62249755859375,77.38145446777344,0.2410430908203125
Brent Oil,Com_BrentCrudeOil,tscv,1,2024-01-08,11,PatchTST,-,77.24199676513672,75.96343231201172,1.278564453125
Brent Oil,Com_BrentCrudeOil,tscv,1,2024-01-15,12,PatchTST,-,78.24199676513672,80.11246490478516,-1.8704681396484375
Brent Oil,Com_BrentCrudeOil,tscv,1,2023-10-30,1,PatchTST,NLinear,84.9540023803711,86.57266998291016,-1.6186676025390625
Brent Oil,Com_BrentCrudeOil,tscv,1,2023-11-06,2,PatchTST,NLinear,81.2959976196289,81.51313781738281,-0.21714019775390625
Brent Oil,Com_BrentCrudeOil,tscv,1,2023-11-13,3,PatchTST,NLinear,80.66000366210938,75.44155883789062,5.21844482421875
Brent Oil,Com_BrentCrudeOil,tscv,1,2023-11-20,4,PatchTST,NLinear,81.51799774169922,76.39276123046875,5.125236511230469
Brent Oil,Com_BrentCrudeOil,tscv,1,2023-11-27,5,PatchTST,NLinear,80.5780029296875,77.25008392333984,3.3279190063476562
Brent Oil,Com_BrentCrudeOil,tscv,1,2023-12-04,6,PatchTST,NLinear,75.98600006103516,75.59318542480469,0.39281463623046875
Brent Oil,Com_BrentCrudeOil,tscv,1,2023-12-11,7,PatchTST,NLinear,75.5780029296875,73.9385757446289,1.6394271850585938
Brent Oil,Com_BrentCrudeOil,tscv,1,2023-12-18,8,PatchTST,NLinear,79.0199966430664,69.2497329711914,9.770263671875
Brent Oil,Com_BrentCrudeOil,tscv,1,2023-12-25,9,PatchTST,NLinear,78.6449966430664,73.42835235595703,5.216644287109375
Brent Oil,Com_BrentCrudeOil,tscv,1,2024-01-01,10,PatchTST,NLinear,77.62249755859375,74.18411254882812,3.438385009765625
Brent Oil,Com_BrentCrudeOil,tscv,1,2024-01-08,11,PatchTST,NLinear,77.24199676513672,71.54163360595703,5.7003631591796875
Brent Oil,Com_BrentCrudeOil,tscv,1,2024-01-15,12,PatchTST,NLinear,78.24199676513672,75.30284118652344,2.9391555786132812
Brent Oil,Com_BrentCrudeOil,tscv,1,2023-10-30,1,PatchTST,XGBoost,84.9540023803711,82.74095916748047,2.213043212890625
Brent Oil,Com_BrentCrudeOil,tscv,1,2023-11-06,2,PatchTST,XGBoost,81.2959976196289,78.97091674804688,2.3250808715820312
Brent Oil,Com_BrentCrudeOil,tscv,1,2023-11-13,3,PatchTST,XGBoost,80.66000366210938,74.9364242553711,5.723579406738281
Brent Oil,Com_BrentCrudeOil,tscv,1,2023-11-20,4,PatchTST,XGBoost,81.51799774169922,78.18174743652344,3.3362503051757812
Brent Oil,Com_BrentCrudeOil,tscv,1,2023-11-27,5,PatchTST,XGBoost,80.5780029296875,80.40524291992188,0.172760009765625
Brent Oil,Com_BrentCrudeOil,tscv,1,2023-12-04,6,PatchTST,XGBoost,75.98600006103516,79.00214385986328,-3.016143798828125
Brent Oil,Com_BrentCrudeOil,tscv,1,2023-12-11,7,PatchTST,XGBoost,75.5780029296875,78.58221435546875,-3.00421142578125
Brent Oil,Com_BrentCrudeOil,tscv,1,2023-12-18,8,PatchTST,XGBoost,79.0199966430664,74.44847106933594,4.571525573730469
Brent Oil,Com_BrentCrudeOil,tscv,1,2023-12-25,9,PatchTST,XGBoost,78.6449966430664,76.9383544921875,1.7066421508789062
Brent Oil,Com_BrentCrudeOil,tscv,1,2024-01-01,10,PatchTST,XGBoost,77.62249755859375,77.83544158935547,-0.21294403076171875
Brent Oil,Com_BrentCrudeOil,tscv,1,2024-01-08,11,PatchTST,XGBoost,77.24199676513672,76.82638549804688,0.41561126708984375
Brent Oil,Com_BrentCrudeOil,tscv,1,2024-01-15,12,PatchTST,XGBoost,78.24199676513672,81.14640808105469,-2.9044113159179688
Brent Oil,Com_BrentCrudeOil,tscv,1,2023-10-30,1,PatchTST,LightGBM,84.9540023803711,83.7598876953125,1.1941146850585938
Brent Oil,Com_BrentCrudeOil,tscv,1,2023-11-06,2,PatchTST,LightGBM,81.2959976196289,79.84756469726562,1.4484329223632812
Brent Oil,Com_BrentCrudeOil,tscv,1,2023-11-13,3,PatchTST,LightGBM,80.66000366210938,75.0191421508789,5.640861511230469
Brent Oil,Com_BrentCrudeOil,tscv,1,2023-11-20,4,PatchTST,LightGBM,81.51799774169922,78.47032165527344,3.0476760864257812
Brent Oil,Com_BrentCrudeOil,tscv,1,2023-11-27,5,PatchTST,LightGBM,80.5780029296875,80.79151916503906,-0.2135162353515625
Brent Oil,Com_BrentCrudeOil,tscv,1,2023-12-04,6,PatchTST,LightGBM,75.98600006103516,80.48723602294922,-4.5012359619140625
Brent Oil,Com_BrentCrudeOil,tscv,1,2023-12-11,7,PatchTST,LightGBM,75.5780029296875,79.38789367675781,-3.8098907470703125
Brent Oil,Com_BrentCrudeOil,tscv,1,2023-12-18,8,PatchTST,LightGBM,79.0199966430664,73.67957305908203,5.340423583984375
Brent Oil,Com_BrentCrudeOil,tscv,1,2023-12-25,9,PatchTST,LightGBM,78.6449966430664,76.00316619873047,2.6418304443359375
Brent Oil,Com_BrentCrudeOil,tscv,1,2024-01-01,10,PatchTST,LightGBM,77.62249755859375,76.33769226074219,1.2848052978515625
Brent Oil,Com_BrentCrudeOil,tscv,1,2024-01-08,11,PatchTST,LightGBM,77.24199676513672,75.32915496826172,1.912841796875
Brent Oil,Com_BrentCrudeOil,tscv,1,2024-01-15,12,PatchTST,LightGBM,78.24199676513672,79.66474151611328,-1.4227447509765625
Brent Oil,Com_BrentCrudeOil,tscv,2,2023-11-27,1,PatchTST,-,80.5780029296875,75.15332794189453,5.424674987792969
Brent Oil,Com_BrentCrudeOil,tscv,2,2023-12-04,2,PatchTST,-,75.98600006103516,74.51102447509766,1.4749755859375
Brent Oil,Com_BrentCrudeOil,tscv,2,2023-12-11,3,PatchTST,-,75.5780029296875,72.81497192382812,2.763031005859375
Brent Oil,Com_BrentCrudeOil,tscv,2,2023-12-18,4,PatchTST,-,79.0199966430664,76.4483413696289,2.5716552734375
Brent Oil,Com_BrentCrudeOil,tscv,2,2023-12-25,5,PatchTST,-,78.6449966430664,77.09786987304688,1.5471267700195312
Brent Oil,Com_BrentCrudeOil,tscv,2,2024-01-01,6,PatchTST,-,77.62249755859375,72.87859344482422,4.743904113769531
Brent Oil,Com_BrentCrudeOil,tscv,2,2024-01-08,7,PatchTST,-,77.24199676513672,74.54095458984375,2.7010421752929688
Brent Oil,Com_BrentCrudeOil,tscv,2,2024-01-15,8,PatchTST,-,78.24199676513672,73.96621704101562,4.275779724121094
Brent Oil,Com_BrentCrudeOil,tscv,2,2024-01-22,9,PatchTST,-,80.33999633789062,75.19207763671875,5.147918701171875
Brent Oil,Com_BrentCrudeOil,tscv,2,2024-01-29,10,PatchTST,-,79.86599731445312,74.3406753540039,5.525321960449219
Brent Oil,Com_BrentCrudeOil,tscv,2,2024-02-05,11,PatchTST,-,79.51599884033203,71.56829071044922,7.9477081298828125
Brent Oil,Com_BrentCrudeOil,tscv,2,2024-02-12,12,PatchTST,-,81.64800262451172,78.59471130371094,3.0532913208007812
Brent Oil,Com_BrentCrudeOil,tscv,2,2023-11-27,1,PatchTST,NLinear,80.5780029296875,81.34657287597656,-0.7685699462890625
Brent Oil,Com_BrentCrudeOil,tscv,2,2023-12-04,2,PatchTST,NLinear,75.98600006103516,79.73878479003906,-3.7527847290039062
Brent Oil,Com_BrentCrudeOil,tscv,2,2023-12-11,3,PatchTST,NLinear,75.5780029296875,77.50920104980469,-1.9311981201171875
Brent Oil,Com_BrentCrudeOil,tscv,2,2023-12-18,4,PatchTST,NLinear,79.0199966430664,80.37794494628906,-1.3579483032226562
Brent Oil,Com_BrentCrudeOil,tscv,2,2023-12-25,5,PatchTST,NLinear,78.6449966430664,81.35051727294922,-2.7055206298828125
Brent Oil,Com_BrentCrudeOil,tscv,2,2024-01-01,6,PatchTST,NLinear,77.62249755859375,77.40231323242188,0.220184326171875
Brent Oil,Com_BrentCrudeOil,tscv,2,2024-01-08,7,PatchTST,NLinear,77.24199676513672,79.30703735351562,-2.0650405883789062
Brent Oil,Com_BrentCrudeOil,tscv,2,2024-01-15,8,PatchTST,NLinear,78.24199676513672,79.18931579589844,-0.9473190307617188
Brent Oil,Com_BrentCrudeOil,tscv,2,2024-01-22,9,PatchTST,NLinear,80.33999633789062,79.23284149169922,1.1071548461914062
Brent Oil,Com_BrentCrudeOil,tscv,2,2024-01-29,10,PatchTST,NLinear,79.86599731445312,77.99695587158203,1.8690414428710938
Brent Oil,Com_BrentCrudeOil,tscv,2,2024-02-05,11,PatchTST,NLinear,79.51599884033203,75.2550048828125,4.260993957519531
Brent Oil,Com_BrentCrudeOil,tscv,2,2024-02-12,12,PatchTST,NLinear,81.64800262451172,82.9542007446289,-1.3061981201171875
Brent Oil,Com_BrentCrudeOil,tscv,2,2023-11-27,1,PatchTST,XGBoost,80.5780029296875,77.52068328857422,3.0573196411132812
Brent Oil,Com_BrentCrudeOil,tscv,2,2023-12-04,2,PatchTST,XGBoost,75.98600006103516,77.3093032836914,-1.32330322265625
Brent Oil,Com_BrentCrudeOil,tscv,2,2023-12-11,3,PatchTST,XGBoost,75.5780029296875,75.88764953613281,-0.3096466064453125
Brent Oil,Com_BrentCrudeOil,tscv,2,2023-12-18,4,PatchTST,XGBoost,79.0199966430664,78.8301010131836,0.1898956298828125
Brent Oil,Com_BrentCrudeOil,tscv,2,2023-12-25,5,PatchTST,XGBoost,78.6449966430664,80.68871307373047,-2.0437164306640625
Brent Oil,Com_BrentCrudeOil,tscv,2,2024-01-01,6,PatchTST,XGBoost,77.62249755859375,76.13874816894531,1.4837493896484375
Brent Oil,Com_BrentCrudeOil,tscv,2,2024-01-08,7,PatchTST,XGBoost,77.24199676513672,77.63516998291016,-0.3931732177734375
Brent Oil,Com_BrentCrudeOil,tscv,2,2024-01-15,8,PatchTST,XGBoost,78.24199676513672,77.83917999267578,0.4028167724609375
Brent Oil,Com_BrentCrudeOil,tscv,2,2024-01-22,9,PatchTST,XGBoost,80.33999633789062,77.86102294921875,2.478973388671875
Brent Oil,Com_BrentCrudeOil,tscv,2,2024-01-29,10,PatchTST,XGBoost,79.86599731445312,78.37751007080078,1.4884872436523438
Brent Oil,Com_BrentCrudeOil,tscv,2,2024-02-05,11,PatchTST,XGBoost,79.51599884033203,74.96261596679688,4.553382873535156
Brent Oil,Com_BrentCrudeOil,tscv,2,2024-02-12,12,PatchTST,XGBoost,81.64800262451172,82.2011489868164,-0.5531463623046875
Brent Oil,Com_BrentCrudeOil,tscv,2,2023-11-27,1,PatchTST,LightGBM,80.5780029296875,78.00333404541016,2.5746688842773438
Brent Oil,Com_BrentCrudeOil,tscv,2,2023-12-04,2,PatchTST,LightGBM,75.98600006103516,77.19312286376953,-1.207122802734375
Brent Oil,Com_BrentCrudeOil,tscv,2,2023-12-11,3,PatchTST,LightGBM,75.5780029296875,75.73268127441406,-0.1546783447265625
Brent Oil,Com_BrentCrudeOil,tscv,2,2023-12-18,4,PatchTST,LightGBM,79.0199966430664,79.2352294921875,-0.21523284912109375
Brent Oil,Com_BrentCrudeOil,tscv,2,2023-12-25,5,PatchTST,LightGBM,78.6449966430664,81.20611572265625,-2.5611190795898438
Brent Oil,Com_BrentCrudeOil,tscv,2,2024-01-01,6,PatchTST,LightGBM,77.62249755859375,76.88472747802734,0.7377700805664062
Brent Oil,Com_BrentCrudeOil,tscv,2,2024-01-08,7,PatchTST,LightGBM,77.24199676513672,79.35338592529297,-2.11138916015625
Brent Oil,Com_BrentCrudeOil,tscv,2,2024-01-15,8,PatchTST,LightGBM,78.24199676513672,78.75672912597656,-0.5147323608398438
Brent Oil,Com_BrentCrudeOil,tscv,2,2024-01-22,9,PatchTST,LightGBM,80.33999633789062,78.14832305908203,2.1916732788085938
Brent Oil,Com_BrentCrudeOil,tscv,2,2024-01-29,10,PatchTST,LightGBM,79.86599731445312,78.05467224121094,1.8113250732421875
Brent Oil,Com_BrentCrudeOil,tscv,2,2024-02-05,11,PatchTST,LightGBM,79.51599884033203,75.01962280273438,4.496376037597656
Brent Oil,Com_BrentCrudeOil,tscv,2,2024-02-12,12,PatchTST,LightGBM,81.64800262451172,82.19070434570312,-0.5427017211914062
Brent Oil,Com_BrentCrudeOil,tscv,3,2023-12-25,1,PatchTST,-,78.6449966430664,74.32012939453125,4.324867248535156
Brent Oil,Com_BrentCrudeOil,tscv,3,2024-01-01,2,PatchTST,-,77.62249755859375,69.85780334472656,7.7646942138671875
Brent Oil,Com_BrentCrudeOil,tscv,3,2024-01-08,3,PatchTST,-,77.24199676513672,76.0799789428711,1.162017822265625
Brent Oil,Com_BrentCrudeOil,tscv,3,2024-01-15,4,PatchTST,-,78.24199676513672,72.38457489013672,5.857421875
Brent Oil,Com_BrentCrudeOil,tscv,3,2024-01-22,5,PatchTST,-,80.33999633789062,73.49150085449219,6.8484954833984375
Brent Oil,Com_BrentCrudeOil,tscv,3,2024-01-29,6,PatchTST,-,79.86599731445312,69.67608642578125,10.189910888671875
Brent Oil,Com_BrentCrudeOil,tscv,3,2024-02-05,7,PatchTST,-,79.51599884033203,72.32987976074219,7.186119079589844
Brent Oil,Com_BrentCrudeOil,tscv,3,2024-02-12,8,PatchTST,-,81.64800262451172,72.5644302368164,9.083572387695312
Brent Oil,Com_BrentCrudeOil,tscv,3,2024-02-19,9,PatchTST,-,81.3219985961914,65.86430358886719,15.457695007324219
Brent Oil,Com_BrentCrudeOil,tscv,3,2024-02-26,10,PatchTST,-,81.69200134277344,66.98406219482422,14.707939147949219
Brent Oil,Com_BrentCrudeOil,tscv,3,2024-03-04,11,PatchTST,-,81.8759994506836,69.05645751953125,12.819541931152344
Brent Oil,Com_BrentCrudeOil,tscv,3,2024-03-11,12,PatchTST,-,83.22200012207031,69.24470520019531,13.977294921875
Brent Oil,Com_BrentCrudeOil,tscv,3,2023-12-25,1,PatchTST,NLinear,78.6449966430664,76.5062255859375,2.1387710571289062
Brent Oil,Com_BrentCrudeOil,tscv,3,2024-01-01,2,PatchTST,NLinear,77.62249755859375,73.33039855957031,4.2920989990234375
Brent Oil,Com_BrentCrudeOil,tscv,3,2024-01-08,3,PatchTST,NLinear,77.24199676513672,79.40509796142578,-2.1631011962890625
Brent Oil,Com_BrentCrudeOil,tscv,3,2024-01-15,4,PatchTST,NLinear,78.24199676513672,74.95555114746094,3.2864456176757812
Brent Oil,Com_BrentCrudeOil,tscv,3,2024-01-22,5,PatchTST,NLinear,80.33999633789062,75.61758422851562,4.722412109375
Brent Oil,Com_BrentCrudeOil,tscv,3,2024-01-29,6,PatchTST,NLinear,79.86599731445312,71.69087982177734,8.175117492675781
Brent Oil,Com_BrentCrudeOil,tscv,3,2024-02-05,7,PatchTST,NLinear,79.51599884033203,73.74654388427734,5.7694549560546875
Brent Oil,Com_BrentCrudeOil,tscv,3,2024-02-12,8,PatchTST,NLinear,81.64800262451172,74.13336181640625,7.514640808105469
Brent Oil,Com_BrentCrudeOil,tscv,3,2024-02-19,9,PatchTST,NLinear,81.3219985961914,67.86084747314453,13.461151123046875
Brent Oil,Com_BrentCrudeOil,tscv,3,2024-02-26,10,PatchTST,NLinear,81.69200134277344,68.3785629272461,13.313438415527344
Brent Oil,Com_BrentCrudeOil,tscv,3,2024-03-04,11,PatchTST,NLinear,81.8759994506836,69.76049041748047,12.115509033203125
Brent Oil,Com_BrentCrudeOil,tscv,3,2024-03-11,12,PatchTST,NLinear,83.22200012207031,69.452880859375,13.769119262695312
Brent Oil,Com_BrentCrudeOil,tscv,3,2023-12-25,1,PatchTST,XGBoost,78.6449966430664,78.78873443603516,-0.14373779296875
Brent Oil,Com_BrentCrudeOil,tscv,3,2024-01-01,2,PatchTST,XGBoost,77.62249755859375,74.40715789794922,3.2153396606445312
Brent Oil,Com_BrentCrudeOil,tscv,3,2024-01-08,3,PatchTST,XGBoost,77.24199676513672,81.25943756103516,-4.0174407958984375
Brent Oil,Com_BrentCrudeOil,tscv,3,2024-01-15,4,PatchTST,XGBoost,78.24199676513672,77.42974853515625,0.8122482299804688
Brent Oil,Com_BrentCrudeOil,tscv,3,2024-01-22,5,PatchTST,XGBoost,80.33999633789062,78.13002014160156,2.2099761962890625
Brent Oil,Com_BrentCrudeOil,tscv,3,2024-01-29,6,PatchTST,XGBoost,79.86599731445312,75.5582275390625,4.307769775390625
Brent Oil,Com_BrentCrudeOil,tscv,3,2024-02-05,7,PatchTST,XGBoost,79.51599884033203,78.35299682617188,1.1630020141601562
Brent Oil,Com_BrentCrudeOil,tscv,3,2024-02-12,8,PatchTST,XGBoost,81.64800262451172,78.42826080322266,3.2197418212890625
Brent Oil,Com_BrentCrudeOil,tscv,3,2024-02-19,9,PatchTST,XGBoost,81.3219985961914,70.68949890136719,10.632499694824219
Brent Oil,Com_BrentCrudeOil,tscv,3,2024-02-26,10,PatchTST,XGBoost,81.69200134277344,72.61776733398438,9.074234008789062
Brent Oil,Com_BrentCrudeOil,tscv,3,2024-03-04,11,PatchTST,XGBoost,81.8759994506836,74.36251831054688,7.513481140136719
Brent Oil,Com_BrentCrudeOil,tscv,3,2024-03-11,12,PatchTST,XGBoost,83.22200012207031,73.4881591796875,9.733840942382812
Brent Oil,Com_BrentCrudeOil,tscv,3,2023-12-25,1,PatchTST,LightGBM,78.6449966430664,80.04888916015625,-1.4038925170898438
Brent Oil,Com_BrentCrudeOil,tscv,3,2024-01-01,2,PatchTST,LightGBM,77.62249755859375,76.48538208007812,1.137115478515625
Brent Oil,Com_BrentCrudeOil,tscv,3,2024-01-08,3,PatchTST,LightGBM,77.24199676513672,82.03904724121094,-4.797050476074219
Brent Oil,Com_BrentCrudeOil,tscv,3,2024-01-15,4,PatchTST,LightGBM,78.24199676513672,79.7903060913086,-1.548309326171875
Brent Oil,Com_BrentCrudeOil,tscv,3,2024-01-22,5,PatchTST,LightGBM,80.33999633789062,80.06185913085938,0.27813720703125
Brent Oil,Com_BrentCrudeOil,tscv,3,2024-01-29,6,PatchTST,LightGBM,79.86599731445312,77.53929901123047,2.3266983032226562
Brent Oil,Com_BrentCrudeOil,tscv,3,2024-02-05,7,PatchTST,LightGBM,79.51599884033203,79.50955963134766,0.006439208984375
Brent Oil,Com_BrentCrudeOil,tscv,3,2024-02-12,8,PatchTST,LightGBM,81.64800262451172,79.427001953125,2.2210006713867188
Brent Oil,Com_BrentCrudeOil,tscv,3,2024-02-19,9,PatchTST,LightGBM,81.3219985961914,72.57731628417969,8.744682312011719
Brent Oil,Com_BrentCrudeOil,tscv,3,2024-02-26,10,PatchTST,LightGBM,81.69200134277344,73.6405258178711,8.051475524902344
Brent Oil,Com_BrentCrudeOil,tscv,3,2024-03-04,11,PatchTST,LightGBM,81.8759994506836,76.26122283935547,5.614776611328125
Brent Oil,Com_BrentCrudeOil,tscv,3,2024-03-11,12,PatchTST,LightGBM,83.22200012207031,75.17749786376953,8.044502258300781
Brent Oil,Com_BrentCrudeOil,tscv,4,2024-01-22,1,PatchTST,-,80.33999633789062,72.52334594726562,7.816650390625
Brent Oil,Com_BrentCrudeOil,tscv,4,2024-01-29,2,PatchTST,-,79.86599731445312,68.92871856689453,10.937278747558594
Brent Oil,Com_BrentCrudeOil,tscv,4,2024-02-05,3,PatchTST,-,79.51599884033203,68.46324920654297,11.052749633789062
Brent Oil,Com_BrentCrudeOil,tscv,4,2024-02-12,4,PatchTST,-,81.64800262451172,69.8541488647461,11.793853759765625
Brent Oil,Com_BrentCrudeOil,tscv,4,2024-02-19,5,PatchTST,-,81.3219985961914,67.40009307861328,13.921905517578125
Brent Oil,Com_BrentCrudeOil,tscv,4,2024-02-26,6,PatchTST,-,81.69200134277344,69.67713928222656,12.014862060546875
Brent Oil,Com_BrentCrudeOil,tscv,4,2024-03-04,7,PatchTST,-,81.8759994506836,64.57319641113281,17.30280303955078
Brent Oil,Com_BrentCrudeOil,tscv,4,2024-03-11,8,PatchTST,-,83.22200012207031,63.6199836730957,19.60201644897461
Brent Oil,Com_BrentCrudeOil,tscv,4,2024-03-18,9,PatchTST,-,85.6520004272461,62.43256759643555,23.219432830810547
Brent Oil,Com_BrentCrudeOil,tscv,4,2024-03-25,10,PatchTST,-,86.2183837890625,64.294677734375,21.9237060546875
Brent Oil,Com_BrentCrudeOil,tscv,4,2024-04-01,11,PatchTST,-,89.50199890136719,64.72852325439453,24.773475646972656
Brent Oil,Com_BrentCrudeOil,tscv,4,2024-04-08,12,PatchTST,-,90.17333221435547,62.948604583740234,27.224727630615234
Brent Oil,Com_BrentCrudeOil,tscv,4,2024-01-22,1,PatchTST,NLinear,80.33999633789062,79.3854751586914,0.9545211791992188
Brent Oil,Com_BrentCrudeOil,tscv,4,2024-01-29,2,PatchTST,NLinear,79.86599731445312,75.08228302001953,4.783714294433594
Brent Oil,Com_BrentCrudeOil,tscv,4,2024-02-05,3,PatchTST,NLinear,79.51599884033203,74.22710418701172,5.2888946533203125
Brent Oil,Com_BrentCrudeOil,tscv,4,2024-02-12,4,PatchTST,NLinear,81.64800262451172,75.24459838867188,6.403404235839844
Brent Oil,Com_BrentCrudeOil,tscv,4,2024-02-19,5,PatchTST,NLinear,81.3219985961914,72.11209869384766,9.20989990234375
Brent Oil,Com_BrentCrudeOil,tscv,4,2024-02-26,6,PatchTST,NLinear,81.69200134277344,74.09720611572266,7.594795227050781
Brent Oil,Com_BrentCrudeOil,tscv,4,2024-03-04,7,PatchTST,NLinear,81.8759994506836,68.72989654541016,13.146102905273438
Brent Oil,Com_BrentCrudeOil,tscv,4,2024-03-11,8,PatchTST,NLinear,83.22200012207031,68.35066986083984,14.871330261230469
Brent Oil,Com_BrentCrudeOil,tscv,4,2024-03-18,9,PatchTST,NLinear,85.6520004272461,66.81707763671875,18.834922790527344
Brent Oil,Com_BrentCrudeOil,tscv,4,2024-03-25,10,PatchTST,NLinear,86.2183837890625,68.52909851074219,17.689285278320312
Brent Oil,Com_BrentCrudeOil,tscv,4,2024-04-01,11,PatchTST,NLinear,89.50199890136719,69.17098999023438,20.331008911132812
Brent Oil,Com_BrentCrudeOil,tscv,4,2024-04-08,12,PatchTST,NLinear,90.17333221435547,66.9278793334961,23.245452880859375
Brent Oil,Com_BrentCrudeOil,tscv,4,2024-01-22,1,PatchTST,XGBoost,80.33999633789062,74.84410858154297,5.495887756347656
Brent Oil,Com_BrentCrudeOil,tscv,4,2024-01-29,2,PatchTST,XGBoost,79.86599731445312,70.5660400390625,9.299957275390625
Brent Oil,Com_BrentCrudeOil,tscv,4,2024-02-05,3,PatchTST,XGBoost,79.51599884033203,70.51577758789062,9.000221252441406
Brent Oil,Com_BrentCrudeOil,tscv,4,2024-02-12,4,PatchTST,XGBoost,81.64800262451172,71.083740234375,10.564262390136719
Brent Oil,Com_BrentCrudeOil,tscv,4,2024-02-19,5,PatchTST,XGBoost,81.3219985961914,68.64729309082031,12.674705505371094
Brent Oil,Com_BrentCrudeOil,tscv,4,2024-02-26,6,PatchTST,XGBoost,81.69200134277344,70.71714782714844,10.974853515625
Brent Oil,Com_BrentCrudeOil,tscv,4,2024-03-04,7,PatchTST,XGBoost,81.8759994506836,65.55638885498047,16.319610595703125
Brent Oil,Com_BrentCrudeOil,tscv,4,2024-03-11,8,PatchTST,XGBoost,83.22200012207031,64.65204620361328,18.56995391845703
Brent Oil,Com_BrentCrudeOil,tscv,4,2024-03-18,9,PatchTST,XGBoost,85.6520004272461,63.28004455566406,22.37195587158203
Brent Oil,Com_BrentCrudeOil,tscv,4,2024-03-25,10,PatchTST,XGBoost,86.2183837890625,65.0343017578125,21.18408203125
Brent Oil,Com_BrentCrudeOil,tscv,4,2024-04-01,11,PatchTST,XGBoost,89.50199890136719,65.73493194580078,23.767066955566406
Brent Oil,Com_BrentCrudeOil,tscv,4,2024-04-08,12,PatchTST,XGBoost,90.17333221435547,64.49706268310547,25.67626953125
Brent Oil,Com_BrentCrudeOil,tscv,4,2024-01-22,1,PatchTST,LightGBM,80.33999633789062,77.08599853515625,3.253997802734375
Brent Oil,Com_BrentCrudeOil,tscv,4,2024-01-29,2,PatchTST,LightGBM,79.86599731445312,72.56102752685547,7.304969787597656
Brent Oil,Com_BrentCrudeOil,tscv,4,2024-02-05,3,PatchTST,LightGBM,79.51599884033203,70.7107162475586,8.805282592773438
Brent Oil,Com_BrentCrudeOil,tscv,4,2024-02-12,4,PatchTST,LightGBM,81.64800262451172,72.89299774169922,8.7550048828125
Brent Oil,Com_BrentCrudeOil,tscv,4,2024-02-19,5,PatchTST,LightGBM,81.3219985961914,69.78511810302734,11.536880493164062
Brent Oil,Com_BrentCrudeOil,tscv,4,2024-02-26,6,PatchTST,LightGBM,81.69200134277344,71.271484375,10.420516967773438
Brent Oil,Com_BrentCrudeOil,tscv,4,2024-03-04,7,PatchTST,LightGBM,81.8759994506836,65.80512237548828,16.070877075195312
Brent Oil,Com_BrentCrudeOil,tscv,4,2024-03-11,8,PatchTST,LightGBM,83.22200012207031,64.67144775390625,18.550552368164062
Brent Oil,Com_BrentCrudeOil,tscv,4,2024-03-18,9,PatchTST,LightGBM,85.6520004272461,63.514915466308594,22.1370849609375
Brent Oil,Com_BrentCrudeOil,tscv,4,2024-03-25,10,PatchTST,LightGBM,86.2183837890625,65.28489685058594,20.933486938476562
Brent Oil,Com_BrentCrudeOil,tscv,4,2024-04-01,11,PatchTST,LightGBM,89.50199890136719,65.72517395019531,23.776824951171875
Brent Oil,Com_BrentCrudeOil,tscv,4,2024-04-08,12,PatchTST,LightGBM,90.17333221435547,64.02342224121094,26.14990997314453
Brent Oil,Com_BrentCrudeOil,tscv,5,2024-02-19,1,PatchTST,-,81.3219985961914,86.92091369628906,-5.598915100097656
Brent Oil,Com_BrentCrudeOil,tscv,5,2024-02-26,2,PatchTST,-,81.69200134277344,83.83284759521484,-2.1408462524414062
Brent Oil,Com_BrentCrudeOil,tscv,5,2024-03-04,3,PatchTST,-,81.8759994506836,84.28453063964844,-2.4085311889648438
Brent Oil,Com_BrentCrudeOil,tscv,5,2024-03-11,4,PatchTST,-,83.22200012207031,83.27079010009766,-0.04878997802734375
Brent Oil,Com_BrentCrudeOil,tscv,5,2024-03-18,5,PatchTST,-,85.6520004272461,81.60150146484375,4.050498962402344
Brent Oil,Com_BrentCrudeOil,tscv,5,2024-03-25,6,PatchTST,-,86.2183837890625,82.75153350830078,3.4668502807617188
Brent Oil,Com_BrentCrudeOil,tscv,5,2024-04-01,7,PatchTST,-,89.50199890136719,84.81756591796875,4.6844329833984375
Brent Oil,Com_BrentCrudeOil,tscv,5,2024-04-08,8,PatchTST,-,90.17333221435547,87.35005950927734,2.823272705078125
Brent Oil,Com_BrentCrudeOil,tscv,5,2024-04-15,9,PatchTST,-,88.12903594970703,88.17155456542969,-0.04251861572265625
Brent Oil,Com_BrentCrudeOil,tscv,5,2024-04-22,10,PatchTST,-,87.90630340576172,84.3154525756836,3.590850830078125
Brent Oil,Com_BrentCrudeOil,tscv,5,2024-04-29,11,PatchTST,-,84.72000122070312,87.92706298828125,-3.207061767578125
Brent Oil,Com_BrentCrudeOil,tscv,5,2024-05-06,12,PatchTST,-,83.3479995727539,80.78270721435547,2.5652923583984375
Brent Oil,Com_BrentCrudeOil,tscv,5,2024-02-19,1,PatchTST,NLinear,81.3219985961914,83.77938079833984,-2.4573822021484375
Brent Oil,Com_BrentCrudeOil,tscv,5,2024-02-26,2,PatchTST,NLinear,81.69200134277344,81.58738708496094,0.1046142578125
Brent Oil,Com_BrentCrudeOil,tscv,5,2024-03-04,3,PatchTST,NLinear,81.8759994506836,81.34188842773438,0.5341110229492188
Brent Oil,Com_BrentCrudeOil,tscv,5,2024-03-11,4,PatchTST,NLinear,83.22200012207031,80.02578735351562,3.1962127685546875
Brent Oil,Com_BrentCrudeOil,tscv,5,2024-03-18,5,PatchTST,NLinear,85.6520004272461,78.23969268798828,7.4123077392578125
Brent Oil,Com_BrentCrudeOil,tscv,5,2024-03-25,6,PatchTST,NLinear,86.2183837890625,79.19208526611328,7.026298522949219
Brent Oil,Com_BrentCrudeOil,tscv,5,2024-04-01,7,PatchTST,NLinear,89.50199890136719,81.73570251464844,7.76629638671875
Brent Oil,Com_BrentCrudeOil,tscv,5,2024-04-08,8,PatchTST,NLinear,90.17333221435547,83.31193542480469,6.861396789550781
Brent Oil,Com_BrentCrudeOil,tscv,5,2024-04-15,9,PatchTST,NLinear,88.12903594970703,82.08416748046875,6.044868469238281
Brent Oil,Com_BrentCrudeOil,tscv,5,2024-04-22,10,PatchTST,NLinear,87.90630340576172,78.14253234863281,9.763771057128906
Brent Oil,Com_BrentCrudeOil,tscv,5,2024-04-29,11,PatchTST,NLinear,84.72000122070312,82.47280883789062,2.2471923828125
Brent Oil,Com_BrentCrudeOil,tscv,5,2024-05-06,12,PatchTST,NLinear,83.3479995727539,75.3967056274414,7.9512939453125
Brent Oil,Com_BrentCrudeOil,tscv,5,2024-02-19,1,PatchTST,XGBoost,81.3219985961914,87.64930725097656,-6.327308654785156
Brent Oil,Com_BrentCrudeOil,tscv,5,2024-02-26,2,PatchTST,XGBoost,81.69200134277344,86.64737701416016,-4.955375671386719
Brent Oil,Com_BrentCrudeOil,tscv,5,2024-03-04,3,PatchTST,XGBoost,81.8759994506836,88.3202133178711,-6.4442138671875
Brent Oil,Com_BrentCrudeOil,tscv,5,2024-03-11,4,PatchTST,XGBoost,83.22200012207031,88.22726440429688,-5.0052642822265625
Brent Oil,Com_BrentCrudeOil,tscv,5,2024-03-18,5,PatchTST,XGBoost,85.6520004272461,87.47453308105469,-1.8225326538085938
Brent Oil,Com_BrentCrudeOil,tscv,5,2024-03-25,6,PatchTST,XGBoost,86.2183837890625,87.755615234375,-1.5372314453125
Brent Oil,Com_BrentCrudeOil,tscv,5,2024-04-01,7,PatchTST,XGBoost,89.50199890136719,90.15080261230469,-0.6488037109375
Brent Oil,Com_BrentCrudeOil,tscv,5,2024-04-08,8,PatchTST,XGBoost,90.17333221435547,92.84602355957031,-2.6726913452148438
Brent Oil,Com_BrentCrudeOil,tscv,5,2024-04-15,9,PatchTST,XGBoost,88.12903594970703,93.58879089355469,-5.459754943847656
Brent Oil,Com_BrentCrudeOil,tscv,5,2024-04-22,10,PatchTST,XGBoost,87.90630340576172,89.69374084472656,-1.7874374389648438
Brent Oil,Com_BrentCrudeOil,tscv,5,2024-04-29,11,PatchTST,XGBoost,84.72000122070312,92.61234283447266,-7.892341613769531
Brent Oil,Com_BrentCrudeOil,tscv,5,2024-05-06,12,PatchTST,XGBoost,83.3479995727539,86.90953826904297,-3.5615386962890625
Brent Oil,Com_BrentCrudeOil,tscv,5,2024-02-19,1,PatchTST,LightGBM,81.3219985961914,88.63463592529297,-7.3126373291015625
Brent Oil,Com_BrentCrudeOil,tscv,5,2024-02-26,2,PatchTST,LightGBM,81.69200134277344,87.54299926757812,-5.8509979248046875
Brent Oil,Com_BrentCrudeOil,tscv,5,2024-03-04,3,PatchTST,LightGBM,81.8759994506836,88.94503021240234,-7.06903076171875
Brent Oil,Com_BrentCrudeOil,tscv,5,2024-03-11,4,PatchTST,LightGBM,83.22200012207031,87.26852416992188,-4.0465240478515625
Brent Oil,Com_BrentCrudeOil,tscv,5,2024-03-18,5,PatchTST,LightGBM,85.6520004272461,86.19446563720703,-0.5424652099609375
Brent Oil,Com_BrentCrudeOil,tscv,5,2024-03-25,6,PatchTST,LightGBM,86.2183837890625,88.27588653564453,-2.0575027465820312
Brent Oil,Com_BrentCrudeOil,tscv,5,2024-04-01,7,PatchTST,LightGBM,89.50199890136719,89.4263687133789,0.07563018798828125
Brent Oil,Com_BrentCrudeOil,tscv,5,2024-04-08,8,PatchTST,LightGBM,90.17333221435547,92.1908187866211,-2.017486572265625
Brent Oil,Com_BrentCrudeOil,tscv,5,2024-04-15,9,PatchTST,LightGBM,88.12903594970703,92.78748321533203,-4.658447265625
Brent Oil,Com_BrentCrudeOil,tscv,5,2024-04-22,10,PatchTST,LightGBM,87.90630340576172,87.58738708496094,0.31891632080078125
Brent Oil,Com_BrentCrudeOil,tscv,5,2024-04-29,11,PatchTST,LightGBM,84.72000122070312,91.2801513671875,-6.560150146484375
Brent Oil,Com_BrentCrudeOil,tscv,5,2024-05-06,12,PatchTST,LightGBM,83.3479995727539,84.9146957397461,-1.5666961669921875
Brent Oil,Com_BrentCrudeOil,tscv,6,2024-03-18,1,PatchTST,-,85.6520004272461,65.63876342773438,20.01323699951172
Brent Oil,Com_BrentCrudeOil,tscv,6,2024-03-25,2,PatchTST,-,86.2183837890625,66.12345886230469,20.094924926757812
Brent Oil,Com_BrentCrudeOil,tscv,6,2024-04-01,3,PatchTST,-,89.50199890136719,68.38556671142578,21.116432189941406
Brent Oil,Com_BrentCrudeOil,tscv,6,2024-04-08,4,PatchTST,-,90.17333221435547,66.03797912597656,24.135353088378906
Brent Oil,Com_BrentCrudeOil,tscv,6,2024-04-15,5,PatchTST,-,88.12903594970703,68.06803894042969,20.060997009277344
Brent Oil,Com_BrentCrudeOil,tscv,6,2024-04-22,6,PatchTST,-,87.90630340576172,68.20343780517578,19.702865600585938
Brent Oil,Com_BrentCrudeOil,tscv,6,2024-04-29,7,PatchTST,-,84.72000122070312,69.03620147705078,15.683799743652344
Brent Oil,Com_BrentCrudeOil,tscv,6,2024-05-06,8,PatchTST,-,83.3479995727539,65.13494110107422,18.213058471679688
Brent Oil,Com_BrentCrudeOil,tscv,6,2024-05-13,9,PatchTST,-,83.14800262451172,65.93702697753906,17.210975646972656
Brent Oil,Com_BrentCrudeOil,tscv,6,2024-05-20,10,PatchTST,-,82.39399719238281,67.62828826904297,14.765708923339844
Brent Oil,Com_BrentCrudeOil,tscv,6,2024-05-27,11,PatchTST,-,82.64234161376953,66.09636688232422,16.545974731445312
Brent Oil,Com_BrentCrudeOil,tscv,6,2024-06-03,12,PatchTST,-,78.75599670410156,67.80791473388672,10.948081970214844
Brent Oil,Com_BrentCrudeOil,tscv,6,2024-03-18,1,PatchTST,NLinear,85.6520004272461,79.92926788330078,5.7227325439453125
Brent Oil,Com_BrentCrudeOil,tscv,6,2024-03-25,2,PatchTST,NLinear,86.2183837890625,78.8214111328125,7.39697265625
Brent Oil,Com_BrentCrudeOil,tscv,6,2024-04-01,3,PatchTST,NLinear,89.50199890136719,79.72298431396484,9.779014587402344
Brent Oil,Com_BrentCrudeOil,tscv,6,2024-04-08,4,PatchTST,NLinear,90.17333221435547,76.63353729248047,13.539794921875
Brent Oil,Com_BrentCrudeOil,tscv,6,2024-04-15,5,PatchTST,NLinear,88.12903594970703,77.79615783691406,10.332878112792969
Brent Oil,Com_BrentCrudeOil,tscv,6,2024-04-22,6,PatchTST,NLinear,87.90630340576172,78.46226501464844,9.444038391113281
Brent Oil,Com_BrentCrudeOil,tscv,6,2024-04-29,7,PatchTST,NLinear,84.72000122070312,79.47013092041016,5.249870300292969
Brent Oil,Com_BrentCrudeOil,tscv,6,2024-05-06,8,PatchTST,NLinear,83.3479995727539,75.29537963867188,8.052619934082031
Brent Oil,Com_BrentCrudeOil,tscv,6,2024-05-13,9,PatchTST,NLinear,83.14800262451172,76.36064910888672,6.787353515625
Brent Oil,Com_BrentCrudeOil,tscv,6,2024-05-20,10,PatchTST,NLinear,82.39399719238281,77.94320678710938,4.4507904052734375
Brent Oil,Com_BrentCrudeOil,tscv,6,2024-05-27,11,PatchTST,NLinear,82.64234161376953,76.59143829345703,6.0509033203125
Brent Oil,Com_BrentCrudeOil,tscv,6,2024-06-03,12,PatchTST,NLinear,78.75599670410156,78.76087188720703,-0.00487518310546875
Brent Oil,Com_BrentCrudeOil,tscv,6,2024-03-18,1,PatchTST,XGBoost,85.6520004272461,66.06623077392578,19.585769653320312
Brent Oil,Com_BrentCrudeOil,tscv,6,2024-03-25,2,PatchTST,XGBoost,86.2183837890625,65.05729675292969,21.161087036132812
Brent Oil,Com_BrentCrudeOil,tscv,6,2024-04-01,3,PatchTST,XGBoost,89.50199890136719,66.38082122802734,23.121177673339844
Brent Oil,Com_BrentCrudeOil,tscv,6,2024-04-08,4,PatchTST,XGBoost,90.17333221435547,64.06097412109375,26.11235809326172
Brent Oil,Com_BrentCrudeOil,tscv,6,2024-04-15,5,PatchTST,XGBoost,88.12903594970703,65.90786743164062,22.221168518066406
Brent Oil,Com_BrentCrudeOil,tscv,6,2024-04-22,6,PatchTST,XGBoost,87.90630340576172,65.9239501953125,21.98235321044922
Brent Oil,Com_BrentCrudeOil,tscv,6,2024-04-29,7,PatchTST,XGBoost,84.72000122070312,66.91476440429688,17.80523681640625
Brent Oil,Com_BrentCrudeOil,tscv,6,2024-05-06,8,PatchTST,XGBoost,83.3479995727539,62.07295227050781,21.275047302246094
Brent Oil,Com_BrentCrudeOil,tscv,6,2024-05-13,9,PatchTST,XGBoost,83.14800262451172,62.92921829223633,20.21878433227539
Brent Oil,Com_BrentCrudeOil,tscv,6,2024-05-20,10,PatchTST,XGBoost,82.39399719238281,63.571014404296875,18.822982788085938
Brent Oil,Com_BrentCrudeOil,tscv,6,2024-05-27,11,PatchTST,XGBoost,82.64234161376953,62.59528350830078,20.04705810546875
Brent Oil,Com_BrentCrudeOil,tscv,6,2024-06-03,12,PatchTST,XGBoost,78.75599670410156,64.09713745117188,14.658859252929688
Brent Oil,Com_BrentCrudeOil,tscv,6,2024-03-18,1,PatchTST,LightGBM,85.6520004272461,70.73888397216797,14.913116455078125
Brent Oil,Com_BrentCrudeOil,tscv,6,2024-03-25,2,PatchTST,LightGBM,86.2183837890625,70.63744354248047,15.580940246582031
Brent Oil,Com_BrentCrudeOil,tscv,6,2024-04-01,3,PatchTST,LightGBM,89.50199890136719,71.00592803955078,18.496070861816406
Brent Oil,Com_BrentCrudeOil,tscv,6,2024-04-08,4,PatchTST,LightGBM,90.17333221435547,68.2958755493164,21.877456665039062
Brent Oil,Com_BrentCrudeOil,tscv,6,2024-04-15,5,PatchTST,LightGBM,88.12903594970703,70.42277526855469,17.706260681152344
Brent Oil,Com_BrentCrudeOil,tscv,6,2024-04-22,6,PatchTST,LightGBM,87.90630340576172,70.45110321044922,17.4552001953125
Brent Oil,Com_BrentCrudeOil,tscv,6,2024-04-29,7,PatchTST,LightGBM,84.72000122070312,71.24388122558594,13.476119995117188
Brent Oil,Com_BrentCrudeOil,tscv,6,2024-05-06,8,PatchTST,LightGBM,83.3479995727539,67.38078308105469,15.967216491699219
Brent Oil,Com_BrentCrudeOil,tscv,6,2024-05-13,9,PatchTST,LightGBM,83.14800262451172,68.13914489746094,15.008857727050781
Brent Oil,Com_BrentCrudeOil,tscv,6,2024-05-20,10,PatchTST,LightGBM,82.39399719238281,69.83040618896484,12.563591003417969
Brent Oil,Com_BrentCrudeOil,tscv,6,2024-05-27,11,PatchTST,LightGBM,82.64234161376953,68.3952865600586,14.247055053710938
Brent Oil,Com_BrentCrudeOil,tscv,6,2024-06-03,12,PatchTST,LightGBM,78.75599670410156,70.05512237548828,8.700874328613281
Brent Oil,Com_BrentCrudeOil,tscv,7,2024-04-15,1,PatchTST,-,88.12903594970703,81.21517944335938,6.913856506347656
Brent Oil,Com_BrentCrudeOil,tscv,7,2024-04-22,2,PatchTST,-,87.90630340576172,82.63104248046875,5.275260925292969
Brent Oil,Com_BrentCrudeOil,tscv,7,2024-04-29,3,PatchTST,-,84.72000122070312,79.82520294189453,4.894798278808594
Brent Oil,Com_BrentCrudeOil,tscv,7,2024-05-06,4,PatchTST,-,83.3479995727539,83.80670166015625,-0.45870208740234375
Brent Oil,Com_BrentCrudeOil,tscv,7,2024-05-13,5,PatchTST,-,83.14800262451172,81.6380844116211,1.509918212890625
Brent Oil,Com_BrentCrudeOil,tscv,7,2024-05-20,6,PatchTST,-,82.39399719238281,80.34947204589844,2.044525146484375
Brent Oil,Com_BrentCrudeOil,tscv,7,2024-05-27,7,PatchTST,-,82.64234161376953,80.19306945800781,2.4492721557617188
Brent Oil,Com_BrentCrudeOil,tscv,7,2024-06-03,8,PatchTST,-,78.75599670410156,78.0023193359375,0.7536773681640625
Brent Oil,Com_BrentCrudeOil,tscv,7,2024-06-10,9,PatchTST,-,82.30400085449219,79.34778594970703,2.9562149047851562
Brent Oil,Com_BrentCrudeOil,tscv,7,2024-06-17,10,PatchTST,-,85.13249969482422,83.98575592041016,1.1467437744140625
Brent Oil,Com_BrentCrudeOil,tscv,7,2024-06-24,11,PatchTST,-,84.99199676513672,80.65990447998047,4.33209228515625
Brent Oil,Com_BrentCrudeOil,tscv,7,2024-07-01,12,PatchTST,-,86.68726348876953,79.42594909667969,7.261314392089844
Brent Oil,Com_BrentCrudeOil,tscv,7,2024-04-15,1,PatchTST,NLinear,88.12903594970703,91.38487243652344,-3.2558364868164062
Brent Oil,Com_BrentCrudeOil,tscv,7,2024-04-22,2,PatchTST,NLinear,87.90630340576172,89.62023162841797,-1.71392822265625
Brent Oil,Com_BrentCrudeOil,tscv,7,2024-04-29,3,PatchTST,NLinear,84.72000122070312,85.2563247680664,-0.5363235473632812
Brent Oil,Com_BrentCrudeOil,tscv,7,2024-05-06,4,PatchTST,NLinear,83.3479995727539,87.93226623535156,-4.584266662597656
Brent Oil,Com_BrentCrudeOil,tscv,7,2024-05-13,5,PatchTST,NLinear,83.14800262451172,84.12968444824219,-0.9816818237304688
Brent Oil,Com_BrentCrudeOil,tscv,7,2024-05-20,6,PatchTST,NLinear,82.39399719238281,82.43083953857422,-0.03684234619140625
Brent Oil,Com_BrentCrudeOil,tscv,7,2024-05-27,7,PatchTST,NLinear,82.64234161376953,81.9839859008789,0.658355712890625
Brent Oil,Com_BrentCrudeOil,tscv,7,2024-06-03,8,PatchTST,NLinear,78.75599670410156,79.52242279052734,-0.7664260864257812
Brent Oil,Com_BrentCrudeOil,tscv,7,2024-06-10,9,PatchTST,NLinear,82.30400085449219,79.02049255371094,3.28350830078125
Brent Oil,Com_BrentCrudeOil,tscv,7,2024-06-17,10,PatchTST,NLinear,85.13249969482422,82.56216430664062,2.5703353881835938
Brent Oil,Com_BrentCrudeOil,tscv,7,2024-06-24,11,PatchTST,NLinear,84.99199676513672,78.32244110107422,6.6695556640625
Brent Oil,Com_BrentCrudeOil,tscv,7,2024-07-01,12,PatchTST,NLinear,86.68726348876953,77.06291198730469,9.624351501464844
Brent Oil,Com_BrentCrudeOil,tscv,7,2024-04-15,1,PatchTST,XGBoost,88.12903594970703,82.85464477539062,5.274391174316406
Brent Oil,Com_BrentCrudeOil,tscv,7,2024-04-22,2,PatchTST,XGBoost,87.90630340576172,84.3775863647461,3.528717041015625
Brent Oil,Com_BrentCrudeOil,tscv,7,2024-04-29,3,PatchTST,XGBoost,84.72000122070312,81.57174682617188,3.14825439453125
Brent Oil,Com_BrentCrudeOil,tscv,7,2024-05-06,4,PatchTST,XGBoost,83.3479995727539,85.5532455444336,-2.2052459716796875
Brent Oil,Com_BrentCrudeOil,tscv,7,2024-05-13,5,PatchTST,XGBoost,83.14800262451172,83.38462829589844,-0.23662567138671875
Brent Oil,Com_BrentCrudeOil,tscv,7,2024-05-20,6,PatchTST,XGBoost,82.39399719238281,81.88499450683594,0.509002685546875
Brent Oil,Com_BrentCrudeOil,tscv,7,2024-05-27,7,PatchTST,XGBoost,82.64234161376953,81.72859191894531,0.9137496948242188
Brent Oil,Com_BrentCrudeOil,tscv,7,2024-06-03,8,PatchTST,XGBoost,78.75599670410156,79.537841796875,-0.7818450927734375
Brent Oil,Com_BrentCrudeOil,tscv,7,2024-06-10,9,PatchTST,XGBoost,82.30400085449219,80.88330841064453,1.4206924438476562
Brent Oil,Com_BrentCrudeOil,tscv,7,2024-06-17,10,PatchTST,XGBoost,85.13249969482422,85.7322998046875,-0.5998001098632812
Brent Oil,Com_BrentCrudeOil,tscv,7,2024-06-24,11,PatchTST,XGBoost,84.99199676513672,82.40644836425781,2.5855484008789062
Brent Oil,Com_BrentCrudeOil,tscv,7,2024-07-01,12,PatchTST,XGBoost,86.68726348876953,80.96147155761719,5.725791931152344
Brent Oil,Com_BrentCrudeOil,tscv,7,2024-04-15,1,PatchTST,LightGBM,88.12903594970703,85.7061996459961,2.4228363037109375
Brent Oil,Com_BrentCrudeOil,tscv,7,2024-04-22,2,PatchTST,LightGBM,87.90630340576172,86.92919921875,0.9771041870117188
Brent Oil,Com_BrentCrudeOil,tscv,7,2024-04-29,3,PatchTST,LightGBM,84.72000122070312,84.09861755371094,0.6213836669921875
Brent Oil,Com_BrentCrudeOil,tscv,7,2024-05-06,4,PatchTST,LightGBM,83.3479995727539,88.08011627197266,-4.73211669921875
Brent Oil,Com_BrentCrudeOil,tscv,7,2024-05-13,5,PatchTST,LightGBM,83.14800262451172,85.71863555908203,-2.5706329345703125
Brent Oil,Com_BrentCrudeOil,tscv,7,2024-05-20,6,PatchTST,LightGBM,82.39399719238281,84.43002319335938,-2.0360260009765625
Brent Oil,Com_BrentCrudeOil,tscv,7,2024-05-27,7,PatchTST,LightGBM,82.64234161376953,84.27362060546875,-1.6312789916992188
Brent Oil,Com_BrentCrudeOil,tscv,7,2024-06-03,8,PatchTST,LightGBM,78.75599670410156,82.08287048339844,-3.326873779296875
Brent Oil,Com_BrentCrudeOil,tscv,7,2024-06-10,9,PatchTST,LightGBM,82.30400085449219,83.45655059814453,-1.1525497436523438
Brent Oil,Com_BrentCrudeOil,tscv,7,2024-06-17,10,PatchTST,LightGBM,85.13249969482422,88.09452056884766,-2.9620208740234375
Brent Oil,Com_BrentCrudeOil,tscv,7,2024-06-24,11,PatchTST,LightGBM,84.99199676513672,84.7404556274414,0.2515411376953125
Brent Oil,Com_BrentCrudeOil,tscv,7,2024-07-01,12,PatchTST,LightGBM,86.68726348876953,83.50650024414062,3.1807632446289062
Brent Oil,Com_BrentCrudeOil,tscv,8,2024-05-13,1,PatchTST,-,83.14800262451172,77.12545776367188,6.022544860839844
Brent Oil,Com_BrentCrudeOil,tscv,8,2024-05-20,2,PatchTST,-,82.39399719238281,73.22248077392578,9.171516418457031
Brent Oil,Com_BrentCrudeOil,tscv,8,2024-05-27,3,PatchTST,-,82.64234161376953,70.56380462646484,12.078536987304688
Brent Oil,Com_BrentCrudeOil,tscv,8,2024-06-03,4,PatchTST,-,78.75599670410156,80.01641082763672,-1.2604141235351562
Brent Oil,Com_BrentCrudeOil,tscv,8,2024-06-10,5,PatchTST,-,82.30400085449219,75.4627685546875,6.8412322998046875
Brent Oil,Com_BrentCrudeOil,tscv,8,2024-06-17,6,PatchTST,-,85.13249969482422,75.35096740722656,9.781532287597656
Brent Oil,Com_BrentCrudeOil,tscv,8,2024-06-24,7,PatchTST,-,84.99199676513672,78.02723693847656,6.964759826660156
Brent Oil,Com_BrentCrudeOil,tscv,8,2024-07-01,8,PatchTST,-,86.68726348876953,78.77616119384766,7.911102294921875
Brent Oil,Com_BrentCrudeOil,tscv,8,2024-07-08,9,PatchTST,-,85.18399810791016,77.12881469726562,8.055183410644531
Brent Oil,Com_BrentCrudeOil,tscv,8,2024-07-15,10,PatchTST,-,84.27999877929688,75.96109771728516,8.318901062011719
Brent Oil,Com_BrentCrudeOil,tscv,8,2024-07-22,11,PatchTST,-,81.7239990234375,73.66835021972656,8.055648803710938
Brent Oil,Com_BrentCrudeOil,tscv,8,2024-07-29,12,PatchTST,-,78.4143295288086,75.62896728515625,2.7853622436523438
Brent Oil,Com_BrentCrudeOil,tscv,8,2024-05-13,1,PatchTST,NLinear,83.14800262451172,84.33438110351562,-1.1863784790039062
Brent Oil,Com_BrentCrudeOil,tscv,8,2024-05-20,2,PatchTST,NLinear,82.39399719238281,79.68269348144531,2.7113037109375
Brent Oil,Com_BrentCrudeOil,tscv,8,2024-05-27,3,PatchTST,NLinear,82.64234161376953,78.97046661376953,3.671875
Brent Oil,Com_BrentCrudeOil,tscv,8,2024-06-03,4,PatchTST,NLinear,78.75599670410156,88.67899322509766,-9.922996520996094
Brent Oil,Com_BrentCrudeOil,tscv,8,2024-06-10,5,PatchTST,NLinear,82.30400085449219,83.73578643798828,-1.4317855834960938
Brent Oil,Com_BrentCrudeOil,tscv,8,2024-06-17,6,PatchTST,NLinear,85.13249969482422,82.18323516845703,2.9492645263671875
Brent Oil,Com_BrentCrudeOil,tscv,8,2024-06-24,7,PatchTST,NLinear,84.99199676513672,82.8330307006836,2.158966064453125
Brent Oil,Com_BrentCrudeOil,tscv,8,2024-07-01,8,PatchTST,NLinear,86.68726348876953,84.33658599853516,2.350677490234375
Brent Oil,Com_BrentCrudeOil,tscv,8,2024-07-08,9,PatchTST,NLinear,85.18399810791016,83.62450408935547,1.5594940185546875
Brent Oil,Com_BrentCrudeOil,tscv,8,2024-07-15,10,PatchTST,NLinear,84.27999877929688,82.42179870605469,1.8582000732421875
Brent Oil,Com_BrentCrudeOil,tscv,8,2024-07-22,11,PatchTST,NLinear,81.7239990234375,81.22314453125,0.5008544921875
Brent Oil,Com_BrentCrudeOil,tscv,8,2024-07-29,12,PatchTST,NLinear,78.4143295288086,82.35600280761719,-3.9416732788085938
Brent Oil,Com_BrentCrudeOil,tscv,8,2024-05-13,1,PatchTST,XGBoost,83.14800262451172,83.3515396118164,-0.2035369873046875
Brent Oil,Com_BrentCrudeOil,tscv,8,2024-05-20,2,PatchTST,XGBoost,82.39399719238281,81.02731323242188,1.3666839599609375
Brent Oil,Com_BrentCrudeOil,tscv,8,2024-05-27,3,PatchTST,XGBoost,82.64234161376953,79.19612121582031,3.4462203979492188
Brent Oil,Com_BrentCrudeOil,tscv,8,2024-06-03,4,PatchTST,XGBoost,78.75599670410156,87.66706848144531,-8.91107177734375
Brent Oil,Com_BrentCrudeOil,tscv,8,2024-06-10,5,PatchTST,XGBoost,82.30400085449219,84.37200927734375,-2.0680084228515625
Brent Oil,Com_BrentCrudeOil,tscv,8,2024-06-17,6,PatchTST,XGBoost,85.13249969482422,83.04747009277344,2.0850296020507812
Brent Oil,Com_BrentCrudeOil,tscv,8,2024-06-24,7,PatchTST,XGBoost,84.99199676513672,86.0305404663086,-1.038543701171875
Brent Oil,Com_BrentCrudeOil,tscv,8,2024-07-01,8,PatchTST,XGBoost,86.68726348876953,85.66316223144531,1.0241012573242188
Brent Oil,Com_BrentCrudeOil,tscv,8,2024-07-08,9,PatchTST,XGBoost,85.18399810791016,84.37503814697266,0.8089599609375
Brent Oil,Com_BrentCrudeOil,tscv,8,2024-07-15,10,PatchTST,XGBoost,84.27999877929688,83.72586822509766,0.5541305541992188
Brent Oil,Com_BrentCrudeOil,tscv,8,2024-07-22,11,PatchTST,XGBoost,81.7239990234375,81.30268096923828,0.42131805419921875
Brent Oil,Com_BrentCrudeOil,tscv,8,2024-07-29,12,PatchTST,XGBoost,78.4143295288086,83.38392639160156,-4.969596862792969
Brent Oil,Com_BrentCrudeOil,tscv,8,2024-05-13,1,PatchTST,LightGBM,83.14800262451172,82.48042297363281,0.6675796508789062
Brent Oil,Com_BrentCrudeOil,tscv,8,2024-05-20,2,PatchTST,LightGBM,82.39399719238281,79.4278564453125,2.9661407470703125
Brent Oil,Com_BrentCrudeOil,tscv,8,2024-05-27,3,PatchTST,LightGBM,82.64234161376953,79.01041412353516,3.631927490234375
Brent Oil,Com_BrentCrudeOil,tscv,8,2024-06-03,4,PatchTST,LightGBM,78.75599670410156,87.40737915039062,-8.651382446289062
Brent Oil,Com_BrentCrudeOil,tscv,8,2024-06-10,5,PatchTST,LightGBM,82.30400085449219,84.65901947021484,-2.3550186157226562
Brent Oil,Com_BrentCrudeOil,tscv,8,2024-06-17,6,PatchTST,LightGBM,85.13249969482422,83.37751770019531,1.7549819946289062
Brent Oil,Com_BrentCrudeOil,tscv,8,2024-06-24,7,PatchTST,LightGBM,84.99199676513672,85.95792388916016,-0.9659271240234375
Brent Oil,Com_BrentCrudeOil,tscv,8,2024-07-01,8,PatchTST,LightGBM,86.68726348876953,85.83633422851562,0.8509292602539062
Brent Oil,Com_BrentCrudeOil,tscv,8,2024-07-08,9,PatchTST,LightGBM,85.18399810791016,83.3699951171875,1.8140029907226562
Brent Oil,Com_BrentCrudeOil,tscv,8,2024-07-15,10,PatchTST,LightGBM,84.27999877929688,84.05303955078125,0.226959228515625
Brent Oil,Com_BrentCrudeOil,tscv,8,2024-07-22,11,PatchTST,LightGBM,81.7239990234375,81.0122299194336,0.7117691040039062
Brent Oil,Com_BrentCrudeOil,tscv,8,2024-07-29,12,PatchTST,LightGBM,78.4143295288086,83.134765625,-4.720436096191406
Brent Oil,Com_BrentCrudeOil,tscv,9,2024-06-10,1,PatchTST,-,82.30400085449219,73.0459976196289,9.258003234863281
Brent Oil,Com_BrentCrudeOil,tscv,9,2024-06-17,2,PatchTST,-,85.13249969482422,72.88533782958984,12.247161865234375
Brent Oil,Com_BrentCrudeOil,tscv,9,2024-06-24,3,PatchTST,-,84.99199676513672,77.12299346923828,7.8690032958984375
Brent Oil,Com_BrentCrudeOil,tscv,9,2024-07-01,4,PatchTST,-,86.68726348876953,74.29187774658203,12.3953857421875
Brent Oil,Com_BrentCrudeOil,tscv,9,2024-07-08,5,PatchTST,-,85.18399810791016,72.28043365478516,12.903564453125
Brent Oil,Com_BrentCrudeOil,tscv,9,2024-07-15,6,PatchTST,-,84.27999877929688,74.12484741210938,10.1551513671875
Brent Oil,Com_BrentCrudeOil,tscv,9,2024-07-22,7,PatchTST,-,81.7239990234375,69.70854949951172,12.015449523925781
Brent Oil,Com_BrentCrudeOil,tscv,9,2024-07-29,8,PatchTST,-,78.4143295288086,69.27909088134766,9.135238647460938
Brent Oil,Com_BrentCrudeOil,tscv,9,2024-08-05,9,PatchTST,-,78.48297119140625,66.6526107788086,11.830360412597656
Brent Oil,Com_BrentCrudeOil,tscv,9,2024-08-12,10,PatchTST,-,80.38911437988281,69.76300811767578,10.626106262207031
Brent Oil,Com_BrentCrudeOil,tscv,9,2024-08-19,11,PatchTST,-,77.96463012695312,70.24763488769531,7.7169952392578125
Brent Oil,Com_BrentCrudeOil,tscv,9,2024-08-26,12,PatchTST,-,78.09672546386719,67.82136535644531,10.275360107421875
Brent Oil,Com_BrentCrudeOil,tscv,9,2024-06-10,1,PatchTST,NLinear,82.30400085449219,82.50222778320312,-0.1982269287109375
Brent Oil,Com_BrentCrudeOil,tscv,9,2024-06-17,2,PatchTST,NLinear,85.13249969482422,82.86126708984375,2.2712326049804688
Brent Oil,Com_BrentCrudeOil,tscv,9,2024-06-24,3,PatchTST,NLinear,84.99199676513672,86.90717315673828,-1.9151763916015625
Brent Oil,Com_BrentCrudeOil,tscv,9,2024-07-01,4,PatchTST,NLinear,86.68726348876953,83.88616180419922,2.8011016845703125
Brent Oil,Com_BrentCrudeOil,tscv,9,2024-07-08,5,PatchTST,NLinear,85.18399810791016,82.18244934082031,3.0015487670898438
Brent Oil,Com_BrentCrudeOil,tscv,9,2024-07-15,6,PatchTST,NLinear,84.27999877929688,84.90080261230469,-0.6208038330078125
Brent Oil,Com_BrentCrudeOil,tscv,9,2024-07-22,7,PatchTST,NLinear,81.7239990234375,81.21908569335938,0.504913330078125
Brent Oil,Com_BrentCrudeOil,tscv,9,2024-07-29,8,PatchTST,NLinear,78.4143295288086,81.04229736328125,-2.6279678344726562
Brent Oil,Com_BrentCrudeOil,tscv,9,2024-08-05,9,PatchTST,NLinear,78.48297119140625,79.74105834960938,-1.258087158203125
Brent Oil,Com_BrentCrudeOil,tscv,9,2024-08-12,10,PatchTST,NLinear,80.38911437988281,83.26226043701172,-2.8731460571289062
Brent Oil,Com_BrentCrudeOil,tscv,9,2024-08-19,11,PatchTST,NLinear,77.96463012695312,83.26544952392578,-5.300819396972656
Brent Oil,Com_BrentCrudeOil,tscv,9,2024-08-26,12,PatchTST,NLinear,78.09672546386719,80.27944946289062,-2.1827239990234375
Brent Oil,Com_BrentCrudeOil,tscv,9,2024-06-10,1,PatchTST,XGBoost,82.30400085449219,80.79381561279297,1.5101852416992188
Brent Oil,Com_BrentCrudeOil,tscv,9,2024-06-17,2,PatchTST,XGBoost,85.13249969482422,81.5537109375,3.5787887573242188
Brent Oil,Com_BrentCrudeOil,tscv,9,2024-06-24,3,PatchTST,XGBoost,84.99199676513672,85.02450561523438,-0.03250885009765625
Brent Oil,Com_BrentCrudeOil,tscv,9,2024-07-01,4,PatchTST,XGBoost,86.68726348876953,82.25321960449219,4.434043884277344
Brent Oil,Com_BrentCrudeOil,tscv,9,2024-07-08,5,PatchTST,XGBoost,85.18399810791016,79.89563751220703,5.288360595703125
Brent Oil,Com_BrentCrudeOil,tscv,9,2024-07-15,6,PatchTST,XGBoost,84.27999877929688,81.79691314697266,2.4830856323242188
Brent Oil,Com_BrentCrudeOil,tscv,9,2024-07-22,7,PatchTST,XGBoost,81.7239990234375,77.30278015136719,4.4212188720703125
Brent Oil,Com_BrentCrudeOil,tscv,9,2024-07-29,8,PatchTST,XGBoost,78.4143295288086,76.87808990478516,1.5362396240234375
Brent Oil,Com_BrentCrudeOil,tscv,9,2024-08-05,9,PatchTST,XGBoost,78.48297119140625,73.55564880371094,4.9273223876953125
Brent Oil,Com_BrentCrudeOil,tscv,9,2024-08-12,10,PatchTST,XGBoost,80.38911437988281,77.1828384399414,3.2062759399414062
Brent Oil,Com_BrentCrudeOil,tscv,9,2024-08-19,11,PatchTST,XGBoost,77.96463012695312,77.40864562988281,0.5559844970703125
Brent Oil,Com_BrentCrudeOil,tscv,9,2024-08-26,12,PatchTST,XGBoost,78.09672546386719,74.74781799316406,3.348907470703125
Brent Oil,Com_BrentCrudeOil,tscv,9,2024-06-10,1,PatchTST,LightGBM,82.30400085449219,81.97798156738281,0.326019287109375
Brent Oil,Com_BrentCrudeOil,tscv,9,2024-06-17,2,PatchTST,LightGBM,85.13249969482422,80.75391387939453,4.3785858154296875
Brent Oil,Com_BrentCrudeOil,tscv,9,2024-06-24,3,PatchTST,LightGBM,84.99199676513672,84.90642547607422,0.0855712890625
Brent Oil,Com_BrentCrudeOil,tscv,9,2024-07-01,4,PatchTST,LightGBM,86.68726348876953,82.41835021972656,4.268913269042969
Brent Oil,Com_BrentCrudeOil,tscv,9,2024-07-08,5,PatchTST,LightGBM,85.18399810791016,80.80729675292969,4.376701354980469
Brent Oil,Com_BrentCrudeOil,tscv,9,2024-07-15,6,PatchTST,LightGBM,84.27999877929688,82.54658508300781,1.7334136962890625
Brent Oil,Com_BrentCrudeOil,tscv,9,2024-07-22,7,PatchTST,LightGBM,81.7239990234375,77.22637176513672,4.497627258300781
Brent Oil,Com_BrentCrudeOil,tscv,9,2024-07-29,8,PatchTST,LightGBM,78.4143295288086,77.20062255859375,1.2137069702148438
Brent Oil,Com_BrentCrudeOil,tscv,9,2024-08-05,9,PatchTST,LightGBM,78.48297119140625,73.5345687866211,4.948402404785156
Brent Oil,Com_BrentCrudeOil,tscv,9,2024-08-12,10,PatchTST,LightGBM,80.38911437988281,77.23612213134766,3.1529922485351562
Brent Oil,Com_BrentCrudeOil,tscv,9,2024-08-19,11,PatchTST,LightGBM,77.96463012695312,77.84115600585938,0.12347412109375
Brent Oil,Com_BrentCrudeOil,tscv,9,2024-08-26,12,PatchTST,LightGBM,78.09672546386719,74.23770141601562,3.8590240478515625
Brent Oil,Com_BrentCrudeOil,tscv,10,2024-07-08,1,PatchTST,-,85.18399810791016,84.69120025634766,0.4927978515625
Brent Oil,Com_BrentCrudeOil,tscv,10,2024-07-15,2,PatchTST,-,84.27999877929688,83.51385498046875,0.766143798828125
Brent Oil,Com_BrentCrudeOil,tscv,10,2024-07-22,3,PatchTST,-,81.7239990234375,81.36603546142578,0.35796356201171875
Brent Oil,Com_BrentCrudeOil,tscv,10,2024-07-29,4,PatchTST,-,78.4143295288086,79.14839172363281,-0.7340621948242188
Brent Oil,Com_BrentCrudeOil,tscv,10,2024-08-05,5,PatchTST,-,78.48297119140625,81.65662384033203,-3.1736526489257812
Brent Oil,Com_BrentCrudeOil,tscv,10,2024-08-12,6,PatchTST,-,80.38911437988281,83.0518798828125,-2.6627655029296875
Brent Oil,Com_BrentCrudeOil,tscv,10,2024-08-19,7,PatchTST,-,77.96463012695312,83.30452728271484,-5.339897155761719
Brent Oil,Com_BrentCrudeOil,tscv,10,2024-08-26,8,PatchTST,-,78.09672546386719,77.23031616210938,0.8664093017578125
Brent Oil,Com_BrentCrudeOil,tscv,10,2024-09-02,9,PatchTST,-,72.91812896728516,79.90558624267578,-6.987457275390625
Brent Oil,Com_BrentCrudeOil,tscv,10,2024-09-09,10,PatchTST,-,71.21612548828125,80.79090881347656,-9.574783325195312
Brent Oil,Com_BrentCrudeOil,tscv,10,2024-09-16,11,PatchTST,-,74.13544464111328,78.47518920898438,-4.339744567871094
Brent Oil,Com_BrentCrudeOil,tscv,10,2024-09-23,12,PatchTST,-,72.62645721435547,81.6754379272461,-9.048980712890625
Brent Oil,Com_BrentCrudeOil,tscv,10,2024-07-08,1,PatchTST,NLinear,85.18399810791016,88.22021484375,-3.0362167358398438
Brent Oil,Com_BrentCrudeOil,tscv,10,2024-07-15,2,PatchTST,NLinear,84.27999877929688,86.76380157470703,-2.4838027954101562
Brent Oil,Com_BrentCrudeOil,tscv,10,2024-07-22,3,PatchTST,NLinear,81.7239990234375,84.10188293457031,-2.3778839111328125
Brent Oil,Com_BrentCrudeOil,tscv,10,2024-07-29,4,PatchTST,NLinear,78.4143295288086,80.44661712646484,-2.03228759765625
Brent Oil,Com_BrentCrudeOil,tscv,10,2024-08-05,5,PatchTST,NLinear,78.48297119140625,82.67659759521484,-4.193626403808594
Brent Oil,Com_BrentCrudeOil,tscv,10,2024-08-12,6,PatchTST,NLinear,80.38911437988281,83.03713989257812,-2.6480255126953125
Brent Oil,Com_BrentCrudeOil,tscv,10,2024-08-19,7,PatchTST,NLinear,77.96463012695312,83.23988342285156,-5.2752532958984375
Brent Oil,Com_BrentCrudeOil,tscv,10,2024-08-26,8,PatchTST,NLinear,78.09672546386719,77.88726806640625,0.2094573974609375
Brent Oil,Com_BrentCrudeOil,tscv,10,2024-09-02,9,PatchTST,NLinear,72.91812896728516,80.90800476074219,-7.989875793457031
Brent Oil,Com_BrentCrudeOil,tscv,10,2024-09-09,10,PatchTST,NLinear,71.21612548828125,81.86138153076172,-10.645256042480469
Brent Oil,Com_BrentCrudeOil,tscv,10,2024-09-16,11,PatchTST,NLinear,74.13544464111328,78.20641326904297,-4.0709686279296875
Brent Oil,Com_BrentCrudeOil,tscv,10,2024-09-23,12,PatchTST,NLinear,72.62645721435547,80.09100341796875,-7.464546203613281
Brent Oil,Com_BrentCrudeOil,tscv,10,2024-07-08,1,PatchTST,XGBoost,85.18399810791016,90.2372055053711,-5.0532073974609375
Brent Oil,Com_BrentCrudeOil,tscv,10,2024-07-15,2,PatchTST,XGBoost,84.27999877929688,90.89286041259766,-6.612861633300781
Brent Oil,Com_BrentCrudeOil,tscv,10,2024-07-22,3,PatchTST,XGBoost,81.7239990234375,89.27008056640625,-7.54608154296875
Brent Oil,Com_BrentCrudeOil,tscv,10,2024-07-29,4,PatchTST,XGBoost,78.4143295288086,85.93580627441406,-7.521476745605469
Brent Oil,Com_BrentCrudeOil,tscv,10,2024-08-05,5,PatchTST,XGBoost,78.48297119140625,88.13077545166016,-9.647804260253906
Brent Oil,Com_BrentCrudeOil,tscv,10,2024-08-12,6,PatchTST,XGBoost,80.38911437988281,88.09307861328125,-7.7039642333984375
Brent Oil,Com_BrentCrudeOil,tscv,10,2024-08-19,7,PatchTST,XGBoost,77.96463012695312,87.99897003173828,-10.034339904785156
Brent Oil,Com_BrentCrudeOil,tscv,10,2024-08-26,8,PatchTST,XGBoost,78.09672546386719,82.92647552490234,-4.829750061035156
Brent Oil,Com_BrentCrudeOil,tscv,10,2024-09-02,9,PatchTST,XGBoost,72.91812896728516,86.94023132324219,-14.022102355957031
Brent Oil,Com_BrentCrudeOil,tscv,10,2024-09-09,10,PatchTST,XGBoost,71.21612548828125,88.58197021484375,-17.3658447265625
Brent Oil,Com_BrentCrudeOil,tscv,10,2024-09-16,11,PatchTST,XGBoost,74.13544464111328,85.23785400390625,-11.102409362792969
Brent Oil,Com_BrentCrudeOil,tscv,10,2024-09-23,12,PatchTST,XGBoost,72.62645721435547,89.12042236328125,-16.49396514892578
Brent Oil,Com_BrentCrudeOil,tscv,10,2024-07-08,1,PatchTST,LightGBM,85.18399810791016,91.41622161865234,-6.2322235107421875
Brent Oil,Com_BrentCrudeOil,tscv,10,2024-07-15,2,PatchTST,LightGBM,84.27999877929688,91.79426574707031,-7.5142669677734375
Brent Oil,Com_BrentCrudeOil,tscv,10,2024-07-22,3,PatchTST,LightGBM,81.7239990234375,89.92513275146484,-8.201133728027344
Brent Oil,Com_BrentCrudeOil,tscv,10,2024-07-29,4,PatchTST,LightGBM,78.4143295288086,86.84568786621094,-8.431358337402344
Brent Oil,Com_BrentCrudeOil,tscv,10,2024-08-05,5,PatchTST,LightGBM,78.48297119140625,89.33753204345703,-10.854560852050781
Brent Oil,Com_BrentCrudeOil,tscv,10,2024-08-12,6,PatchTST,LightGBM,80.38911437988281,89.52765655517578,-9.138542175292969
Brent Oil,Com_BrentCrudeOil,tscv,10,2024-08-19,7,PatchTST,LightGBM,77.96463012695312,90.36238861083984,-12.397758483886719
Brent Oil,Com_BrentCrudeOil,tscv,10,2024-08-26,8,PatchTST,LightGBM,78.09672546386719,85.26654815673828,-7.169822692871094
Brent Oil,Com_BrentCrudeOil,tscv,10,2024-09-02,9,PatchTST,LightGBM,72.91812896728516,88.0986328125,-15.180503845214844
Brent Oil,Com_BrentCrudeOil,tscv,10,2024-09-09,10,PatchTST,LightGBM,71.21612548828125,89.66929626464844,-18.453170776367188
Brent Oil,Com_BrentCrudeOil,tscv,10,2024-09-16,11,PatchTST,LightGBM,74.13544464111328,86.22777557373047,-12.092330932617188
Brent Oil,Com_BrentCrudeOil,tscv,10,2024-09-23,12,PatchTST,LightGBM,72.62645721435547,90.06201934814453,-17.435562133789062
Brent Oil,Com_BrentCrudeOil,tscv,11,2024-08-05,1,PatchTST,-,78.48297119140625,84.38467407226562,-5.901702880859375
Brent Oil,Com_BrentCrudeOil,tscv,11,2024-08-12,2,PatchTST,-,80.38911437988281,79.41085815429688,0.9782562255859375
Brent Oil,Com_BrentCrudeOil,tscv,11,2024-08-19,3,PatchTST,-,77.96463012695312,79.49555969238281,-1.5309295654296875
Brent Oil,Com_BrentCrudeOil,tscv,11,2024-08-26,4,PatchTST,-,78.09672546386719,82.3043212890625,-4.2075958251953125
Brent Oil,Com_BrentCrudeOil,tscv,11,2024-09-02,5,PatchTST,-,72.91812896728516,79.89591979980469,-6.977790832519531
Brent Oil,Com_BrentCrudeOil,tscv,11,2024-09-09,6,PatchTST,-,71.21612548828125,76.84013366699219,-5.6240081787109375
Brent Oil,Com_BrentCrudeOil,tscv,11,2024-09-16,7,PatchTST,-,74.13544464111328,73.7784194946289,0.357025146484375
Brent Oil,Com_BrentCrudeOil,tscv,11,2024-09-23,8,PatchTST,-,72.62645721435547,79.59187316894531,-6.965415954589844
Brent Oil,Com_BrentCrudeOil,tscv,11,2024-09-30,9,PatchTST,-,75.79288482666016,81.11483001708984,-5.3219451904296875
Brent Oil,Com_BrentCrudeOil,tscv,11,2024-10-07,10,PatchTST,-,78.61448669433594,77.85091400146484,0.7635726928710938
Brent Oil,Com_BrentCrudeOil,tscv,11,2024-10-14,11,PatchTST,-,74.26461791992188,77.88024139404297,-3.6156234741210938
Brent Oil,Com_BrentCrudeOil,tscv,11,2024-10-21,12,PatchTST,-,74.91790008544922,74.92314910888672,-0.0052490234375
Brent Oil,Com_BrentCrudeOil,tscv,11,2024-08-05,1,PatchTST,NLinear,78.48297119140625,82.61759948730469,-4.1346282958984375
Brent Oil,Com_BrentCrudeOil,tscv,11,2024-08-12,2,PatchTST,NLinear,80.38911437988281,79.893798828125,0.4953155517578125
Brent Oil,Com_BrentCrudeOil,tscv,11,2024-08-19,3,PatchTST,NLinear,77.96463012695312,78.86900329589844,-0.9043731689453125
Brent Oil,Com_BrentCrudeOil,tscv,11,2024-08-26,4,PatchTST,NLinear,78.09672546386719,81.19264221191406,-3.095916748046875
Brent Oil,Com_BrentCrudeOil,tscv,11,2024-09-02,5,PatchTST,NLinear,72.91812896728516,78.24345397949219,-5.325325012207031
Brent Oil,Com_BrentCrudeOil,tscv,11,2024-09-09,6,PatchTST,NLinear,71.21612548828125,76.35370635986328,-5.137580871582031
Brent Oil,Com_BrentCrudeOil,tscv,11,2024-09-16,7,PatchTST,NLinear,74.13544464111328,72.3013687133789,1.834075927734375
Brent Oil,Com_BrentCrudeOil,tscv,11,2024-09-23,8,PatchTST,NLinear,72.62645721435547,75.80040740966797,-3.1739501953125
Brent Oil,Com_BrentCrudeOil,tscv,11,2024-09-30,9,PatchTST,NLinear,75.79288482666016,77.88384246826172,-2.0909576416015625
Brent Oil,Com_BrentCrudeOil,tscv,11,2024-10-07,10,PatchTST,NLinear,78.61448669433594,74.21623229980469,4.39825439453125
Brent Oil,Com_BrentCrudeOil,tscv,11,2024-10-14,11,PatchTST,NLinear,74.26461791992188,73.81529998779297,0.44931793212890625
Brent Oil,Com_BrentCrudeOil,tscv,11,2024-10-21,12,PatchTST,NLinear,74.91790008544922,70.78446960449219,4.133430480957031
Brent Oil,Com_BrentCrudeOil,tscv,11,2024-08-05,1,PatchTST,XGBoost,78.48297119140625,82.03682708740234,-3.5538558959960938
Brent Oil,Com_BrentCrudeOil,tscv,11,2024-08-12,2,PatchTST,XGBoost,80.38911437988281,78.18312072753906,2.20599365234375
Brent Oil,Com_BrentCrudeOil,tscv,11,2024-08-19,3,PatchTST,XGBoost,77.96463012695312,79.65345001220703,-1.6888198852539062
Brent Oil,Com_BrentCrudeOil,tscv,11,2024-08-26,4,PatchTST,XGBoost,78.09672546386719,82.63461303710938,-4.5378875732421875
Brent Oil,Com_BrentCrudeOil,tscv,11,2024-09-02,5,PatchTST,XGBoost,72.91812896728516,79.82231140136719,-6.904182434082031
Brent Oil,Com_BrentCrudeOil,tscv,11,2024-09-09,6,PatchTST,XGBoost,71.21612548828125,77.6159439086914,-6.399818420410156
Brent Oil,Com_BrentCrudeOil,tscv,11,2024-09-16,7,PatchTST,XGBoost,74.13544464111328,74.83451843261719,-0.6990737915039062
Brent Oil,Com_BrentCrudeOil,tscv,11,2024-09-23,8,PatchTST,XGBoost,72.62645721435547,81.36931610107422,-8.74285888671875
Brent Oil,Com_BrentCrudeOil,tscv,11,2024-09-30,9,PatchTST,XGBoost,75.79288482666016,82.98440551757812,-7.191520690917969
Brent Oil,Com_BrentCrudeOil,tscv,11,2024-10-07,10,PatchTST,XGBoost,78.61448669433594,78.76759338378906,-0.153106689453125
Brent Oil,Com_BrentCrudeOil,tscv,11,2024-10-14,11,PatchTST,XGBoost,74.26461791992188,78.66783142089844,-4.4032135009765625
Brent Oil,Com_BrentCrudeOil,tscv,11,2024-10-21,12,PatchTST,XGBoost,74.91790008544922,74.96864318847656,-0.05074310302734375
Brent Oil,Com_BrentCrudeOil,tscv,11,2024-08-05,1,PatchTST,LightGBM,78.48297119140625,81.8050765991211,-3.3221054077148438
Brent Oil,Com_BrentCrudeOil,tscv,11,2024-08-12,2,PatchTST,LightGBM,80.38911437988281,76.96768188476562,3.4214324951171875
Brent Oil,Com_BrentCrudeOil,tscv,11,2024-08-19,3,PatchTST,LightGBM,77.96463012695312,79.06475067138672,-1.1001205444335938
Brent Oil,Com_BrentCrudeOil,tscv,11,2024-08-26,4,PatchTST,LightGBM,78.09672546386719,82.80581665039062,-4.7090911865234375
Brent Oil,Com_BrentCrudeOil,tscv,11,2024-09-02,5,PatchTST,LightGBM,72.91812896728516,78.9449234008789,-6.02679443359375
Brent Oil,Com_BrentCrudeOil,tscv,11,2024-09-09,6,PatchTST,LightGBM,71.21612548828125,77.05652618408203,-5.840400695800781
Brent Oil,Com_BrentCrudeOil,tscv,11,2024-09-16,7,PatchTST,LightGBM,74.13544464111328,72.72918701171875,1.4062576293945312
Brent Oil,Com_BrentCrudeOil,tscv,11,2024-09-23,8,PatchTST,LightGBM,72.62645721435547,78.29849243164062,-5.672035217285156
Brent Oil,Com_BrentCrudeOil,tscv,11,2024-09-30,9,PatchTST,LightGBM,75.79288482666016,80.93647003173828,-5.143585205078125
Brent Oil,Com_BrentCrudeOil,tscv,11,2024-10-07,10,PatchTST,LightGBM,78.61448669433594,75.56275177001953,3.0517349243164062
Brent Oil,Com_BrentCrudeOil,tscv,11,2024-10-14,11,PatchTST,LightGBM,74.26461791992188,76.43275451660156,-2.1681365966796875
Brent Oil,Com_BrentCrudeOil,tscv,11,2024-10-21,12,PatchTST,LightGBM,74.91790008544922,73.32679748535156,1.5911026000976562
Brent Oil,Com_BrentCrudeOil,tscv,12,2024-09-02,1,PatchTST,-,72.91812896728516,68.81446075439453,4.103668212890625
Brent Oil,Com_BrentCrudeOil,tscv,12,2024-09-09,2,PatchTST,-,71.21612548828125,70.48761749267578,0.7285079956054688
Brent Oil,Com_BrentCrudeOil,tscv,12,2024-09-16,3,PatchTST,-,74.13544464111328,67.39629364013672,6.7391510009765625
Brent Oil,Com_BrentCrudeOil,tscv,12,2024-09-23,4,PatchTST,-,72.62645721435547,67.76406860351562,4.862388610839844
Brent Oil,Com_BrentCrudeOil,tscv,12,2024-09-30,5,PatchTST,-,75.79288482666016,69.33086395263672,6.4620208740234375
Brent Oil,Com_BrentCrudeOil,tscv,12,2024-10-07,6,PatchTST,-,78.61448669433594,71.42074584960938,7.1937408447265625
Brent Oil,Com_BrentCrudeOil,tscv,12,2024-10-14,7,PatchTST,-,74.26461791992188,70.55296325683594,3.7116546630859375
Brent Oil,Com_BrentCrudeOil,tscv,12,2024-10-21,8,PatchTST,-,74.91790008544922,65.50767517089844,9.410224914550781
Brent Oil,Com_BrentCrudeOil,tscv,12,2024-10-28,9,PatchTST,-,72.1500015258789,66.27275085449219,5.877250671386719
Brent Oil,Com_BrentCrudeOil,tscv,12,2024-11-04,10,PatchTST,-,74.633544921875,65.02911376953125,9.60443115234375
Brent Oil,Com_BrentCrudeOil,tscv,12,2024-11-11,11,PatchTST,-,71.7145004272461,64.39336395263672,7.321136474609375
Brent Oil,Com_BrentCrudeOil,tscv,12,2024-11-18,12,PatchTST,-,73.94104766845703,66.40967559814453,7.5313720703125
Brent Oil,Com_BrentCrudeOil,tscv,12,2024-09-02,1,PatchTST,NLinear,72.91812896728516,75.83877563476562,-2.9206466674804688
Brent Oil,Com_BrentCrudeOil,tscv,12,2024-09-09,2,PatchTST,NLinear,71.21612548828125,77.14527130126953,-5.929145812988281
Brent Oil,Com_BrentCrudeOil,tscv,12,2024-09-16,3,PatchTST,NLinear,74.13544464111328,72.75138854980469,1.3840560913085938
Brent Oil,Com_BrentCrudeOil,tscv,12,2024-09-23,4,PatchTST,NLinear,72.62645721435547,72.22576904296875,0.40068817138671875
Brent Oil,Com_BrentCrudeOil,tscv,12,2024-09-30,5,PatchTST,NLinear,75.79288482666016,73.15934753417969,2.6335372924804688
Brent Oil,Com_BrentCrudeOil,tscv,12,2024-10-07,6,PatchTST,NLinear,78.61448669433594,74.85112762451172,3.7633590698242188
Brent Oil,Com_BrentCrudeOil,tscv,12,2024-10-14,7,PatchTST,NLinear,74.26461791992188,73.3816146850586,0.8830032348632812
Brent Oil,Com_BrentCrudeOil,tscv,12,2024-10-21,8,PatchTST,NLinear,74.91790008544922,68.2305908203125,6.687309265136719
Brent Oil,Com_BrentCrudeOil,tscv,12,2024-10-28,9,PatchTST,NLinear,72.1500015258789,67.72137451171875,4.428627014160156
Brent Oil,Com_BrentCrudeOil,tscv,12,2024-11-04,10,PatchTST,NLinear,74.633544921875,66.7083740234375,7.9251708984375
Brent Oil,Com_BrentCrudeOil,tscv,12,2024-11-11,11,PatchTST,NLinear,71.7145004272461,63.738040924072266,7.976459503173828
Brent Oil,Com_BrentCrudeOil,tscv,12,2024-11-18,12,PatchTST,NLinear,73.94104766845703,64.49671936035156,9.444328308105469
Brent Oil,Com_BrentCrudeOil,tscv,12,2024-09-02,1,PatchTST,XGBoost,72.91812896728516,76.35702514648438,-3.4388961791992188
Brent Oil,Com_BrentCrudeOil,tscv,12,2024-09-09,2,PatchTST,XGBoost,71.21612548828125,77.7027587890625,-6.48663330078125
Brent Oil,Com_BrentCrudeOil,tscv,12,2024-09-16,3,PatchTST,XGBoost,74.13544464111328,72.38843536376953,1.74700927734375
Brent Oil,Com_BrentCrudeOil,tscv,12,2024-09-23,4,PatchTST,XGBoost,72.62645721435547,72.25558471679688,0.37087249755859375
Brent Oil,Com_BrentCrudeOil,tscv,12,2024-09-30,5,PatchTST,XGBoost,75.79288482666016,74.04647827148438,1.7464065551757812
Brent Oil,Com_BrentCrudeOil,tscv,12,2024-10-07,6,PatchTST,XGBoost,78.61448669433594,75.19680786132812,3.4176788330078125
Brent Oil,Com_BrentCrudeOil,tscv,12,2024-10-14,7,PatchTST,XGBoost,74.26461791992188,74.53866577148438,-0.2740478515625
Brent Oil,Com_BrentCrudeOil,tscv,12,2024-10-21,8,PatchTST,XGBoost,74.91790008544922,69.57540130615234,5.342498779296875
Brent Oil,Com_BrentCrudeOil,tscv,12,2024-10-28,9,PatchTST,XGBoost,72.1500015258789,70.02842712402344,2.1215744018554688
Brent Oil,Com_BrentCrudeOil,tscv,12,2024-11-04,10,PatchTST,XGBoost,74.633544921875,68.77300262451172,5.860542297363281
Brent Oil,Com_BrentCrudeOil,tscv,12,2024-11-11,11,PatchTST,XGBoost,71.7145004272461,67.0284423828125,4.686058044433594
Brent Oil,Com_BrentCrudeOil,tscv,12,2024-11-18,12,PatchTST,XGBoost,73.94104766845703,68.79251861572266,5.148529052734375
Brent Oil,Com_BrentCrudeOil,tscv,12,2024-09-02,1,PatchTST,LightGBM,72.91812896728516,77.35062408447266,-4.4324951171875
Brent Oil,Com_BrentCrudeOil,tscv,12,2024-09-09,2,PatchTST,LightGBM,71.21612548828125,77.89739990234375,-6.6812744140625
Brent Oil,Com_BrentCrudeOil,tscv,12,2024-09-16,3,PatchTST,LightGBM,74.13544464111328,73.41641998291016,0.719024658203125
Brent Oil,Com_BrentCrudeOil,tscv,12,2024-09-23,4,PatchTST,LightGBM,72.62645721435547,72.7646255493164,-0.1381683349609375
Brent Oil,Com_BrentCrudeOil,tscv,12,2024-09-30,5,PatchTST,LightGBM,75.79288482666016,74.33763122558594,1.4552536010742188
Brent Oil,Com_BrentCrudeOil,tscv,12,2024-10-07,6,PatchTST,LightGBM,78.61448669433594,76.7359390258789,1.8785476684570312
Brent Oil,Com_BrentCrudeOil,tscv,12,2024-10-14,7,PatchTST,LightGBM,74.26461791992188,75.9273681640625,-1.662750244140625
Brent Oil,Com_BrentCrudeOil,tscv,12,2024-10-21,8,PatchTST,LightGBM,74.91790008544922,70.76973724365234,4.148162841796875
Brent Oil,Com_BrentCrudeOil,tscv,12,2024-10-28,9,PatchTST,LightGBM,72.1500015258789,72.03097534179688,0.11902618408203125
Brent Oil,Com_BrentCrudeOil,tscv,12,2024-11-04,10,PatchTST,LightGBM,74.633544921875,69.61384582519531,5.0196990966796875
Brent Oil,Com_BrentCrudeOil,tscv,12,2024-11-11,11,PatchTST,LightGBM,71.7145004272461,68.71819305419922,2.996307373046875
Brent Oil,Com_BrentCrudeOil,tscv,12,2024-11-18,12,PatchTST,LightGBM,73.94104766845703,70.27388763427734,3.6671600341796875
Brent Oil,Com_BrentCrudeOil,tscv,13,2024-09-30,1,PatchTST,-,75.79288482666016,80.03972625732422,-4.2468414306640625
Brent Oil,Com_BrentCrudeOil,tscv,13,2024-10-07,2,PatchTST,-,78.61448669433594,77.29635620117188,1.3181304931640625
Brent Oil,Com_BrentCrudeOil,tscv,13,2024-10-14,3,PatchTST,-,74.26461791992188,71.73796081542969,2.5266571044921875
Brent Oil,Com_BrentCrudeOil,tscv,13,2024-10-21,4,PatchTST,-,74.91790008544922,77.9107666015625,-2.9928665161132812
Brent Oil,Com_BrentCrudeOil,tscv,13,2024-10-28,5,PatchTST,-,72.1500015258789,74.5278549194336,-2.3778533935546875
Brent Oil,Com_BrentCrudeOil,tscv,13,2024-11-04,6,PatchTST,-,74.633544921875,76.38863372802734,-1.7550888061523438
Brent Oil,Com_BrentCrudeOil,tscv,13,2024-11-11,7,PatchTST,-,71.7145004272461,78.81633758544922,-7.101837158203125
Brent Oil,Com_BrentCrudeOil,tscv,13,2024-11-18,8,PatchTST,-,73.94104766845703,75.78388214111328,-1.84283447265625
Brent Oil,Com_BrentCrudeOil,tscv,13,2024-11-25,9,PatchTST,-,72.4459457397461,81.07318115234375,-8.627235412597656
Brent Oil,Com_BrentCrudeOil,tscv,13,2024-12-02,10,PatchTST,-,71.92588806152344,74.756591796875,-2.8307037353515625
Brent Oil,Com_BrentCrudeOil,tscv,13,2024-12-09,11,PatchTST,-,73.48958587646484,70.5110092163086,2.97857666015625
Brent Oil,Com_BrentCrudeOil,tscv,13,2024-12-16,12,PatchTST,-,73.21955871582031,75.29026794433594,-2.070709228515625
Brent Oil,Com_BrentCrudeOil,tscv,13,2024-09-30,1,PatchTST,NLinear,75.79288482666016,73.17044067382812,2.6224441528320312
Brent Oil,Com_BrentCrudeOil,tscv,13,2024-10-07,2,PatchTST,NLinear,78.61448669433594,71.21311950683594,7.4013671875
Brent Oil,Com_BrentCrudeOil,tscv,13,2024-10-14,3,PatchTST,NLinear,74.26461791992188,66.7151870727539,7.549430847167969
Brent Oil,Com_BrentCrudeOil,tscv,13,2024-10-21,4,PatchTST,NLinear,74.91790008544922,73.49369049072266,1.4242095947265625
Brent Oil,Com_BrentCrudeOil,tscv,13,2024-10-28,5,PatchTST,NLinear,72.1500015258789,69.21060180664062,2.9393997192382812
Brent Oil,Com_BrentCrudeOil,tscv,13,2024-11-04,6,PatchTST,NLinear,74.633544921875,70.68287658691406,3.9506683349609375
Brent Oil,Com_BrentCrudeOil,tscv,13,2024-11-11,7,PatchTST,NLinear,71.7145004272461,73.41986083984375,-1.7053604125976562
Brent Oil,Com_BrentCrudeOil,tscv,13,2024-11-18,8,PatchTST,NLinear,73.94104766845703,70.8330078125,3.1080398559570312
Brent Oil,Com_BrentCrudeOil,tscv,13,2024-11-25,9,PatchTST,NLinear,72.4459457397461,75.71189880371094,-3.2659530639648438
Brent Oil,Com_BrentCrudeOil,tscv,13,2024-12-02,10,PatchTST,NLinear,71.92588806152344,69.07433319091797,2.8515548706054688
Brent Oil,Com_BrentCrudeOil,tscv,13,2024-12-09,11,PatchTST,NLinear,73.48958587646484,65.87294006347656,7.616645812988281
Brent Oil,Com_BrentCrudeOil,tscv,13,2024-12-16,12,PatchTST,NLinear,73.21955871582031,71.2311019897461,1.9884567260742188
Brent Oil,Com_BrentCrudeOil,tscv,13,2024-09-30,1,PatchTST,XGBoost,75.79288482666016,73.40602111816406,2.3868637084960938
Brent Oil,Com_BrentCrudeOil,tscv,13,2024-10-07,2,PatchTST,XGBoost,78.61448669433594,71.1448974609375,7.4695892333984375
Brent Oil,Com_BrentCrudeOil,tscv,13,2024-10-14,3,PatchTST,XGBoost,74.26461791992188,65.0596923828125,9.204925537109375
Brent Oil,Com_BrentCrudeOil,tscv,13,2024-10-21,4,PatchTST,XGBoost,74.91790008544922,68.72886657714844,6.189033508300781
Brent Oil,Com_BrentCrudeOil,tscv,13,2024-10-28,5,PatchTST,XGBoost,72.1500015258789,63.577571868896484,8.572429656982422
Brent Oil,Com_BrentCrudeOil,tscv,13,2024-11-04,6,PatchTST,XGBoost,74.633544921875,64.80782318115234,9.825721740722656
Brent Oil,Com_BrentCrudeOil,tscv,13,2024-11-11,7,PatchTST,XGBoost,71.7145004272461,65.4894027709961,6.22509765625
Brent Oil,Com_BrentCrudeOil,tscv,13,2024-11-18,8,PatchTST,XGBoost,73.94104766845703,62.57356262207031,11.367485046386719
Brent Oil,Com_BrentCrudeOil,tscv,13,2024-11-25,9,PatchTST,XGBoost,72.4459457397461,67.26809692382812,5.177848815917969
Brent Oil,Com_BrentCrudeOil,tscv,13,2024-12-02,10,PatchTST,XGBoost,71.92588806152344,60.87969970703125,11.046188354492188
Brent Oil,Com_BrentCrudeOil,tscv,13,2024-12-09,11,PatchTST,XGBoost,73.48958587646484,58.02865219116211,15.460933685302734
Brent Oil,Com_BrentCrudeOil,tscv,13,2024-12-16,12,PatchTST,XGBoost,73.21955871582031,62.957801818847656,10.261756896972656
Brent Oil,Com_BrentCrudeOil,tscv,13,2024-09-30,1,PatchTST,LightGBM,75.79288482666016,73.25969696044922,2.5331878662109375
Brent Oil,Com_BrentCrudeOil,tscv,13,2024-10-07,2,PatchTST,LightGBM,78.61448669433594,69.87863159179688,8.735855102539062
Brent Oil,Com_BrentCrudeOil,tscv,13,2024-10-14,3,PatchTST,LightGBM,74.26461791992188,65.63375091552734,8.630867004394531
Brent Oil,Com_BrentCrudeOil,tscv,13,2024-10-21,4,PatchTST,LightGBM,74.91790008544922,69.6705093383789,5.2473907470703125
Brent Oil,Com_BrentCrudeOil,tscv,13,2024-10-28,5,PatchTST,LightGBM,72.1500015258789,64.40453338623047,7.7454681396484375
Brent Oil,Com_BrentCrudeOil,tscv,13,2024-11-04,6,PatchTST,LightGBM,74.633544921875,68.68614959716797,5.947395324707031
Brent Oil,Com_BrentCrudeOil,tscv,13,2024-11-11,7,PatchTST,LightGBM,71.7145004272461,68.15892791748047,3.555572509765625
Brent Oil,Com_BrentCrudeOil,tscv,13,2024-11-18,8,PatchTST,LightGBM,73.94104766845703,67.37493896484375,6.566108703613281
Brent Oil,Com_BrentCrudeOil,tscv,13,2024-11-25,9,PatchTST,LightGBM,72.4459457397461,69.4852066040039,2.9607391357421875
Brent Oil,Com_BrentCrudeOil,tscv,13,2024-12-02,10,PatchTST,LightGBM,71.92588806152344,64.39464569091797,7.531242370605469
Brent Oil,Com_BrentCrudeOil,tscv,13,2024-12-09,11,PatchTST,LightGBM,73.48958587646484,61.26203536987305,12.227550506591797
Brent Oil,Com_BrentCrudeOil,tscv,13,2024-12-16,12,PatchTST,LightGBM,73.21955871582031,65.91011047363281,7.3094482421875
Brent Oil,Com_BrentCrudeOil,tscv,14,2024-10-28,1,PatchTST,-,72.1500015258789,75.13450622558594,-2.9845046997070312
Brent Oil,Com_BrentCrudeOil,tscv,14,2024-11-04,2,PatchTST,-,74.633544921875,74.92772674560547,-0.29418182373046875
Brent Oil,Com_BrentCrudeOil,tscv,14,2024-11-11,3,PatchTST,-,71.7145004272461,67.41487121582031,4.299629211425781
Brent Oil,Com_BrentCrudeOil,tscv,14,2024-11-18,4,PatchTST,-,73.94104766845703,68.84078216552734,5.1002655029296875
Brent Oil,Com_BrentCrudeOil,tscv,14,2024-11-25,5,PatchTST,-,72.4459457397461,65.4466552734375,6.999290466308594
Brent Oil,Com_BrentCrudeOil,tscv,14,2024-12-02,6,PatchTST,-,71.92588806152344,64.69900512695312,7.2268829345703125
Brent Oil,Com_BrentCrudeOil,tscv,14,2024-12-09,7,PatchTST,-,73.48958587646484,72.2474594116211,1.24212646484375
Brent Oil,Com_BrentCrudeOil,tscv,14,2024-12-16,8,PatchTST,-,73.21955871582031,74.2561264038086,-1.0365676879882812
Brent Oil,Com_BrentCrudeOil,tscv,14,2024-12-23,9,PatchTST,-,73.44568634033203,70.27967834472656,3.1660079956054688
Brent Oil,Com_BrentCrudeOil,tscv,14,2024-12-30,10,PatchTST,-,75.3517837524414,68.71456909179688,6.637214660644531
Brent Oil,Com_BrentCrudeOil,tscv,14,2025-01-06,11,PatchTST,-,77.89148712158203,65.12652587890625,12.764961242675781
Brent Oil,Com_BrentCrudeOil,tscv,14,2025-01-13,12,PatchTST,-,80.95013427734375,67.80856323242188,13.141571044921875
Brent Oil,Com_BrentCrudeOil,tscv,14,2024-10-28,1,PatchTST,NLinear,72.1500015258789,75.06262969970703,-2.912628173828125
Brent Oil,Com_BrentCrudeOil,tscv,14,2024-11-04,2,PatchTST,NLinear,74.633544921875,76.01142120361328,-1.3778762817382812
Brent Oil,Com_BrentCrudeOil,tscv,14,2024-11-11,3,PatchTST,NLinear,71.7145004272461,68.63240051269531,3.0820999145507812
Brent Oil,Com_BrentCrudeOil,tscv,14,2024-11-18,4,PatchTST,NLinear,73.94104766845703,69.6252670288086,4.3157806396484375
Brent Oil,Com_BrentCrudeOil,tscv,14,2024-11-25,5,PatchTST,NLinear,72.4459457397461,66.6816635131836,5.7642822265625
Brent Oil,Com_BrentCrudeOil,tscv,14,2024-12-02,6,PatchTST,NLinear,71.92588806152344,65.66056823730469,6.26531982421875
Brent Oil,Com_BrentCrudeOil,tscv,14,2024-12-09,7,PatchTST,NLinear,73.48958587646484,72.3869857788086,1.10260009765625
Brent Oil,Com_BrentCrudeOil,tscv,14,2024-12-16,8,PatchTST,NLinear,73.21955871582031,73.42446899414062,-0.2049102783203125
Brent Oil,Com_BrentCrudeOil,tscv,14,2024-12-23,9,PatchTST,NLinear,73.44568634033203,69.43750762939453,4.0081787109375
Brent Oil,Com_BrentCrudeOil,tscv,14,2024-12-30,10,PatchTST,NLinear,75.3517837524414,68.83030700683594,6.521476745605469
Brent Oil,Com_BrentCrudeOil,tscv,14,2025-01-06,11,PatchTST,NLinear,77.89148712158203,64.83370971679688,13.057777404785156
Brent Oil,Com_BrentCrudeOil,tscv,14,2025-01-13,12,PatchTST,NLinear,80.95013427734375,66.95695495605469,13.993179321289062
Brent Oil,Com_BrentCrudeOil,tscv,14,2024-10-28,1,PatchTST,XGBoost,72.1500015258789,76.92108917236328,-4.771087646484375
Brent Oil,Com_BrentCrudeOil,tscv,14,2024-11-04,2,PatchTST,XGBoost,74.633544921875,76.83245849609375,-2.19891357421875
Brent Oil,Com_BrentCrudeOil,tscv,14,2024-11-11,3,PatchTST,XGBoost,71.7145004272461,65.71277618408203,6.0017242431640625
Brent Oil,Com_BrentCrudeOil,tscv,14,2024-11-18,4,PatchTST,XGBoost,73.94104766845703,64.58492279052734,9.356124877929688
Brent Oil,Com_BrentCrudeOil,tscv,14,2024-11-25,5,PatchTST,XGBoost,72.4459457397461,62.30606460571289,10.139881134033203
Brent Oil,Com_BrentCrudeOil,tscv,14,2024-12-02,6,PatchTST,XGBoost,71.92588806152344,58.77735137939453,13.148536682128906
Brent Oil,Com_BrentCrudeOil,tscv,14,2024-12-09,7,PatchTST,XGBoost,73.48958587646484,66.54236602783203,6.9472198486328125
Brent Oil,Com_BrentCrudeOil,tscv,14,2024-12-16,8,PatchTST,XGBoost,73.21955871582031,67.1890640258789,6.030494689941406
Brent Oil,Com_BrentCrudeOil,tscv,14,2024-12-23,9,PatchTST,XGBoost,73.44568634033203,64.96358489990234,8.482101440429688
Brent Oil,Com_BrentCrudeOil,tscv,14,2024-12-30,10,PatchTST,XGBoost,75.3517837524414,64.34452056884766,11.00726318359375
Brent Oil,Com_BrentCrudeOil,tscv,14,2025-01-06,11,PatchTST,XGBoost,77.89148712158203,59.625083923339844,18.266403198242188
Brent Oil,Com_BrentCrudeOil,tscv,14,2025-01-13,12,PatchTST,XGBoost,80.95013427734375,60.686283111572266,20.263851165771484
Brent Oil,Com_BrentCrudeOil,tscv,14,2024-10-28,1,PatchTST,LightGBM,72.1500015258789,76.43763732910156,-4.287635803222656
Brent Oil,Com_BrentCrudeOil,tscv,14,2024-11-04,2,PatchTST,LightGBM,74.633544921875,77.69073486328125,-3.05718994140625
Brent Oil,Com_BrentCrudeOil,tscv,14,2024-11-11,3,PatchTST,LightGBM,71.7145004272461,65.4395980834961,6.27490234375
Brent Oil,Com_BrentCrudeOil,tscv,14,2024-11-18,4,PatchTST,LightGBM,73.94104766845703,65.54729461669922,8.393753051757812
Brent Oil,Com_BrentCrudeOil,tscv,14,2024-11-25,5,PatchTST,LightGBM,72.4459457397461,61.925567626953125,10.520378112792969
Brent Oil,Com_BrentCrudeOil,tscv,14,2024-12-02,6,PatchTST,LightGBM,71.92588806152344,57.997962951660156,13.927925109863281
Brent Oil,Com_BrentCrudeOil,tscv,14,2024-12-09,7,PatchTST,LightGBM,73.48958587646484,65.7680892944336,7.72149658203125
Brent Oil,Com_BrentCrudeOil,tscv,14,2024-12-16,8,PatchTST,LightGBM,73.21955871582031,66.11854553222656,7.10101318359375
Brent Oil,Com_BrentCrudeOil,tscv,14,2024-12-23,9,PatchTST,LightGBM,73.44568634033203,63.975746154785156,9.469940185546875
Brent Oil,Com_BrentCrudeOil,tscv,14,2024-12-30,10,PatchTST,LightGBM,75.3517837524414,64.6902084350586,10.661575317382812
Brent Oil,Com_BrentCrudeOil,tscv,14,2025-01-06,11,PatchTST,LightGBM,77.89148712158203,60.01856994628906,17.87291717529297
Brent Oil,Com_BrentCrudeOil,tscv,14,2025-01-13,12,PatchTST,LightGBM,80.95013427734375,60.47671890258789,20.47341537475586
Brent Oil,Com_BrentCrudeOil,tscv,15,2024-11-25,1,PatchTST,-,72.4459457397461,58.934452056884766,13.511493682861328
Brent Oil,Com_BrentCrudeOil,tscv,15,2024-12-02,2,PatchTST,-,71.92588806152344,58.867950439453125,13.057937622070312
Brent Oil,Com_BrentCrudeOil,tscv,15,2024-12-09,3,PatchTST,-,73.48958587646484,54.566986083984375,18.92259979248047
Brent Oil,Com_BrentCrudeOil,tscv,15,2024-12-16,4,PatchTST,-,73.21955871582031,60.924007415771484,12.295551300048828
Brent Oil,Com_BrentCrudeOil,tscv,15,2024-12-23,5,PatchTST,-,73.44568634033203,62.817176818847656,10.628509521484375
Brent Oil,Com_BrentCrudeOil,tscv,15,2024-12-30,6,PatchTST,-,75.3517837524414,60.89143371582031,14.460350036621094
Brent Oil,Com_BrentCrudeOil,tscv,15,2025-01-06,7,PatchTST,-,77.89148712158203,59.43239212036133,18.459095001220703
Brent Oil,Com_BrentCrudeOil,tscv,15,2025-01-13,8,PatchTST,-,80.95013427734375,57.049564361572266,23.900569915771484
Brent Oil,Com_BrentCrudeOil,tscv,15,2025-01-20,9,PatchTST,-,78.79235076904297,61.887001037597656,16.905349731445312
Brent Oil,Com_BrentCrudeOil,tscv,15,2025-01-27,10,PatchTST,-,76.10587310791016,63.785858154296875,12.320014953613281
Brent Oil,Com_BrentCrudeOil,tscv,15,2025-02-03,11,PatchTST,-,75.14842987060547,64.6268310546875,10.521598815917969
Brent Oil,Com_BrentCrudeOil,tscv,15,2025-02-10,12,PatchTST,-,75.43816375732422,65.23965454101562,10.198509216308594
Brent Oil,Com_BrentCrudeOil,tscv,15,2024-11-25,1,PatchTST,NLinear,72.4459457397461,69.71642303466797,2.729522705078125
Brent Oil,Com_BrentCrudeOil,tscv,15,2024-12-02,2,PatchTST,NLinear,71.92588806152344,67.614501953125,4.3113861083984375
Brent Oil,Com_BrentCrudeOil,tscv,15,2024-12-09,3,PatchTST,NLinear,73.48958587646484,62.72526550292969,10.764320373535156
Brent Oil,Com_BrentCrudeOil,tscv,15,2024-12-16,4,PatchTST,NLinear,73.21955871582031,68.23824310302734,4.981315612792969
Brent Oil,Com_BrentCrudeOil,tscv,15,2024-12-23,5,PatchTST,NLinear,73.44568634033203,70.463134765625,2.9825515747070312
Brent Oil,Com_BrentCrudeOil,tscv,15,2024-12-30,6,PatchTST,NLinear,75.3517837524414,69.32402038574219,6.027763366699219
Brent Oil,Com_BrentCrudeOil,tscv,15,2025-01-06,7,PatchTST,NLinear,77.89148712158203,68.08244323730469,9.809043884277344
Brent Oil,Com_BrentCrudeOil,tscv,15,2025-01-13,8,PatchTST,NLinear,80.95013427734375,65.72052764892578,15.229606628417969
Brent Oil,Com_BrentCrudeOil,tscv,15,2025-01-20,9,PatchTST,NLinear,78.79235076904297,70.39134216308594,8.401008605957031
Brent Oil,Com_BrentCrudeOil,tscv,15,2025-01-27,10,PatchTST,NLinear,76.10587310791016,71.91352844238281,4.192344665527344
Brent Oil,Com_BrentCrudeOil,tscv,15,2025-02-03,11,PatchTST,NLinear,75.14842987060547,72.59227752685547,2.55615234375
Brent Oil,Com_BrentCrudeOil,tscv,15,2025-02-10,12,PatchTST,NLinear,75.43816375732422,73.40237426757812,2.0357894897460938
Brent Oil,Com_BrentCrudeOil,tscv,15,2024-11-25,1,PatchTST,XGBoost,72.4459457397461,58.737403869628906,13.708541870117188
Brent Oil,Com_BrentCrudeOil,tscv,15,2024-12-02,2,PatchTST,XGBoost,71.92588806152344,57.285621643066406,14.640266418457031
Brent Oil,Com_BrentCrudeOil,tscv,15,2024-12-09,3,PatchTST,XGBoost,73.48958587646484,54.06454086303711,19.425045013427734
Brent Oil,Com_BrentCrudeOil,tscv,15,2024-12-16,4,PatchTST,XGBoost,73.21955871582031,60.635929107666016,12.583629608154297
Brent Oil,Com_BrentCrudeOil,tscv,15,2024-12-23,5,PatchTST,XGBoost,73.44568634033203,61.40732192993164,12.03836441040039
Brent Oil,Com_BrentCrudeOil,tscv,15,2024-12-30,6,PatchTST,XGBoost,75.3517837524414,59.20673751831055,16.14504623413086
Brent Oil,Com_BrentCrudeOil,tscv,15,2025-01-06,7,PatchTST,XGBoost,77.89148712158203,57.551212310791016,20.340274810791016
Brent Oil,Com_BrentCrudeOil,tscv,15,2025-01-13,8,PatchTST,XGBoost,80.95013427734375,55.06238555908203,25.88774871826172
Brent Oil,Com_BrentCrudeOil,tscv,15,2025-01-20,9,PatchTST,XGBoost,78.79235076904297,59.64278793334961,19.14956283569336
Brent Oil,Com_BrentCrudeOil,tscv,15,2025-01-27,10,PatchTST,XGBoost,76.10587310791016,61.4058952331543,14.69997787475586
Brent Oil,Com_BrentCrudeOil,tscv,15,2025-02-03,11,PatchTST,XGBoost,75.14842987060547,62.477108001708984,12.671321868896484
Brent Oil,Com_BrentCrudeOil,tscv,15,2025-02-10,12,PatchTST,XGBoost,75.43816375732422,63.3263053894043,12.111858367919922
Brent Oil,Com_BrentCrudeOil,tscv,15,2024-11-25,1,PatchTST,LightGBM,72.4459457397461,59.46343994140625,12.982505798339844
Brent Oil,Com_BrentCrudeOil,tscv,15,2024-12-02,2,PatchTST,LightGBM,71.92588806152344,58.985435485839844,12.940452575683594
Brent Oil,Com_BrentCrudeOil,tscv,15,2024-12-09,3,PatchTST,LightGBM,73.48958587646484,54.86626052856445,18.62332534790039
Brent Oil,Com_BrentCrudeOil,tscv,15,2024-12-16,4,PatchTST,LightGBM,73.21955871582031,61.39167785644531,11.827880859375
Brent Oil,Com_BrentCrudeOil,tscv,15,2024-12-23,5,PatchTST,LightGBM,73.44568634033203,63.061641693115234,10.384044647216797
Brent Oil,Com_BrentCrudeOil,tscv,15,2024-12-30,6,PatchTST,LightGBM,75.3517837524414,60.637516021728516,14.71426773071289
Brent Oil,Com_BrentCrudeOil,tscv,15,2025-01-06,7,PatchTST,LightGBM,77.89148712158203,59.296566009521484,18.594921112060547
Brent Oil,Com_BrentCrudeOil,tscv,15,2025-01-13,8,PatchTST,LightGBM,80.95013427734375,55.313148498535156,25.636985778808594
Brent Oil,Com_BrentCrudeOil,tscv,15,2025-01-20,9,PatchTST,LightGBM,78.79235076904297,59.2513427734375,19.54100799560547
Brent Oil,Com_BrentCrudeOil,tscv,15,2025-01-27,10,PatchTST,LightGBM,76.10587310791016,61.2990837097168,14.80678939819336
Brent Oil,Com_BrentCrudeOil,tscv,15,2025-02-03,11,PatchTST,LightGBM,75.14842987060547,60.87630844116211,14.27212142944336
Brent Oil,Com_BrentCrudeOil,tscv,15,2025-02-10,12,PatchTST,LightGBM,75.43816375732422,61.66670227050781,13.771461486816406
Brent Oil,Com_BrentCrudeOil,tscv,16,2024-12-23,1,PatchTST,-,73.44568634033203,68.23796844482422,5.2077178955078125
Brent Oil,Com_BrentCrudeOil,tscv,16,2024-12-30,2,PatchTST,-,75.3517837524414,60.94168472290039,14.410099029541016
Brent Oil,Com_BrentCrudeOil,tscv,16,2025-01-06,3,PatchTST,-,77.89148712158203,63.78155517578125,14.109931945800781
Brent Oil,Com_BrentCrudeOil,tscv,16,2025-01-13,4,PatchTST,-,80.95013427734375,64.47126770019531,16.478866577148438
Brent Oil,Com_BrentCrudeOil,tscv,16,2025-01-20,5,PatchTST,-,78.79235076904297,65.7322998046875,13.060050964355469
Brent Oil,Com_BrentCrudeOil,tscv,16,2025-01-27,6,PatchTST,-,76.10587310791016,67.51826477050781,8.587608337402344
Brent Oil,Com_BrentCrudeOil,tscv,16,2025-02-03,7,PatchTST,-,75.14842987060547,69.32091522216797,5.8275146484375
Brent Oil,Com_BrentCrudeOil,tscv,16,2025-02-10,8,PatchTST,-,75.43816375732422,68.93043518066406,6.507728576660156
Brent Oil,Com_BrentCrudeOil,tscv,16,2025-02-17,9,PatchTST,-,75.4046630859375,66.12268829345703,9.281974792480469
Brent Oil,Com_BrentCrudeOil,tscv,16,2025-02-24,10,PatchTST,-,73.14600372314453,64.4371109008789,8.708892822265625
Brent Oil,Com_BrentCrudeOil,tscv,16,2025-03-03,11,PatchTST,-,70.35600280761719,64.3189926147461,6.037010192871094
Brent Oil,Com_BrentCrudeOil,tscv,16,2025-03-10,12,PatchTST,-,70.26238250732422,67.06645202636719,3.1959304809570312
Brent Oil,Com_BrentCrudeOil,tscv,16,2024-12-23,1,PatchTST,NLinear,73.44568634033203,73.05498504638672,0.3907012939453125
Brent Oil,Com_BrentCrudeOil,tscv,16,2024-12-30,2,PatchTST,NLinear,75.3517837524414,64.48490905761719,10.866874694824219
Brent Oil,Com_BrentCrudeOil,tscv,16,2025-01-06,3,PatchTST,NLinear,77.89148712158203,66.52661895751953,11.3648681640625
Brent Oil,Com_BrentCrudeOil,tscv,16,2025-01-13,4,PatchTST,NLinear,80.95013427734375,66.81391143798828,14.136222839355469
Brent Oil,Com_BrentCrudeOil,tscv,16,2025-01-20,5,PatchTST,NLinear,78.79235076904297,68.6992416381836,10.093109130859375
Brent Oil,Com_BrentCrudeOil,tscv,16,2025-01-27,6,PatchTST,NLinear,76.10587310791016,71.88328552246094,4.222587585449219
Brent Oil,Com_BrentCrudeOil,tscv,16,2025-02-03,7,PatchTST,NLinear,75.14842987060547,74.13722229003906,1.0112075805664062
Brent Oil,Com_BrentCrudeOil,tscv,16,2025-02-10,8,PatchTST,NLinear,75.43816375732422,73.85111236572266,1.5870513916015625
Brent Oil,Com_BrentCrudeOil,tscv,16,2025-02-17,9,PatchTST,NLinear,75.4046630859375,72.27531433105469,3.1293487548828125
Brent Oil,Com_BrentCrudeOil,tscv,16,2025-02-24,10,PatchTST,NLinear,73.14600372314453,71.6913070678711,1.4546966552734375
Brent Oil,Com_BrentCrudeOil,tscv,16,2025-03-03,11,PatchTST,NLinear,70.35600280761719,71.65218353271484,-1.2961807250976562
Brent Oil,Com_BrentCrudeOil,tscv,16,2025-03-10,12,PatchTST,NLinear,70.26238250732422,74.17244720458984,-3.910064697265625
Brent Oil,Com_BrentCrudeOil,tscv,16,2024-12-23,1,PatchTST,XGBoost,73.44568634033203,72.28514099121094,1.1605453491210938
Brent Oil,Com_BrentCrudeOil,tscv,16,2024-12-30,2,PatchTST,XGBoost,75.3517837524414,62.396820068359375,12.954963684082031
Brent Oil,Com_BrentCrudeOil,tscv,16,2025-01-06,3,PatchTST,XGBoost,77.89148712158203,63.8969612121582,13.994525909423828
Brent Oil,Com_BrentCrudeOil,tscv,16,2025-01-13,4,PatchTST,XGBoost,80.95013427734375,61.56525802612305,19.384876251220703
Brent Oil,Com_BrentCrudeOil,tscv,16,2025-01-20,5,PatchTST,XGBoost,78.79235076904297,62.41267776489258,16.37967300415039
Brent Oil,Com_BrentCrudeOil,tscv,16,2025-01-27,6,PatchTST,XGBoost,76.10587310791016,63.58915328979492,12.516719818115234
Brent Oil,Com_BrentCrudeOil,tscv,16,2025-02-03,7,PatchTST,XGBoost,75.14842987060547,64.32720947265625,10.821220397949219
Brent Oil,Com_BrentCrudeOil,tscv,16,2025-02-10,8,PatchTST,XGBoost,75.43816375732422,63.99679183959961,11.44137191772461
Brent Oil,Com_BrentCrudeOil,tscv,16,2025-02-17,9,PatchTST,XGBoost,75.4046630859375,61.1305046081543,14.274158477783203
Brent Oil,Com_BrentCrudeOil,tscv,16,2025-02-24,10,PatchTST,XGBoost,73.14600372314453,60.446372985839844,12.699630737304688
Brent Oil,Com_BrentCrudeOil,tscv,16,2025-03-03,11,PatchTST,XGBoost,70.35600280761719,59.992462158203125,10.363540649414062
Brent Oil,Com_BrentCrudeOil,tscv,16,2025-03-10,12,PatchTST,XGBoost,70.26238250732422,63.10050964355469,7.161872863769531
Brent Oil,Com_BrentCrudeOil,tscv,16,2024-12-23,1,PatchTST,LightGBM,73.44568634033203,71.22982788085938,2.2158584594726562
Brent Oil,Com_BrentCrudeOil,tscv,16,2024-12-30,2,PatchTST,LightGBM,75.3517837524414,61.23921203613281,14.112571716308594
Brent Oil,Com_BrentCrudeOil,tscv,16,2025-01-06,3,PatchTST,LightGBM,77.89148712158203,61.69527053833008,16.196216583251953
Brent Oil,Com_BrentCrudeOil,tscv,16,2025-01-13,4,PatchTST,LightGBM,80.95013427734375,60.3331413269043,20.616992950439453
Brent Oil,Com_BrentCrudeOil,tscv,16,2025-01-20,5,PatchTST,LightGBM,78.79235076904297,62.013389587402344,16.778961181640625
Brent Oil,Com_BrentCrudeOil,tscv,16,2025-01-27,6,PatchTST,LightGBM,76.10587310791016,63.439666748046875,12.666206359863281
Brent Oil,Com_BrentCrudeOil,tscv,16,2025-02-03,7,PatchTST,LightGBM,75.14842987060547,64.83062744140625,10.317802429199219
Brent Oil,Com_BrentCrudeOil,tscv,16,2025-02-10,8,PatchTST,LightGBM,75.43816375732422,64.02391052246094,11.414253234863281
Brent Oil,Com_BrentCrudeOil,tscv,16,2025-02-17,9,PatchTST,LightGBM,75.4046630859375,61.08501434326172,14.319648742675781
Brent Oil,Com_BrentCrudeOil,tscv,16,2025-02-24,10,PatchTST,LightGBM,73.14600372314453,60.19050598144531,12.955497741699219
Brent Oil,Com_BrentCrudeOil,tscv,16,2025-03-03,11,PatchTST,LightGBM,70.35600280761719,60.57395553588867,9.782047271728516
Brent Oil,Com_BrentCrudeOil,tscv,16,2025-03-10,12,PatchTST,LightGBM,70.26238250732422,63.147865295410156,7.1145172119140625
Brent Oil,Com_BrentCrudeOil,tscv,17,2025-01-20,1,PatchTST,-,78.79235076904297,74.48895263671875,4.303398132324219
Brent Oil,Com_BrentCrudeOil,tscv,17,2025-01-27,2,PatchTST,-,76.10587310791016,77.86470031738281,-1.7588272094726562
Brent Oil,Com_BrentCrudeOil,tscv,17,2025-02-03,3,PatchTST,-,75.14842987060547,78.07658386230469,-2.9281539916992188
Brent Oil,Com_BrentCrudeOil,tscv,17,2025-02-10,4,PatchTST,-,75.43816375732422,75.69652557373047,-0.25836181640625
Brent Oil,Com_BrentCrudeOil,tscv,17,2025-02-17,5,PatchTST,-,75.4046630859375,77.94742584228516,-2.5427627563476562
Brent Oil,Com_BrentCrudeOil,tscv,17,2025-02-24,6,PatchTST,-,73.14600372314453,76.51873016357422,-3.3727264404296875
Brent Oil,Com_BrentCrudeOil,tscv,17,2025-03-03,7,PatchTST,-,70.35600280761719,78.16026306152344,-7.80426025390625
Brent Oil,Com_BrentCrudeOil,tscv,17,2025-03-10,8,PatchTST,-,70.26238250732422,75.4019775390625,-5.139595031738281
Brent Oil,Com_BrentCrudeOil,tscv,17,2025-03-17,9,PatchTST,-,71.52252960205078,80.35830688476562,-8.835777282714844
Brent Oil,Com_BrentCrudeOil,tscv,17,2025-03-24,10,PatchTST,-,73.04026794433594,75.13115692138672,-2.0908889770507812
Brent Oil,Com_BrentCrudeOil,tscv,17,2025-03-31,11,PatchTST,-,69.90252685546875,75.86958312988281,-5.9670562744140625
Brent Oil,Com_BrentCrudeOil,tscv,17,2025-04-07,12,PatchTST,-,64.27491760253906,79.00636291503906,-14.7314453125
Brent Oil,Com_BrentCrudeOil,tscv,17,2025-01-20,1,PatchTST,NLinear,78.79235076904297,82.04348754882812,-3.2511367797851562
Brent Oil,Com_BrentCrudeOil,tscv,17,2025-01-27,2,PatchTST,NLinear,76.10587310791016,84.51311492919922,-8.407241821289062
Brent Oil,Com_BrentCrudeOil,tscv,17,2025-02-03,3,PatchTST,NLinear,75.14842987060547,84.48178100585938,-9.333351135253906
Brent Oil,Com_BrentCrudeOil,tscv,17,2025-02-10,4,PatchTST,NLinear,75.43816375732422,81.57182312011719,-6.133659362792969
Brent Oil,Com_BrentCrudeOil,tscv,17,2025-02-17,5,PatchTST,NLinear,75.4046630859375,82.780517578125,-7.3758544921875
Brent Oil,Com_BrentCrudeOil,tscv,17,2025-02-24,6,PatchTST,NLinear,73.14600372314453,81.34014129638672,-8.194137573242188
Brent Oil,Com_BrentCrudeOil,tscv,17,2025-03-03,7,PatchTST,NLinear,70.35600280761719,81.37894439697266,-11.022941589355469
Brent Oil,Com_BrentCrudeOil,tscv,17,2025-03-10,8,PatchTST,NLinear,70.26238250732422,78.8858413696289,-8.623458862304688
Brent Oil,Com_BrentCrudeOil,tscv,17,2025-03-17,9,PatchTST,NLinear,71.52252960205078,82.92111206054688,-11.398582458496094
Brent Oil,Com_BrentCrudeOil,tscv,17,2025-03-24,10,PatchTST,NLinear,73.04026794433594,76.50923919677734,-3.4689712524414062
Brent Oil,Com_BrentCrudeOil,tscv,17,2025-03-31,11,PatchTST,NLinear,69.90252685546875,77.65583801269531,-7.7533111572265625
Brent Oil,Com_BrentCrudeOil,tscv,17,2025-04-07,12,PatchTST,NLinear,64.27491760253906,80.64382934570312,-16.368911743164062
Brent Oil,Com_BrentCrudeOil,tscv,17,2025-01-20,1,PatchTST,XGBoost,78.79235076904297,71.89136505126953,6.9009857177734375
Brent Oil,Com_BrentCrudeOil,tscv,17,2025-01-27,2,PatchTST,XGBoost,76.10587310791016,73.42557525634766,2.6802978515625
Brent Oil,Com_BrentCrudeOil,tscv,17,2025-02-03,3,PatchTST,XGBoost,75.14842987060547,73.91749572753906,1.2309341430664062
Brent Oil,Com_BrentCrudeOil,tscv,17,2025-02-10,4,PatchTST,XGBoost,75.43816375732422,72.17375183105469,3.2644119262695312
Brent Oil,Com_BrentCrudeOil,tscv,17,2025-02-17,5,PatchTST,XGBoost,75.4046630859375,74.02328491210938,1.381378173828125
Brent Oil,Com_BrentCrudeOil,tscv,17,2025-02-24,6,PatchTST,XGBoost,73.14600372314453,72.10824584960938,1.0377578735351562
Brent Oil,Com_BrentCrudeOil,tscv,17,2025-03-03,7,PatchTST,XGBoost,70.35600280761719,73.63074493408203,-3.2747421264648438
Brent Oil,Com_BrentCrudeOil,tscv,17,2025-03-10,8,PatchTST,XGBoost,70.26238250732422,71.02951049804688,-0.7671279907226562
Brent Oil,Com_BrentCrudeOil,tscv,17,2025-03-17,9,PatchTST,XGBoost,71.52252960205078,76.57405853271484,-5.0515289306640625
Brent Oil,Com_BrentCrudeOil,tscv,17,2025-03-24,10,PatchTST,XGBoost,73.04026794433594,70.99734497070312,2.0429229736328125
Brent Oil,Com_BrentCrudeOil,tscv,17,2025-03-31,11,PatchTST,XGBoost,69.90252685546875,71.83674621582031,-1.9342193603515625
Brent Oil,Com_BrentCrudeOil,tscv,17,2025-04-07,12,PatchTST,XGBoost,64.27491760253906,75.04847717285156,-10.7735595703125
Brent Oil,Com_BrentCrudeOil,tscv,17,2025-01-20,1,PatchTST,LightGBM,78.79235076904297,73.61942291259766,5.1729278564453125
Brent Oil,Com_BrentCrudeOil,tscv,17,2025-01-27,2,PatchTST,LightGBM,76.10587310791016,76.3486557006836,-0.2427825927734375
Brent Oil,Com_BrentCrudeOil,tscv,17,2025-02-03,3,PatchTST,LightGBM,75.14842987060547,76.48046112060547,-1.33203125
Brent Oil,Com_BrentCrudeOil,tscv,17,2025-02-10,4,PatchTST,LightGBM,75.43816375732422,74.15027618408203,1.2878875732421875
Brent Oil,Com_BrentCrudeOil,tscv,17,2025-02-17,5,PatchTST,LightGBM,75.4046630859375,75.48037719726562,-0.075714111328125
Brent Oil,Com_BrentCrudeOil,tscv,17,2025-02-24,6,PatchTST,LightGBM,73.14600372314453,74.00225067138672,-0.8562469482421875
Brent Oil,Com_BrentCrudeOil,tscv,17,2025-03-03,7,PatchTST,LightGBM,70.35600280761719,75.69221496582031,-5.336212158203125
Brent Oil,Com_BrentCrudeOil,tscv,17,2025-03-10,8,PatchTST,LightGBM,70.26238250732422,72.9069595336914,-2.6445770263671875
Brent Oil,Com_BrentCrudeOil,tscv,17,2025-03-17,9,PatchTST,LightGBM,71.52252960205078,77.82514190673828,-6.3026123046875
Brent Oil,Com_BrentCrudeOil,tscv,17,2025-03-24,10,PatchTST,LightGBM,73.04026794433594,72.69037628173828,0.34989166259765625
Brent Oil,Com_BrentCrudeOil,tscv,17,2025-03-31,11,PatchTST,LightGBM,69.90252685546875,73.42074584960938,-3.518218994140625
Brent Oil,Com_BrentCrudeOil,tscv,17,2025-04-07,12,PatchTST,LightGBM,64.27491760253906,76.20548248291016,-11.930564880371094
Brent Oil,Com_BrentCrudeOil,tscv,18,2025-02-17,1,PatchTST,-,75.4046630859375,73.39208221435547,2.0125808715820312
Brent Oil,Com_BrentCrudeOil,tscv,18,2025-02-24,2,PatchTST,-,73.14600372314453,73.54975128173828,-0.40374755859375
Brent Oil,Com_BrentCrudeOil,tscv,18,2025-03-03,3,PatchTST,-,70.35600280761719,73.6140365600586,-3.2580337524414062
Brent Oil,Com_BrentCrudeOil,tscv,18,2025-03-10,4,PatchTST,-,70.26238250732422,73.18986511230469,-2.9274826049804688
Brent Oil,Com_BrentCrudeOil,tscv,18,2025-03-17,5,PatchTST,-,71.52252960205078,71.17289733886719,0.34963226318359375
Brent Oil,Com_BrentCrudeOil,tscv,18,2025-03-24,6,PatchTST,-,73.04026794433594,72.98236846923828,0.05789947509765625
Brent Oil,Com_BrentCrudeOil,tscv,18,2025-03-31,7,PatchTST,-,69.90252685546875,71.72218322753906,-1.8196563720703125
Brent Oil,Com_BrentCrudeOil,tscv,18,2025-04-07,8,PatchTST,-,64.27491760253906,75.21823120117188,-10.943313598632812
Brent Oil,Com_BrentCrudeOil,tscv,18,2025-04-14,9,PatchTST,-,66.60935974121094,66.8712158203125,-0.2618560791015625
Brent Oil,Com_BrentCrudeOil,tscv,18,2025-04-21,10,PatchTST,-,66.57654571533203,68.56462860107422,-1.9880828857421875
Brent Oil,Com_BrentCrudeOil,tscv,18,2025-04-28,11,PatchTST,-,61.81767272949219,71.47345733642578,-9.655784606933594
Brent Oil,Com_BrentCrudeOil,tscv,18,2025-05-05,12,PatchTST,-,62.62345886230469,74.83718872070312,-12.213729858398438
Brent Oil,Com_BrentCrudeOil,tscv,18,2025-02-17,1,PatchTST,NLinear,75.4046630859375,76.7537612915039,-1.3490982055664062
Brent Oil,Com_BrentCrudeOil,tscv,18,2025-02-24,2,PatchTST,NLinear,73.14600372314453,77.37744903564453,-4.2314453125
Brent Oil,Com_BrentCrudeOil,tscv,18,2025-03-03,3,PatchTST,NLinear,70.35600280761719,78.1514892578125,-7.7954864501953125
Brent Oil,Com_BrentCrudeOil,tscv,18,2025-03-10,4,PatchTST,NLinear,70.26238250732422,77.05184173583984,-6.789459228515625
Brent Oil,Com_BrentCrudeOil,tscv,18,2025-03-17,5,PatchTST,NLinear,71.52252960205078,74.59967041015625,-3.0771408081054688
Brent Oil,Com_BrentCrudeOil,tscv,18,2025-03-24,6,PatchTST,NLinear,73.04026794433594,75.6292495727539,-2.5889816284179688
Brent Oil,Com_BrentCrudeOil,tscv,18,2025-03-31,7,PatchTST,NLinear,69.90252685546875,75.3538818359375,-5.45135498046875
Brent Oil,Com_BrentCrudeOil,tscv,18,2025-04-07,8,PatchTST,NLinear,64.27491760253906,79.2652816772461,-14.990364074707031
Brent Oil,Com_BrentCrudeOil,tscv,18,2025-04-14,9,PatchTST,NLinear,66.60935974121094,71.15861511230469,-4.54925537109375
Brent Oil,Com_BrentCrudeOil,tscv,18,2025-04-21,10,PatchTST,NLinear,66.57654571533203,72.80635070800781,-6.229804992675781
Brent Oil,Com_BrentCrudeOil,tscv,18,2025-04-28,11,PatchTST,NLinear,61.81767272949219,76.31140899658203,-14.493736267089844
Brent Oil,Com_BrentCrudeOil,tscv,18,2025-05-05,12,PatchTST,NLinear,62.62345886230469,79.84815216064453,-17.224693298339844
Brent Oil,Com_BrentCrudeOil,tscv,18,2025-02-17,1,PatchTST,XGBoost,75.4046630859375,72.40432739257812,3.000335693359375
Brent Oil,Com_BrentCrudeOil,tscv,18,2025-02-24,2,PatchTST,XGBoost,73.14600372314453,72.77899932861328,0.36700439453125
Brent Oil,Com_BrentCrudeOil,tscv,18,2025-03-03,3,PatchTST,XGBoost,70.35600280761719,72.93576049804688,-2.5797576904296875
Brent Oil,Com_BrentCrudeOil,tscv,18,2025-03-10,4,PatchTST,XGBoost,70.26238250732422,72.0142822265625,-1.7518997192382812
Brent Oil,Com_BrentCrudeOil,tscv,18,2025-03-17,5,PatchTST,XGBoost,71.52252960205078,69.66808319091797,1.8544464111328125
Brent Oil,Com_BrentCrudeOil,tscv,18,2025-03-24,6,PatchTST,XGBoost,73.04026794433594,71.47918701171875,1.5610809326171875
Brent Oil,Com_BrentCrudeOil,tscv,18,2025-03-31,7,PatchTST,XGBoost,69.90252685546875,69.25221252441406,0.6503143310546875
Brent Oil,Com_BrentCrudeOil,tscv,18,2025-04-07,8,PatchTST,XGBoost,64.27491760253906,73.4204330444336,-9.145515441894531
Brent Oil,Com_BrentCrudeOil,tscv,18,2025-04-14,9,PatchTST,XGBoost,66.60935974121094,64.26114654541016,2.3482131958007812
Brent Oil,Com_BrentCrudeOil,tscv,18,2025-04-21,10,PatchTST,XGBoost,66.57654571533203,65.67633056640625,0.9002151489257812
Brent Oil,Com_BrentCrudeOil,tscv,18,2025-04-28,11,PatchTST,XGBoost,61.81767272949219,68.19976043701172,-6.382087707519531
Brent Oil,Com_BrentCrudeOil,tscv,18,2025-05-05,12,PatchTST,XGBoost,62.62345886230469,71.77399444580078,-9.150535583496094
Brent Oil,Com_BrentCrudeOil,tscv,18,2025-02-17,1,PatchTST,LightGBM,75.4046630859375,72.37936401367188,3.025299072265625
Brent Oil,Com_BrentCrudeOil,tscv,18,2025-02-24,2,PatchTST,LightGBM,73.14600372314453,73.37155151367188,-0.22554779052734375
Brent Oil,Com_BrentCrudeOil,tscv,18,2025-03-03,3,PatchTST,LightGBM,70.35600280761719,72.27739715576172,-1.9213943481445312
Brent Oil,Com_BrentCrudeOil,tscv,18,2025-03-10,4,PatchTST,LightGBM,70.26238250732422,72.31527709960938,-2.0528945922851562
Brent Oil,Com_BrentCrudeOil,tscv,18,2025-03-17,5,PatchTST,LightGBM,71.52252960205078,70.9224853515625,0.6000442504882812
Brent Oil,Com_BrentCrudeOil,tscv,18,2025-03-24,6,PatchTST,LightGBM,73.04026794433594,71.84535217285156,1.194915771484375
Brent Oil,Com_BrentCrudeOil,tscv,18,2025-03-31,7,PatchTST,LightGBM,69.90252685546875,69.12487030029297,0.7776565551757812
Brent Oil,Com_BrentCrudeOil,tscv,18,2025-04-07,8,PatchTST,LightGBM,64.27491760253906,72.91193389892578,-8.637016296386719
Brent Oil,Com_BrentCrudeOil,tscv,18,2025-04-14,9,PatchTST,LightGBM,66.60935974121094,64.79979705810547,1.8095626831054688
Brent Oil,Com_BrentCrudeOil,tscv,18,2025-04-21,10,PatchTST,LightGBM,66.57654571533203,66.06441497802734,0.5121307373046875
Brent Oil,Com_BrentCrudeOil,tscv,18,2025-04-28,11,PatchTST,LightGBM,61.81767272949219,69.71245574951172,-7.894783020019531
Brent Oil,Com_BrentCrudeOil,tscv,18,2025-05-05,12,PatchTST,LightGBM,62.62345886230469,72.68751525878906,-10.064056396484375
Brent Oil,Com_BrentCrudeOil,tscv,19,2025-03-17,1,PatchTST,-,71.52252960205078,76.74699401855469,-5.224464416503906
Brent Oil,Com_BrentCrudeOil,tscv,19,2025-03-24,2,PatchTST,-,73.04026794433594,77.80756378173828,-4.767295837402344
Brent Oil,Com_BrentCrudeOil,tscv,19,2025-03-31,3,PatchTST,-,69.90252685546875,74.38258361816406,-4.4800567626953125
Brent Oil,Com_BrentCrudeOil,tscv,19,2025-04-07,4,PatchTST,-,64.27491760253906,76.62370300292969,-12.348785400390625
Brent Oil,Com_BrentCrudeOil,tscv,19,2025-04-14,5,PatchTST,-,66.60935974121094,79.70856475830078,-13.099205017089844
Brent Oil,Com_BrentCrudeOil,tscv,19,2025-04-21,6,PatchTST,-,66.57654571533203,76.6042251586914,-10.027679443359375
Brent Oil,Com_BrentCrudeOil,tscv,19,2025-04-28,7,PatchTST,-,61.81767272949219,76.93431091308594,-15.11663818359375
Brent Oil,Com_BrentCrudeOil,tscv,19,2025-05-05,8,PatchTST,-,62.62345886230469,72.4789047241211,-9.855445861816406
Brent Oil,Com_BrentCrudeOil,tscv,19,2025-05-12,9,PatchTST,-,65.50987243652344,71.9217758178711,-6.411903381347656
Brent Oil,Com_BrentCrudeOil,tscv,19,2025-05-19,10,PatchTST,-,65.00296020507812,68.54165649414062,-3.5386962890625
Brent Oil,Com_BrentCrudeOil,tscv,19,2025-05-26,11,PatchTST,-,63.65324401855469,70.98965454101562,-7.3364105224609375
Brent Oil,Com_BrentCrudeOil,tscv,19,2025-06-02,12,PatchTST,-,65.69291687011719,69.16831970214844,-3.47540283203125
Brent Oil,Com_BrentCrudeOil,tscv,19,2025-03-17,1,PatchTST,NLinear,71.52252960205078,73.29102325439453,-1.76849365234375
Brent Oil,Com_BrentCrudeOil,tscv,19,2025-03-24,2,PatchTST,NLinear,73.04026794433594,74.21031188964844,-1.1700439453125
Brent Oil,Com_BrentCrudeOil,tscv,19,2025-03-31,3,PatchTST,NLinear,69.90252685546875,71.26274108886719,-1.3602142333984375
Brent Oil,Com_BrentCrudeOil,tscv,19,2025-04-07,4,PatchTST,NLinear,64.27491760253906,72.0864486694336,-7.811531066894531
Brent Oil,Com_BrentCrudeOil,tscv,19,2025-04-14,5,PatchTST,NLinear,66.60935974121094,74.8664321899414,-8.257072448730469
Brent Oil,Com_BrentCrudeOil,tscv,19,2025-04-21,6,PatchTST,NLinear,66.57654571533203,70.58633422851562,-4.009788513183594
Brent Oil,Com_BrentCrudeOil,tscv,19,2025-04-28,7,PatchTST,NLinear,61.81767272949219,71.90289306640625,-10.085220336914062
Brent Oil,Com_BrentCrudeOil,tscv,19,2025-05-05,8,PatchTST,NLinear,62.62345886230469,67.24375915527344,-4.62030029296875
Brent Oil,Com_BrentCrudeOil,tscv,19,2025-05-12,9,PatchTST,NLinear,65.50987243652344,65.29898071289062,0.2108917236328125
Brent Oil,Com_BrentCrudeOil,tscv,19,2025-05-19,10,PatchTST,NLinear,65.00296020507812,62.10890579223633,2.894054412841797
Brent Oil,Com_BrentCrudeOil,tscv,19,2025-05-26,11,PatchTST,NLinear,63.65324401855469,64.64910888671875,-0.9958648681640625
Brent Oil,Com_BrentCrudeOil,tscv,19,2025-06-02,12,PatchTST,NLinear,65.69291687011719,63.003211975097656,2.6897048950195312
Brent Oil,Com_BrentCrudeOil,tscv,19,2025-03-17,1,PatchTST,XGBoost,71.52252960205078,70.70021057128906,0.8223190307617188
Brent Oil,Com_BrentCrudeOil,tscv,19,2025-03-24,2,PatchTST,XGBoost,73.04026794433594,72.40648651123047,0.6337814331054688
Brent Oil,Com_BrentCrudeOil,tscv,19,2025-03-31,3,PatchTST,XGBoost,69.90252685546875,68.633056640625,1.26947021484375
Brent Oil,Com_BrentCrudeOil,tscv,19,2025-04-07,4,PatchTST,XGBoost,64.27491760253906,68.95211029052734,-4.677192687988281
Brent Oil,Com_BrentCrudeOil,tscv,19,2025-04-14,5,PatchTST,XGBoost,66.60935974121094,72.64016723632812,-6.0308074951171875
Brent Oil,Com_BrentCrudeOil,tscv,19,2025-04-21,6,PatchTST,XGBoost,66.57654571533203,69.41124725341797,-2.8347015380859375
Brent Oil,Com_BrentCrudeOil,tscv,19,2025-04-28,7,PatchTST,XGBoost,61.81767272949219,67.46575927734375,-5.6480865478515625
Brent Oil,Com_BrentCrudeOil,tscv,19,2025-05-05,8,PatchTST,XGBoost,62.62345886230469,62.16118621826172,0.46227264404296875
Brent Oil,Com_BrentCrudeOil,tscv,19,2025-05-12,9,PatchTST,XGBoost,65.50987243652344,61.44534683227539,4.064525604248047
Brent Oil,Com_BrentCrudeOil,tscv,19,2025-05-19,10,PatchTST,XGBoost,65.00296020507812,59.33583450317383,5.667125701904297
Brent Oil,Com_BrentCrudeOil,tscv,19,2025-05-26,11,PatchTST,XGBoost,63.65324401855469,60.630523681640625,3.0227203369140625
Brent Oil,Com_BrentCrudeOil,tscv,19,2025-06-02,12,PatchTST,XGBoost,65.69291687011719,60.117515563964844,5.575401306152344
Brent Oil,Com_BrentCrudeOil,tscv,19,2025-03-17,1,PatchTST,LightGBM,71.52252960205078,70.0392074584961,1.4833221435546875
Brent Oil,Com_BrentCrudeOil,tscv,19,2025-03-24,2,PatchTST,LightGBM,73.04026794433594,75.55729675292969,-2.51702880859375
Brent Oil,Com_BrentCrudeOil,tscv,19,2025-03-31,3,PatchTST,LightGBM,69.90252685546875,67.88245391845703,2.0200729370117188
Brent Oil,Com_BrentCrudeOil,tscv,19,2025-04-07,4,PatchTST,LightGBM,64.27491760253906,72.8982162475586,-8.623298645019531
Brent Oil,Com_BrentCrudeOil,tscv,19,2025-04-14,5,PatchTST,LightGBM,66.60935974121094,73.93314361572266,-7.323783874511719
Brent Oil,Com_BrentCrudeOil,tscv,19,2025-04-21,6,PatchTST,LightGBM,66.57654571533203,72.48490142822266,-5.908355712890625
Brent Oil,Com_BrentCrudeOil,tscv,19,2025-04-28,7,PatchTST,LightGBM,61.81767272949219,71.17292785644531,-9.355255126953125
Brent Oil,Com_BrentCrudeOil,tscv,19,2025-05-05,8,PatchTST,LightGBM,62.62345886230469,68.67311096191406,-6.049652099609375
Brent Oil,Com_BrentCrudeOil,tscv,19,2025-05-12,9,PatchTST,LightGBM,65.50987243652344,66.13638305664062,-0.6265106201171875
Brent Oil,Com_BrentCrudeOil,tscv,19,2025-05-19,10,PatchTST,LightGBM,65.00296020507812,64.99113464355469,0.0118255615234375
Brent Oil,Com_BrentCrudeOil,tscv,19,2025-05-26,11,PatchTST,LightGBM,63.65324401855469,65.59847259521484,-1.9452285766601562
Brent Oil,Com_BrentCrudeOil,tscv,19,2025-06-02,12,PatchTST,LightGBM,65.69291687011719,66.13453674316406,-0.441619873046875
Brent Oil,Com_BrentCrudeOil,tscv,20,2025-04-14,1,PatchTST,-,66.60935974121094,65.38790893554688,1.2214508056640625
Brent Oil,Com_BrentCrudeOil,tscv,20,2025-04-21,2,PatchTST,-,66.57654571533203,70.28067779541016,-3.704132080078125
Brent Oil,Com_BrentCrudeOil,tscv,20,2025-04-28,3,PatchTST,-,61.81767272949219,72.02043914794922,-10.202766418457031
Brent Oil,Com_BrentCrudeOil,tscv,20,2025-05-05,4,PatchTST,-,62.62345886230469,64.29059600830078,-1.6671371459960938
Brent Oil,Com_BrentCrudeOil,tscv,20,2025-05-12,5,PatchTST,-,65.50987243652344,64.85337829589844,0.656494140625
Brent Oil,Com_BrentCrudeOil,tscv,20,2025-05-19,6,PatchTST,-,65.00296020507812,67.3746337890625,-2.371673583984375
Brent Oil,Com_BrentCrudeOil,tscv,20,2025-05-26,7,PatchTST,-,63.65324401855469,66.22203063964844,-2.56878662109375
Brent Oil,Com_BrentCrudeOil,tscv,20,2025-06-02,8,PatchTST,-,65.69291687011719,62.82312774658203,2.8697891235351562
Brent Oil,Com_BrentCrudeOil,tscv,20,2025-06-09,9,PatchTST,-,70.90538787841797,62.365238189697266,8.540149688720703
Brent Oil,Com_BrentCrudeOil,tscv,20,2025-06-16,10,PatchTST,-,76.53987121582031,66.21961212158203,10.320259094238281
Brent Oil,Com_BrentCrudeOil,tscv,20,2025-06-23,11,PatchTST,-,67.5205307006836,63.616981506347656,3.9035491943359375
Brent Oil,Com_BrentCrudeOil,tscv,20,2025-06-30,12,PatchTST,-,67.9451675415039,67.32769775390625,0.6174697875976562
Brent Oil,Com_BrentCrudeOil,tscv,20,2025-04-14,1,PatchTST,NLinear,66.60935974121094,61.304771423339844,5.304588317871094
Brent Oil,Com_BrentCrudeOil,tscv,20,2025-04-21,2,PatchTST,NLinear,66.57654571533203,66.63127136230469,-0.05472564697265625
Brent Oil,Com_BrentCrudeOil,tscv,20,2025-04-28,3,PatchTST,NLinear,61.81767272949219,68.92564392089844,-7.10797119140625
Brent Oil,Com_BrentCrudeOil,tscv,20,2025-05-05,4,PatchTST,NLinear,62.62345886230469,60.89143753051758,1.7320213317871094
Brent Oil,Com_BrentCrudeOil,tscv,20,2025-05-12,5,PatchTST,NLinear,65.50987243652344,61.03624725341797,4.473625183105469
Brent Oil,Com_BrentCrudeOil,tscv,20,2025-05-19,6,PatchTST,NLinear,65.00296020507812,64.15557861328125,0.847381591796875
Brent Oil,Com_BrentCrudeOil,tscv,20,2025-05-26,7,PatchTST,NLinear,63.65324401855469,62.61068344116211,1.0425605773925781
Brent Oil,Com_BrentCrudeOil,tscv,20,2025-06-02,8,PatchTST,NLinear,65.69291687011719,58.957942962646484,6.734973907470703
Brent Oil,Com_BrentCrudeOil,tscv,20,2025-06-09,9,PatchTST,NLinear,70.90538787841797,58.38923263549805,12.516155242919922
Brent Oil,Com_BrentCrudeOil,tscv,20,2025-06-16,10,PatchTST,NLinear,76.53987121582031,61.78105163574219,14.758819580078125
Brent Oil,Com_BrentCrudeOil,tscv,20,2025-06-23,11,PatchTST,NLinear,67.5205307006836,59.8494758605957,7.671054840087891
Brent Oil,Com_BrentCrudeOil,tscv,20,2025-06-30,12,PatchTST,NLinear,67.9451675415039,63.18251419067383,4.762653350830078
Brent Oil,Com_BrentCrudeOil,tscv,20,2025-04-14,1,PatchTST,XGBoost,66.60935974121094,61.17049026489258,5.438869476318359
Brent Oil,Com_BrentCrudeOil,tscv,20,2025-04-21,2,PatchTST,XGBoost,66.57654571533203,65.08014678955078,1.49639892578125
Brent Oil,Com_BrentCrudeOil,tscv,20,2025-04-28,3,PatchTST,XGBoost,61.81767272949219,68.2436752319336,-6.426002502441406
Brent Oil,Com_BrentCrudeOil,tscv,20,2025-05-05,4,PatchTST,XGBoost,62.62345886230469,59.27164077758789,3.351818084716797
Brent Oil,Com_BrentCrudeOil,tscv,20,2025-05-12,5,PatchTST,XGBoost,65.50987243652344,59.11138153076172,6.398490905761719
Brent Oil,Com_BrentCrudeOil,tscv,20,2025-05-19,6,PatchTST,XGBoost,65.00296020507812,59.529197692871094,5.473762512207031
Brent Oil,Com_BrentCrudeOil,tscv,20,2025-05-26,7,PatchTST,XGBoost,63.65324401855469,59.4742431640625,4.1790008544921875
Brent Oil,Com_BrentCrudeOil,tscv,20,2025-06-02,8,PatchTST,XGBoost,65.69291687011719,54.81450271606445,10.878414154052734
Brent Oil,Com_BrentCrudeOil,tscv,20,2025-06-09,9,PatchTST,XGBoost,70.90538787841797,54.06724548339844,16.83814239501953
Brent Oil,Com_BrentCrudeOil,tscv,20,2025-06-16,10,PatchTST,XGBoost,76.53987121582031,58.29661178588867,18.24325942993164
Brent Oil,Com_BrentCrudeOil,tscv,20,2025-06-23,11,PatchTST,XGBoost,67.5205307006836,55.616432189941406,11.904098510742188
Brent Oil,Com_BrentCrudeOil,tscv,20,2025-06-30,12,PatchTST,XGBoost,67.9451675415039,59.64044952392578,8.304718017578125
Brent Oil,Com_BrentCrudeOil,tscv,20,2025-04-14,1,PatchTST,LightGBM,66.60935974121094,60.70075607299805,5.908603668212891
Brent Oil,Com_BrentCrudeOil,tscv,20,2025-04-21,2,PatchTST,LightGBM,66.57654571533203,62.67458724975586,3.901958465576172
Brent Oil,Com_BrentCrudeOil,tscv,20,2025-04-28,3,PatchTST,LightGBM,61.81767272949219,64.0600357055664,-2.2423629760742188
Brent Oil,Com_BrentCrudeOil,tscv,20,2025-05-05,4,PatchTST,LightGBM,62.62345886230469,56.68416976928711,5.939289093017578
Brent Oil,Com_BrentCrudeOil,tscv,20,2025-05-12,5,PatchTST,LightGBM,65.50987243652344,57.309444427490234,8.200428009033203
Brent Oil,Com_BrentCrudeOil,tscv,20,2025-05-19,6,PatchTST,LightGBM,65.00296020507812,59.67291259765625,5.330047607421875
Brent Oil,Com_BrentCrudeOil,tscv,20,2025-05-26,7,PatchTST,LightGBM,63.65324401855469,59.164493560791016,4.488750457763672
Brent Oil,Com_BrentCrudeOil,tscv,20,2025-06-02,8,PatchTST,LightGBM,65.69291687011719,55.00152587890625,10.691390991210938
Brent Oil,Com_BrentCrudeOil,tscv,20,2025-06-09,9,PatchTST,LightGBM,70.90538787841797,53.744163513183594,17.161224365234375
Brent Oil,Com_BrentCrudeOil,tscv,20,2025-06-16,10,PatchTST,LightGBM,76.53987121582031,57.88801956176758,18.651851654052734
Brent Oil,Com_BrentCrudeOil,tscv,20,2025-06-23,11,PatchTST,LightGBM,67.5205307006836,55.609375,11.911155700683594
Brent Oil,Com_BrentCrudeOil,tscv,20,2025-06-30,12,PatchTST,LightGBM,67.9451675415039,59.908782958984375,8.036384582519531
Brent Oil,Com_BrentCrudeOil,tscv,21,2025-05-12,1,PatchTST,-,65.50987243652344,63.97990036010742,1.5299720764160156
Brent Oil,Com_BrentCrudeOil,tscv,21,2025-05-19,2,PatchTST,-,65.00296020507812,63.30870056152344,1.6942596435546875
Brent Oil,Com_BrentCrudeOil,tscv,21,2025-05-26,3,PatchTST,-,63.65324401855469,65.69808959960938,-2.0448455810546875
Brent Oil,Com_BrentCrudeOil,tscv,21,2025-06-02,4,PatchTST,-,65.69291687011719,64.31237030029297,1.3805465698242188
Brent Oil,Com_BrentCrudeOil,tscv,21,2025-06-09,5,PatchTST,-,70.90538787841797,63.014225006103516,7.891162872314453
Brent Oil,Com_BrentCrudeOil,tscv,21,2025-06-16,6,PatchTST,-,76.53987121582031,64.95606231689453,11.583808898925781
Brent Oil,Com_BrentCrudeOil,tscv,21,2025-06-23,7,PatchTST,-,67.5205307006836,65.69721221923828,1.8233184814453125
Brent Oil,Com_BrentCrudeOil,tscv,21,2025-06-30,8,PatchTST,-,67.9451675415039,62.702701568603516,5.242465972900391
Brent Oil,Com_BrentCrudeOil,tscv,21,2025-07-07,9,PatchTST,-,69.90603637695312,65.31316375732422,4.592872619628906
Brent Oil,Com_BrentCrudeOil,tscv,21,2025-07-14,10,PatchTST,-,69.10814666748047,65.56889343261719,3.5392532348632812
Brent Oil,Com_BrentCrudeOil,tscv,21,2025-07-21,11,PatchTST,-,68.77239990234375,65.74005889892578,3.0323410034179688
Brent Oil,Com_BrentCrudeOil,tscv,21,2025-07-28,12,PatchTST,-,70.7232666015625,62.34539794921875,8.37786865234375
Brent Oil,Com_BrentCrudeOil,tscv,21,2025-05-12,1,PatchTST,NLinear,65.50987243652344,60.579986572265625,4.9298858642578125
Brent Oil,Com_BrentCrudeOil,tscv,21,2025-05-19,2,PatchTST,NLinear,65.00296020507812,59.803062438964844,5.199897766113281
Brent Oil,Com_BrentCrudeOil,tscv,21,2025-05-26,3,PatchTST,NLinear,63.65324401855469,62.364227294921875,1.2890167236328125
Brent Oil,Com_BrentCrudeOil,tscv,21,2025-06-02,4,PatchTST,NLinear,65.69291687011719,61.55660629272461,4.136310577392578
Brent Oil,Com_BrentCrudeOil,tscv,21,2025-06-09,5,PatchTST,NLinear,70.90538787841797,60.77224349975586,10.13314437866211
Brent Oil,Com_BrentCrudeOil,tscv,21,2025-06-16,6,PatchTST,NLinear,76.53987121582031,62.8582878112793,13.681583404541016
Brent Oil,Com_BrentCrudeOil,tscv,21,2025-06-23,7,PatchTST,NLinear,67.5205307006836,63.38689422607422,4.133636474609375
Brent Oil,Com_BrentCrudeOil,tscv,21,2025-06-30,8,PatchTST,NLinear,67.9451675415039,59.908660888671875,8.036506652832031
Brent Oil,Com_BrentCrudeOil,tscv,21,2025-07-07,9,PatchTST,NLinear,69.90603637695312,62.65078353881836,7.255252838134766
Brent Oil,Com_BrentCrudeOil,tscv,21,2025-07-14,10,PatchTST,NLinear,69.10814666748047,62.36290740966797,6.7452392578125
Brent Oil,Com_BrentCrudeOil,tscv,21,2025-07-21,11,PatchTST,NLinear,68.77239990234375,62.32522964477539,6.447170257568359
Brent Oil,Com_BrentCrudeOil,tscv,21,2025-07-28,12,PatchTST,NLinear,70.7232666015625,59.14440155029297,11.578865051269531
Brent Oil,Com_BrentCrudeOil,tscv,21,2025-05-12,1,PatchTST,XGBoost,65.50987243652344,60.3985595703125,5.1113128662109375
Brent Oil,Com_BrentCrudeOil,tscv,21,2025-05-19,2,PatchTST,XGBoost,65.00296020507812,58.479984283447266,6.522975921630859
Brent Oil,Com_BrentCrudeOil,tscv,21,2025-05-26,3,PatchTST,XGBoost,63.65324401855469,62.54535675048828,1.1078872680664062
Brent Oil,Com_BrentCrudeOil,tscv,21,2025-06-02,4,PatchTST,XGBoost,65.69291687011719,59.59872817993164,6.094188690185547
Brent Oil,Com_BrentCrudeOil,tscv,21,2025-06-09,5,PatchTST,XGBoost,70.90538787841797,58.84474182128906,12.060646057128906
Brent Oil,Com_BrentCrudeOil,tscv,21,2025-06-16,6,PatchTST,XGBoost,76.53987121582031,60.655029296875,15.884841918945312
Brent Oil,Com_BrentCrudeOil,tscv,21,2025-06-23,7,PatchTST,XGBoost,67.5205307006836,62.011653900146484,5.508876800537109
Brent Oil,Com_BrentCrudeOil,tscv,21,2025-06-30,8,PatchTST,XGBoost,67.9451675415039,60.08864974975586,7.856517791748047
Brent Oil,Com_BrentCrudeOil,tscv,21,2025-07-07,9,PatchTST,XGBoost,69.90603637695312,60.16714096069336,9.738895416259766
Brent Oil,Com_BrentCrudeOil,tscv,21,2025-07-14,10,PatchTST,XGBoost,69.10814666748047,60.54463577270508,8.56351089477539
Brent Oil,Com_BrentCrudeOil,tscv,21,2025-07-21,11,PatchTST,XGBoost,68.77239990234375,62.18918228149414,6.583217620849609
Brent Oil,Com_BrentCrudeOil,tscv,21,2025-07-28,12,PatchTST,XGBoost,70.7232666015625,56.95673370361328,13.766532897949219
Brent Oil,Com_BrentCrudeOil,tscv,21,2025-05-12,1,PatchTST,LightGBM,65.50987243652344,58.070350646972656,7.439521789550781
Brent Oil,Com_BrentCrudeOil,tscv,21,2025-05-19,2,PatchTST,LightGBM,65.00296020507812,58.32295608520508,6.680004119873047
Brent Oil,Com_BrentCrudeOil,tscv,21,2025-05-26,3,PatchTST,LightGBM,63.65324401855469,62.596012115478516,1.0572319030761719
Brent Oil,Com_BrentCrudeOil,tscv,21,2025-06-02,4,PatchTST,LightGBM,65.69291687011719,59.14140319824219,6.551513671875
Brent Oil,Com_BrentCrudeOil,tscv,21,2025-06-09,5,PatchTST,LightGBM,70.90538787841797,57.37853240966797,13.52685546875
Brent Oil,Com_BrentCrudeOil,tscv,21,2025-06-16,6,PatchTST,LightGBM,76.53987121582031,60.90568923950195,15.63418197631836
Brent Oil,Com_BrentCrudeOil,tscv,21,2025-06-23,7,PatchTST,LightGBM,67.5205307006836,62.1325569152832,5.387973785400391
Brent Oil,Com_BrentCrudeOil,tscv,21,2025-06-30,8,PatchTST,LightGBM,67.9451675415039,60.75936508178711,7.185802459716797
Brent Oil,Com_BrentCrudeOil,tscv,21,2025-07-07,9,PatchTST,LightGBM,69.90603637695312,59.02360534667969,10.882431030273438
Brent Oil,Com_BrentCrudeOil,tscv,21,2025-07-14,10,PatchTST,LightGBM,69.10814666748047,61.39036178588867,7.717784881591797
Brent Oil,Com_BrentCrudeOil,tscv,21,2025-07-21,11,PatchTST,LightGBM,68.77239990234375,62.25388717651367,6.518512725830078
Brent Oil,Com_BrentCrudeOil,tscv,21,2025-07-28,12,PatchTST,LightGBM,70.7232666015625,57.481231689453125,13.242034912109375
Brent Oil,Com_BrentCrudeOil,tscv,22,2025-06-09,1,PatchTST,-,70.90538787841797,57.817352294921875,13.088035583496094
Brent Oil,Com_BrentCrudeOil,tscv,22,2025-06-16,2,PatchTST,-,76.53987121582031,60.563419342041016,15.976451873779297
Brent Oil,Com_BrentCrudeOil,tscv,22,2025-06-23,3,PatchTST,-,67.5205307006836,65.93278503417969,1.5877456665039062
Brent Oil,Com_BrentCrudeOil,tscv,22,2025-06-30,4,PatchTST,-,67.9451675415039,60.08909606933594,7.856071472167969
Brent Oil,Com_BrentCrudeOil,tscv,22,2025-07-07,5,PatchTST,-,69.90603637695312,56.739341735839844,13.166694641113281
Brent Oil,Com_BrentCrudeOil,tscv,22,2025-07-14,6,PatchTST,-,69.10814666748047,64.23979949951172,4.86834716796875
Brent Oil,Com_BrentCrudeOil,tscv,22,2025-07-21,7,PatchTST,-,68.77239990234375,70.29332733154297,-1.5209274291992188
Brent Oil,Com_BrentCrudeOil,tscv,22,2025-07-28,8,PatchTST,-,70.7232666015625,60.849212646484375,9.874053955078125
Brent Oil,Com_BrentCrudeOil,tscv,22,2025-08-04,9,PatchTST,-,67.10191345214844,58.703433990478516,8.398479461669922
Brent Oil,Com_BrentCrudeOil,tscv,22,2025-08-11,10,PatchTST,-,66.15612030029297,67.0267105102539,-0.8705902099609375
Brent Oil,Com_BrentCrudeOil,tscv,22,2025-08-18,11,PatchTST,-,67.08045196533203,67.0908432006836,-0.0103912353515625
Brent Oil,Com_BrentCrudeOil,tscv,22,2025-08-25,12,PatchTST,-,67.60226440429688,65.45991516113281,2.1423492431640625
Brent Oil,Com_BrentCrudeOil,tscv,22,2025-06-09,1,PatchTST,NLinear,70.90538787841797,58.23316955566406,12.672218322753906
Brent Oil,Com_BrentCrudeOil,tscv,22,2025-06-16,2,PatchTST,NLinear,76.53987121582031,60.692325592041016,15.847545623779297
Brent Oil,Com_BrentCrudeOil,tscv,22,2025-06-23,3,PatchTST,NLinear,67.5205307006836,66.0883560180664,1.4321746826171875
Brent Oil,Com_BrentCrudeOil,tscv,22,2025-06-30,4,PatchTST,NLinear,67.9451675415039,61.244903564453125,6.700263977050781
Brent Oil,Com_BrentCrudeOil,tscv,22,2025-07-07,5,PatchTST,NLinear,69.90603637695312,57.93648910522461,11.969547271728516
Brent Oil,Com_BrentCrudeOil,tscv,22,2025-07-14,6,PatchTST,NLinear,69.10814666748047,65.0201644897461,4.087982177734375
Brent Oil,Com_BrentCrudeOil,tscv,22,2025-07-21,7,PatchTST,NLinear,68.77239990234375,70.37442779541016,-1.6020278930664062
Brent Oil,Com_BrentCrudeOil,tscv,22,2025-07-28,8,PatchTST,NLinear,70.7232666015625,60.70915985107422,10.014106750488281
Brent Oil,Com_BrentCrudeOil,tscv,22,2025-08-04,9,PatchTST,NLinear,67.10191345214844,58.7105712890625,8.391342163085938
Brent Oil,Com_BrentCrudeOil,tscv,22,2025-08-11,10,PatchTST,NLinear,66.15612030029297,67.37371826171875,-1.2175979614257812
Brent Oil,Com_BrentCrudeOil,tscv,22,2025-08-18,11,PatchTST,NLinear,67.08045196533203,67.41099548339844,-0.33054351806640625
Brent Oil,Com_BrentCrudeOil,tscv,22,2025-08-25,12,PatchTST,NLinear,67.60226440429688,66.50373077392578,1.0985336303710938
Brent Oil,Com_BrentCrudeOil,tscv,22,2025-06-09,1,PatchTST,XGBoost,70.90538787841797,58.80989456176758,12.09549331665039
Brent Oil,Com_BrentCrudeOil,tscv,22,2025-06-16,2,PatchTST,XGBoost,76.53987121582031,62.06214141845703,14.477729797363281
Brent Oil,Com_BrentCrudeOil,tscv,22,2025-06-23,3,PatchTST,XGBoost,67.5205307006836,66.7397232055664,0.7808074951171875
Brent Oil,Com_BrentCrudeOil,tscv,22,2025-06-30,4,PatchTST,XGBoost,67.9451675415039,60.94370651245117,7.001461029052734
Brent Oil,Com_BrentCrudeOil,tscv,22,2025-07-07,5,PatchTST,XGBoost,69.90603637695312,57.28226852416992,12.623767852783203
Brent Oil,Com_BrentCrudeOil,tscv,22,2025-07-14,6,PatchTST,XGBoost,69.10814666748047,64.02162170410156,5.086524963378906
Brent Oil,Com_BrentCrudeOil,tscv,22,2025-07-21,7,PatchTST,XGBoost,68.77239990234375,69.9438247680664,-1.1714248657226562
Brent Oil,Com_BrentCrudeOil,tscv,22,2025-07-28,8,PatchTST,XGBoost,70.7232666015625,60.64866256713867,10.074604034423828
Brent Oil,Com_BrentCrudeOil,tscv,22,2025-08-04,9,PatchTST,XGBoost,67.10191345214844,59.07573318481445,8.026180267333984
Brent Oil,Com_BrentCrudeOil,tscv,22,2025-08-11,10,PatchTST,XGBoost,66.15612030029297,66.98155975341797,-0.825439453125
Brent Oil,Com_BrentCrudeOil,tscv,22,2025-08-18,11,PatchTST,XGBoost,67.08045196533203,67.5813980102539,-0.500946044921875
Brent Oil,Com_BrentCrudeOil,tscv,22,2025-08-25,12,PatchTST,XGBoost,67.60226440429688,66.13041687011719,1.4718475341796875
Brent Oil,Com_BrentCrudeOil,tscv,22,2025-06-09,1,PatchTST,LightGBM,70.90538787841797,58.510894775390625,12.394493103027344
Brent Oil,Com_BrentCrudeOil,tscv,22,2025-06-16,2,PatchTST,LightGBM,76.53987121582031,61.46664047241211,15.073230743408203
Brent Oil,Com_BrentCrudeOil,tscv,22,2025-06-23,3,PatchTST,LightGBM,67.5205307006836,66.56275177001953,0.9577789306640625
Brent Oil,Com_BrentCrudeOil,tscv,22,2025-06-30,4,PatchTST,LightGBM,67.9451675415039,60.647090911865234,7.298076629638672
Brent Oil,Com_BrentCrudeOil,tscv,22,2025-07-07,5,PatchTST,LightGBM,69.90603637695312,58.746089935302734,11.15994644165039
Brent Oil,Com_BrentCrudeOil,tscv,22,2025-07-14,6,PatchTST,LightGBM,69.10814666748047,65.21632385253906,3.8918228149414062
Brent Oil,Com_BrentCrudeOil,tscv,22,2025-07-21,7,PatchTST,LightGBM,68.77239990234375,70.37040710449219,-1.5980072021484375
Brent Oil,Com_BrentCrudeOil,tscv,22,2025-07-28,8,PatchTST,LightGBM,70.7232666015625,61.66653823852539,9.05672836303711
Brent Oil,Com_BrentCrudeOil,tscv,22,2025-08-04,9,PatchTST,LightGBM,67.10191345214844,59.71778106689453,7.384132385253906
Brent Oil,Com_BrentCrudeOil,tscv,22,2025-08-11,10,PatchTST,LightGBM,66.15612030029297,66.73344421386719,-0.5773239135742188
Brent Oil,Com_BrentCrudeOil,tscv,22,2025-08-18,11,PatchTST,LightGBM,67.08045196533203,68.41243743896484,-1.3319854736328125
Brent Oil,Com_BrentCrudeOil,tscv,22,2025-08-25,12,PatchTST,LightGBM,67.60226440429688,66.6418685913086,0.9603958129882812
Brent Oil,Com_BrentCrudeOil,tscv,23,2025-07-07,1,PatchTST,-,69.90603637695312,66.26561737060547,3.6404190063476562
Brent Oil,Com_BrentCrudeOil,tscv,23,2025-07-14,2,PatchTST,-,69.10814666748047,65.99505615234375,3.1130905151367188
Brent Oil,Com_BrentCrudeOil,tscv,23,2025-07-21,3,PatchTST,-,68.77239990234375,60.66511154174805,8.107288360595703
Brent Oil,Com_BrentCrudeOil,tscv,23,2025-07-28,4,PatchTST,-,70.7232666015625,57.11481857299805,13.608448028564453
Brent Oil,Com_BrentCrudeOil,tscv,23,2025-08-04,5,PatchTST,-,67.10191345214844,62.64484786987305,4.457065582275391
Brent Oil,Com_BrentCrudeOil,tscv,23,2025-08-11,6,PatchTST,-,66.15612030029297,68.60398864746094,-2.4478683471679688
Brent Oil,Com_BrentCrudeOil,tscv,23,2025-08-18,7,PatchTST,-,67.08045196533203,64.11807250976562,2.9623794555664062
Brent Oil,Com_BrentCrudeOil,tscv,23,2025-08-25,8,PatchTST,-,67.60226440429688,64.54370880126953,3.0585556030273438
Brent Oil,Com_BrentCrudeOil,tscv,23,2025-09-01,9,PatchTST,-,67.27151489257812,59.26996994018555,8.001544952392578
Brent Oil,Com_BrentCrudeOil,tscv,23,2025-09-08,10,PatchTST,-,66.77435302734375,60.51237487792969,6.2619781494140625
Brent Oil,Com_BrentCrudeOil,tscv,23,2025-09-15,11,PatchTST,-,67.5166015625,62.171607971191406,5.344993591308594
Brent Oil,Com_BrentCrudeOil,tscv,23,2025-09-22,12,PatchTST,-,68.50713348388672,53.03559875488281,15.471534729003906
Brent Oil,Com_BrentCrudeOil,tscv,23,2025-07-07,1,PatchTST,NLinear,69.90603637695312,67.05533599853516,2.8507003784179688
Brent Oil,Com_BrentCrudeOil,tscv,23,2025-07-14,2,PatchTST,NLinear,69.10814666748047,66.54058074951172,2.56756591796875
Brent Oil,Com_BrentCrudeOil,tscv,23,2025-07-21,3,PatchTST,NLinear,68.77239990234375,62.31399917602539,6.458400726318359
Brent Oil,Com_BrentCrudeOil,tscv,23,2025-07-28,4,PatchTST,NLinear,70.7232666015625,58.578731536865234,12.144535064697266
Brent Oil,Com_BrentCrudeOil,tscv,23,2025-08-04,5,PatchTST,NLinear,67.10191345214844,65.05433654785156,2.047576904296875
Brent Oil,Com_BrentCrudeOil,tscv,23,2025-08-11,6,PatchTST,NLinear,66.15612030029297,71.4952163696289,-5.3390960693359375
Brent Oil,Com_BrentCrudeOil,tscv,23,2025-08-18,7,PatchTST,NLinear,67.08045196533203,66.79850006103516,0.281951904296875
Brent Oil,Com_BrentCrudeOil,tscv,23,2025-08-25,8,PatchTST,NLinear,67.60226440429688,67.59403991699219,0.0082244873046875
Brent Oil,Com_BrentCrudeOil,tscv,23,2025-09-01,9,PatchTST,NLinear,67.27151489257812,61.611778259277344,5.659736633300781
Brent Oil,Com_BrentCrudeOil,tscv,23,2025-09-08,10,PatchTST,NLinear,66.77435302734375,62.137760162353516,4.636592864990234
Brent Oil,Com_BrentCrudeOil,tscv,23,2025-09-15,11,PatchTST,NLinear,67.5166015625,64.3614730834961,3.1551284790039062
Brent Oil,Com_BrentCrudeOil,tscv,23,2025-09-22,12,PatchTST,NLinear,68.50713348388672,55.335975646972656,13.171157836914062
Brent Oil,Com_BrentCrudeOil,tscv,23,2025-07-07,1,PatchTST,XGBoost,69.90603637695312,67.48681640625,2.419219970703125
Brent Oil,Com_BrentCrudeOil,tscv,23,2025-07-14,2,PatchTST,XGBoost,69.10814666748047,67.86183166503906,1.2463150024414062
Brent Oil,Com_BrentCrudeOil,tscv,23,2025-07-21,3,PatchTST,XGBoost,68.77239990234375,61.854896545410156,6.917503356933594
Brent Oil,Com_BrentCrudeOil,tscv,23,2025-07-28,4,PatchTST,XGBoost,70.7232666015625,58.5028076171875,12.220458984375
Brent Oil,Com_BrentCrudeOil,tscv,23,2025-08-04,5,PatchTST,XGBoost,67.10191345214844,64.00382232666016,3.0980911254882812
Brent Oil,Com_BrentCrudeOil,tscv,23,2025-08-11,6,PatchTST,XGBoost,66.15612030029297,69.19834899902344,-3.0422286987304688
Brent Oil,Com_BrentCrudeOil,tscv,23,2025-08-18,7,PatchTST,XGBoost,67.08045196533203,64.45663452148438,2.6238174438476562
Brent Oil,Com_BrentCrudeOil,tscv,23,2025-08-25,8,PatchTST,XGBoost,67.60226440429688,65.10772705078125,2.494537353515625
Brent Oil,Com_BrentCrudeOil,tscv,23,2025-09-01,9,PatchTST,XGBoost,67.27151489257812,60.02194595336914,7.249568939208984
Brent Oil,Com_BrentCrudeOil,tscv,23,2025-09-08,10,PatchTST,XGBoost,66.77435302734375,61.293277740478516,5.481075286865234
Brent Oil,Com_BrentCrudeOil,tscv,23,2025-09-15,11,PatchTST,XGBoost,67.5166015625,62.51237106323242,5.004230499267578
Brent Oil,Com_BrentCrudeOil,tscv,23,2025-09-22,12,PatchTST,XGBoost,68.50713348388672,53.359371185302734,15.147762298583984
Brent Oil,Com_BrentCrudeOil,tscv,23,2025-07-07,1,PatchTST,LightGBM,69.90603637695312,67.23404693603516,2.6719894409179688
Brent Oil,Com_BrentCrudeOil,tscv,23,2025-07-14,2,PatchTST,LightGBM,69.10814666748047,67.44222259521484,1.665924072265625
Brent Oil,Com_BrentCrudeOil,tscv,23,2025-07-21,3,PatchTST,LightGBM,68.77239990234375,62.079593658447266,6.692806243896484
Brent Oil,Com_BrentCrudeOil,tscv,23,2025-07-28,4,PatchTST,LightGBM,70.7232666015625,59.154239654541016,11.569026947021484
Brent Oil,Com_BrentCrudeOil,tscv,23,2025-08-04,5,PatchTST,LightGBM,67.10191345214844,64.35936737060547,2.7425460815429688
Brent Oil,Com_BrentCrudeOil,tscv,23,2025-08-11,6,PatchTST,LightGBM,66.15612030029297,69.38146209716797,-3.225341796875
Brent Oil,Com_BrentCrudeOil,tscv,23,2025-08-18,7,PatchTST,LightGBM,67.08045196533203,64.75061798095703,2.329833984375
Brent Oil,Com_BrentCrudeOil,tscv,23,2025-08-25,8,PatchTST,LightGBM,67.60226440429688,64.469482421875,3.132781982421875
Brent Oil,Com_BrentCrudeOil,tscv,23,2025-09-01,9,PatchTST,LightGBM,67.27151489257812,59.96697235107422,7.304542541503906
Brent Oil,Com_BrentCrudeOil,tscv,23,2025-09-08,10,PatchTST,LightGBM,66.77435302734375,61.026153564453125,5.748199462890625
Brent Oil,Com_BrentCrudeOil,tscv,23,2025-09-15,11,PatchTST,LightGBM,67.5166015625,62.302513122558594,5.214088439941406
Brent Oil,Com_BrentCrudeOil,tscv,23,2025-09-22,12,PatchTST,LightGBM,68.50713348388672,53.67939376831055,14.827739715576172
Brent Oil,Com_BrentCrudeOil,tscv,24,2025-08-04,1,PatchTST,-,67.10191345214844,61.62385940551758,5.478054046630859
Brent Oil,Com_BrentCrudeOil,tscv,24,2025-08-11,2,PatchTST,-,66.15612030029297,64.25130462646484,1.904815673828125
Brent Oil,Com_BrentCrudeOil,tscv,24,2025-08-18,3,PatchTST,-,67.08045196533203,65.43486022949219,1.6455917358398438
Brent Oil,Com_BrentCrudeOil,tscv,24,2025-08-25,4,PatchTST,-,67.60226440429688,63.227962493896484,4.374301910400391
Brent Oil,Com_BrentCrudeOil,tscv,24,2025-09-01,5,PatchTST,-,67.27151489257812,60.68689727783203,6.584617614746094
Brent Oil,Com_BrentCrudeOil,tscv,24,2025-09-08,6,PatchTST,-,66.77435302734375,58.664241790771484,8.110111236572266
Brent Oil,Com_BrentCrudeOil,tscv,24,2025-09-15,7,PatchTST,-,67.5166015625,63.54893493652344,3.9676666259765625
Brent Oil,Com_BrentCrudeOil,tscv,24,2025-09-22,8,PatchTST,-,68.50713348388672,59.48485565185547,9.02227783203125
Brent Oil,Com_BrentCrudeOil,tscv,24,2025-09-29,9,PatchTST,-,65.30098724365234,56.670989990234375,8.629997253417969
Brent Oil,Com_BrentCrudeOil,tscv,24,2025-10-06,10,PatchTST,-,64.48927307128906,65.48123168945312,-0.9919586181640625
Brent Oil,Com_BrentCrudeOil,tscv,24,2025-10-13,11,PatchTST,-,61.7679557800293,59.23615646362305,2.53179931640625
Brent Oil,Com_BrentCrudeOil,tscv,24,2025-10-20,12,PatchTST,-,63.904998779296875,62.89064025878906,1.0143585205078125
Brent Oil,Com_BrentCrudeOil,tscv,24,2025-08-04,1,PatchTST,NLinear,67.10191345214844,65.89210510253906,1.209808349609375
Brent Oil,Com_BrentCrudeOil,tscv,24,2025-08-11,2,PatchTST,NLinear,66.15612030029297,67.22651672363281,-1.0703964233398438
Brent Oil,Com_BrentCrudeOil,tscv,24,2025-08-18,3,PatchTST,NLinear,67.08045196533203,66.8110580444336,0.2693939208984375
Brent Oil,Com_BrentCrudeOil,tscv,24,2025-08-25,4,PatchTST,NLinear,67.60226440429688,65.95054626464844,1.6517181396484375
Brent Oil,Com_BrentCrudeOil,tscv,24,2025-09-01,5,PatchTST,NLinear,67.27151489257812,64.10621643066406,3.1652984619140625
Brent Oil,Com_BrentCrudeOil,tscv,24,2025-09-08,6,PatchTST,NLinear,66.77435302734375,61.49125289916992,5.283100128173828
Brent Oil,Com_BrentCrudeOil,tscv,24,2025-09-15,7,PatchTST,NLinear,67.5166015625,65.58322143554688,1.933380126953125
Brent Oil,Com_BrentCrudeOil,tscv,24,2025-09-22,8,PatchTST,NLinear,68.50713348388672,62.282806396484375,6.224327087402344
Brent Oil,Com_BrentCrudeOil,tscv,24,2025-09-29,9,PatchTST,NLinear,65.30098724365234,60.21400451660156,5.086982727050781
Brent Oil,Com_BrentCrudeOil,tscv,24,2025-10-06,10,PatchTST,NLinear,64.48927307128906,68.11506652832031,-3.62579345703125
Brent Oil,Com_BrentCrudeOil,tscv,24,2025-10-13,11,PatchTST,NLinear,61.7679557800293,61.274261474609375,0.4936943054199219
Brent Oil,Com_BrentCrudeOil,tscv,24,2025-10-20,12,PatchTST,NLinear,63.904998779296875,66.54972076416016,-2.6447219848632812
Brent Oil,Com_BrentCrudeOil,tscv,24,2025-08-04,1,PatchTST,XGBoost,67.10191345214844,62.149803161621094,4.952110290527344
Brent Oil,Com_BrentCrudeOil,tscv,24,2025-08-11,2,PatchTST,XGBoost,66.15612030029297,63.60652542114258,2.5495948791503906
Brent Oil,Com_BrentCrudeOil,tscv,24,2025-08-18,3,PatchTST,XGBoost,67.08045196533203,64.22859191894531,2.8518600463867188
Brent Oil,Com_BrentCrudeOil,tscv,24,2025-08-25,4,PatchTST,XGBoost,67.60226440429688,62.170387268066406,5.431877136230469
Brent Oil,Com_BrentCrudeOil,tscv,24,2025-09-01,5,PatchTST,XGBoost,67.27151489257812,58.293006896972656,8.978507995605469
Brent Oil,Com_BrentCrudeOil,tscv,24,2025-09-08,6,PatchTST,XGBoost,66.77435302734375,56.82169723510742,9.952655792236328
Brent Oil,Com_BrentCrudeOil,tscv,24,2025-09-15,7,PatchTST,XGBoost,67.5166015625,61.237998962402344,6.278602600097656
Brent Oil,Com_BrentCrudeOil,tscv,24,2025-09-22,8,PatchTST,XGBoost,68.50713348388672,57.787960052490234,10.719173431396484
Brent Oil,Com_BrentCrudeOil,tscv,24,2025-09-29,9,PatchTST,XGBoost,65.30098724365234,54.80033493041992,10.500652313232422
Brent Oil,Com_BrentCrudeOil,tscv,24,2025-10-06,10,PatchTST,XGBoost,64.48927307128906,62.98939895629883,1.4998741149902344
Brent Oil,Com_BrentCrudeOil,tscv,24,2025-10-13,11,PatchTST,XGBoost,61.7679557800293,57.494468688964844,4.273487091064453
Brent Oil,Com_BrentCrudeOil,tscv,24,2025-10-20,12,PatchTST,XGBoost,63.904998779296875,62.77204513549805,1.1329536437988281
Brent Oil,Com_BrentCrudeOil,tscv,24,2025-08-04,1,PatchTST,LightGBM,67.10191345214844,62.281227111816406,4.820686340332031
Brent Oil,Com_BrentCrudeOil,tscv,24,2025-08-11,2,PatchTST,LightGBM,66.15612030029297,64.779296875,1.3768234252929688
Brent Oil,Com_BrentCrudeOil,tscv,24,2025-08-18,3,PatchTST,LightGBM,67.08045196533203,65.7403564453125,1.3400955200195312
Brent Oil,Com_BrentCrudeOil,tscv,24,2025-08-25,4,PatchTST,LightGBM,67.60226440429688,62.942474365234375,4.6597900390625
Brent Oil,Com_BrentCrudeOil,tscv,24,2025-09-01,5,PatchTST,LightGBM,67.27151489257812,59.12400817871094,8.147506713867188
Brent Oil,Com_BrentCrudeOil,tscv,24,2025-09-08,6,PatchTST,LightGBM,66.77435302734375,56.26742172241211,10.50693130493164
Brent Oil,Com_BrentCrudeOil,tscv,24,2025-09-15,7,PatchTST,LightGBM,67.5166015625,61.43018341064453,6.086418151855469
Brent Oil,Com_BrentCrudeOil,tscv,24,2025-09-22,8,PatchTST,LightGBM,68.50713348388672,58.82685852050781,9.680274963378906
Brent Oil,Com_BrentCrudeOil,tscv,24,2025-09-29,9,PatchTST,LightGBM,65.30098724365234,54.982810974121094,10.31817626953125
Brent Oil,Com_BrentCrudeOil,tscv,24,2025-10-06,10,PatchTST,LightGBM,64.48927307128906,62.960105895996094,1.5291671752929688
Brent Oil,Com_BrentCrudeOil,tscv,24,2025-10-13,11,PatchTST,LightGBM,61.7679557800293,58.25605773925781,3.5118980407714844
Brent Oil,Com_BrentCrudeOil,tscv,24,2025-10-20,12,PatchTST,LightGBM,63.904998779296875,62.77887725830078,1.1261215209960938
Brent Oil,Com_BrentCrudeOil,holdout,1,2025-10-27,1,PatchTST,-,64.5328598022461,72.3988037109375,-7.865943908691406
Brent Oil,Com_BrentCrudeOil,holdout,1,2025-11-03,2,PatchTST,-,63.94032669067383,69.97283172607422,-6.032505035400391
Brent Oil,Com_BrentCrudeOil,holdout,1,2025-11-10,3,PatchTST,-,63.92447280883789,68.05502319335938,-4.130550384521484
Brent Oil,Com_BrentCrudeOil,holdout,1,2025-11-17,4,PatchTST,-,63.38262939453125,61.99324035644531,1.3893890380859375
Brent Oil,Com_BrentCrudeOil,holdout,1,2025-11-24,5,PatchTST,-,62.65865707397461,70.28141784667969,-7.622760772705078
Brent Oil,Com_BrentCrudeOil,holdout,1,2025-12-01,6,PatchTST,-,63.27702713012695,70.93241119384766,-7.655384063720703
Brent Oil,Com_BrentCrudeOil,holdout,1,2025-12-08,7,PatchTST,-,61.66008758544922,73.03184509277344,-11.371757507324219
Brent Oil,Com_BrentCrudeOil,holdout,1,2025-12-15,8,PatchTST,-,60.13292694091797,65.82263946533203,-5.6897125244140625
Brent Oil,Com_BrentCrudeOil,holdout,1,2025-12-22,9,PatchTST,-,61.52321243286133,69.78411102294922,-8.26089859008789
Brent Oil,Com_BrentCrudeOil,holdout,1,2025-12-29,10,PatchTST,-,60.96549987792969,68.0887222290039,-7.123222351074219
Brent Oil,Com_BrentCrudeOil,holdout,1,2026-01-05,11,PatchTST,-,62.07210159301758,66.00358581542969,-3.9314842224121094
Brent Oil,Com_BrentCrudeOil,holdout,1,2026-01-12,12,PatchTST,-,64.25517272949219,60.704978942871094,3.5501937866210938
Brent Oil,Com_BrentCrudeOil,holdout,1,2025-10-27,1,PatchTST,NLinear,64.5328598022461,65.48797607421875,-0.9551162719726562
Brent Oil,Com_BrentCrudeOil,holdout,1,2025-11-03,2,PatchTST,NLinear,63.94032669067383,63.694175720214844,0.24615097045898438
Brent Oil,Com_BrentCrudeOil,holdout,1,2025-11-10,3,PatchTST,NLinear,63.92447280883789,62.896244049072266,1.028228759765625
Brent Oil,Com_BrentCrudeOil,holdout,1,2025-11-17,4,PatchTST,NLinear,63.38262939453125,55.964141845703125,7.418487548828125
Brent Oil,Com_BrentCrudeOil,holdout,1,2025-11-24,5,PatchTST,NLinear,62.65865707397461,63.97552490234375,-1.3168678283691406
Brent Oil,Com_BrentCrudeOil,holdout,1,2025-12-01,6,PatchTST,NLinear,63.27702713012695,65.150146484375,-1.8731193542480469
Brent Oil,Com_BrentCrudeOil,holdout,1,2025-12-08,7,PatchTST,NLinear,61.66008758544922,65.76282501220703,-4.1027374267578125
Brent Oil,Com_BrentCrudeOil,holdout,1,2025-12-15,8,PatchTST,NLinear,60.13292694091797,58.65986633300781,1.4730606079101562
Brent Oil,Com_BrentCrudeOil,holdout,1,2025-12-22,9,PatchTST,NLinear,61.52321243286133,62.13014602661133,-0.60693359375
Brent Oil,Com_BrentCrudeOil,holdout,1,2025-12-29,10,PatchTST,NLinear,60.96549987792969,59.866817474365234,1.0986824035644531
Brent Oil,Com_BrentCrudeOil,holdout,1,2026-01-05,11,PatchTST,NLinear,62.07210159301758,57.98005294799805,4.092048645019531
Brent Oil,Com_BrentCrudeOil,holdout,1,2026-01-12,12,PatchTST,NLinear,64.25517272949219,51.97006607055664,12.285106658935547
Brent Oil,Com_BrentCrudeOil,holdout,1,2025-10-27,1,PatchTST,XGBoost,64.5328598022461,67.18131256103516,-2.6484527587890625
Brent Oil,Com_BrentCrudeOil,holdout,1,2025-11-03,2,PatchTST,XGBoost,63.94032669067383,63.97757339477539,-0.0372467041015625
Brent Oil,Com_BrentCrudeOil,holdout,1,2025-11-10,3,PatchTST,XGBoost,63.92447280883789,62.62665557861328,1.2978172302246094
Brent Oil,Com_BrentCrudeOil,holdout,1,2025-11-17,4,PatchTST,XGBoost,63.38262939453125,56.09611892700195,7.286510467529297
Brent Oil,Com_BrentCrudeOil,holdout,1,2025-11-24,5,PatchTST,XGBoost,62.65865707397461,65.1684799194336,-2.5098228454589844
Brent Oil,Com_BrentCrudeOil,holdout,1,2025-12-01,6,PatchTST,XGBoost,63.27702713012695,65.5823745727539,-2.305347442626953
Brent Oil,Com_BrentCrudeOil,holdout,1,2025-12-08,7,PatchTST,XGBoost,61.66008758544922,67.04024505615234,-5.380157470703125
Brent Oil,Com_BrentCrudeOil,holdout,1,2025-12-15,8,PatchTST,XGBoost,60.13292694091797,60.468505859375,-0.33557891845703125
Brent Oil,Com_BrentCrudeOil,holdout,1,2025-12-22,9,PatchTST,XGBoost,61.52321243286133,65.13530731201172,-3.6120948791503906
Brent Oil,Com_BrentCrudeOil,holdout,1,2025-12-29,10,PatchTST,XGBoost,60.96549987792969,64.31734466552734,-3.3518447875976562
Brent Oil,Com_BrentCrudeOil,holdout,1,2026-01-05,11,PatchTST,XGBoost,62.07210159301758,62.86961364746094,-0.7975120544433594
Brent Oil,Com_BrentCrudeOil,holdout,1,2026-01-12,12,PatchTST,XGBoost,64.25517272949219,58.35698318481445,5.898189544677734
Brent Oil,Com_BrentCrudeOil,holdout,1,2025-10-27,1,PatchTST,LightGBM,64.5328598022461,67.24882507324219,-2.7159652709960938
Brent Oil,Com_BrentCrudeOil,holdout,1,2025-11-03,2,PatchTST,LightGBM,63.94032669067383,62.708744049072266,1.2315826416015625
Brent Oil,Com_BrentCrudeOil,holdout,1,2025-11-10,3,PatchTST,LightGBM,63.92447280883789,61.170379638671875,2.7540931701660156
Brent Oil,Com_BrentCrudeOil,holdout,1,2025-11-17,4,PatchTST,LightGBM,63.38262939453125,54.440181732177734,8.942447662353516
Brent Oil,Com_BrentCrudeOil,holdout,1,2025-11-24,5,PatchTST,LightGBM,62.65865707397461,64.07537078857422,-1.4167137145996094
Brent Oil,Com_BrentCrudeOil,holdout,1,2025-12-01,6,PatchTST,LightGBM,63.27702713012695,64.33378601074219,-1.0567588806152344
Brent Oil,Com_BrentCrudeOil,holdout,1,2025-12-08,7,PatchTST,LightGBM,61.66008758544922,65.78118896484375,-4.121101379394531
Brent Oil,Com_BrentCrudeOil,holdout,1,2025-12-15,8,PatchTST,LightGBM,60.13292694091797,60.47862243652344,-0.34569549560546875
Brent Oil,Com_BrentCrudeOil,holdout,1,2025-12-22,9,PatchTST,LightGBM,61.52321243286133,62.91413879394531,-1.3909263610839844
Brent Oil,Com_BrentCrudeOil,holdout,1,2025-12-29,10,PatchTST,LightGBM,60.96549987792969,63.02779769897461,-2.062297821044922
Brent Oil,Com_BrentCrudeOil,holdout,1,2026-01-05,11,PatchTST,LightGBM,62.07210159301758,61.583465576171875,0.4886360168457031
Brent Oil,Com_BrentCrudeOil,holdout,1,2026-01-12,12,PatchTST,LightGBM,64.25517272949219,56.85131072998047,7.403861999511719
