Stage,Test_RMSE,Val_RMSE,Improvement_vs_RW(%)
Random Walk (fixed-origin benchmark),1.8184309002768435,4.955101954358962,0.0
Stage 1: ExpSmoothing (Baseline),4.175437464543447,5.2599003681914125,-129.61760405126012
Stage 2: + NLinear (Residual①),1.2648178065481341,3.1619243810027173,30.44454939939844
Stage 3: + LightGBM (RoR),1.2275342560882179,2.7126437145732236,32.49486379156149
