n_features,cv_rmse
10,7.54765516164881
15,8.244710483458494
20,8.726375873256258
25,8.66650528329396
30,8.613318046489997
40,8.926087257267756
55,8.984361911765125
